Entity,Code,Year,Coal production,Oil production,Gas production
Africa,OWID_AFR,1965,,1235.101,
Africa,OWID_AFR,1966,,1571.8269,
Africa,OWID_AFR,1967,,1729.137,
Africa,OWID_AFR,1968,,2216.126,
Africa,OWID_AFR,1969,,2818.2944,
Africa,OWID_AFR,1970,,3399.6292,30.07551
Africa,OWID_AFR,1971,,3181.0298,37.022903
Africa,OWID_AFR,1972,,3194.1733,65.13485
Africa,OWID_AFR,1973,,3346.9214,98.32215
Africa,OWID_AFR,1974,,3085.5674,102.605
Africa,OWID_AFR,1975,,2831.0925,115.33115
Africa,OWID_AFR,1976,,3377.11,137.28214
Africa,OWID_AFR,1977,,3541.0354,139.97685
Africa,OWID_AFR,1978,,3456.5452,186.69028
Africa,OWID_AFR,1979,,3800.2239,283.32996
Africa,OWID_AFR,1980,,3492.487,248.30338
Africa,OWID_AFR,1981,909.9034,2773.1401,264.74805
Africa,OWID_AFR,1982,998.71216,2666.0615,325.1129
Africa,OWID_AFR,1983,1011.8728,2702.3513,436.95685
Africa,OWID_AFR,1984,1128.4529,2885.7793,458.6507
Africa,OWID_AFR,1985,1198.9108,3000.331,505.6782
Africa,OWID_AFR,1986,1229.4912,2991.7114,530.1431
Africa,OWID_AFR,1987,1230.7749,2997.6375,578.9782
Africa,OWID_AFR,1988,1264.9315,3124.9639,617.5323
Africa,OWID_AFR,1989,1228.4504,3449.0317,677.40796
Africa,OWID_AFR,1990,1221.226,3696.372,721.5906
Africa,OWID_AFR,1991,1245.4105,3834.5972,773.4517
Africa,OWID_AFR,1992,1273.735,3907.2974,808.2828
Africa,OWID_AFR,1993,1297.0951,3856.3594,833.40674
Africa,OWID_AFR,1994,1348.1089,3848.5923,789.64624
Africa,OWID_AFR,1995,1416.6951,3910.9531,872.7052
Africa,OWID_AFR,1996,1412.351,4037.5745,933.325
Africa,OWID_AFR,1997,1502.2733,4131.454,1041.611
Africa,OWID_AFR,1998,1522.4474,4145.346,1109.3164
Africa,OWID_AFR,1999,1519.8279,4028.149,1216.7258
Africa,OWID_AFR,2000,1518.354,4319.322,1351.0123
Africa,OWID_AFR,2001,1414.8053,4275.9756,1388.4131
Africa,OWID_AFR,2002,1397.1062,4304.742,1449.3188
Africa,OWID_AFR,2003,1494.5215,4681.981,1556.1813
Africa,OWID_AFR,2004,1536.9963,5210.7056,1635.7334
Africa,OWID_AFR,2005,1646.2493,5401.9175,1700.5918
Africa,OWID_AFR,2006,1635.4047,5488.3853,1841.4417
Africa,OWID_AFR,2007,1653.6631,5605.5054,1956.7667
Africa,OWID_AFR,2008,1682.2019,5664.0703,2028.5223
Africa,OWID_AFR,2009,1664.4828,5446.1265,1912.9755
Africa,OWID_AFR,2010,1725.5802,5628.514,1854.9294
Africa,OWID_AFR,2011,1685.0098,4715.9775,1930.9075
Africa,OWID_AFR,2012,1769.7893,5110.917,2103.217
Africa,OWID_AFR,2013,1773.6799,4747.6934,2029.7034
Africa,OWID_AFR,2014,1832.9509,4531.725,2034.369
Africa,OWID_AFR,2015,1758.3575,4481.6978,2076.8125
Africa,OWID_AFR,2016,1762.886,4230.382,2148.504
Africa,OWID_AFR,2017,1800.9305,4464.1685,2356.0623
Africa,OWID_AFR,2018,1864.1843,4548.0557,2503.7246
Africa,OWID_AFR,2019,1827.1305,4599.61,2548.396
Africa,OWID_AFR,2020,1731.0869,3882.5833,2389.5615
Africa,OWID_AFR,2021,1690.3275,4038.8652,2634.8792
Africa,OWID_AFR,2022,1713.9115,3862.4673,2534.2969
Africa,OWID_AFR,2023,1752.3147,3991.0828,2498.2817
Africa,OWID_AFR,2024,1790.8204,4015.6895,2421.153
Africa,OWID_AFR,2025,1823.0548,4172.367,2405.564
Africa (EI),,1965,,1235.101,
Africa (EI),,1966,,1571.8269,
Africa (EI),,1967,,1729.137,
Africa (EI),,1968,,2216.126,
Africa (EI),,1969,,2818.2944,
Africa (EI),,1970,,3399.6292,30.07551
Africa (EI),,1971,,3181.0298,37.022903
Africa (EI),,1972,,3194.1733,65.13485
Africa (EI),,1973,,3346.9214,98.32215
Africa (EI),,1974,,3085.5674,102.605
Africa (EI),,1975,,2831.0925,115.33115
Africa (EI),,1976,,3377.11,137.28214
Africa (EI),,1977,,3541.0354,139.97685
Africa (EI),,1978,,3456.5452,186.69028
Africa (EI),,1979,,3800.2239,283.32996
Africa (EI),,1980,,3492.487,248.30338
Africa (EI),,1981,909.9034,2773.1401,264.74805
Africa (EI),,1982,998.71216,2666.0615,325.1129
Africa (EI),,1983,1011.8728,2702.3513,436.95685
Africa (EI),,1984,1128.4529,2885.7793,458.6507
Africa (EI),,1985,1198.9108,3000.331,505.6782
Africa (EI),,1986,1229.4912,2991.7114,530.1431
Africa (EI),,1987,1230.7749,2997.6375,578.9782
Africa (EI),,1988,1264.9315,3124.9639,617.5323
Africa (EI),,1989,1228.4504,3449.0317,677.40796
Africa (EI),,1990,1221.226,3696.372,721.5906
Africa (EI),,1991,1245.4105,3834.5972,773.4517
Africa (EI),,1992,1273.735,3907.2974,808.2828
Africa (EI),,1993,1297.0951,3856.3594,833.40674
Africa (EI),,1994,1348.1089,3848.5923,789.64624
Africa (EI),,1995,1416.6951,3910.9531,872.7052
Africa (EI),,1996,1412.351,4037.5745,933.325
Africa (EI),,1997,1502.2733,4131.454,1041.611
Africa (EI),,1998,1522.4474,4145.346,1109.3164
Africa (EI),,1999,1519.8279,4028.149,1216.7258
Africa (EI),,2000,1518.354,4319.322,1351.0123
Africa (EI),,2001,1414.8053,4275.9756,1388.4131
Africa (EI),,2002,1397.1062,4304.742,1449.3188
Africa (EI),,2003,1494.5215,4681.981,1556.1813
Africa (EI),,2004,1536.9963,5210.7056,1635.7334
Africa (EI),,2005,1646.2493,5401.9175,1700.5918
Africa (EI),,2006,1635.4047,5488.3853,1841.4417
Africa (EI),,2007,1653.6631,5605.5054,1956.7667
Africa (EI),,2008,1682.2019,5664.0703,2028.5223
Africa (EI),,2009,1664.4828,5446.1265,1912.9755
Africa (EI),,2010,1725.5802,5628.514,1854.9294
Africa (EI),,2011,1685.0098,4715.9775,1930.9075
Africa (EI),,2012,1769.7893,5110.917,2103.217
Africa (EI),,2013,1773.6799,4747.6934,2029.7034
Africa (EI),,2014,1832.9509,4531.725,2034.369
Africa (EI),,2015,1758.3575,4481.6978,2076.8125
Africa (EI),,2016,1762.886,4230.382,2148.504
Africa (EI),,2017,1800.9305,4464.1685,2356.0623
Africa (EI),,2018,1864.1843,4548.0557,2503.7246
Africa (EI),,2019,1827.1305,4599.61,2548.396
Africa (EI),,2020,1731.0869,3882.5833,2389.5615
Africa (EI),,2021,1690.3275,4038.8652,2634.8792
Africa (EI),,2022,1713.9115,3862.4673,2534.2969
Africa (EI),,2023,1752.3147,3991.0828,2498.2817
Africa (EI),,2024,1790.8204,4015.6895,2421.153
Africa (EI),,2025,1823.0548,4172.367,2405.564
Algeria,DZA,1965,,304.0002,
Algeria,DZA,1966,,391.262,
Algeria,DZA,1967,,449.44415,
Algeria,DZA,1968,,493.38818,
Algeria,DZA,1969,,516.78827,
Algeria,DZA,1970,,561.8859,24.380125
Algeria,DZA,1971,,427.9568,25.69875
Algeria,DZA,1972,,578.319,32.561375
Algeria,DZA,1973,,601.25507,43.216248
Algeria,DZA,1974,,556.3107,49.963375
Algeria,DZA,1975,,544.32935,61.523
Algeria,DZA,1976,,607.42487,77.490875
Algeria,DZA,1977,,648.445,74.165436
Algeria,DZA,1978,,662.15814,115.01875
Algeria,DZA,1979,,675.54517,188.53452
Algeria,DZA,1980,,599.4387,154.09749
Algeria,DZA,1981,,534.1274,178.64844
Algeria,DZA,1982,,531.3829,233.10008
Algeria,DZA,1983,,522.8083,333.79263
Algeria,DZA,1984,,567.38074,339.75882
Algeria,DZA,1985,,547.31964,373.38113
Algeria,DZA,1986,,563.81366,381.89432
Algeria,DZA,1987,,583.7999,431.0078
Algeria,DZA,1988,,611.4504,450.5811
Algeria,DZA,1989,,633.65845,485.83163
Algeria,DZA,1990,,678.6744,516.5697
Algeria,DZA,1991,,682.6081,557.0305
Algeria,DZA,1992,,657.1114,580.01135
Algeria,DZA,1993,,655.03894,587.4662
Algeria,DZA,1994,,652.1087,540.1088
Algeria,DZA,1995,,649.08484,614.91296
Algeria,DZA,1996,,686.3133,652.51276
Algeria,DZA,1997,,716.0245,748.5882
Algeria,DZA,1998,,713.91675,801.62103
Algeria,DZA,1999,,680.686,901.0691
Algeria,DZA,2000,,776.73285,918.88635
Algeria,DZA,2001,,764.68414,864.7254
Algeria,DZA,2002,,824.4972,889.4159
Algeria,DZA,2003,,918.8281,938.57587
Algeria,DZA,2004,,971.6982,920.5494
Algeria,DZA,2005,,1005.2701,849.1175
Algeria,DZA,2006,,1002.5293,812.99493
Algeria,DZA,2007,,1005.7857,816.45984
Algeria,DZA,2008,,985.7705,826.0079
Algeria,DZA,2009,,898.23145,765.66876
Algeria,DZA,2010,,858.0033,773.9655
Algeria,DZA,2011,,833.58026,795.9875
Algeria,DZA,2012,,781.67554,784.4375
Algeria,DZA,2013,,753.43787,793.38873
Algeria,DZA,2014,,799.80676,801.724
Algeria,DZA,2015,,781.8267,814.1114
Algeria,DZA,2016,,795.6897,913.92267
Algeria,DZA,2017,,775.1163,929.7654
Algeria,DZA,2018,,759.81116,938.4375
Algeria,DZA,2019,,748.1579,869.5225
Algeria,DZA,2020,,670.1788,814.24615
Algeria,DZA,2021,,676.866,1010.98114
Algeria,DZA,2022,,721.8276,976.3215
Algeria,DZA,2023,,732.75977,1015.2643
Algeria,DZA,2024,,739.15625,1001.924
Algeria,DZA,2025,,760.7269,980.20996
Angola,AGO,1965,,7.6176496,
Angola,AGO,1966,,7.3385296,
Angola,AGO,1967,,6.24531,
Angola,AGO,1968,,8.7225,
Angola,AGO,1969,,28.58654,
Angola,AGO,1970,,58.905952,
Angola,AGO,1971,,66.53523,
Angola,AGO,1972,,82.072914,
Angola,AGO,1973,,95.07525,
Angola,AGO,1974,,99.33183,
Angola,AGO,1975,,90.60933,
Angola,AGO,1976,,87.96932,
Angola,AGO,1977,,82.13106,
Angola,AGO,1978,,75.23447,
Angola,AGO,1979,,83.736,
Angola,AGO,1980,,86.38764,
Angola,AGO,1981,,83.24754,
Angola,AGO,1982,,74.5483,
Angola,AGO,1983,,102.2277,
Angola,AGO,1984,,117.16062,
Angola,AGO,1985,,133.18675,
Angola,AGO,1986,,161.95938,
Angola,AGO,1987,,203.59479,
Angola,AGO,1988,,259.5816,
Angola,AGO,1989,,263.32648,
Angola,AGO,1990,,271.9094,
Angola,AGO,1991,,285.0978,
Angola,AGO,1992,,315.7894,
Angola,AGO,1993,,288.54028,
Angola,AGO,1994,,318.94113,
Angola,AGO,1995,,362.542,
Angola,AGO,1996,,411.2833,
Angola,AGO,1997,,424.495,
Angola,AGO,1998,,418.68,
Angola,AGO,1999,,426.821,
Angola,AGO,2000,,428.5655,
Angola,AGO,2001,,425.07648,
Angola,AGO,2002,,518.698,
Angola,AGO,2003,,498.14465,
Angola,AGO,2004,,634.8,
Angola,AGO,2005,,726.11163,
Angola,AGO,2006,,798.73517,
Angola,AGO,2007,,944.1738,
Angola,AGO,2008,,1073.3398,
Angola,AGO,2009,,1000.6081,
Angola,AGO,2010,,1034.2383,
Angola,AGO,2011,,954.0293,
Angola,AGO,2012,,991.99084,
Angola,AGO,2013,,990.9448,
Angola,AGO,2014,,968.5163,
Angola,AGO,2015,,1025.3317,
Angola,AGO,2016,,997.48224,
Angola,AGO,2017,,949.0655,
Angola,AGO,2018,,861.41077,
Angola,AGO,2019,,802.00006,
Angola,AGO,2020,,748.5814,
Angola,AGO,2021,,666.19714,
Angola,AGO,2022,,671.45935,
Angola,AGO,2023,,652.18713,
Angola,AGO,2024,,669.6342,
Angola,AGO,2025,,616.5964,
Argentina,ARG,1965,,160.08415,
Argentina,ARG,1966,,170.30933,
Argentina,ARG,1967,,185.64127,
Argentina,ARG,1968,,203.38063,
Argentina,ARG,1969,,210.5816,
Argentina,ARG,1970,,232.60602,58.544502
Argentina,ARG,1971,,250.86913,63.265987
Argentina,ARG,1972,,258.39575,60.1394
Argentina,ARG,1973,,251.22162,65.48815
Argentina,ARG,1974,,245.91354,70.48679
Argentina,ARG,1975,,235.63022,74.804695
Argentina,ARG,1976,,237.41643,71.32315
Argentina,ARG,1977,,256.58066,73.61825
Argentina,ARG,1978,,269.9307,75.952255
Argentina,ARG,1979,,282.35434,70.31175
Argentina,ARG,1980,,293.85562,81.64623
Argentina,ARG,1981,,299.3141,84.952736
Argentina,ARG,1982,,297.39435,95.20775
Argentina,ARG,1983,,298.51083,127.7865
Argentina,ARG,1984,,292.39865,131.093
Argentina,ARG,1985,,280.96475,135.08025
Argentina,ARG,1986,,265.96246,150.83475
Argentina,ARG,1987,,262.51917,147.33376
Argentina,ARG,1988,,275.8608,174.661
Argentina,ARG,1989,,281.7945,184.67775
Argentina,ARG,1990,,295.8271,173.494
Argentina,ARG,1991,,301.00766,193.81926
Argentina,ARG,1992,,337.74042,195.37524
Argentina,ARG,1993,,361.31882,209.28201
Argentina,ARG,1994,,401.36295,216.57574
Argentina,ARG,1995,,435.6241,243.22224
Argentina,ARG,1996,,474.6901,281.34427
Argentina,ARG,1997,,504.57437,266.2705
Argentina,ARG,1998,,512.04645,287.76276
Argentina,ARG,1999,,484.84152,336.19324
Argentina,ARG,2000,,480.87112,363.81226
Argentina,ARG,2001,,510.89627,361.1865
Argentina,ARG,2002,,503.27725,351.16974
Argentina,ARG,2003,,501.18347,399.11398
Argentina,ARG,2004,,477.1305,436.45798
Argentina,ARG,2005,,457.86237,443.75174
Argentina,ARG,2006,,458.60773,448.3225
Argentina,ARG,2007,,444.4343,435.97174
Argentina,ARG,2008,,439.66977,428.4835
Argentina,ARG,2009,,395.9278,403.0119
Argentina,ARG,2010,,387.02927,389.96994
Argentina,ARG,2011,,362.68546,377.17847
Argentina,ARG,2012,,358.6779,366.91202
Argentina,ARG,2013,,351.06256,345.55853
Argentina,ARG,2014,,346.41473,344.8588
Argentina,ARG,2015,,349.43137,354.91144
Argentina,ARG,2016,,333.0377,372.82358
Argentina,ARG,2017,,317.0157,371.4989
Argentina,ARG,2018,,320.5191,394.2329
Argentina,ARG,2019,,393.4316,416.15262
Argentina,ARG,2020,,392.29428,382.92526
Argentina,ARG,2021,,437.04614,386.08496
Argentina,ARG,2022,,527.52936,416.52444
Argentina,ARG,2023,,595.3271,415.93362
Argentina,ARG,2024,,682.9139,441.1331
Argentina,ARG,2025,,801.4902,451.54346
Asia,OWID_ASI,1965,,5387.5947,
Asia,OWID_ASI,1966,,6009.961,
Asia,OWID_ASI,1967,,6417.0938,
Asia,OWID_ASI,1968,,7239.6665,
Asia,OWID_ASI,1969,,8000.2954,
Asia,OWID_ASI,1970,,9110.328,237.09212
Asia,OWID_ASI,1971,,10643.599,316.13116
Asia,OWID_ASI,1972,,11943.729,371.76852
Asia,OWID_ASI,1973,,14014.748,440.78723
Asia,OWID_ASI,1974,,14524.374,502.95798
Asia,OWID_ASI,1975,,13329.333,559.685
Asia,OWID_ASI,1976,,15197.327,614.598
Asia,OWID_ASI,1977,,15469.906,731.16846
Asia,OWID_ASI,1978,,14973.696,809.0592
Asia,OWID_ASI,1979,,15331.503,944.7563
Asia,OWID_ASI,1980,,13456.259,949.7521
Asia,OWID_ASI,1981,5055.756,11841.785,972.53546
Asia,OWID_ASI,1982,5342.6367,10184.702,1047.7648
Asia,OWID_ASI,1983,5669.1685,9447.745,1137.8873
Asia,OWID_ASI,1984,6169.882,9336.171,1394.1504
Asia,OWID_ASI,1985,7457.1567,9541.106,2809.2764
Asia,OWID_ASI,1986,7704.5225,11060.38,3071.3447
Asia,OWID_ASI,1987,8003.7295,11054.437,3242.9316
Asia,OWID_ASI,1988,8357.626,12359.029,3410.913
Asia,OWID_ASI,1989,8873.167,13087.647,3568.1836
Asia,OWID_ASI,1990,9032.34,13749.835,3607.9353
Asia,OWID_ASI,1991,9152.218,13714.863,3754.576
Asia,OWID_ASI,1992,9375.101,14737.893,3644.5137
Asia,OWID_ASI,1993,9537.97,15144.8,3738.7217
Asia,OWID_ASI,1994,10054.304,15453.292,3771.8152
Asia,OWID_ASI,1995,10777.662,15635.969,4008.082
Asia,OWID_ASI,1996,11118.562,16008.615,4336.9854
Asia,OWID_ASI,1997,11134.822,16434.533,4456.516
Asia,OWID_ASI,1998,10818.367,17334.137,4609.0977
Asia,OWID_ASI,1999,10987.737,16916.264,5013.7495
Asia,OWID_ASI,2000,11495.782,17903.486,5574.389
Asia,OWID_ASI,2001,12153.367,17702.648,5866.365
Asia,OWID_ASI,2002,12864.133,16786.79,6317.118
Asia,OWID_ASI,2003,14771.648,17903.973,6702.578
Asia,OWID_ASI,2004,17021.541,19027.342,7218.8433
Asia,OWID_ASI,2005,18907.746,19546.465,7801.1733
Asia,OWID_ASI,2006,20377.385,19877.346,8204.316
Asia,OWID_ASI,2007,22009.557,19800.773,8808.448
Asia,OWID_ASI,2008,23084.463,20569.35,9408.92
Asia,OWID_ASI,2009,23919.635,19620.28,9494.53
Asia,OWID_ASI,2010,25647.502,20182.719,10474.076
Asia,OWID_ASI,2011,28343.885,21355.156,11230.192
Asia,OWID_ASI,2012,28780.469,21646.46,11672.042
Asia,OWID_ASI,2013,29547.01,21414.746,11819.891
Asia,OWID_ASI,2014,29228.08,21527.787,12279.001
Asia,OWID_ASI,2015,28802.227,22429.463,12610.615
Asia,OWID_ASI,2016,27333.418,23266.785,12853.8
Asia,OWID_ASI,2017,28064.102,22918.05,13056.479
Asia,OWID_ASI,2018,29857.93,23042.67,13332.584
Asia,OWID_ASI,2019,30684.734,22121.889,13594.275
Asia,OWID_ASI,2020,30465.125,20610.055,13496.501
Asia,OWID_ASI,2021,31771.82,20743.223,14112.489
Asia,OWID_ASI,2022,34900.37,22165.182,14269.116
Asia,OWID_ASI,2023,36744.89,21861.955,14508.438
Asia,OWID_ASI,2024,37810.242,21730.572,14796.603
Asia,OWID_ASI,2025,37985.742,22438.277,15163.226
Asia Pacific (EI),,1965,,522.24554,
Asia Pacific (EI),,1966,,581.64026,
Asia Pacific (EI),,1967,,616.6964,
Asia Pacific (EI),,1968,,721.63995,
Asia Pacific (EI),,1969,,830.6773,
Asia Pacific (EI),,1970,,1148.6549,151.01651
Asia Pacific (EI),,1971,,1379.3431,180.40475
Asia Pacific (EI),,1972,,1624.5076,208.82147
Asia Pacific (EI),,1973,,1939.5765,259.10513
Asia Pacific (EI),,1974,,2067.8262,316.82742
Asia Pacific (EI),,1975,,2198.2175,353.36618
Asia Pacific (EI),,1976,,2508.1074,408.37952
Asia Pacific (EI),,1977,,2738.5405,498.01404
Asia Pacific (EI),,1978,,2862.0737,592.08844
Asia Pacific (EI),,1979,,2935.8198,673.21796
Asia Pacific (EI),,1980,,2847.7197,718.0478
Asia Pacific (EI),,1981,5778.169,2814.622,723.18713
Asia Pacific (EI),,1982,6075.3813,2756.8235,751.7125
Asia Pacific (EI),,1983,6432.73,2960.2754,848.6298
Asia Pacific (EI),,1984,6965.0835,3255.4893,987.5047
Asia Pacific (EI),,1985,7707.847,3365.3345,1070.5673
Asia Pacific (EI),,1986,7978.2266,3488.1985,1181.0441
Asia Pacific (EI),,1987,8299.098,3519.8416,1256.4099
Asia Pacific (EI),,1988,8641.3125,3557.6663,1341.7312
Asia Pacific (EI),,1989,9265.139,3661.528,1405.1969
Asia Pacific (EI),,1990,9534.356,3791.2954,1493.2214
Asia Pacific (EI),,1991,9721.668,3898.6807,1623.8665
Asia Pacific (EI),,1992,10056.542,3892.5122,1717.1842
Asia Pacific (EI),,1993,10320.05,3916.5498,1818.4128
Asia Pacific (EI),,1994,10900.783,4025.685,1982.1652
Asia Pacific (EI),,1995,11816.567,4096.689,2083.016
Asia Pacific (EI),,1996,12238.855,4232.756,2274.243
Asia Pacific (EI),,1997,12411.14,4273.505,2421.38
Asia Pacific (EI),,1998,12140.54,4254.9185,2461.1936
Asia Pacific (EI),,1999,12476.039,4213.6743,2615.2512
Asia Pacific (EI),,2000,12979.81,4436.488,2774.5474
Asia Pacific (EI),,2001,13782.474,4393.0024,2854.9363
Asia Pacific (EI),,2002,14601.624,4405.33,3040.8726
Asia Pacific (EI),,2003,16544.697,4360.241,3232.6135
Asia Pacific (EI),,2004,18873.4,4407.143,3443.7747
Asia Pacific (EI),,2005,20865.648,4451.6226,3720.2427
Asia Pacific (EI),,2006,22322.791,4424.1045,3895.2295
Asia Pacific (EI),,2007,24001.566,4441.6323,4070.56
Asia Pacific (EI),,2008,25066.523,4523.157,4262.7246
Asia Pacific (EI),,2009,26045.436,4490.0312,4483.975
Asia Pacific (EI),,2010,27822.436,4690.432,4842.976
Asia Pacific (EI),,2011,30418.553,4600.173,4995.9927
Asia Pacific (EI),,2012,31081.824,4658.046,5183.818
Asia Pacific (EI),,2013,32097.568,4574.9966,5176.4106
Asia Pacific (EI),,2014,32013.209,4586.6255,5444.1475
Asia Pacific (EI),,2015,31742.945,4652.512,5707.2344
Asia Pacific (EI),,2016,30215.922,4468.7656,5894.2837
Asia Pacific (EI),,2017,30809.53,4293.1973,6164.9033
Asia Pacific (EI),,2018,32809.58,4201.2227,6370.2583
Asia Pacific (EI),,2019,33738.02,4211.9326,6665.149
Asia Pacific (EI),,2020,33236.76,4113.5923,6580.3643
Asia Pacific (EI),,2021,34408.332,4054.1387,6821.502
Asia Pacific (EI),,2022,37272.492,4010.5403,6900.059
Asia Pacific (EI),,2023,39154.605,4011.4187,6910.573
Asia Pacific (EI),,2024,40281.67,4036.9187,7084.2993
Asia Pacific (EI),,2025,40202.72,4063.3174,7176.186
Australia,AUS,1965,,4.0263753,
Australia,AUS,1966,,5.1767683,
Australia,AUS,1967,,12.079125,
Australia,AUS,1968,,22.494122,
Australia,AUS,1969,,25.883842,
Australia,AUS,1970,,101.23458,17.303974
Australia,AUS,1971,,177.42035,25.82668
Australia,AUS,1972,,189.33647,37.074265
Australia,AUS,1973,,237.18723,47.068798
Australia,AUS,1974,,234.67719,53.70199
Australia,AUS,1975,,251.46202,57.669968
Australia,AUS,1976,,257.49902,68.07722
Australia,AUS,1977,,272.4299,77.76844
Australia,AUS,1978,,269.70963,83.72538
Australia,AUS,1979,,270.70334,96.37518
Australia,AUS,1980,,253.9847,110.665886
Australia,AUS,1981,788.57117,247.38208,119.94439
Australia,AUS,1982,804.9543,243.93091,116.980835
Australia,AUS,1983,838.7407,237.44705,127.07482
Australia,AUS,1984,880.9173,307.9994,125.31727
Australia,AUS,1985,1074.3456,356.84106,133.95262
Australia,AUS,1986,1142.8596,318.80838,146.32928
Australia,AUS,1987,1193.6675,338.87204,149.39459
Australia,AUS,1988,1173.2935,321.6083,152.99338
Australia,AUS,1989,1274.6781,303.33276,177.07565
Australia,AUS,1990,1334.6012,352.09924,206.11147
Australia,AUS,1991,1384.4242,332.76974,215.765
Australia,AUS,1992,1477.2354,327.94684,233.33595
Australia,AUS,1993,1484.1,305.8865,243.83902
Australia,AUS,1994,1516.9104,329.3391,279.91214
Australia,AUS,1995,1591.818,310.114,295.9597
Australia,AUS,1996,1640.6823,326.40598,296.33704
Australia,AUS,1997,1789.1144,346.43536,296.37646
Australia,AUS,1998,1832.1017,328.0255,302.7371
Australia,AUS,1999,1931.918,319.49728,307.1253
Australia,AUS,2000,1996.8198,431.37653,311.92328
Australia,AUS,2001,2157.921,399.1475,326.41318
Australia,AUS,2002,2224.0464,396.66782,330.01163
Australia,AUS,2003,2299.0476,343.3505,337.45227
Australia,AUS,2004,2388.831,299.8592,359.30313
Australia,AUS,2005,2501.2886,294.55624,382.3528
Australia,AUS,2006,2556.8406,268.95715,406.82227
Australia,AUS,2007,2640.8552,286.4461,427.51187
Australia,AUS,2008,2720.6213,285.7068,416.829
Australia,AUS,2009,2822.8337,280.429,466.97592
Australia,AUS,2010,2914.7896,286.53317,526.2551
Australia,AUS,2011,2850.8132,249.01212,544.51514
Australia,AUS,2012,3091.9092,246.37003,582.85803
Australia,AUS,2013,3323.7434,204.80865,605.76587
Australia,AUS,2014,3559.4495,216.3719,652.74426
Australia,AUS,2015,3555.7026,195.42085,742.9768
Australia,AUS,2016,3563.0557,178.5461,940.797
Australia,AUS,2017,3473.3135,161.66643,1102.9464
Australia,AUS,2018,3716.8325,170.05481,1274.0186
Australia,AUS,2019,3803.6514,223.93333,1461.0239
Australia,AUS,2020,3494.2944,222.27069,1457.1638
Australia,AUS,2021,3406.9924,214.2501,1479.2603
Australia,AUS,2022,3180.4482,198.70668,1542.3914
Australia,AUS,2023,3188.7532,181.57283,1507.1117
Australia,AUS,2024,3252.4995,175.79169,1522.9299
Australia,AUS,2025,3024.478,160.11562,1485.7379
Azerbaijan,AZE,1985,,153.8649,137.39355
Azerbaijan,AZE,1986,,151.7715,132.804
Azerbaijan,AZE,1987,,161.7733,122.0625
Azerbaijan,AZE,1988,,159.7962,116.2035
Azerbaijan,AZE,1989,,153.0508,108.3915
Azerbaijan,AZE,1990,,145.375,96.6735
Azerbaijan,AZE,1991,,136.92813,83.979004
Azerbaijan,AZE,1992,,130.206,77.1435
Azerbaijan,AZE,1993,,119.22262,66.402
Azerbaijan,AZE,1994,,111.21537,62.496
Azerbaijan,AZE,1995,,106.550575,64.449
Azerbaijan,AZE,1996,,105.837654,57.388905
Azerbaijan,AZE,1997,,104.98402,54.654705
Azerbaijan,AZE,1998,,133.15187,51.002594
Azerbaijan,AZE,1999,,161.08713,54.654705
Azerbaijan,AZE,2000,,163.62247,51.529903
Azerbaijan,AZE,2001,,174.20576,50.514343
Azerbaijan,AZE,2002,,178.33441,46.85247
Azerbaijan,AZE,2003,,178.84615,46.705997
Azerbaijan,AZE,2004,,179.78816,45.5049
Azerbaijan,AZE,2005,,258.35114,55.973957
Azerbaijan,AZE,2006,,375.2722,66.0446
Azerbaijan,AZE,2007,,496.10675,105.77545
Azerbaijan,AZE,2008,,518.3956,159.52592
Azerbaijan,AZE,2009,,587.0347,159.39116
Azerbaijan,AZE,2010,,591.9461,162.80891
Azerbaijan,AZE,2011,,531.3305,159.76907
Azerbaijan,AZE,2012,,505.04205,168.36911
Azerbaijan,AZE,2013,,505.99106,174.74565
Azerbaijan,AZE,2014,,490.1894,183.84077
Azerbaijan,AZE,2015,,484.68375,187.84053
Azerbaijan,AZE,2016,,477.72086,182.7754
Azerbaijan,AZE,2017,,450.31827,177.58627
Azerbaijan,AZE,2018,,451.1161,187.58467
Azerbaijan,AZE,2019,,436.85303,239.38214
Azerbaijan,AZE,2020,,402.75156,258.64847
Azerbaijan,AZE,2021,,402.6969,318.08316
Azerbaijan,AZE,2022,,380.20096,341.34042
Azerbaijan,AZE,2023,,351.90518,355.5866
Azerbaijan,AZE,2024,,339.2471,377.59888
Azerbaijan,AZE,2025,,323.18143,378.41913
Bahrain,BHR,1970,,,6.50117
Bahrain,BHR,1971,,,9.47845
Bahrain,BHR,1972,,,11.82771
Bahrain,BHR,1973,,,16.77046
Bahrain,BHR,1974,,,20.67814
Bahrain,BHR,1975,,,21.75973
Bahrain,BHR,1976,,,22.80643
Bahrain,BHR,1977,,,24.73701
Bahrain,BHR,1978,,,27.17931
Bahrain,BHR,1979,,,30.133331
Bahrain,BHR,1980,,,24.457891
Bahrain,BHR,1981,,,22.6785
Bahrain,BHR,1982,,,35.80877
Bahrain,BHR,1983,,,37.53001
Bahrain,BHR,1984,,,38.66975
Bahrain,BHR,1985,,,47.20617
Bahrain,BHR,1986,,,54.044613
Bahrain,BHR,1987,,,52.50945
Bahrain,BHR,1988,,,55.77748
Bahrain,BHR,1989,,,58.02207
Bahrain,BHR,1990,,,60.76675
Bahrain,BHR,1991,,,57.92903
Bahrain,BHR,1992,,,67.6866
Bahrain,BHR,1993,,,72.50142
Bahrain,BHR,1994,,,74.22266
Bahrain,BHR,1995,,,75.45544
Bahrain,BHR,1996,,,77.70003
Bahrain,BHR,1997,,,83.42199
Bahrain,BHR,1998,,,87.713455
Bahrain,BHR,1999,,,90.76052
Bahrain,BHR,2000,,,91.74908
Bahrain,BHR,2001,,,95.54045
Bahrain,BHR,2002,,,98.99455
Bahrain,BHR,2003,,,100.77396
Bahrain,BHR,2004,,,92.69889
Bahrain,BHR,2005,,,101.74285
Bahrain,BHR,2006,,,107.63207
Bahrain,BHR,2007,,,111.98627
Bahrain,BHR,2008,,,120.17578
Bahrain,BHR,2009,,,121.335045
Bahrain,BHR,2010,,,124.28656
Bahrain,BHR,2011,,,126.24079
Bahrain,BHR,2012,,,130.51854
Bahrain,BHR,2013,,,139.5783
Bahrain,BHR,2014,,,146.96526
Bahrain,BHR,2015,,,145.84346
Bahrain,BHR,2016,,,144.41371
Bahrain,BHR,2017,,,144.66324
Bahrain,BHR,2018,,,146.47456
Bahrain,BHR,2019,,,162.65964
Bahrain,BHR,2020,,,163.69667
Bahrain,BHR,2021,,,166.20808
Bahrain,BHR,2022,,,157.687
Bahrain,BHR,2023,,,157.57086
Bahrain,BHR,2024,,,165.71913
Bahrain,BHR,2025,,,160.0826
Bangladesh,BGD,1971,,,4.456375
Bangladesh,BGD,1972,,,4.456375
Bangladesh,BGD,1973,,,6.150375
Bangladesh,BGD,1974,,,6.8145003
Bangladesh,BGD,1975,,,4.5141253
Bangladesh,BGD,1976,,,6.87225
Bangladesh,BGD,1977,,,8.1235
Bangladesh,BGD,1978,,,8.614375
Bangladesh,BGD,1979,,,9.865625
Bangladesh,BGD,1980,,,12.291124
Bangladesh,BGD,1981,,,13.613856
Bangladesh,BGD,1982,,,17.674847
Bangladesh,BGD,1983,,,19.667187
Bangladesh,BGD,1984,,,22.700663
Bangladesh,BGD,1985,,,25.780474
Bangladesh,BGD,1986,,,29.07015
Bangladesh,BGD,1987,,,34.155926
Bangladesh,BGD,1988,,,40.201077
Bangladesh,BGD,1989,,,42.49867
Bangladesh,BGD,1990,,,45.742012
Bangladesh,BGD,1991,,,47.107487
Bangladesh,BGD,1992,,,51.370163
Bangladesh,BGD,1993,,,57.50253
Bangladesh,BGD,1994,,,60.985718
Bangladesh,BGD,1995,,,67.42334
Bangladesh,BGD,1996,,,72.36467
Bangladesh,BGD,1997,,,71.13274
Bangladesh,BGD,1998,,,76.86446
Bangladesh,BGD,1999,,,83.80357
Bangladesh,BGD,2000,,,90.581894
Bangladesh,BGD,2001,,,101.43209
Bangladesh,BGD,2002,,,106.71138
Bangladesh,BGD,2003,,,114.7843
Bangladesh,BGD,2004,,,123.40232
Bangladesh,BGD,2005,,,132.63358
Bangladesh,BGD,2006,,,143.63368
Bangladesh,BGD,2007,,,153.36371
Bangladesh,BGD,2008,,,163.7642
Bangladesh,BGD,2009,,,187.46739
Bangladesh,BGD,2010,,,192.53728
Bangladesh,BGD,2011,,,195.82149
Bangladesh,BGD,2012,,,213.3628
Bangladesh,BGD,2013,,,219.52786
Bangladesh,BGD,2014,,,230.2227
Bangladesh,BGD,2015,,,258.54062
Bangladesh,BGD,2016,,,264.50946
Bangladesh,BGD,2017,,,265.92673
Bangladesh,BGD,2018,,,265.81772
Bangladesh,BGD,2019,,,252.84435
Bangladesh,BGD,2020,,,237.309
Bangladesh,BGD,2021,,,236.10979
Bangladesh,BGD,2022,,,225.12604
Bangladesh,BGD,2023,,,211.0325
Bangladesh,BGD,2024,,,197.24965
Bangladesh,BGD,2025,,,179.95093
Bolivia,BOL,1970,,,0.41868
Bolivia,BOL,1971,,,0.41868
Bolivia,BOL,1972,,,11.1648
Bolivia,BOL,1973,,,17.2124
Bolivia,BOL,1974,,,18.01487
Bolivia,BOL,1975,,,17.75901
Bolivia,BOL,1976,,,18.305618
Bolivia,BOL,1977,,,19.31743
Bolivia,BOL,1978,,,19.03831
Bolivia,BOL,1979,,,20.8177
Bolivia,BOL,1980,,,25.52785
Bolivia,BOL,1981,,,27.22583
Bolivia,BOL,1982,,,28.23764
Bolivia,BOL,1983,,,27.10953
Bolivia,BOL,1984,,,26.07446
Bolivia,BOL,1985,,,25.84186
Bolivia,BOL,1986,,,26.31869
Bolivia,BOL,1987,,,27.528212
Bolivia,BOL,1988,,,29.098259
Bolivia,BOL,1989,,,30.69157
Bolivia,BOL,1990,,,31.36611
Bolivia,BOL,1991,,,31.18003
Bolivia,BOL,1992,,,28.311234
Bolivia,BOL,1993,,,28.246838
Bolivia,BOL,1994,,,30.458206
Bolivia,BOL,1995,,,30.43367
Bolivia,BOL,1996,,,30.733114
Bolivia,BOL,1997,,,25.90445
Bolivia,BOL,1998,,,27.055004
Bolivia,BOL,1999,,,21.784061
Bolivia,BOL,2000,,,31.224026
Bolivia,BOL,2001,,,45.47095
Bolivia,BOL,2002,,,58.258457
Bolivia,BOL,2003,,,66.95389
Bolivia,BOL,2004,,,94.1988
Bolivia,BOL,2005,,,116.21581
Bolivia,BOL,2006,,,124.45293
Bolivia,BOL,2007,,,133.30193
Bolivia,BOL,2008,,,137.9202
Bolivia,BOL,2009,,,118.81584
Bolivia,BOL,2010,,,137.14502
Bolivia,BOL,2011,,,150.34001
Bolivia,BOL,2012,,,168.59476
Bolivia,BOL,2013,,,195.75163
Bolivia,BOL,2014,,,204.26025
Bolivia,BOL,2015,,,200.93651
Bolivia,BOL,2016,,,188.99504
Bolivia,BOL,2017,,,185.93495
Bolivia,BOL,2018,,,173.31442
Bolivia,BOL,2019,,,150.94989
Bolivia,BOL,2020,,,146.925
Bolivia,BOL,2021,,,151.49698
Bolivia,BOL,2022,,,135.98546
Bolivia,BOL,2023,,,118.073044
Bolivia,BOL,2024,,,101.38649
Bolivia,BOL,2025,,,86.151436
Brazil,BRA,1965,,58.675575,
Brazil,BRA,1966,,71.632545,
Brazil,BRA,1967,,90.1425,
Brazil,BRA,1968,,99.05112,
Brazil,BRA,1969,,108.03545,
Brazil,BRA,1970,,102.25953,0.8110125
Brazil,BRA,1971,,107.041916,1.2874821
Brazil,BRA,1972,,104.99714,1.7538141
Brazil,BRA,1973,,106.482506,2.0072556
Brazil,BRA,1974,,111.1111,3.8624465
Brazil,BRA,1975,,108.2866,4.2071266
Brazil,BRA,1976,,105.45652,4.845799
Brazil,BRA,1977,,101.61979,6.0319047
Brazil,BRA,1978,,101.04517,7.9377837
Brazil,BRA,1979,,104.676834,8.698108
Brazil,BRA,1980,,114.915504,10.168068
Brazil,BRA,1981,33.744057,134.21123,9.123889
Brazil,BRA,1982,37.195045,163.54337,13.037024
Brazil,BRA,1983,39.683975,207.35083,17.629381
Brazil,BRA,1984,44.539185,290.23807,20.518614
Brazil,BRA,1985,45.453854,342.74146,25.739506
Brazil,BRA,1986,43.101746,360.37137,29.977045
Brazil,BRA,1987,39.264877,358.51154,33.484676
Brazil,BRA,1988,42.773262,350.34323,33.697563
Brazil,BRA,1989,38.603477,374.16556,34.54913
Brazil,BRA,1990,19.62071,396.90588,31.455137
Brazil,BRA,1991,23.470465,392.28055,32.700607
Brazil,BRA,1992,21.972292,398.22037,37.04399
Brazil,BRA,1993,21.837795,406.4251,43.394627
Brazil,BRA,1994,24.35495,421.4718,47.391705
Brazil,BRA,1995,23.892641,436.17145,52.304947
Brazil,BRA,1996,22.26761,494.66245,57.157547
Brazil,BRA,1997,26.055893,530.28345,62.216633
Brazil,BRA,1998,25.497108,612.65924,65.17325
Brazil,BRA,1999,26.124039,691.94525,76.52524
Brazil,BRA,2000,31.227255,780.2455,77.09714
Brazil,BRA,2001,26.808805,816.74133,78.73798
Brazil,BRA,2002,29.793072,914.1956,95.12576
Brazil,BRA,2003,27.196241,948.01917,103.34111
Brazil,BRA,2004,31.53805,940.91486,113.657776
Brazil,BRA,2005,33.071194,1034.8539,112.41441
Brazil,BRA,2006,33.04171,1093.6329,114.78471
Brazil,BRA,2007,34.01415,1109.1145,115.57735
Brazil,BRA,2008,37.866035,1152.7557,143.7607
Brazil,BRA,2009,35.40279,1232.6158,122.769424
Brazil,BRA,2010,31.785671,1298.3738,150.20552
Brazil,BRA,2011,31.81142,1326.1354,172.26965
Brazil,BRA,2012,33.947872,1306.8228,198.32849
Brazil,BRA,2013,42.165073,1281.0779,219.49594
Brazil,BRA,2014,41.826893,1424.1478,233.47676
Brazil,BRA,2015,33.800484,1537.4033,238.04495
Brazil,BRA,2016,31.147717,1589.9031,241.23578
Brazil,BRA,2017,25.328682,1658.9243,271.8142
Brazil,BRA,2018,27.44856,1635.2148,251.62358
Brazil,BRA,2019,25.144266,1758.4464,257.46527
Brazil,BRA,2020,27.919014,1853.1815,242.3634
Brazil,BRA,2021,33.79059,1824.885,243.32677
Brazil,BRA,2022,30.290945,1898.2006,230.02669
Brazil,BRA,2023,30.168175,2134.9583,234.22762
Brazil,BRA,2024,29.57457,2112.8518,228.38542
Brazil,BRA,2025,32.180573,2367.314,265.6822
Brunei,BRN,1965,,46.112648,
Brunei,BRN,1966,,55.365944,
Brunei,BRN,1967,,59.99259,
Brunei,BRN,1968,,70.595436,
Brunei,BRN,1969,,71.55922,
Brunei,BRN,1970,,78.49919,2.13525
Brunei,BRN,1971,,74.450874,2.11575
Brunei,BRN,1972,,105.390366,4.343625
Brunei,BRN,1973,,132.97913,18.968626
Brunei,BRN,1974,,113.27886,41.17425
Brunei,BRN,1975,,106.60954,53.9955
Brunei,BRN,1976,,123.52781,71.214
Brunei,BRN,1977,,129.12744,81.7245
Brunei,BRN,1978,,136.49191,80.10113
Brunei,BRN,1979,,148.17535,83.91825
Brunei,BRN,1980,,136.24884,84.230255
Brunei,BRN,1981,,98.43889,81.548996
Brunei,BRN,1982,,100.906044,81.4515
Brunei,BRN,1983,,101.63282,84.95175
Brunei,BRN,1984,,97.92559,85.96575
Brunei,BRN,1985,,95.0956,83.80613
Brunei,BRN,1986,,93.74967,84.025505
Brunei,BRN,1987,,87.97889,83.8305
Brunei,BRN,1988,,85.20507,87.09675
Brunei,BRN,1989,,84.88347,85.3515
Brunei,BRN,1990,,86.03725,87.02363
Brunei,BRN,1991,,93.08701,88.335
Brunei,BRN,1992,,103.771866,95.082
Brunei,BRN,1993,,99.33859,100.67363
Brunei,BRN,1994,,101.653,101.31225
Brunei,BRN,1995,,99.32618,114.66975
Brunei,BRN,1996,,93.999794,113.67525
Brunei,BRN,1997,,92.58174,113.763
Brunei,BRN,1998,,89.11289,105.01725
Brunei,BRN,1999,,103.66081,109.473
Brunei,BRN,2000,,110.308174,110.1555
Brunei,BRN,2001,,115.73349,111.12075
Brunei,BRN,2002,,119.65385,111.72525
Brunei,BRN,2003,,122.04537,120.4515
Brunei,BRN,2004,,120.05514,119.26823
Brunei,BRN,2005,,117.379524,117.09443
Brunei,BRN,2006,,125.68926,122.561264
Brunei,BRN,2007,,110.43321,119.47629
Brunei,BRN,2008,,99.55133,118.49997
Brunei,BRN,2009,,95.62808,111.286095
Brunei,BRN,2010,,97.98434,119.75348
Brunei,BRN,2011,,94.01258,124.78791
Brunei,BRN,2012,,90.57037,122.512764
Brunei,BRN,2013,,76.48024,119.01314
Brunei,BRN,2014,,71.56504,126.88147
Brunei,BRN,2015,,71.83905,132.91452
Brunei,BRN,2016,,68.595314,129.42845
Brunei,BRN,2017,,63.8205,128.54909
Brunei,BRN,2018,,62.948265,125.65272
Brunei,BRN,2019,,68.62962,129.80136
Brunei,BRN,2020,,62.556503,126.4079
Brunei,BRN,2021,,60.54044,115.34709
Brunei,BRN,2022,,52.02172,105.931
Brunei,BRN,2023,,50.559364,99.82059
Brunei,BRN,2024,,56.392567,103.65616
Brunei,BRN,2025,,60.913963,105.020256
Bulgaria,BGR,1981,54.998016,,
Bulgaria,BGR,1982,60.48164,,
Bulgaria,BGR,1983,60.815742,,
Bulgaria,BGR,1984,60.702023,,
Bulgaria,BGR,1985,57.954987,,
Bulgaria,BGR,1986,65.98148,,
Bulgaria,BGR,1987,68.92223,,
Bulgaria,BGR,1988,63.966427,,
Bulgaria,BGR,1989,64.21583,,
Bulgaria,BGR,1990,59.206818,,
Bulgaria,BGR,1991,54.24859,,
Bulgaria,BGR,1992,62.57489,,
Bulgaria,BGR,1993,60.6359,,
Bulgaria,BGR,1994,58.66628,,
Bulgaria,BGR,1995,61.48518,,
Bulgaria,BGR,1996,62.819492,,
Bulgaria,BGR,1997,58.28521,,
Bulgaria,BGR,1998,58.922813,,
Bulgaria,BGR,1999,49.729588,,
Bulgaria,BGR,2000,49.948257,,
Bulgaria,BGR,2001,52.30418,,
Bulgaria,BGR,2002,51.501152,,
Bulgaria,BGR,2003,54.025444,,
Bulgaria,BGR,2004,52.780746,,
Bulgaria,BGR,2005,48.58942,,
Bulgaria,BGR,2006,50.09491,,
Bulgaria,BGR,2007,56.339363,,
Bulgaria,BGR,2008,56.53614,,
Bulgaria,BGR,2009,53.578606,,
Bulgaria,BGR,2010,57.516132,,
Bulgaria,BGR,2011,72.23262,,
Bulgaria,BGR,2012,65.2704,,
Bulgaria,BGR,2013,55.695232,,
Bulgaria,BGR,2014,59.645885,,
Bulgaria,BGR,2015,68.23731,,
Bulgaria,BGR,2016,59.52442,,
Bulgaria,BGR,2017,66.27609,,
Bulgaria,BGR,2018,59.474857,,
Bulgaria,BGR,2019,55.068783,,
Bulgaria,BGR,2020,43.987392,,
Bulgaria,BGR,2021,54.900787,,
Bulgaria,BGR,2022,68.70899,,
Bulgaria,BGR,2023,40.82317,,
Bulgaria,BGR,2024,29.93213,,
Bulgaria,BGR,2025,34.297043,,
CIS (EI),,1965,,2824.7874,
CIS (EI),,1966,,3083.113,
CIS (EI),,1967,,3350.603,
CIS (EI),,1968,,3595.996,
CIS (EI),,1969,,3818.129,
CIS (EI),,1970,,4105.8438,1875.0139
CIS (EI),,1971,,4384.51,2011.9374
CIS (EI),,1972,,4656.652,2097.189
CIS (EI),,1973,,4989.27,2238.3276
CIS (EI),,1974,,5337.007,2468.507
CIS (EI),,1975,,5708.0156,2740.0618
CIS (EI),,1976,,6043.8438,3040.1946
CIS (EI),,1977,,6347.6426,3277.4783
CIS (EI),,1978,,6646.906,3525.5698
CIS (EI),,1979,,6810.528,3851.4487
CIS (EI),,1980,,7014.9834,4122.3877
CIS (EI),,1981,4027.8452,7080.5767,4407.507
CIS (EI),,1982,4061.56,7123.9683,4742.8296
CIS (EI),,1983,4057.7874,7168.0693,5074.364
CIS (EI),,1984,4013.748,7125.8174,5564.087
CIS (EI),,1985,2876.8977,6860.374,5546.7637
CIS (EI),,1986,2988.7083,7085.0195,5974.689
CIS (EI),,1987,3023.9238,7200.493,6390.7363
CIS (EI),,1988,3102.548,7188.9565,6811.0303
CIS (EI),,1989,2989.7112,6997.376,7065.812
CIS (EI),,1990,2871.7485,6571.473,7309.516
CIS (EI),,1991,2689.8616,5940.3447,7198.2915
CIS (EI),,1992,2578.7498,5192.873,6950.1206
CIS (EI),,1993,2307.5056,4636.559,6799.731
CIS (EI),,1994,2078.6777,4178.438,6433.262
CIS (EI),,1995,1889.2559,4119.953,6247.644
CIS (EI),,1996,1809.5308,4057.514,6390.8794
CIS (EI),,1997,1734.601,4156.7925,5961.281
CIS (EI),,1998,1635.7421,4165.942,6138.8906
CIS (EI),,1999,1684.7194,4254.832,6281.0195
CIS (EI),,2000,1806.2083,4568.1377,6441.6636
CIS (EI),,2001,1908.6847,4927.0576,6462.5073
CIS (EI),,2002,1813.0691,5392.6177,6636.5894
CIS (EI),,2003,1979.3899,5935.0913,6939.657
CIS (EI),,2004,2047.3529,6466.0645,7103.724
CIS (EI),,2005,2028.61,6694.026,7259.1797
CIS (EI),,2006,2139.6582,6987.7476,7447.5835
CIS (EI),,2007,2180.3328,7261.7075,7555.058
CIS (EI),,2008,2311.7812,7290.379,7754.513
CIS (EI),,2009,2175.5146,7506.33,6701.96
CIS (EI),,2010,2329.9133,7674.3574,7395.152
CIS (EI),,2011,2436.4731,7702.0547,7747.7407
CIS (EI),,2012,2585.0698,7751.184,7635.306
CIS (EI),,2013,2640.284,7849.198,7768.9824
CIS (EI),,2014,2666.7373,7883.554,7574.071
CIS (EI),,2015,2657.0266,7948.1616,7482.4717
CIS (EI),,2016,2776.5059,8085.156,7551.4575
CIS (EI),,2017,2966.0095,8154.1406,8022.823
CIS (EI),,2018,3157.6328,8307.626,8471.55
CIS (EI),,2019,3132.9824,8355.942,8573.992
CIS (EI),,2020,2895.3086,7664.9,8083.5747
CIS (EI),,2021,3145.8892,7829.5044,8911.527
CIS (EI),,2022,3190.367,7899.3433,8075.743
CIS (EI),,2023,3172.7825,7851.505,7722.6685
CIS (EI),,2024,3138.3638,7637.062,8140.62
CIS (EI),,2025,3191.3179,7717.3945,7983.721
Canada,CAN,1965,,510.25665,
Canada,CAN,1966,,560.70734,
Canada,CAN,1967,,612.91425,
Canada,CAN,1968,,664.29785,
Canada,CAN,1969,,723.5958,
Canada,CAN,1970,,814.8895,540.1628
Canada,CAN,1971,,874.15466,590.55
Canada,CAN,1972,,1008.47394,666.75
Canada,CAN,1973,,1166.6589,714.375
Canada,CAN,1974,,1097.7156,699.5541
Canada,CAN,1975,,948.7265,714.5655
Canada,CAN,1976,,875.7928,720.852
Canada,CAN,1977,,878.9293,757.2375
Canada,CAN,1978,,874.4582,730.758
Canada,CAN,1979,,1003.3732,770.5725
Canada,CAN,1980,,968.42413,712.2795
Canada,CAN,1981,269.31723,876.45544,688.2765
Canada,CAN,1982,285.6331,867.18097,722.47125
Canada,CAN,1983,296.1142,913.65857,679.5135
Canada,CAN,1984,387.88895,974.7762,744.75977
Canada,CAN,1985,413.09222,996.51917,805.13684
Canada,CAN,1986,383.92166,997.1099,755.1515
Canada,CAN,1987,387.20447,1050.1238,818.5652
Canada,CAN,1988,448.3875,1105.9545,945.2686
Canada,CAN,1989,477.33334,1077.1763,1004.26935
Canada,CAN,1990,464.7503,1078.7738,1034.4779
Canada,CAN,1991,485.54883,1084.0847,1088.7856
Canada,CAN,1992,431.53613,1129.9681,1199.6471
Canada,CAN,1993,458.69806,1189.5297,1320.6403
Canada,CAN,1994,482.01917,1240.8297,1429.4711
Canada,CAN,1995,500.22507,1301.4706,1527.4125
Canada,CAN,1996,508.94858,1342.7245,1539.1808
Canada,CAN,1997,527.2064,1403.7892,1597.309
Canada,CAN,1998,498.6286,1454.7723,1656.041
Canada,CAN,1999,479.27606,1407.1923,1705.402
Canada,CAN,2000,454.52444,1454.7485,1763.0468
Canada,CAN,2001,462.9014,1467.3573,1794.1923
Canada,CAN,2002,398.45804,1546.8191,1807.2258
Canada,CAN,2003,369.9703,1635.5128,1760.47
Canada,CAN,2004,394.3739,1688.1901,1767.352
Canada,CAN,2005,418.35196,1659.3553,1791.5245
Canada,CAN,2006,407.6139,1756.1113,1793.974
Canada,CAN,2007,418.77777,1810.4688,1746.7913
Canada,CAN,2008,420.17862,1782.181,1664.916
Canada,CAN,2009,391.37137,1781.1637,1550.5082
Canada,CAN,2010,415.0936,1868.1313,1495.9108
Canada,CAN,2011,414.22137,1978.6213,1510.7133
Canada,CAN,2012,416.84637,2127.2776,1503.052
Canada,CAN,2013,419.49026,2272.614,1519.2035
Canada,CAN,2014,416.65555,2439.7065,1589.916
Canada,CAN,2015,375.61917,2512.9456,1607.5568
Canada,CAN,2016,381.34,2545.1667,1691.1692
Canada,CAN,2017,369.53778,2751.9355,1748.0621
Canada,CAN,2018,340.3583,2997.575,1800.5444
Canada,CAN,2019,334.60724,3063.6577,1734.476
Canada,CAN,2020,318.4625,2930.347,1697.0734
Canada,CAN,2021,336.04694,3100.7734,1765.0311
Canada,CAN,2022,337.71054,3185.7852,1894.5349
Canada,CAN,2023,352.49915,3229.7332,1950.195
Canada,CAN,2024,318.3414,3374.6255,1994.7085
Canada,CAN,2025,302.63715,3514.414,2062.2717
Chad,TCD,1999,,0,
Chad,TCD,2003,,14.391079,
Chad,TCD,2004,,102.74561,
Chad,TCD,2005,,105.92504,
Chad,TCD,2006,,93.542015,
Chad,TCD,2007,,87.68518,
Chad,TCD,2008,,77.81223,
Chad,TCD,2009,,71.9554,
Chad,TCD,2010,,74.46547,
Chad,TCD,2011,,69.44532,
Chad,TCD,2012,,61.74777,
Chad,TCD,2013,,55.358665,
Chad,TCD,2014,,54.240368,
Chad,TCD,2015,,67.56121,
Chad,TCD,2016,,71.3618,
Chad,TCD,2017,,60.108273,
Chad,TCD,2018,,70.548904,
Chad,TCD,2019,,77.494965,
Chad,TCD,2020,,77.326004,
Chad,TCD,2021,,71.14674,
Chad,TCD,2022,,75.57923,
Chad,TCD,2023,,81.76247,
Chad,TCD,2024,,78.396484,
Chad,TCD,2025,,67.79699,
China,CHN,1965,,131.53531,
China,CHN,1966,,169.2165,
China,CHN,1967,,161.42441,
China,CHN,1968,,185.9637,
China,CHN,1969,,252.8362,
China,CHN,1970,,356.4595,28.925762
China,CHN,1971,,458.3383,37.6942
China,CHN,1972,,531.1421,48.780727
China,CHN,1973,,623.4843,60.270405
China,CHN,1974,,754.2055,75.892334
China,CHN,1975,,896.20776,89.19617
China,CHN,1976,,1013.67084,101.794495
China,CHN,1977,,1089.0332,122.1534
China,CHN,1978,,1210.1016,138.38004
China,CHN,1979,,1234.5245,146.24141
China,CHN,1980,,1232.1985,143.82251
China,CHN,1981,3614.604,1177.1886,128.40216
China,CHN,1982,3874.5344,1187.6556,120.23845
China,CHN,1983,4154.8174,1233.5941,123.06047
China,CHN,1984,4589.1978,1332.9143,125.27778
China,CHN,1985,5072.425,1452.587,130.31711
China,CHN,1986,5198.61,1519.9247,138.6824
China,CHN,1987,5396.9014,1560.0482,139.99261
China,CHN,1988,5698.1187,1593.8915,143.72173
China,CHN,1989,6130.173,1600.7532,151.6738
China,CHN,1990,6279.5195,1608.5453,154.18338
China,CHN,1991,6323.266,1639.7137,156.11848
China,CHN,1992,6491.7495,1651.9252,159.14209
China,CHN,1993,6691.146,1675.0688,168.96878
China,CHN,1994,7210.0244,1698.9104,176.97124
China,CHN,1995,7912.651,1733.1027,180.912
China,CHN,1996,8121.8066,1843.5876,202.72221
China,CHN,1997,8068.494,1862.312,228.81587
China,CHN,1998,7745.7466,1862.8933,234.62119
China,CHN,1999,7931.644,1863.3586,253.96214
China,CHN,2000,8226.111,1891.2705,274.13962
China,CHN,2001,8715.2295,1916.9729,305.67575
China,CHN,2002,9307.322,1940.6515,329.1792
China,CHN,2003,10994.302,1972.2737,352.90436
China,CHN,2004,12873.73,2024.213,417.86133
China,CHN,2005,14440.99,2109.1343,497.07965
China,CHN,2006,15449.555,2148.8252,590.1359
China,CHN,2007,16738.865,2166.8809,697.8466
China,CHN,2008,17349.283,2214.8125,809.31665
China,CHN,2009,17885.352,2203.7688,859.3975
China,CHN,2010,19367.25,2361.053,965.4452
China,CHN,2011,21535.068,2359.4421,1061.6561
China,CHN,2012,21789.303,2412.969,1114.7808
China,CHN,2013,22034.137,2441.8264,1218.1072
China,CHN,2014,21680.762,2458.9192,1311.8086
China,CHN,2015,21273.959,2495.3328,1356.6887
China,CHN,2016,19671.232,2322.3364,1379.4161
China,CHN,2017,20326.11,2227.2148,1491.9949
China,CHN,2018,21352.951,2201.8381,1614.1885
China,CHN,2019,21770.871,2228.6338,1767.4144
China,CHN,2020,21988.465,2265.1633,1940.0923
China,CHN,2021,22825.744,2312.986,2092.1692
China,CHN,2022,25015.523,2380.9167,2218.4143
China,CHN,2023,25608.953,2430.9724,2342.5835
China,CHN,2024,25916.26,2475.9224,2483.8965
China,CHN,2025,26295.787,2513.0918,2641.2344
Colombia,COL,1965,,123.91237,
Colombia,COL,1966,,121.46218,
Colombia,COL,1967,,117.17435,
Colombia,COL,1968,,107.66777,
Colombia,COL,1969,,130.65038,
Colombia,COL,1970,,136.76793,12.493251
Colombia,COL,1971,,135.78943,13.0045
Colombia,COL,1972,,123.015465,15.8855
Colombia,COL,1973,,115.69473,16.46
Colombia,COL,1974,,105.52804,17.1255
Colombia,COL,1975,,98.84858,14.91575
Colombia,COL,1976,,92.362915,15.148
Colombia,COL,1977,,86.84424,17.174751
Colombia,COL,1978,,82.55641,22.808249
Colombia,COL,1979,,77.65604,26.056002
Colombia,COL,1980,,79.09724,27.844751
Colombia,COL,1981,32.021763,84.39405,30.519
Colombia,COL,1982,35.48201,88.92848,32.536
Colombia,COL,1983,40.550415,95.41989,35.745502
Colombia,COL,1984,53.259933,104.8947,36.340748
Colombia,COL,1985,72.013664,110.73357,37.0675
Colombia,COL,1986,86.1612,186.68938,36.1265
Colombia,COL,1987,117.11247,236.79889,38.069252
Colombia,COL,1988,121.18099,232.53386,36.71075
Colombia,COL,1989,151.68288,248.43729,37.1025
Colombia,COL,1990,164.24956,271.8334,39.246
Colombia,COL,1991,160.74277,262.5844,38.8615
Colombia,COL,1992,175.74094,270.61578,39.809
Colombia,COL,1993,174.24031,279.4891,38.97375
Colombia,COL,1994,181.87984,280.52615,40.2045
Colombia,COL,1995,206.55577,360.71124,42.149
Colombia,COL,1996,237.24223,387.98355,45.468502
Colombia,COL,1997,262.74472,405.1625,56.74
Colombia,COL,1998,269.31696,469.95505,64.8955
Colombia,COL,1999,262.84103,508.2989,56.929
Colombia,COL,2000,306.88058,421.97263,57.358074
Colombia,COL,2001,352.37653,369.97833,59.38993
Colombia,COL,2002,316.85098,354.0521,59.986813
Colombia,COL,2003,401.46042,331.38788,57.499798
Colombia,COL,2004,432.4318,324.48898,61.3482
Colombia,COL,2005,478.87476,322.2988,64.46344
Colombia,COL,2006,528.8039,323.06256,67.64682
Colombia,COL,2007,558.44556,325.31992,72.57884
Colombia,COL,2008,587.2049,360.95447,87.188644
Colombia,COL,2009,581.6551,410.77594,101.118195
Colombia,COL,2010,593.97986,481.3789,108.433876
Colombia,COL,2011,685.4781,560.6426,105.458466
Colombia,COL,2012,711.21136,579.90173,115.25648
Colombia,COL,2013,683.0242,618.5938,132.23476
Colombia,COL,2014,707.6454,606.6536,123.32835
Colombia,COL,2015,692.6424,615.9615,116.10316
Colombia,COL,2016,730.9894,544.14105,119.92117
Colombia,COL,2017,733.3861,523.1395,117.52476
Colombia,COL,2018,702.2291,530.1477,123.76339
Colombia,COL,2019,707.02246,542.61224,126.1822
Colombia,COL,2020,453.77264,479.76053,124.550316
Colombia,COL,2021,508.89645,451.0527,125.66442
Colombia,COL,2022,535.334,462.05707,124.32279
Colombia,COL,2023,553.3347,477.31705,120.612
Colombia,COL,2024,459.49573,474.6074,110.95444
Colombia,COL,2025,383.04053,458.50525,94.13379
Congo,COG,1965,,0.82573,
Congo,COG,1966,,0.72106,
Congo,COG,1967,,0.5815,
Congo,COG,1968,,0.50009,
Congo,COG,1969,,0.27912,
Congo,COG,1970,,0.22096999,
Congo,COG,1971,,0.16282001,
Congo,COG,1972,,3.90768,
Congo,COG,1973,,24.31833,
Congo,COG,1974,,28.55165,
Congo,COG,1975,,20.80607,
Congo,COG,1976,,24.422998,
Congo,COG,1977,,19.061571,
Congo,COG,1978,,28.2609,
Congo,COG,1979,,32.122063,
Congo,COG,1980,,36.84384,
Congo,COG,1981,,47.69463,
Congo,COG,1982,,52.95139,
Congo,COG,1983,,62.394947,
Congo,COG,1984,,70.07075,
Congo,COG,1985,,69.04731,
Congo,COG,1986,,69.21013,
Congo,COG,1987,,73.466705,
Congo,COG,1988,,81.851944,
Congo,COG,1989,,92.59806,
Congo,COG,1990,,93.37727,
Congo,COG,1991,,93.66802,
Congo,COG,1992,,100.45994,
Congo,COG,1993,,110.92694,
Congo,COG,1994,,111.20606,
Congo,COG,1995,,107.775215,
Congo,COG,1996,,120.475174,
Congo,COG,1997,,134.74518,
Congo,COG,1998,,158.15637,
Congo,COG,1999,,159.6449,
Congo,COG,2000,,157.21277,
Congo,COG,2001,,145.88965,
Congo,COG,2002,,140.1276,
Congo,COG,2003,,128.00389,
Congo,COG,2004,,133.39854,
Congo,COG,2005,,146.158,
Congo,COG,2006,,165.13911,
Congo,COG,2007,,133.55975,
Congo,COG,2008,,141.85997,
Congo,COG,2009,,163.89842,
Congo,COG,2010,,186.5655,
Congo,COG,2011,,178.15218,
Congo,COG,2012,,165.62729,
Congo,COG,2013,,143.32234,
Congo,COG,2014,,149.92778,
Congo,COG,2015,,138.78883,
Congo,COG,2016,,138.25708,
Congo,COG,2017,,160.49629,
Congo,COG,2018,,196.91171,
Congo,COG,2019,,200.34785,
Congo,COG,2020,,183.19785,
Congo,COG,2021,,162.84421,
Congo,COG,2022,,159.82117,
Congo,COG,2023,,165.6352,
Congo,COG,2024,,159.47325,
Congo,COG,2025,,165.45473,
Czechia,CZE,1981,496.22098,,
Czechia,CZE,1982,501.44598,,
Czechia,CZE,1983,509.62076,,
Czechia,CZE,1984,517.12714,,
Czechia,CZE,1985,510.80017,,
Czechia,CZE,1986,509.7306,,
Czechia,CZE,1987,506.90396,,
Czechia,CZE,1988,494.7815,,
Czechia,CZE,1989,473.74078,,
Czechia,CZE,1990,422.0585,,
Czechia,CZE,1991,394.43753,,
Czechia,CZE,1992,365.37872,,
Czechia,CZE,1993,357.6968,,
Czechia,CZE,1994,326.8422,,
Czechia,CZE,1995,316.6454,,
Czechia,CZE,1996,320.43347,,
Czechia,CZE,1997,325.27686,,
Czechia,CZE,1998,303.55847,,
Czechia,CZE,1999,269.04248,,
Czechia,CZE,2000,291.31522,,
Czechia,CZE,2001,294.7865,,
Czechia,CZE,2002,282.084,,
Czechia,CZE,2003,283.60004,,
Czechia,CZE,2004,272.2294,,
Czechia,CZE,2005,274.1188,,
Czechia,CZE,2006,277.50995,,
Czechia,CZE,2007,276.84058,,
Czechia,CZE,2008,264.99173,,
Czechia,CZE,2009,242.52397,,
Czechia,CZE,2010,242.34268,,
Czechia,CZE,2011,244.40384,,
Czechia,CZE,2012,235.90388,,
Czechia,CZE,2013,206.7583,,
Czechia,CZE,2014,197.64938,,
Czechia,CZE,2015,196.75519,,
Czechia,CZE,2016,187.35568,,
Czechia,CZE,2017,177.73419,,
Czechia,CZE,2018,171.0091,,
Czechia,CZE,2019,156.24455,,
Czechia,CZE,2020,118.740425,,
Czechia,CZE,2021,122.445816,,
Czechia,CZE,2022,132.67432,,
Czechia,CZE,2023,113.92237,,
Czechia,CZE,2024,95.28993,,
Czechia,CZE,2025,96.88002,,
Denmark,DNK,1972,,1.1366035,
Denmark,DNK,1973,,1.7002469,
Denmark,DNK,1974,,1.1334981,
Denmark,DNK,1975,,1.7002469,
Denmark,DNK,1976,,2.273207,
Denmark,DNK,1977,,5.66749,
Denmark,DNK,1978,,4.5339923,
Denmark,DNK,1979,,4.5339923,
Denmark,DNK,1980,,3.4098105,
Denmark,DNK,1981,,8.501235,
Denmark,DNK,1982,,19.269466,
Denmark,DNK,1983,,24.370207,
Denmark,DNK,1984,,26.710182,2.4186
Denmark,DNK,1985,,34.00494,11.69685
Denmark,DNK,1986,,41.939426,19.838776
Denmark,DNK,1987,,52.707653,25.28584
Denmark,DNK,1988,,54.55697,24.973087
Denmark,DNK,1989,,63.475887,32.0256
Denmark,DNK,1990,,68.57663,32.703224
Denmark,DNK,1991,,80.478355,41.088234
Denmark,DNK,1992,,89.22337,42.798996
Denmark,DNK,1993,,95.21384,46.9529
Denmark,DNK,1994,,104.84857,50.87366
Denmark,DNK,1995,,105.415306,55.085052
Denmark,DNK,1996,,118.20676,66.93522
Denmark,DNK,1997,,130.35226,81.939125
Denmark,DNK,1998,,134.88626,78.867
Denmark,DNK,1999,,169.45795,80.85002
Denmark,DNK,2000,,206.29353,84.994865
Denmark,DNK,2001,,197.22864,87.3835
Denmark,DNK,2002,,210.26387,87.570564
Denmark,DNK,2003,,208.56363,82.93448
Denmark,DNK,2004,,221.63766,98.32064
Denmark,DNK,2005,,215.35074,109.1301
Denmark,DNK,2006,,195.8336,108.42959
Denmark,DNK,2007,,176.41371,96.1517
Denmark,DNK,2008,,163.23248,104.90115
Denmark,DNK,2009,,150.0611,87.56752
Denmark,DNK,2010,,141.38098,85.35939
Denmark,DNK,2011,,127.23942,68.57123
Denmark,DNK,2012,,116.06729,59.91195
Denmark,DNK,2013,,100.9822,49.735855
Denmark,DNK,2014,,94.556656,48.006546
Denmark,DNK,2015,,89.43252,47.935455
Denmark,DNK,2016,,80.53047,47.001026
Denmark,DNK,2017,,78.35093,50.500286
Denmark,DNK,2018,,65.673004,42.927612
Denmark,DNK,2019,,58.35043,32.025566
Denmark,DNK,2020,,40.940006,13.796929
Denmark,DNK,2021,,37.643425,14.660419
Denmark,DNK,2022,,37.03992,14.723674
Denmark,DNK,2023,,33.983025,13.5122595
Denmark,DNK,2024,,34.374386,16.762222
Denmark,DNK,2025,,41.053238,30.698574
Ecuador,ECU,1965,,4.9867253,
Ecuador,ECU,1966,,4.3633847,
Ecuador,ECU,1967,,3.7400439,
Ecuador,ECU,1968,,3.1252425,
Ecuador,ECU,1969,,2.4933627,
Ecuador,ECU,1970,,2.4933627,
Ecuador,ECU,1971,,2.4933627,
Ecuador,ECU,1972,,48.75378,
Ecuador,ECU,1973,,130.2782,
Ecuador,ECU,1974,,110.3313,
Ecuador,ECU,1975,,100.35785,
Ecuador,ECU,1976,,117.50911,
Ecuador,ECU,1977,,114.43729,
Ecuador,ECU,1978,,126.6467,
Ecuador,ECU,1979,,134.1268,
Ecuador,ECU,1980,,128.24379,
Ecuador,ECU,1981,,132.25677,
Ecuador,ECU,1982,,132.25677,
Ecuador,ECU,1983,,149.08698,
Ecuador,ECU,1984,,162.16396,
Ecuador,ECU,1985,,177.047,
Ecuador,ECU,1986,,184.52708,
Ecuador,ECU,1987,,109.19317,
Ecuador,ECU,1988,,191.90817,
Ecuador,ECU,1989,,177.24585,
Ecuador,ECU,1990,,180.52965,
Ecuador,ECU,1991,,189.62236,
Ecuador,ECU,1992,,203.0098,
Ecuador,ECU,1993,,217.78125,
Ecuador,ECU,1994,,239.59818,
Ecuador,ECU,1995,,244.21895,
Ecuador,ECU,1996,,243.37984,
Ecuador,ECU,1997,,245.20822,
Ecuador,ECU,1998,,237.72815,
Ecuador,ECU,1999,,236.48146,
Ecuador,ECU,2000,,251.12022,
Ecuador,ECU,2001,,254.79749,
Ecuador,ECU,2002,,245.08144,
Ecuador,ECU,2003,,261.2883,
Ecuador,ECU,2004,,329.50937,
Ecuador,ECU,2005,,332.34912,
Ecuador,ECU,2006,,334.64276,
Ecuador,ECU,2007,,319.31387,
Ecuador,ECU,2008,,316.20746,
Ecuador,ECU,2009,,303.71646,
Ecuador,ECU,2010,,303.7297,
Ecuador,ECU,2011,,311.79193,
Ecuador,ECU,2012,,315.15106,
Ecuador,ECU,2013,,328.46353,
Ecuador,ECU,2014,,346.92267,
Ecuador,ECU,2015,,338.5331,
Ecuador,ECU,2016,,342.77148,
Ecuador,ECU,2017,,331.18875,
Ecuador,ECU,2018,,322.4165,
Ecuador,ECU,2019,,330.99576,
Ecuador,ECU,2020,,299.63,
Ecuador,ECU,2021,,294.76608,
Ecuador,ECU,2022,,299.80652,
Ecuador,ECU,2023,,296.25784,
Ecuador,ECU,2024,,297.0753,
Ecuador,ECU,2025,,274.67017,
Egypt,EGY,1965,,75.33914,
Egypt,EGY,1966,,72.76891,
Egypt,EGY,1967,,64.90703,
Egypt,EGY,1968,,99.7505,
Egypt,EGY,1969,,142.99084,
Egypt,EGY,1970,,190.77852,0.81812495
Egypt,EGY,1971,,173.89175,0.81812495
Egypt,EGY,1972,,124.67361,0.683375
Egypt,EGY,1973,,98.61077,0.548625
Egypt,EGY,1974,,86.67839,0.5775
Egypt,EGY,1975,,136.46642,0.48125002
Egypt,EGY,1976,,193.1743,3.6575
Egypt,EGY,1977,,243.067,4.4275
Egypt,EGY,1978,,292.95972,7.1225
Egypt,EGY,1979,,304.00818,10.78
Egypt,EGY,1980,,346.3414,20.9825
Egypt,EGY,1981,,373.92776,23.485
Egypt,EGY,1982,,387.4418,25.69875
Egypt,EGY,1983,,423.6809,30.126251
Egypt,EGY,1984,,486.55267,38.6925
Egypt,EGY,1985,,524.1292,47.45125
Egypt,EGY,1986,,478.40002,54.670002
Egypt,EGY,1987,,537.87585,60.445
Egypt,EGY,1988,,514.4414,66.604996
Egypt,EGY,1989,,517.77924,74.497505
Egypt,EGY,1990,,529.1534,77.67375
Egypt,EGY,1991,,528.2113,87.395004
Egypt,EGY,1992,,534.80554,94.5175
Egypt,EGY,1993,,552.739,108.666245
Egypt,EGY,1994,,540.76013,116.4625
Egypt,EGY,1995,,541.8185,120.3125
Egypt,EGY,1996,,524.2804,128.0125
Egypt,EGY,1997,,509.30096,130.90001
Egypt,EGY,1998,,499.64807,134.75
Egypt,EGY,1999,,481.02844,161.7
Egypt,EGY,2000,,452.60547,202.125
Egypt,EGY,2001,,437.2891,242.54999
Egypt,EGY,2002,,433.1078,262.7625
Egypt,EGY,2003,,431.15292,289.71252
Egypt,EGY,2004,,405.19684,317.625
Egypt,EGY,2005,,385.7355,409.0625
Egypt,EGY,2006,,385.67053,526.4875
Egypt,EGY,2007,,393.21033,536.01624
Egypt,EGY,2008,,403.0303,567.58624
Egypt,EGY,2009,,410.0738,603.39124
Egypt,EGY,2010,,407.3989,590.205
Egypt,EGY,2011,,402.38626,591.4328
Egypt,EGY,2012,,403.86438,585.9818
Egypt,EGY,2013,,399.61905,539.6484
Egypt,EGY,2014,,408.6805,469.6105
Egypt,EGY,2015,,412.06253,425.90625
Egypt,EGY,2016,,393.50104,402.5175
Egypt,EGY,2017,,374.23016,488.11273
Egypt,EGY,2018,,381.97574,585.59
Egypt,EGY,2019,,369.97357,649.3875
Egypt,EGY,2020,,361.30188,584.65173
Egypt,EGY,2021,,344.26385,677.9944
Egypt,EGY,2022,,347.0419,644.88184
Egypt,EGY,2023,,345.3406,571.004
Egypt,EGY,2024,,330.27887,475.1917
Egypt,EGY,2025,,307.9011,407.5741
Equatorial Guinea,GNQ,1992,,1.1551099,
Equatorial Guinea,GNQ,1993,,2.8798847,
Equatorial Guinea,GNQ,1994,,2.8798847,
Equatorial Guinea,GNQ,1995,,4.031839,
Equatorial Guinea,GNQ,1996,,9.818435,
Equatorial Guinea,GNQ,1997,,34.558617,
Equatorial Guinea,GNQ,1998,,47.806084,
Equatorial Guinea,GNQ,1999,,57.597694,
Equatorial Guinea,GNQ,2000,,66.25601,
Equatorial Guinea,GNQ,2001,,108.799065,
Equatorial Guinea,GNQ,2002,,129.11417,
Equatorial Guinea,GNQ,2003,,147.95903,
Equatorial Guinea,GNQ,2004,,192.61258,
Equatorial Guinea,GNQ,2005,,203.15892,
Equatorial Guinea,GNQ,2006,,200.56953,
Equatorial Guinea,GNQ,2007,,206.19716,
Equatorial Guinea,GNQ,2008,,204.46303,
Equatorial Guinea,GNQ,2009,,181.91013,
Equatorial Guinea,GNQ,2010,,168.11337,
Equatorial Guinea,GNQ,2011,,164.84421,
Equatorial Guinea,GNQ,2012,,176.3504,
Equatorial Guinea,GNQ,2013,,153.92014,
Equatorial Guinea,GNQ,2014,,154.43758,
Equatorial Guinea,GNQ,2015,,140.7708,
Equatorial Guinea,GNQ,2016,,120.30298,
Equatorial Guinea,GNQ,2017,,104.27127,
Equatorial Guinea,GNQ,2018,,94.47002,
Equatorial Guinea,GNQ,2019,,86.00617,
Equatorial Guinea,GNQ,2020,,85.849174,
Equatorial Guinea,GNQ,2021,,70.74319,
Equatorial Guinea,GNQ,2022,,64.681,
Equatorial Guinea,GNQ,2023,,46.873856,
Equatorial Guinea,GNQ,2024,,50.351643,
Equatorial Guinea,GNQ,2025,,40.73291,
Europe,OWID_EUR,1965,,3278.4272,
Europe,OWID_EUR,1966,,3543.9634,
Europe,OWID_EUR,1967,,3826.456,
Europe,OWID_EUR,1968,,4078.862,
Europe,OWID_EUR,1969,,4307.1006,
Europe,OWID_EUR,1970,,4594.176,2924.3228
Europe,OWID_EUR,1971,,4868.583,3293.77
Europe,OWID_EUR,1972,,5158.4565,3641.016
Europe,OWID_EUR,1973,,5493.962,3975.1533
Europe,OWID_EUR,1974,,5844.463,4397.654
Europe,OWID_EUR,1975,,6316.646,4746.386
Europe,OWID_EUR,1976,,6821.996,5174.7397
Europe,OWID_EUR,1977,,7426.7783,5474.294
Europe,OWID_EUR,1978,,7943.773,5772.542
Europe,OWID_EUR,1979,,8407.215,6173.29
Europe,OWID_EUR,1980,,8682.468,6407.9336
Europe,OWID_EUR,1981,9185.581,8818.684,6655.2744
Europe,OWID_EUR,1982,9452.504,9060.577,6865.2144
Europe,OWID_EUR,1983,9373.403,9362.833,7243.2534
Europe,OWID_EUR,1984,8879.375,9505.85,7765.6675
Europe,OWID_EUR,1985,8563.076,8834.258,6926.1465
Europe,OWID_EUR,1986,8753.919,9098.409,7209.2266
Europe,OWID_EUR,1987,8659.7295,9241.504,7604.917
Europe,OWID_EUR,1988,8660.382,9208.885,7879.0337
Europe,OWID_EUR,1989,8298.3545,8950.263,8139.22
Europe,OWID_EUR,1990,7741.939,8594.972,8427.861
Europe,OWID_EUR,1991,7048.305,8097.052,8426.993
Europe,OWID_EUR,1992,6678.213,7538.5605,8401.151
Europe,OWID_EUR,1993,6049.1323,7162.7734,8264.51
Europe,OWID_EUR,1994,5450.521,7218.22,8164.945
Europe,OWID_EUR,1995,5334.813,7279.5796,8074.603
Europe,OWID_EUR,1996,5080.8022,7373.7725,8522.61
Europe,OWID_EUR,1997,5019.489,7426.6045,8190.6543
Europe,OWID_EUR,1998,4605.9297,7357.523,7919.2085
Europe,OWID_EUR,1999,4575.3604,7423.003,8469.628
Europe,OWID_EUR,2000,4508.885,7711.516,8476.795
Europe,OWID_EUR,2001,4567.657,7884.361,8491.507
Europe,OWID_EUR,2002,4482.035,8233.651,8706.022
Europe,OWID_EUR,2003,4579.5234,8560.289,8972.001
Europe,OWID_EUR,2004,4531.669,8841.092,9205.696
Europe,OWID_EUR,2005,4440.2573,8700.143,9175.268
Europe,OWID_EUR,2006,4472.398,8592.835,9253.746
Europe,OWID_EUR,2007,4426.835,8578.723,9076.114
Europe,OWID_EUR,2008,4399.186,8410.583,9296.14
Europe,OWID_EUR,2009,4148.3066,8344.866,8358.236
Europe,OWID_EUR,2010,4232.071,8283.918,9068.794
Europe,OWID_EUR,2011,4399.5464,8162.6465,9014.331
Europe,OWID_EUR,2012,4539.48,8076.3345,8885.634
Europe,OWID_EUR,2013,4458.116,8038.8154,8936.242
Europe,OWID_EUR,2014,4244.431,8109.582,8560.176
Europe,OWID_EUR,2015,4206.487,8269.808,8440.008
Europe,OWID_EUR,2016,4182.5244,8446.6455,8479.917
Europe,OWID_EUR,2017,4239.2705,8415.067,8968.825
Europe,OWID_EUR,2018,4335.699,8504.108,9191.894
Europe,OWID_EUR,2019,4128.0728,8509.728,9127.491
Europe,OWID_EUR,2020,3671.9878,8049.9917,8559.687
Europe,OWID_EUR,2021,3958.6387,8134.122,9118.476
Europe,OWID_EUR,2022,3987.2112,8132.546,8384.374
Europe,OWID_EUR,2023,3729.8225,8065.982,7901.937
Europe,OWID_EUR,2024,3588.5566,7860.3906,8385.65
Europe,OWID_EUR,2025,3532.9465,7869.603,8131.899
Europe (EI),,1965,,453.6398,
Europe (EI),,1966,,460.85037,
Europe (EI),,1967,,475.8531,
Europe (EI),,1968,,482.86597,
Europe (EI),,1969,,488.9717,
Europe (EI),,1970,,488.33206,1049.3088
Europe (EI),,1971,,484.07294,1281.8326
Europe (EI),,1972,,501.80472,1543.827
Europe (EI),,1973,,504.6919,1736.8257
Europe (EI),,1974,,507.45587,1929.1467
Europe (EI),,1975,,608.6304,2006.3243
Europe (EI),,1976,,778.1524,2134.5452
Europe (EI),,1977,,1079.136,2196.8154
Europe (EI),,1978,,1296.8673,2246.9724
Europe (EI),,1979,,1596.687,2321.8416
Europe (EI),,1980,,1667.4841,2285.5457
Europe (EI),,1981,5238.3667,1738.1072,2247.7673
Europe (EI),,1982,5477.7856,1936.6089,2122.385
Europe (EI),,1983,5407.0225,2194.7637,2168.8894
Europe (EI),,1984,4968.0938,2380.0322,2201.5806
Europe (EI),,1985,6525.848,2527.2388,2677.3342
Europe (EI),,1986,6651.0654,2571.8628,2583.5554
Europe (EI),,1987,6548.6294,2618.4402,2599.4446
Europe (EI),,1988,6463.7847,2593.9854,2455.1357
Europe (EI),,1989,6209.8857,2527.874,2476.2217
Europe (EI),,1990,5720.1987,2595.16,2431.9617
Europe (EI),,1991,5191.6963,2724.6433,2513.8594
Europe (EI),,1992,4916.071,2900.4001,2478.8208
Europe (EI),,1993,4467.136,3035.5774,2578.521
Europe (EI),,1994,4063.8418,3524.7878,2580.1138
Europe (EI),,1995,4024.9175,3665.5686,2662.6597
Europe (EI),,1996,3818.6638,3851.3596,2999.3936
Europe (EI),,1997,3823.093,3851.3096,2955.2773
Europe (EI),,1998,3502.183,3818.0486,2506.3455
Europe (EI),,1999,3359.73,3878.5508,3025.4976
Europe (EI),,2000,3240.845,3912.569,3106.235
Europe (EI),,2001,3216.617,3794.3271,3143.937
Europe (EI),,2002,3188.6665,3771.2744,3230.6255
Europe (EI),,2003,3163.7678,3609.2375,3265.7803
Europe (EI),,2004,3059.337,3453.0178,3379.9255
Europe (EI),,2005,2993.7646,3177.992,3280.5251
Europe (EI),,2006,2985.8516,2937.6978,3205.9336
Europe (EI),,2007,2930.0188,2794.7637,3059.9827
Europe (EI),,2008,2860.6997,2662.4067,3181.6091
Europe (EI),,2009,2702.1392,2514.0164,2996.3386
Europe (EI),,2010,2680.5938,2325.6875,3084.9265
Europe (EI),,2011,2774.824,2121.284,2846.0542
Europe (EI),,2012,2780.2915,1950.3986,2867.0837
Europe (EI),,2013,2624.5457,1849.0554,2791.28
Europe (EI),,2014,2380.712,1859.3805,2648.6238
Europe (EI),,2015,2188.1501,1936.6633,2595.612
Europe (EI),,2016,2106.4512,1951.5336,2587.1633
Europe (EI),,2017,2021.2716,1919.1692,2613.2163
Europe (EI),,2018,1965.3575,1899.6069,2500.8347
Europe (EI),,2019,1766.2448,1841.2152,2337.223
Europe (EI),,2020,1518.3508,1951.545,2175.22
Europe (EI),,2021,1602.8009,1868.0687,2097.3074
Europe (EI),,2022,1623.4979,1753.2942,2200.692
Europe (EI),,2023,1354.3481,1766.9597,2038.115
Europe (EI),,2024,1248.8671,1736.1848,2087.0117
Europe (EI),,2025,1167.4691,1784.1544,2038.0403
European Union (27),OWID_EU27,1965,,401.09543,
European Union (27),OWID_EU27,1966,,399.86267,
European Union (27),OWID_EU27,1967,,403.54938,
European Union (27),OWID_EU27,1968,,403.3284,
European Union (27),OWID_EU27,1969,,399.26953,
European Union (27),OWID_EU27,1970,,394.55936,929.8414
European Union (27),OWID_EU27,1971,,383.52252,1088.0288
European Union (27),OWID_EU27,1972,,377.20428,1266.7449
European Union (27),OWID_EU27,1973,,377.83768,1435.201
European Union (27),OWID_EU27,1974,,383.36508,1567.413
European Union (27),OWID_EU27,1975,,382.51297,1630.5305
European Union (27),OWID_EU27,1976,,379.67834,1734.6769
European Union (27),OWID_EU27,1977,,371.60544,1752.006
European Union (27),OWID_EU27,1978,,361.8192,1703.95
European Union (27),OWID_EU27,1979,,348.44473,1711.5576
European Union (27),OWID_EU27,1980,,340.66818,1649.6066
European Union (27),OWID_EU27,1981,4110.3745,322.4996,1615.1256
European Union (27),OWID_EU27,1982,4352.656,351.5967,1492.911
European Union (27),OWID_EU27,1983,4299.36,404.15485,1531.7124
European Union (27),OWID_EU27,1984,4325.908,407.49384,1551.0483
European Union (27),OWID_EU27,1985,4449.041,420.37332,1568.3376
European Union (27),OWID_EU27,1986,4432.538,431.0583,1480.4048
European Union (27),OWID_EU27,1987,4359.9985,440.7775,1491.446
European Union (27),OWID_EU27,1988,4302.674,448.33716,1392.8856
European Union (27),OWID_EU27,1989,4119.9116,438.1596,1435.4435
European Union (27),OWID_EU27,1990,3725.3977,443.03937,1426.0217
European Union (27),OWID_EU27,1991,3362.7454,433.89078,1493.6143
European Union (27),OWID_EU27,1992,3197.9827,430.20334,1473.3148
European Union (27),OWID_EU27,1993,3005.7256,426.84793,1504.7974
European Union (27),OWID_EU27,1994,2883.963,447.71143,1454.4899
European Union (27),OWID_EU27,1995,2880.8528,437.9798,1474.7289
European Union (27),OWID_EU27,1996,2812.401,436.21866,1576.4994
European Union (27),OWID_EU27,1997,2779.8555,441.53378,1456.4752
European Union (27),OWID_EU27,1998,2481.939,436.37958,1391.138
European Union (27),OWID_EU27,1999,2385.5344,451.81094,1333.4482
European Union (27),OWID_EU27,2000,2297.782,482.20316,1298.462
European Union (27),OWID_EU27,2001,2265.3838,468.00687,1324.5518
European Union (27),OWID_EU27,2002,2255.8274,506.75732,1306.1135
European Union (27),OWID_EU27,2003,2248.7666,503.35837,1266.3218
European Union (27),OWID_EU27,2004,2183.8396,504.8935,1375.1455
European Union (27),OWID_EU27,2005,2152.8328,490.14108,1292.11
European Union (27),OWID_EU27,2006,2113.7695,454.20694,1275.0154
European Union (27),OWID_EU27,2007,2051.062,432.4388,1200.6735
European Union (27),OWID_EU27,2008,1945.0383,403.26834,1268.503
European Union (27),OWID_EU27,2009,1817.2467,368.75366,1176.4108
European Union (27),OWID_EU27,2010,1799.9937,354.39597,1255.6503
European Union (27),OWID_EU27,2011,1827.8954,338.83838,1174.5338
European Union (27),OWID_EU27,2012,1831.7051,325.55063,1139.4167
European Union (27),OWID_EU27,2013,1727.2512,317.5614,1139.252
European Union (27),OWID_EU27,2014,1658.2555,314.49423,999.2236
European Union (27),OWID_EU27,2015,1616.1904,303.26132,842.80865
European Union (27),OWID_EU27,2016,1519.0339,266.88626,823.56024
European Union (27),OWID_EU27,2017,1505.8618,263.1347,767.6755
European Union (27),OWID_EU27,2018,1432.2089,254.14293,689.7106
European Union (27),OWID_EU27,2019,1226.5939,234.74828,609.69073
European Union (27),OWID_EU27,2020,1019.6346,223.11713,478.5834
European Union (27),OWID_EU27,2021,1100.7244,210.38832,443.20322
European Union (27),OWID_EU27,2022,1123.109,194.80177,408.33136
European Union (27),OWID_EU27,2023,920.73615,185.3406,344.66293
European Union (27),OWID_EU27,2024,821.77423,186.72887,331.22427
European Union (27),OWID_EU27,2025,787.47906,183.74077,339.467
Gabon,GAB,1965,,14.71195,
Gabon,GAB,1966,,16.82861,
Gabon,GAB,1967,,40.06535,
Gabon,GAB,1968,,53.974827,
Gabon,GAB,1969,,58.46401,
Gabon,GAB,1970,,63.06949,
Gabon,GAB,1971,,67.39585,
Gabon,GAB,1972,,73.30389,
Gabon,GAB,1973,,88.35311,
Gabon,GAB,1974,,118.649254,
Gabon,GAB,1975,,131.59344,
Gabon,GAB,1976,,131.69812,
Gabon,GAB,1977,,131.03522,
Gabon,GAB,1978,,123.27801,
Gabon,GAB,1979,,113.950745,
Gabon,GAB,1980,,103.44885,
Gabon,GAB,1981,,88.99276,
Gabon,GAB,1982,,90.62096,
Gabon,GAB,1983,,91.51647,
Gabon,GAB,1984,,101.52989,
Gabon,GAB,1985,,100.32038,
Gabon,GAB,1986,,96.47085,
Gabon,GAB,1987,,89.88827,
Gabon,GAB,1988,,103.41396,
Gabon,GAB,1989,,118.94001,
Gabon,GAB,1990,,156.92358,
Gabon,GAB,1991,,171.05405,
Gabon,GAB,1992,,168.07675,
Gabon,GAB,1993,,177.04349,
Gabon,GAB,1994,,195.81432,
Gabon,GAB,1995,,206.50229,
Gabon,GAB,1996,,212.2475,
Gabon,GAB,1997,,211.59622,
Gabon,GAB,1998,,195.94223,
Gabon,GAB,1999,,197.41925,
Gabon,GAB,2000,,160.71355,
Gabon,GAB,2001,,152.14458,
Gabon,GAB,2002,,148.66035,
Gabon,GAB,2003,,159.11304,
Gabon,GAB,2004,,158.96667,
Gabon,GAB,2005,,156.9819,
Gabon,GAB,2006,,140.49571,
Gabon,GAB,2007,,142.59535,
Gabon,GAB,2008,,139.50262,
Gabon,GAB,2009,,139.94995,
Gabon,GAB,2010,,135.41739,
Gabon,GAB,2011,,137.21002,
Gabon,GAB,2012,,128.77348,
Gabon,GAB,2013,,123.92525,
Gabon,GAB,2014,,122.47349,
Gabon,GAB,2015,,124.00364,
Gabon,GAB,2016,,128.48758,
Gabon,GAB,2017,,121.986275,
Gabon,GAB,2018,,112.33555,
Gabon,GAB,2019,,126.495445,
Gabon,GAB,2020,,120.77915,
Gabon,GAB,2021,,105.20508,
Gabon,GAB,2022,,110.651505,
Gabon,GAB,2023,,129.61905,
Gabon,GAB,2024,,130.23563,
Gabon,GAB,2025,,131.81993,
Germany,DEU,1970,,,120.12975
Germany,DEU,1971,,,147.99725
Germany,DEU,1972,,,177.18575
Germany,DEU,1973,,,198.37451
Germany,DEU,1974,,,206.037
Germany,DEU,1975,,,191.252
Germany,DEU,1976,,,197.20975
Germany,DEU,1977,,,196.06601
Germany,DEU,1978,,,202.7125
Germany,DEU,1979,,,203.00475
Germany,DEU,1980,,,184.81549
Germany,DEU,1981,1731.1663,,189.32574
Germany,DEU,1982,1738.7163,,166.2025
Germany,DEU,1983,1642.8706,,183.71301
Germany,DEU,1984,1662.8279,,180.5255
Germany,DEU,1985,1728.6155,,171.077
Germany,DEU,1986,1669.0494,,140.1515
Germany,DEU,1987,1616.0663,,157.3055
Germany,DEU,1988,1603.5989,,146.38426
Germany,DEU,1989,1530.1111,,153.2025
Germany,DEU,1990,1454.1819,,150.24626
Germany,DEU,1991,1234.5308,,153.95282
Germany,DEU,1992,1135.4911,,156.15968
Germany,DEU,1993,1021.6924,,155.40355
Germany,DEU,1994,941.4317,,162.92096
Germany,DEU,1995,919.34607,,168.11719
Germany,DEU,1996,860.474,,182.06174
Germany,DEU,1997,824.1913,,178.96686
Germany,DEU,1998,756.04755,,174.86966
Germany,DEU,1999,735.9455,,186.78319
Germany,DEU,2000,706.0867,,176.6545
Germany,DEU,2001,677.5281,,178.33382
Germany,DEU,2002,679.46185,,177.86783
Germany,DEU,2003,672.2004,,185.15663
Germany,DEU,2004,679.34467,,171.33516
Germany,DEU,2005,657.9308,,165.42674
Germany,DEU,2006,620.4535,,163.4221
Germany,DEU,2007,632.8359,,149.69736
Germany,DEU,2008,582.6158,,136.35068
Germany,DEU,2009,539.80273,,127.461685
Germany,DEU,2010,533.795,,111.23992
Germany,DEU,2011,543.4825,,104.6545
Germany,DEU,2012,555.5953,,94.61372
Germany,DEU,2013,524.7561,,86.04125
Germany,DEU,2014,513.27655,,80.82743
Germany,DEU,2015,497.90945,,75.24433
Germany,DEU,2016,460.97223,,69.230415
Germany,DEU,2017,458.4445,,63.761612
Germany,DEU,2018,439.40762,,55.41774
Germany,DEU,2019,330.5278,,53.30759
Germany,DEU,2020,271.94455,,45.324203
Germany,DEU,2021,320.33334,,45.368168
Germany,DEU,2022,331.344,,42.57275
Germany,DEU,2023,254.48016,,38.061188
Germany,DEU,2024,229.32445,,36.60267
Germany,DEU,2025,213.29419,,37.37218
Greece,GRC,1981,40.44723,,
Greece,GRC,1982,42.382046,,
Greece,GRC,1983,46.24902,,
Greece,GRC,1984,50.27067,,
Greece,GRC,1985,56.265614,,
Greece,GRC,1986,58.799767,,
Greece,GRC,1987,69.42046,,
Greece,GRC,1988,73.115746,,
Greece,GRC,1989,82.81958,,
Greece,GRC,1990,82.788155,,
Greece,GRC,1991,80.28654,,
Greece,GRC,1992,81.35301,,
Greece,GRC,1993,83.306854,,
Greece,GRC,1994,85.6061,,
Greece,GRC,1995,87.34246,,
Greece,GRC,1996,83.6104,,
Greece,GRC,1997,89.62311,,
Greece,GRC,1998,94.50539,,
Greece,GRC,1999,93.4389,,
Greece,GRC,2000,95.6172,,
Greece,GRC,2001,97.59896,,
Greece,GRC,2002,99.809814,,
Greece,GRC,2003,95.086876,,
Greece,GRC,2004,99.39928,,
Greece,GRC,2005,99.29694,,
Greece,GRC,2006,95.02059,,
Greece,GRC,2007,97.56523,,
Greece,GRC,2008,94.54609,,
Greece,GRC,2009,95.08572,,
Greece,GRC,2010,85.078094,,
Greece,GRC,2011,87.28199,,
Greece,GRC,2012,93.55986,,
Greece,GRC,2013,78.25013,,
Greece,GRC,2014,74.248245,,
Greece,GRC,2015,66.00332,,
Greece,GRC,2016,46.20091,,
Greece,GRC,2017,53.11735,,
Greece,GRC,2018,49.715996,,
Greece,GRC,2019,35.90746,,
Greece,GRC,2020,18.960646,,
Greece,GRC,2021,16.737257,,
Greece,GRC,2022,19.2901,,
Greece,GRC,2023,15.25057,,
Greece,GRC,2024,9.481823,,
Greece,GRC,2025,7.9548974,,
Guyana,GUY,2019,,0.6774911,
Guyana,GUY,2020,,43.14841,
Guyana,GUY,2021,,67.70945,
Guyana,GUY,2022,,160.90018,
Guyana,GUY,2023,,226.54066,
Guyana,GUY,2024,,357.68057,
Guyana,GUY,2025,,414.51352,
High-income countries,OWID_HIC,1965,,8757.872,
High-income countries,OWID_HIC,1966,,9524.692,
High-income countries,OWID_HIC,1967,,10145.8125,
High-income countries,OWID_HIC,1968,,10852.542,
High-income countries,OWID_HIC,1969,,11315.223,
High-income countries,OWID_HIC,1970,,12299.051,7256.238
High-income countries,OWID_HIC,1971,,13207.953,7711.102
High-income countries,OWID_HIC,1972,,14336.204,8045.7036
High-income countries,OWID_HIC,1973,,15442.027,8309.3
High-income countries,OWID_HIC,1974,,15399.278,8259.518
High-income countries,OWID_HIC,1975,,14012.979,7968.2827
High-income countries,OWID_HIC,1976,,15150.71,8087.5986
High-income countries,OWID_HIC,1977,,15790.795,8258.002
High-income countries,OWID_HIC,1978,,15754.093,8299.086
High-income countries,OWID_HIC,1979,,17074.635,8659.142
High-income countries,OWID_HIC,1980,,16808.79,8564.128
High-income countries,OWID_HIC,1981,11163.188,16252.221,8494.545
High-income countries,OWID_HIC,1982,11483.287,14173.211,8062.4805
High-income countries,OWID_HIC,1983,11056.567,13398.227,7623.5884
High-income countries,OWID_HIC,1984,11424.959,13695.906,8195.659
High-income countries,OWID_HIC,1985,14072.213,19552.34,12342.022
High-income countries,OWID_HIC,1986,14327.721,20721.027,12626.15
High-income countries,OWID_HIC,1987,14489.681,20253.926,13305.397
High-income countries,OWID_HIC,1988,14736.445,21086.857,13930.725
High-income countries,OWID_HIC,1989,14710.29,20670.219,14403.344
High-income countries,OWID_HIC,1990,14502.397,20942.316,14920.317
High-income countries,OWID_HIC,1991,13832.571,21229.537,15021.197
High-income countries,OWID_HIC,1992,13571.175,21487.295,15252.637
High-income countries,OWID_HIC,1993,12748.835,21287.385,15385.038
High-income countries,OWID_HIC,1994,12864.923,21448.672,15727.341
High-income countries,OWID_HIC,1995,12885.831,21549.188,15807.828
High-income countries,OWID_HIC,1996,12997.885,21876.393,16402.826
High-income countries,OWID_HIC,1997,13198.945,22014.594,16241.906
High-income countries,OWID_HIC,1998,13017.101,22107.613,16159.965
High-income countries,OWID_HIC,1999,12855.6875,21355.525,16783.527
High-income countries,OWID_HIC,2000,12667.778,22392.23,17108.104
High-income countries,OWID_HIC,2001,13124.074,22309.045,17432.662
High-income countries,OWID_HIC,2002,12796.827,22009.291,17570.26
High-income countries,OWID_HIC,2003,12759.766,23512.67,18045.533
High-income countries,OWID_HIC,2004,13066.344,24289.424,18341.197
High-income countries,OWID_HIC,2005,13203.947,24392.596,18421.6
High-income countries,OWID_HIC,2006,13421.145,24401.367,18830.984
High-income countries,OWID_HIC,2007,13405.301,24132.127,19008.709
High-income countries,OWID_HIC,2008,13554.514,24341.457,19599.23
High-income countries,OWID_HIC,2009,12784.81,23558.824,18793.207
High-income countries,OWID_HIC,2010,13091.034,23987.44,20164.812
High-income countries,OWID_HIC,2011,13189.192,25250.387,20923.39
High-income countries,OWID_HIC,2012,13137.716,26458.812,21376.305
High-income countries,OWID_HIC,2013,13088.118,27058.715,21676.025
High-income countries,OWID_HIC,2014,13367.582,28226.672,21942.586
High-income countries,OWID_HIC,2015,12727.252,29331.373,22466.469
High-income countries,OWID_HIC,2016,11787.512,29610.885,22658.553
High-income countries,OWID_HIC,2017,12061.769,29597.043,23503.277
High-income countries,OWID_HIC,2018,12293.49,31283.426,24974.814
High-income countries,OWID_HIC,2019,11876.766,32094.803,25993.385
High-income countries,OWID_HIC,2020,10134.483,30366.46,25347.906
High-income countries,OWID_HIC,2021,10621.086,30597.918,26247.297
High-income countries,OWID_HIC,2022,10565.637,32483.816,26280.473
High-income countries,OWID_HIC,2023,10268.776,32610.576,26276.729
High-income countries,OWID_HIC,2024,9857.319,32715.926,26951.605
High-income countries,OWID_HIC,2025,9715.383,33664.03,27318.904
Hungary,HUN,1981,83.507416,,
Hungary,HUN,1982,83.701775,,
Hungary,HUN,1983,80.292694,,
Hungary,HUN,1984,78.43279,,
Hungary,HUN,1985,76.24481,,
Hungary,HUN,1986,72.13165,,
Hungary,HUN,1987,71.60768,,
Hungary,HUN,1988,65.99191,,
Hungary,HUN,1989,63.114994,,
Hungary,HUN,1990,57.0943,,
Hungary,HUN,1991,55.172295,,
Hungary,HUN,1992,50.173683,,
Hungary,HUN,1993,43.224224,,
Hungary,HUN,1994,41.212894,,
Hungary,HUN,1995,41.927776,,
Hungary,HUN,1996,44.78288,,
Hungary,HUN,1997,46.77155,,
Hungary,HUN,1998,42.749775,,
Hungary,HUN,1999,39.516582,,
Hungary,HUN,2000,38.56221,,
Hungary,HUN,2001,35.136055,,
Hungary,HUN,2002,34.42073,,
Hungary,HUN,2003,35.545143,,
Hungary,HUN,2004,27.068296,,
Hungary,HUN,2005,20.330936,,
Hungary,HUN,2006,20.429245,,
Hungary,HUN,2007,20.617804,,
Hungary,HUN,2008,19.696161,,
Hungary,HUN,2009,18.096804,,
Hungary,HUN,2010,18.529766,,
Hungary,HUN,2011,19.136538,,
Hungary,HUN,2012,18.683224,,
Hungary,HUN,2013,18.744303,,
Hungary,HUN,2014,18.467918,,
Hungary,HUN,2015,17.657642,,
Hungary,HUN,2016,17.008642,,
Hungary,HUN,2017,14.92314,,
Hungary,HUN,2018,13.27083,,
Hungary,HUN,2019,11.554312,,
Hungary,HUN,2020,10.846358,,
Hungary,HUN,2021,8.990874,,
Hungary,HUN,2022,9.058839,,
Hungary,HUN,2023,7.720959,,
Hungary,HUN,2024,7.403972,,
Hungary,HUN,2025,4.0577493,,
India,IND,1965,,35.145863,
India,IND,1966,,54.04461,
India,IND,1967,,65.90721,
India,IND,1968,,68.07039,
India,IND,1969,,78.18849,
India,IND,1970,,79.18867,6.3284664
India,IND,1971,,83.56155,6.706219
India,IND,1972,,85.74799,7.3559065
India,IND,1973,,83.71274,7.336656
India,IND,1974,,87.108696,8.303968
India,IND,1975,,96.33129,10.630813
India,IND,1976,,100.70418,12.914344
India,IND,1977,,118.45155,13.792624
India,IND,1978,,131.08173,15.404812
India,IND,1979,,149.31757,19.158562
India,IND,1980,,109.31037,11.331031
India,IND,1981,741.7438,174.15926,19.781782
India,IND,1982,734.24493,231.21603,25.934563
India,IND,1983,776.837,294.8903,30.857752
India,IND,1984,815.0646,327.8962,35.340595
India,IND,1985,841.7091,351.24927,43.228283
India,IND,1986,905.42584,367.76385,60.40024
India,IND,1987,992.4843,356.85492,69.577
India,IND,1988,1055.1355,375.48618,81.50488
India,IND,1989,1147.4272,400.64188,96.904594
India,IND,1990,1236.1667,397.40875,115.92735
India,IND,1991,1321.8241,374.25342,129.10802
India,IND,1992,1395.0984,339.4332,144.34691
India,IND,1993,1441.3691,324.18625,146.67085
India,IND,1994,1466.0952,376.55612,158.56918
India,IND,1995,1547.9033,426.2046,180.77829
India,IND,1996,1658.9543,404.724,197.31721
India,IND,1997,1713.9055,413.85355,214.52634
India,IND,1998,1703.4462,403.50284,235.42874
India,IND,1999,1666.2043,402.5608,241.23369
India,IND,2000,1771.1918,397.32733,253.62694
India,IND,2001,1793.7572,397.4785,254.27748
India,IND,2002,1873.2715,409.86447,265.54413
India,IND,2003,1954.7339,411.56244,284.26898
India,IND,2004,2110.9717,422.57605,281.37762
India,IND,2005,2207.1597,406.17773,285.12137
India,IND,2006,2303.6853,419.20334,281.8681
India,IND,2007,2446.755,423.80884,289.64514
India,IND,2008,2647.5125,439.5326,293.9186
India,IND,2009,2857.771,441.89346,361.4994
India,IND,2010,2937.1091,479.662,474.29187
India,IND,2011,2915.2168,498.74335,429.33395
India,IND,2012,2966.2107,494.85077,372.67825
India,IND,2013,2974.1167,490.85788,310.6313
India,IND,2014,3133.7236,484.2957,293.5522
India,IND,2015,3268.103,478.8405,281.4278
India,IND,2016,3301.831,472.0089,265.82315
India,IND,2017,3329.753,470.28488,276.93326
India,IND,2018,3555.3447,459.93576,274.91486
India,IND,2019,3498.8784,435.97647,269.05524
India,IND,2020,3497.081,408.77762,237.60626
India,IND,2021,3716.6062,395.41418,285.38812
India,IND,2022,4180.3755,384.05682,298.0193
India,IND,2023,4674.3823,378.58463,315.8549
India,IND,2024,4990.1763,376.88736,323.71182
India,IND,2025,4991.563,370.6685,311.6532
Indonesia,IDN,1965,,285.34518,
Indonesia,IDN,1966,,278.29962,
Indonesia,IDN,1967,,299.4363,
Indonesia,IDN,1968,,352.65442,
Indonesia,IDN,1969,,376.93747,
Indonesia,IDN,1970,,501.40903,12.7890005
Indonesia,IDN,1971,,523.72,15.224999
Indonesia,IDN,1972,,636.4264,11.27665
Indonesia,IDN,1973,,785.5799,17.4783
Indonesia,IDN,1974,,807.3037,18.0467
Indonesia,IDN,1975,,766.7918,23.6495
Indonesia,IDN,1976,,885.34705,23.852499
Indonesia,IDN,1977,,987.813,57.449
Indonesia,IDN,1978,,954.87695,110.432
Indonesia,IDN,1979,,925.10754,160.167
Indonesia,IDN,1980,,919.1779,187.87651
Indonesia,IDN,1981,2.7412376,929.9591,190.5155
Indonesia,IDN,1982,4.0433254,774.3697,193.662
Indonesia,IDN,1983,4.454511,822.0525,220.9655
Indonesia,IDN,1984,10.074048,870.9995,297.9025
Indonesia,IDN,1985,13.706187,771.53186,327.84497
Indonesia,IDN,1986,17.749512,818.39996,341.14148
Indonesia,IDN,1987,20.764874,812.057,364.4865
Indonesia,IDN,1988,30.770391,782.5798,398.083
Indonesia,IDN,1989,59.621918,833.06067,418.789
Indonesia,IDN,1990,73.5337,865.6619,445.39825
Indonesia,IDN,1991,94.84682,942.0945,489.0921
Indonesia,IDN,1992,153.23518,892.374,518.31085
Indonesia,IDN,1993,189.00833,893.77747,538.47565
Indonesia,IDN,1994,225.2612,894.8168,613.5329
Indonesia,IDN,1995,286.73343,889.1665,616.30426
Indonesia,IDN,1996,345.05328,892.3267,649.38776
Indonesia,IDN,1997,375.68658,880.5205,666.68976
Indonesia,IDN,1998,426.46802,862.9521,655.5651
Indonesia,IDN,1999,504.93594,797.86676,710.88837
Indonesia,IDN,2000,527.9636,835.15326,706.84424
Indonesia,IDN,2001,634.1885,792.87384,686.26495
Indonesia,IDN,2002,708.12396,736.5128,755.9024
Indonesia,IDN,2003,783.1579,670.43884,791.5684
Indonesia,IDN,2004,907.42126,646.04767,756.94684
Indonesia,IDN,2005,1047.9841,624.7098,762.6978
Indonesia,IDN,2006,1308.1743,584.1274,753.971
Indonesia,IDN,2007,1472.8837,556.3172,725.79126
Indonesia,IDN,2008,1644.7201,574.8375,748.29944
Indonesia,IDN,2009,1721.6206,562.9781,819.0661
Indonesia,IDN,2010,1759.6871,565.4801,831.86194
Indonesia,IDN,2011,2203.6328,538.5468,894.3392
Indonesia,IDN,2012,2376.853,518.4984,942.41003
Indonesia,IDN,2013,2901.0986,492.70227,827.2839
Indonesia,IDN,2014,2820.6782,476.3889,871.55084
Indonesia,IDN,2015,2829.951,471.94174,866.4775
Indonesia,IDN,2016,2742.3064,496.00772,852.7792
Indonesia,IDN,2017,2691.0933,476.2169,831.9047
Indonesia,IDN,2018,3178.2073,458.87897,829.79193
Indonesia,IDN,2019,3566.6284,443.38217,755.74695
Indonesia,IDN,2020,3271.4934,422.56863,664.38885
Indonesia,IDN,2021,3522.2769,392.26587,665.4733
Indonesia,IDN,2022,3875.8389,366.00745,654.9914
Indonesia,IDN,2023,4370.5825,361.62506,681.4389
Indonesia,IDN,2024,4714.16,347.63095,713.88745
Indonesia,IDN,2025,4454.129,348.19934,718.1722
Iran,IRN,1965,,1112.55,
Iran,IRN,1966,,1243.164,
Iran,IRN,1967,,1517.8029,
Iran,IRN,1968,,1660.5338,
Iran,IRN,1969,,1968.5372,
Iran,IRN,1970,,2239.7864,34.95454
Iran,IRN,1971,,2659.6023,84.544
Iran,IRN,1972,,2950.6582,114.00435
Iran,IRN,1973,,3435.2354,125.98127
Iran,IRN,1974,,3526.1836,130.7201
Iran,IRN,1975,,3133.9348,136.17853
Iran,IRN,1976,,3453.717,138.73764
Iran,IRN,1977,,3321.8525,140.884
Iran,IRN,1978,,3079.8574,88.254166
Iran,IRN,1979,,1866.4425,85.00565
Iran,IRN,1980,,862.45776,45.35404
Iran,IRN,1981,,769.4381,49.280403
Iran,IRN,1982,,1396.675,67.49103
Iran,IRN,1983,,1428.5646,77.13311
Iran,IRN,1984,,1192.2871,89.78872
Iran,IRN,1985,,1283.3833,96.86438
Iran,IRN,1986,,1194.3988,93.05475
Iran,IRN,1987,,1357.5194,113.91767
Iran,IRN,1988,,1365.1671,123.67468
Iran,IRN,1989,,1672.8422,156.16837
Iran,IRN,1990,,1893.2346,247.18037
Iran,IRN,1991,,2027.9333,291.9969
Iran,IRN,1992,,2043.1451,309.0442
Iran,IRN,1993,,2143.3389,165.13165
Iran,IRN,1994,,2151.3699,262.31458
Iran,IRN,1995,,2156.8591,318.67996
Iran,IRN,1996,,2170.6436,374.79385
Iran,IRN,1997,,2174.3757,393.79935
Iran,IRN,1998,,2218.8591,444.71783
Iran,IRN,1999,,2071.5051,529.8003
Iran,IRN,2000,,2229.0667,563.3661
Iran,IRN,2001,,2207.4316,626.05237
Iran,IRN,2002,,2083.1982,744.47144
Iran,IRN,2003,,2350.3044,780.8762
Iran,IRN,2004,,2428.7239,910.4013
Iran,IRN,2005,,2417.5408,966.12524
Iran,IRN,2006,,2449.531,1052.7727
Iran,IRN,2007,,2480.1643,1180.1443
Iran,IRN,2008,,2505.3982,1235.6742
Iran,IRN,2009,,2409.9597,1357.3561
Iran,IRN,2010,,2465.9385,1439.1016
Iran,IRN,2011,,2471.7043,1509.8625
Iran,IRN,2012,,2098.9683,1569.3575
Iran,IRN,2013,,1973.2856,1575.2805
Iran,IRN,2014,,2024.1608,1754.506
Iran,IRN,2015,,2096.2253,1835.4789
Iran,IRN,2016,,2513.76,1993.4192
Iran,IRN,2017,,2727.699,2138.5007
Iran,IRN,2018,,2598.6675,2201.2517
Iran,IRN,2019,,1912.266,2283.1396
Iran,IRN,2020,,1741.9359,2357.7551
Iran,IRN,2021,,2026.462,2428.488
Iran,IRN,2022,,2131.9023,2477.0579
Iran,IRN,2023,,2511.3992,2597.375
Iran,IRN,2024,,2754.3894,2622.0337
Iran,IRN,2025,,2816.1655,2648.254
Iraq,IRQ,1965,,752.17535,
Iraq,IRQ,1966,,797.43195,
Iraq,IRQ,1967,,703.48157,
Iraq,IRQ,1968,,863.37915,
Iraq,IRQ,1969,,871.33185,
Iraq,IRQ,1970,,887.37213,7.41
Iraq,IRQ,1971,,970.4379,8.7875
Iraq,IRQ,1972,,842.125,8.882501
Iraq,IRQ,1973,,1156.0471,8.645
Iraq,IRQ,1974,,1131.332,7.9420004
Iraq,IRQ,1975,,1299.1066,12.3025
Iraq,IRQ,1976,,1390.0803,17.1475
Iraq,IRQ,1977,,1348.9895,11.191
Iraq,IRQ,1978,,1472.1066,11.5995
Iraq,IRQ,1979,,1996.2805,16.6345
Iraq,IRQ,1980,,1524.3804,12.1695
Iraq,IRQ,1981,,517.584,5.89
Iraq,IRQ,1982,,564.10254,6.46
Iraq,IRQ,1983,,632.14026,4.465
Iraq,IRQ,1984,,704.0628,5.605
Iraq,IRQ,1985,,812.2264,8.075
Iraq,IRQ,1986,,1083.7975,14.725
Iraq,IRQ,1987,,1363.688,35.625
Iraq,IRQ,1988,,1589.8123,53.2
Iraq,IRQ,1989,,1616.1876,61.274998
Iraq,IRQ,1990,,1224.6495,37.809998
Iraq,IRQ,1991,,162.1561,16.53
Iraq,IRQ,1992,,304.08456,21.565
Iraq,IRQ,1993,,259.72107,24.225
Iraq,IRQ,1994,,288.36444,30.115
Iraq,IRQ,1995,,302.68613,30.115
Iraq,IRQ,1996,,332.232,30.78
Iraq,IRQ,1997,,664.58966,28.975
Iraq,IRQ,1998,,1211.6783,28.025002
Iraq,IRQ,1999,,1491.8107,30.21
Iraq,IRQ,2000,,1497.8922,29.925001
Iraq,IRQ,2001,,1440.6339,26.220001
Iraq,IRQ,2002,,1208.0497,22.42
Iraq,IRQ,2003,,767.865,14.82
Iraq,IRQ,2004,,1162.3728,9.5
Iraq,IRQ,2005,,1045.9281,13.775
Iraq,IRQ,2006,,1139.9895,13.775
Iraq,IRQ,2007,,1222.1901,45.429573
Iraq,IRQ,2008,,1387.679,64.57625
Iraq,IRQ,2009,,1392.5465,68.5273
Iraq,IRQ,2010,,1405.0623,71.35259
Iraq,IRQ,2011,,1579.3668,63.0192
Iraq,IRQ,2012,,1759.7953,63.413452
Iraq,IRQ,2013,,1767.0057,70.72655
Iraq,IRQ,2014,,1846.9589,75.30834
Iraq,IRQ,2015,,2275.0127,73.01097
Iraq,IRQ,2016,,2530.7146,98.95578
Iraq,IRQ,2017,,2586.301,101.17798
Iraq,IRQ,2018,,2640.1548,105.73736
Iraq,IRQ,2019,,2723.9797,109.66854
Iraq,IRQ,2020,,2349.7002,70.053535
Iraq,IRQ,2021,,2335.6458,91.069595
Iraq,IRQ,2022,,2573.8367,92.89099
Iraq,IRQ,2023,,2477.664,104.1485
Iraq,IRQ,2024,,2449.9346,105.18999
Iraq,IRQ,2025,,2496.1304,109.39759
Israel,ISR,1970,,,1.2773637
Israel,ISR,1971,,,1.1956639
Israel,ISR,1972,,,1.1819577
Israel,ISR,1973,,,0.5130417
Israel,ISR,1974,,,0.62699115
Israel,ISR,1975,,,0.5729725
Israel,ISR,1976,,,0.5520103
Israel,ISR,1977,,,0.5485164
Israel,ISR,1978,,,0.53964776
Israel,ISR,1979,,,0.38431084
Israel,ISR,1980,,,0.018274918
Israel,ISR,1981,,,0.019349916
Israel,ISR,1982,,,0.43080443
Israel,ISR,1983,,,0.6103286
Israel,ISR,1984,,,0.5329292
Israel,ISR,1985,,,0.5014855
Israel,ISR,1986,,,0.37597972
Israel,ISR,1987,,,0.42838585
Israel,ISR,1988,,,0.3931797
Israel,ISR,1989,,,0.36092973
Israel,ISR,1990,,,0.3122861
Israel,ISR,1991,,,0.25988027
Israel,ISR,1992,,,0.22225527
Israel,ISR,1993,,,0.22144917
Israel,ISR,1994,,,0.20451778
Israel,ISR,1995,,,0.23838027
Israel,ISR,1996,,,0.14969306
Israel,ISR,1997,,,0.17871806
Israel,ISR,1998,,,0.11233695
Israel,ISR,1999,,,0.101049446
Israel,ISR,2000,,,0.09083722
Israel,ISR,2001,,,0.09513722
Israel,ISR,2002,,,0.08492472
Israel,ISR,2003,,,0.07713083
Israel,ISR,2004,,,11.32024
Israel,ISR,2005,,,15.710523
Israel,ISR,2006,,,21.952484
Israel,ISR,2007,,,26.175337
Israel,ISR,2008,,,32.614826
Israel,ISR,2009,,,25.340372
Israel,ISR,2010,,,30.750114
Israel,ISR,2011,,,40.43071
Israel,ISR,2012,,,23.659595
Israel,ISR,2013,,,60.63382
Israel,ISR,2014,,,71.465546
Israel,ISR,2015,,,78.66829
Israel,ISR,2016,,,88.35931
Israel,ISR,2017,,,93.39483
Israel,ISR,2018,,,99.38046
Israel,ISR,2019,,,99.61799
Israel,ISR,2020,,,146.69543
Israel,ISR,2021,,,183.27429
Israel,ISR,2022,,,208.45195
Israel,ISR,2023,,,234.67479
Israel,ISR,2024,,,258.42676
Israel,ISR,2025,,,259.40213
Italy,ITA,1965,,26.493141,
Italy,ITA,1966,,21.515501,
Italy,ITA,1967,,20.03849,
Italy,ITA,1968,,18.92201,
Italy,ITA,1969,,18.50333,
Italy,ITA,1970,,17.46826,125.815506
Italy,ITA,1971,,15.735391,128.202
Italy,ITA,1972,,14.072301,135.87325
Italy,ITA,1973,,12.8511505,146.7525
Italy,ITA,1974,,12.8395195,146.48451
Italy,ITA,1975,,14.36305,139.61826
Italy,ITA,1976,,15.03759,150.02875
Italy,ITA,1977,,14.49098,131.612
Italy,ITA,1978,,17.31707,131.455
Italy,ITA,1979,,19.96871,128.2585
Italy,ITA,1980,,19.85241,119.35625
Italy,ITA,1981,,17.29381,133.75874
Italy,ITA,1982,,20.50369,137.34074
Italy,ITA,1983,,26.06283,123.1495
Italy,ITA,1984,,26.43499,130.33925
Italy,ITA,1985,,27.725922,134.19225
Italy,ITA,1986,,29.74954,150.37625
Italy,ITA,1987,,45.76405,154.11826
Italy,ITA,1988,,56.25431,156.64076
Italy,ITA,1989,,53.54452,160.11275
Italy,ITA,1990,,54.28884,163.166
Italy,ITA,1991,,50.381157,164.11075
Italy,ITA,1992,,52.34663,171.35075
Italy,ITA,1993,,53.9632,182.3775
Italy,ITA,1994,,56.92885,192.42624
Italy,ITA,1995,,60.89468,190.112
Italy,ITA,1996,,63.40676,190.30876
Italy,ITA,1997,,69.29147,184.85886
Italy,ITA,1998,,65.39499,182.38165
Italy,ITA,1999,,58.324276,167.68134
Italy,ITA,2000,,53.33468,159.58687
Italy,ITA,2001,,47.642704,146.24725
Italy,ITA,2002,,64.32849,140.30432
Italy,ITA,2003,,64.78059,133.22165
Italy,ITA,2004,,63.32429,124.35959
Italy,ITA,2005,,71.06747,115.823166
Italy,ITA,2006,,67.237335,105.344536
Italy,ITA,2007,,68.14642,93.12675
Italy,ITA,2008,,60.97303,88.15178
Italy,ITA,2009,,53.18491,76.323944
Italy,ITA,2010,,59.37955,80.06565
Italy,ITA,2011,,61.7427,80.47827
Italy,ITA,2012,,62.760258,81.958046
Italy,ITA,2013,,63.983097,73.67495
Italy,ITA,2014,,67.04618,68.095566
Italy,ITA,2015,,63.61849,64.49688
Italy,ITA,2016,,43.723183,55.09763
Italy,ITA,2017,,48.242237,52.730587
Italy,ITA,2018,,54.613583,51.891968
Italy,ITA,2019,,49.759743,46.212475
Italy,ITA,2020,,63.075954,39.120907
Italy,ITA,2021,,57.15194,31.841406
Italy,ITA,2022,,52.54666,31.58104
Italy,ITA,2023,,50.159775,28.462662
Italy,ITA,2024,,51.81511,28.000662
Italy,ITA,2025,,45.061577,32.643906
Japan,JPN,1981,113.17466,,
Japan,JPN,1982,114.60849,,
Japan,JPN,1983,111.02901,,
Japan,JPN,1984,108.360664,,
Japan,JPN,1985,106.60346,,
Japan,JPN,1986,104.19545,,
Japan,JPN,1987,84.93133,,
Japan,JPN,1988,73.0865,,
Japan,JPN,1989,66.31803,,
Japan,JPN,1990,53.7573,,
Japan,JPN,1991,52.39059,,
Japan,JPN,1992,49.461926,,
Japan,JPN,1993,46.98883,,
Japan,JPN,1994,45.101463,,
Japan,JPN,1995,40.74101,,
Japan,JPN,1996,42.1728,,
Japan,JPN,1997,27.789793,,
Japan,JPN,1998,23.81982,,
Japan,JPN,1999,25.446857,,
Japan,JPN,2000,18.878025,,
Japan,JPN,2001,19.300219,,
Japan,JPN,2002,8.259577,,
Japan,JPN,2003,8.069427,,
Japan,JPN,2004,8.073004,,
Japan,JPN,2005,6.716301,,
Japan,JPN,2006,8.201802,,
Japan,JPN,2007,8.584544,,
Japan,JPN,2008,7.4049506,,
Japan,JPN,2009,7.724134,,
Japan,JPN,2010,5.5307794,,
Japan,JPN,2011,7.668947,,
Japan,JPN,2012,7.967745,,
Japan,JPN,2013,8.15816,,
Japan,JPN,2014,8.862289,,
Japan,JPN,2015,7.9357557,,
Japan,JPN,2016,9.085345,,
Japan,JPN,2017,9.411325,,
Japan,JPN,2018,6.714966,,
Japan,JPN,2019,4.8931074,,
Japan,JPN,2020,4.9812713,,
Japan,JPN,2021,4.54733,,
Japan,JPN,2022,4.6985197,,
Japan,JPN,2023,4.46592,,
Japan,JPN,2024,3.6518202,,
Japan,JPN,2025,3.16336,,
Kazakhstan,KAZ,1985,666.0592,263.5358,38.678776
Kazakhstan,KAZ,1986,699.6717,270.8627,41.28761
Kazakhstan,KAZ,1987,722.75964,279.81778,44.74006
Kazakhstan,KAZ,1988,725.01624,290.2848,50.574482
Kazakhstan,KAZ,1989,699.64404,295.402,47.568653
Kazakhstan,KAZ,1990,663.75806,300.054,50.429157
Kazakhstan,KAZ,1991,657.50616,309.358,55.899197
Kazakhstan,KAZ,1992,637.49243,300.054,57.511993
Kazakhstan,KAZ,1993,561.884,267.49,47.39426
Kazakhstan,KAZ,1994,524.65326,236.22856,31.815702
Kazakhstan,KAZ,1995,417.73364,239.96178,41.9384
Kazakhstan,KAZ,1996,385.17813,267.03644,46.25006
Kazakhstan,KAZ,1997,365.8395,299.80975,57.522625
Kazakhstan,KAZ,1998,352.5381,301.74036,56.343693
Kazakhstan,KAZ,1999,294.3863,350.42352,70.50866
Kazakhstan,KAZ,2000,377.23193,410.73672,81.82305
Kazakhstan,KAZ,2001,398.2389,466.25833,82.30441
Kazakhstan,KAZ,2002,370.43228,549.7617,100.02249
Kazakhstan,KAZ,2003,425.06433,598.34375,117.65905
Kazakhstan,KAZ,2004,435.73383,691.95593,164.0192
Kazakhstan,KAZ,2005,433.2806,715.0833,189.83255
Kazakhstan,KAZ,2006,481.79077,755.9872,198.51454
Kazakhstan,KAZ,2007,490.80515,780.6731,225.09683
Kazakhstan,KAZ,2008,557.57513,821.9061,251.19086
Kazakhstan,KAZ,2009,504.95688,889.495,260.1371
Kazakhstan,KAZ,2010,552.4007,926.73303,272.46854
Kazakhstan,KAZ,2011,578.6068,931.1082,286.73767
Kazakhstan,KAZ,2012,600.4887,921.381,290.19424
Kazakhstan,KAZ,2013,597.50604,951.18286,304.45566
Kazakhstan,KAZ,2014,580.8007,940.004,327.73605
Kazakhstan,KAZ,2015,460.30402,924.0779,271.43234
Kazakhstan,KAZ,2016,487.20987,907.50867,309.2923
Kazakhstan,KAZ,2017,534.19403,1002.44324,363.78152
Kazakhstan,KAZ,2018,549.04486,1050.881,391.78378
Kazakhstan,KAZ,2019,522.38556,1053.1604,334.95978
Kazakhstan,KAZ,2020,515.37787,996.1863,306.1421
Kazakhstan,KAZ,2021,533.34015,998.7588,266.95502
Kazakhstan,KAZ,2022,540.9845,979.6635,276.00665
Kazakhstan,KAZ,2023,558.4353,1046.4291,295.3611
Kazakhstan,KAZ,2024,532.89703,1020.486,333.82675
Kazakhstan,KAZ,2025,568.4669,1155.7378,383.91223
Kuwait,KWT,1965,,1384.1022,
Kuwait,KWT,1966,,1460.2218,
Kuwait,KWT,1967,,1469.943,
Kuwait,KWT,1968,,1548.2809,
Kuwait,KWT,1969,,1638.7595,
Kuwait,KWT,1970,,1765.4216,19.351501
Kuwait,KWT,1971,,1890.4507,19.987999
Kuwait,KWT,1972,,1946.2715,23.626501
Kuwait,KWT,1973,,1788.6992,26.467
Kuwait,KWT,1974,,1510.3931,27.8445
Kuwait,KWT,1975,,1236.8494,30.514
Kuwait,KWT,1976,,1278.2631,36.708
Kuwait,KWT,1977,,1172.0682,40.023502
Kuwait,KWT,1978,,1265.1078,44.8495
Kuwait,KWT,1979,,1507.4767,59.384502
Kuwait,KWT,1980,,1009.875,38.6745
Kuwait,KWT,1981,,681.79614,44.498
Kuwait,KWT,1982,,496.1857,34.912502
Kuwait,KWT,1983,,639.71454,38.3325
Kuwait,KWT,1984,,706.256,41.572
Kuwait,KWT,1985,,645.34283,39.899998
Kuwait,KWT,1986,,690.7675,54.435
Kuwait,KWT,1987,,606.09753,45.41
Kuwait,KWT,1988,,733.22754,64.979996
Kuwait,KWT,1989,,795.61633,77.52
Kuwait,KWT,1990,,544.2467,39.805
Kuwait,KWT,1991,,107.19352,4.75
Kuwait,KWT,1992,,627.50287,24.89
Kuwait,KWT,1993,,1123.2484,51.489998
Kuwait,KWT,1994,,1202.0442,56.715
Kuwait,KWT,1995,,1219.8584,88.141
Kuwait,KWT,1996,,1222.6143,88.369
Kuwait,KWT,1997,,1222.4785,88.065
Kuwait,KWT,1998,,1279.338,90.1645
Kuwait,KWT,1999,,1192.7302,82.536
Kuwait,KWT,2000,,1278.0026,91.2
Kuwait,KWT,2001,,1238.9849,90.25
Kuwait,KWT,2002,,1148.5774,82.744995
Kuwait,KWT,2003,,1344.474,95
Kuwait,KWT,2004,,1433.8256,103.549995
Kuwait,KWT,2005,,1516.6808,116.85
Kuwait,KWT,2006,,1555.5902,117.895
Kuwait,KWT,2007,,1512.2474,106.96999
Kuwait,KWT,2008,,1584.2684,120.65
Kuwait,KWT,2009,,1407.5664,109.1455
Kuwait,KWT,2010,,1435.0907,111.4635
Kuwait,KWT,2011,,1638.5555,128.5635
Kuwait,KWT,2012,,1790.6489,147.3925
Kuwait,KWT,2013,,1761.1348,154.95638
Kuwait,KWT,2014,,1747.117,142.77338
Kuwait,KWT,2015,,1724.1123,160.6355
Kuwait,KWT,2016,,1776.3003,164.26451
Kuwait,KWT,2017,,1685.9867,162.4664
Kuwait,KWT,2018,,1707.8542,168.50893
Kuwait,KWT,2019,,1667.5315,132.544
Kuwait,KWT,2020,,1525.7699,122.388504
Kuwait,KWT,2021,,1511.8312,120.916084
Kuwait,KWT,2022,,1691.8933,131.8885
Kuwait,KWT,2023,,1622.462,147.6948
Kuwait,KWT,2024,,1534.6705,155.0875
Kuwait,KWT,2025,,1566.0848,155.29651
Libya,LBY,1965,,674.328,
Libya,LBY,1966,,833.5137,
Libya,LBY,1967,,957.87744,
Libya,LBY,1968,,1440.4755,
Libya,LBY,1969,,1717.8782,
Libya,LBY,1970,,1855.5074,2.793
Libya,LBY,1971,,1519.857,6.7260003
Libya,LBY,1972,,1242.3125,26.904001
Libya,LBY,1973,,1216.8771,43.0445
Libya,LBY,1974,,855.80133,38.7125
Libya,LBY,1975,,831.915,44.0325
Libya,LBY,1976,,1087.3124,45.4005
Libya,LBY,1977,,1158.6451,47.9845
Libya,LBY,1978,,1112.3861,48.6495
Libya,LBY,1979,,1175.4906,64.457504
Libya,LBY,1980,,1026.7806,49.115
Libya,LBY,1981,,687.5084,29.925001
Libya,LBY,1982,,644.2256,31.824999
Libya,LBY,1983,,631.85297,35.245
Libya,LBY,1984,,561.07214,43.699997
Libya,LBY,1985,,562.7875,49.399998
Libya,LBY,1986,,583.7657,53.2
Libya,LBY,1987,,550.04926,47.5
Libya,LBY,1988,,578.15985,52.25
Libya,LBY,1989,,638.3156,64.6
Libya,LBY,1990,,782.02484,58.9
Libya,LBY,1991,,789.593,62.129997
Libya,LBY,1992,,810.60046,64.315
Libya,LBY,1993,,768.99756,60.42
Libya,LBY,1994,,785.0266,60.705
Libya,LBY,1995,,789.593,60.23
Libya,LBY,1996,,797.65686,60.99
Libya,LBY,1997,,815.15454,62.415
Libya,LBY,1998,,809.3637,60.42
Libya,LBY,1999,,778.9636,49.399998
Libya,LBY,2000,,808.26874,55.86
Libya,LBY,2001,,779.8012,58.71
Libya,LBY,2002,,750.7623,56.050003
Libya,LBY,2003,,811.5366,52.25
Libya,LBY,2004,,889.9973,76.57
Libya,LBY,2005,,953.2687,107.35
Libya,LBY,2006,,983.5369,125.3525
Libya,LBY,2007,,1005.20807,145.15999
Libya,LBY,2008,,990.91705,151.05
Libya,LBY,2009,,913.5877,151.05
Libya,LBY,2010,,949.3162,
Libya,LBY,2011,,278.3723,
Libya,LBY,2012,,810.21533,152.665
Libya,LBY,2013,,554.64984,161.40501
Libya,LBY,2014,,269.78534,157.605
Libya,LBY,2015,,225.18323,143.925
Libya,LBY,2016,,212.00618,177.84
Libya,LBY,2017,,489.69778,196.555
Libya,LBY,2018,,621.0978,220.59
Libya,LBY,2019,,652.9731,254.88501
Libya,LBY,2020,,227.90735,198.835
Libya,LBY,2021,,683.33057,123.595
Libya,LBY,2022,,603.0263,119.415
Libya,LBY,2023,,673.7414,116.565
Libya,LBY,2024,,648.06055,123.595
Libya,LBY,2025,,768.2899,117.257935
Low-income countries,OWID_LIC,1968,,12.19484,
Low-income countries,OWID_LIC,1969,,30.693363,
Low-income countries,OWID_LIC,1970,,49.22521,
Low-income countries,OWID_LIC,1971,,61.386726,
Low-income countries,OWID_LIC,1972,,67.94268,
Low-income countries,OWID_LIC,1973,,64.282326,
Low-income countries,OWID_LIC,1974,,74.70649,
Low-income countries,OWID_LIC,1975,,111.19105,0
Low-income countries,OWID_LIC,1976,,116.722046,0.314
Low-income countries,OWID_LIC,1977,,105.978966,0.3495
Low-income countries,OWID_LIC,1978,,103.66249,0.337
Low-income countries,OWID_LIC,1979,,96.71305,0.3475
Low-income countries,OWID_LIC,1980,,91.751656,0.46775
Low-income countries,OWID_LIC,1981,,94.975685,0.472
Low-income countries,OWID_LIC,1982,,89.76361,0.4925
Low-income countries,OWID_LIC,1983,,93.238335,0.7475
Low-income countries,OWID_LIC,1984,,94.07448,1.2624999
Low-income countries,OWID_LIC,1985,,92.25454,1.5
Low-income countries,OWID_LIC,1986,,121.62012,3.79275
Low-income countries,OWID_LIC,1987,,148.01161,3.7342498
Low-income countries,OWID_LIC,1988,,250.3525,8.833501
Low-income countries,OWID_LIC,1989,,295.99164,14.4592495
Low-income countries,OWID_LIC,1990,,336.47385,15.92175
Low-income countries,OWID_LIC,1991,,382.55496,18.583502
Low-income countries,OWID_LIC,1992,,399.62476,19.221998
Low-income countries,OWID_LIC,1993,,443.35513,19.025
Low-income countries,OWID_LIC,1994,,517.24835,20.623
Low-income countries,OWID_LIC,1995,,539.27136,26.0055
Low-income countries,OWID_LIC,1996,,539.1375,27.7095
Low-income countries,OWID_LIC,1997,,544.6961,42.978
Low-income countries,OWID_LIC,1998,,549.0555,54.193752
Low-income countries,OWID_LIC,1999,,593.3634,53.7225
Low-income countries,OWID_LIC,2000,,673.17285,53.7225
Low-income countries,OWID_LIC,2001,,716.74915,55.042
Low-income countries,OWID_LIC,2002,,766.6959,60.885498
Low-income countries,OWID_LIC,2003,,778.3998,64.56125
Low-income countries,OWID_LIC,2004,,775.5501,59.377502
Low-income countries,OWID_LIC,2005,,756.25836,57.4925
Low-income countries,OWID_LIC,2006,,745.00073,58.906246
Low-income countries,OWID_LIC,2007,,776.38873,56.550003
Low-income countries,OWID_LIC,2008,,740.6838,55.6075
Low-income countries,OWID_LIC,2009,,736.1694,61.356747
Low-income countries,OWID_LIC,2010,,720.8732,84.2595
Low-income countries,OWID_LIC,2011,,551.484,74.17475
Low-income countries,OWID_LIC,2012,,328.76547,60.79125
Low-income countries,OWID_LIC,2013,,316.9628,49.9525
Low-income countries,OWID_LIC,2014,,309.28104,46.1825
Low-income countries,OWID_LIC,2015,,253.80713,40.5275
Low-income countries,OWID_LIC,2016,,229.7204,35.34375
Low-income countries,OWID_LIC,2017,,231.45512,37.5115
Low-income countries,OWID_LIC,2018,,255.06082,32.70475
Low-income countries,OWID_LIC,2019,,282.05542,30.442749
Low-income countries,OWID_LIC,2020,,274.89316,25.824501
Low-income countries,OWID_LIC,2021,,259.04272,39.679253
Low-income countries,OWID_LIC,2022,,250.2951,34.40125
Low-income countries,OWID_LIC,2023,,249.16759,35.15525
Low-income countries,OWID_LIC,2024,,192.3403,35.15525
Low-income countries,OWID_LIC,2025,,189.81058,33.09063
Lower-middle-income countries,OWID_LMC,1965,,2417.2542,
Lower-middle-income countries,OWID_LMC,1966,,2462.3494,
Lower-middle-income countries,OWID_LMC,1967,,2532.0742,
Lower-middle-income countries,OWID_LMC,1968,,2525.5193,
Lower-middle-income countries,OWID_LMC,1969,,2821.746,
Lower-middle-income countries,OWID_LMC,1970,,3291.722,123.37839
Lower-middle-income countries,OWID_LMC,1971,,3457.3784,123.794266
Lower-middle-income countries,OWID_LMC,1972,,3407.0981,136.85889
Lower-middle-income countries,OWID_LMC,1973,,3633.7441,168.95062
Lower-middle-income countries,OWID_LMC,1974,,3509.986,183.07603
Lower-middle-income countries,OWID_LMC,1975,,2897.501,180.96759
Lower-middle-income countries,OWID_LMC,1976,,3088.2285,218.66452
Lower-middle-income countries,OWID_LMC,1977,,3120.1804,239.79036
Lower-middle-income countries,OWID_LMC,1978,,3032.1812,248.8871
Lower-middle-income countries,OWID_LMC,1979,,3433.5986,285.10382
Lower-middle-income countries,OWID_LMC,1980,,3191.255,313.68756
Lower-middle-income countries,OWID_LMC,1981,771.80756,2887.9595,342.146
Lower-middle-income countries,OWID_LMC,1982,764.6515,2736.4666,373.8546
Lower-middle-income countries,OWID_LMC,1983,811.6183,2786.5469,385.08823
Lower-middle-income countries,OWID_LMC,1984,850.83057,2997.8694,419.74673
Lower-middle-income countries,OWID_LMC,1985,894.0711,3090.2363,769.7445
Lower-middle-income countries,OWID_LMC,1986,966.56384,3158.7124,866.2494
Lower-middle-income countries,OWID_LMC,1987,1059.6078,3199.078,899.93616
Lower-middle-income countries,OWID_LMC,1988,1134.247,3334.7314,940.9573
Lower-middle-income countries,OWID_LMC,1989,1238.0577,3603.7664,997.0738
Lower-middle-income countries,OWID_LMC,1990,1331.5613,3766.9944,1031.4475
Lower-middle-income countries,OWID_LMC,1991,1418.4907,4021.9385,1072.271
Lower-middle-income countries,OWID_LMC,1992,1488.5596,4082.3347,1100.4209
Lower-middle-income countries,OWID_LMC,1993,1543.4797,4108.335,1187.9844
Lower-middle-income countries,OWID_LMC,1994,1573.0784,4241.363,1249.8114
Lower-middle-income countries,OWID_LMC,1995,1652.8451,4490.247,1329.9092
Lower-middle-income countries,OWID_LMC,1996,1760.4786,4642.9883,1409.7106
Lower-middle-income countries,OWID_LMC,1997,1824.5193,4740.043,1443.9995
Lower-middle-income countries,OWID_LMC,1998,1826.2241,4840.3994,1553.8462
Lower-middle-income countries,OWID_LMC,1999,1786.3726,4536.8545,1544.401
Lower-middle-income countries,OWID_LMC,2000,1896.1355,4669.2417,1721.7477
Lower-middle-income countries,OWID_LMC,2001,1918.6904,4649.233,1897.795
Lower-middle-income countries,OWID_LMC,2002,1998.6663,4507.326,1995.4697
Lower-middle-income countries,OWID_LMC,2003,2059.2178,4608.882,2130.3838
Lower-middle-income countries,OWID_LMC,2004,2234.7532,5105.729,2305.8596
Lower-middle-income countries,OWID_LMC,2005,2321.4692,5146.2505,2469.4097
Lower-middle-income countries,OWID_LMC,2006,2411.3413,5204.24,2717.7473
Lower-middle-income countries,OWID_LMC,2007,2550.4617,5181.3413,2881.0273
Lower-middle-income countries,OWID_LMC,2008,2734.1917,5321.3745,2903.3447
Lower-middle-income countries,OWID_LMC,2009,2928.2993,5168.65,2865.8306
Lower-middle-income countries,OWID_LMC,2010,3008.8232,5314.574,3054.7622
Lower-middle-income countries,OWID_LMC,2011,2985.9453,5138.475,3078.8784
Lower-middle-income countries,OWID_LMC,2012,3022.4553,5108.5024,3107.6274
Lower-middle-income countries,OWID_LMC,2013,3036.801,4972.1797,2938.7354
Lower-middle-income countries,OWID_LMC,2014,3215.8413,4959.44,2943.239
Lower-middle-income countries,OWID_LMC,2015,3336.1162,5062.956,3062.5017
Lower-middle-income countries,OWID_LMC,2016,3362.4075,4662.891,2981.4304
Lower-middle-income countries,OWID_LMC,2017,3392.7126,4429.496,3135.5896
Lower-middle-income countries,OWID_LMC,2018,3622.771,4055.4775,3193.0933
Lower-middle-income countries,OWID_LMC,2019,3572.0457,3643.143,3157.1282
Lower-middle-income countries,OWID_LMC,2020,3581.907,3198.9656,2868.3777
Lower-middle-income countries,OWID_LMC,2021,3811.1873,2940.7603,3163.5278
Lower-middle-income countries,OWID_LMC,2022,4281.5786,2880.0154,3009.5906
Lower-middle-income countries,OWID_LMC,2023,4839.452,2964.3044,2826.9126
Lower-middle-income countries,OWID_LMC,2024,5162.396,3081.9692,2677.4187
Lower-middle-income countries,OWID_LMC,2025,5185.0996,3139.5881,2592.4314
Malaysia,MYS,1965,,0.55562174,
Malaysia,MYS,1966,,0.55562174,
Malaysia,MYS,1967,,0.55562174,
Malaysia,MYS,1968,,2.228576,
Malaysia,MYS,1969,,5.0005956,
Malaysia,MYS,1970,,10.001191,
Malaysia,MYS,1971,,38.3379,0.8287492
Malaysia,MYS,1972,,51.81439,1.1605095
Malaysia,MYS,1973,,50.561577,1.1605095
Malaysia,MYS,1974,,45.00536,2.4192624
Malaysia,MYS,1975,,54.45093,2.916263
Malaysia,MYS,1976,,93.04304,3.4717677
Malaysia,MYS,1977,,101.67877,3.1767573
Malaysia,MYS,1978,,120.0143,23.655596
Malaysia,MYS,1979,,156.68533,29.354116
Malaysia,MYS,1980,,153.77174,26.109348
Malaysia,MYS,1981,,143.90604,21.99233
Malaysia,MYS,1982,,168.90901,27.66777
Malaysia,MYS,1983,,213.91435,66.72131
Malaysia,MYS,1984,,248.48622,101.355446
Malaysia,MYS,1985,,247.25168,111.985275
Malaysia,MYS,1986,,277.81085,150.6085
Malaysia,MYS,1987,,274.47714,162.84326
Malaysia,MYS,1988,,299.17395,168.11165
Malaysia,MYS,1989,,325.3301,181.95135
Malaysia,MYS,1990,,343.66562,180.11382
Malaysia,MYS,1991,,357.8599,213.8757
Malaysia,MYS,1992,,363.60208,223.90076
Malaysia,MYS,1993,,355.60532,241.24109
Malaysia,MYS,1994,,361.85297,255.52274
Malaysia,MYS,1995,,387.5474,282.88812
Malaysia,MYS,1996,,393.02176,361.46042
Malaysia,MYS,1997,,389.57727,413.086
Malaysia,MYS,1998,,395.68912,412.26022
Malaysia,MYS,1999,,376.96588,422.27368
Malaysia,MYS,2000,,390.2037,496.82196
Malaysia,MYS,2001,,378.97498,490.23938
Malaysia,MYS,2002,,397.95853,505.88174
Malaysia,MYS,2003,,411.863,527.2228
Malaysia,MYS,2004,,422.25116,601.4222
Malaysia,MYS,2005,,397.20566,676.9998
Malaysia,MYS,2006,,374.1982,674.6589
Malaysia,MYS,2007,,387.66705,676.287
Malaysia,MYS,2008,,390.62015,692.0507
Malaysia,MYS,2009,,369.8451,661.6569
Malaysia,MYS,2010,,384.60764,650.8206
Malaysia,MYS,2011,,344.99838,669.5117
Malaysia,MYS,2012,,349.7088,692.5072
Malaysia,MYS,2013,,333.95056,725.88605
Malaysia,MYS,2014,,346.53543,721.741
Malaysia,MYS,2015,,382.01318,768.4601
Malaysia,MYS,2016,,395.63116,766.95483
Malaysia,MYS,2017,,389.0049,795.83105
Malaysia,MYS,2018,,386.15088,761.19
Malaysia,MYS,2019,,363.4238,774.80853
Malaysia,MYS,2020,,332.70624,730.9279
Malaysia,MYS,2021,,305.12485,789.77936
Malaysia,MYS,2022,,299.79486,830.02747
Malaysia,MYS,2023,,290.33218,780.06445
Malaysia,MYS,2024,,285.0268,798.03436
Malaysia,MYS,2025,,283.80963,802.3436
Mexico,MEX,1965,,209.96678,
Mexico,MEX,1966,,215.03337,
Mexico,MEX,1967,,237.99353,
Mexico,MEX,1968,,254.70474,
Mexico,MEX,1969,,267.08307,
Mexico,MEX,1970,,281.20184,110.30307
Mexico,MEX,1971,,280.36813,109.181725
Mexico,MEX,1972,,291.88528,113.480225
Mexico,MEX,1973,,300.7447,123.30594
Mexico,MEX,1974,,377.0003,129.26202
Mexico,MEX,1975,,466.99908,131.39035
Mexico,MEX,1976,,520.7187,128.85493
Mexico,MEX,1977,,632.27313,136.65276
Mexico,MEX,1978,,775.63153,171.05864
Mexico,MEX,1979,,938.07477,207.65465
Mexico,MEX,1980,,1246.5953,251.15242
Mexico,MEX,1981,19.762499,1488.5858,270.57907
Mexico,MEX,1982,23.763056,1756.2821,288.5231
Mexico,MEX,1983,30.176666,1711.0585,290.96167
Mexico,MEX,1984,32.878056,1724.8599,286.19363
Mexico,MEX,1985,33.733334,1696.2805,277.63766
Mexico,MEX,1986,36.53528,1591.9348,246.61609
Mexico,MEX,1987,40.55139,1663.4996,250.671
Mexico,MEX,1988,36.204723,1659.4952,253.9323
Mexico,MEX,1989,38.895275,1663.8485,243.76479
Mexico,MEX,1990,39.37694,1688.312,263.8614
Mexico,MEX,1991,35.756386,1777.2651,267.59097
Mexico,MEX,1992,33.211666,1779.7585,259.37534
Mexico,MEX,1993,35.948612,1782.6091,277.7821
Mexico,MEX,1994,48.61111,1793.0317,292.23007
Mexico,MEX,1995,47.974167,1746.9808,291.86252
Mexico,MEX,1996,53.108612,1888.243,308.0503
Mexico,MEX,1997,52.69694,1972.6746,311.06473
Mexico,MEX,1998,55.391945,2017.5048,329.34113
Mexico,MEX,1999,56.623886,1924.6742,342.3527
Mexico,MEX,2000,62.97278,1980.8431,333.7867
Mexico,MEX,2001,48.404804,2045.3356,331.40704
Mexico,MEX,2002,39.43668,2068.0566,337.2773
Mexico,MEX,2003,51.32849,2188.7676,348.40408
Mexico,MEX,2004,68.34698,2210.1965,370.27045
Mexico,MEX,2005,70.61392,2168.895,443.1189
Mexico,MEX,2006,78.71961,2123.0002,484.522
Mexico,MEX,2007,84.94326,2003.0499,468.58575
Mexico,MEX,2008,80.50447,1824.7035,472.3058
Mexico,MEX,2009,70.74123,1705.7043,525.8305
Mexico,MEX,2010,85.13548,1693.3341,511.77817
Mexico,MEX,2011,108.96731,1680.7505,520.98987
Mexico,MEX,2012,86.33483,1673.0602,508.50186
Mexico,MEX,2013,83.29921,1649.6648,524.8804
Mexico,MEX,2014,84.3694,1594.4459,512.99805
Mexico,MEX,2015,79.91293,1483.0002,479.46945
Mexico,MEX,2016,70.601425,1411.3071,459.29507
Mexico,MEX,2017,85.62223,1273.1558,419.1266
Mexico,MEX,2018,77.66055,1189.6406,397.84943
Mexico,MEX,2019,64.01667,1103.9011,385.86258
Mexico,MEX,2020,53.413887,1105.4672,361.15512
Mexico,MEX,2021,38.211388,1121.608,343.37772
Mexico,MEX,2022,38.219444,1135.4508,360.95642
Mexico,MEX,2023,4.16126,1192.4994,387.01062
Mexico,MEX,2024,4.1628294,1120.788,358.43738
Mexico,MEX,2025,4.1914754,1039.6016,347.90982
Middle East (EI),,1965,,4869.3755,
Middle East (EI),,1966,,5433.4976,
Middle East (EI),,1967,,5812.4766,
Middle East (EI),,1968,,6540.5205,
Middle East (EI),,1969,,7195.5024,
Middle East (EI),,1970,,8062.9077,103.37957
Middle East (EI),,1971,,9441.676,161.5531
Middle East (EI),,1972,,10508.558,200.02132
Middle East (EI),,1973,,12312.359,228.7509
Middle East (EI),,1974,,12691.225,239.83252
Middle East (EI),,1975,,11382.577,263.98877
Middle East (EI),,1976,,12946.719,274.29572
Middle East (EI),,1977,,13003.795,310.92288
Middle East (EI),,1978,,12381.332,300.6962
Middle East (EI),,1979,,12666.386,367.9135
Middle East (EI),,1980,,10862.523,342.37015
Middle East (EI),,1981,6.4586625,9274.545,369.2927
Middle East (EI),,1982,7.2597365,7671.809,413.03302
Middle East (EI),,1983,7.2597365,6724.916,416.33234
Middle East (EI),,1984,7.4242435,6388.68,531.9629
Middle East (EI),,1985,7.9106092,5979.2583,574.71027
Middle East (EI),,1986,7.5887494,7332.517,687.61206
Middle East (EI),,1987,7.7461033,7296.0386,750.6527
Middle East (EI),,1988,8.23247,8548.914,835.04346
Middle East (EI),,1989,6.136802,9154.465,937.2487
Middle East (EI),,1990,6.3063607,9738.978,1007.2091
Middle East (EI),,1991,6.5072503,9581.016,1061.317
Middle East (EI),,1992,5.233605,10618.614,1132.8749
Middle East (EI),,1993,8.550786,11024.773,1050.4059
Middle East (EI),,1994,8.373586,11271.94,1221.131
Middle East (EI),,1995,8.271442,11343.451,1385.3253
Middle East (EI),,1996,7.759661,11567.165,1491.417
Middle East (EI),,1997,7.5011826,11925.966,1605.6083
Middle East (EI),,1998,9.316802,12780.776,1724.6138
Middle East (EI),,1999,7.9842973,12311.706,1868.7344
Middle East (EI),,2000,8.640997,13129.186,2040.6619
Middle East (EI),,2001,8.425377,12871.77,2222.9048
Middle East (EI),,2002,7.8862844,11847.887,2445.0642
Middle East (EI),,2003,8.657053,12903.041,2573.9805
Middle East (EI),,2004,9.238607,13842.066,2856.4187
Middle East (EI),,2005,11.602195,14217.523,3098.8455
Middle East (EI),,2006,12.307035,14389.587,3316.1372
Middle East (EI),,2007,12.381811,14167.839,3626.4727
Middle East (EI),,2008,11.843173,14789.697,3923.0405
Middle East (EI),,2009,8.729142,13735.196,4137.469
Middle East (EI),,2010,8.265308,14062.693,4746.0713
Middle East (EI),,2011,8.784102,15343.302,5199.2505
Middle East (EI),,2012,7.912068,15609.537,5454.3257
Middle East (EI),,2013,8.367495,15385.12,5625.2256
Middle East (EI),,2014,8.124992,15524.182,5825.0786
Middle East (EI),,2015,9.089024,16357.355,6008.282
Middle East (EI),,2016,10.014966,17386.521,6241.609
Middle East (EI),,2017,10.30518,17128.277,6327.307
Middle East (EI),,2018,12.970583,17308.377,6455.853
Middle East (EI),,2019,11.784618,16446.459,6606.4272
Middle East (EI),,2020,12.374402,15152.28,6674.1924
Middle East (EI),,2021,11.6278715,15339.884,6879.889
Middle East (EI),,2022,17.59689,16833.258,7019.387
Middle East (EI),,2023,20.272163,16479.627,7246.13
Middle East (EI),,2024,21.493103,16356.589,7393.2515
Middle East (EI),,2025,22.208765,16903.13,7582.915
Mongolia,MNG,1981,22.754095,,
Mongolia,MNG,1982,26.040209,,
Mongolia,MNG,1983,26.320665,,
Mongolia,MNG,1984,28.73895,,
Mongolia,MNG,1985,34.517433,,
Mongolia,MNG,1986,37.385506,,
Mongolia,MNG,1987,41.08966,,
Mongolia,MNG,1988,45.53994,,
Mongolia,MNG,1989,42.571327,,
Mongolia,MNG,1990,37.87234,,
Mongolia,MNG,1991,37.23734,,
Mongolia,MNG,1992,33.059055,,
Mongolia,MNG,1993,29.723198,,
Mongolia,MNG,1994,27.29433,,
Mongolia,MNG,1995,26.55879,,
Mongolia,MNG,1996,27.040333,,
Mongolia,MNG,1997,26.056086,,
Mongolia,MNG,1998,26.759874,,
Mongolia,MNG,1999,26.26775,,
Mongolia,MNG,2000,27.437206,,
Mongolia,MNG,2001,27.204372,,
Mongolia,MNG,2002,29.339025,,
Mongolia,MNG,2003,29.983017,,
Mongolia,MNG,2004,36.327175,,
Mongolia,MNG,2005,39.777863,,
Mongolia,MNG,2006,42.72531,,
Mongolia,MNG,2007,48.882145,,
Mongolia,MNG,2008,53.29697,,
Mongolia,MNG,2009,76.42254,,
Mongolia,MNG,2010,133.14796,,
Mongolia,MNG,2011,174.5927,,
Mongolia,MNG,2012,164.77669,,
Mongolia,MNG,2013,176.42625,,
Mongolia,MNG,2014,129.37714,,
Mongolia,MNG,2015,127.77271,,
Mongolia,MNG,2016,185.71838,,
Mongolia,MNG,2017,261.83243,,
Mongolia,MNG,2018,288.77753,,
Mongolia,MNG,2019,302.30563,,
Mongolia,MNG,2020,227.95898,,
Mongolia,MNG,2021,171.01343,,
Mongolia,MNG,2022,208.17351,,
Mongolia,MNG,2023,440.4494,,
Mongolia,MNG,2024,563.77716,,
Mongolia,MNG,2025,558.486,,
Myanmar,MMR,1970,,,0.0736875
Myanmar,MMR,1971,,,0.1424625
Myanmar,MMR,1972,,,0.15228751
Myanmar,MMR,1973,,,0.18421862
Myanmar,MMR,1974,,,1.6481435
Myanmar,MMR,1975,,,1.7685
Myanmar,MMR,1976,,,2.45625
Myanmar,MMR,1977,,,2.25975
Myanmar,MMR,1978,,,2.65275
Myanmar,MMR,1979,,,2.65275
Myanmar,MMR,1980,,,3.43875
Myanmar,MMR,1981,,,4.1265
Myanmar,MMR,1982,,,4.42125
Myanmar,MMR,1983,,,5.895
Myanmar,MMR,1984,,,6.2879996
Myanmar,MMR,1985,,,9.039
Myanmar,MMR,1986,,,10.51275
Myanmar,MMR,1987,,,11.691751
Myanmar,MMR,1988,,,10.218
Myanmar,MMR,1989,,,10.70925
Myanmar,MMR,1990,,,8.351251
Myanmar,MMR,1991,,,8.4495
Myanmar,MMR,1992,,,8.5477495
Myanmar,MMR,1993,,,10.8075
Myanmar,MMR,1994,,,14.04975
Myanmar,MMR,1995,,,16.113
Myanmar,MMR,1996,,,15.719999
Myanmar,MMR,1997,,,14.835751
Myanmar,MMR,1998,,,17.292
Myanmar,MMR,1999,,,16.899
Myanmar,MMR,2000,,,33.405003
Myanmar,MMR,2001,,,68.775
Myanmar,MMR,2002,,,82.53
Myanmar,MMR,2003,,,94.32
Myanmar,MMR,2004,,,100.215004
Myanmar,MMR,2005,,,119.865
Myanmar,MMR,2006,,,123.795
Myanmar,MMR,2007,,,132.834
Myanmar,MMR,2008,,,121.83
Myanmar,MMR,2009,,,113.52373
Myanmar,MMR,2010,,,122.07877
Myanmar,MMR,2011,,,125.50024
Myanmar,MMR,2012,,,125.111015
Myanmar,MMR,2013,,,128.60942
Myanmar,MMR,2014,,,165.43192
Myanmar,MMR,2015,,,192.16682
Myanmar,MMR,2016,,,182.80075
Myanmar,MMR,2017,,,177.98892
Myanmar,MMR,2018,,,169.71709
Myanmar,MMR,2019,,,184.81905
Myanmar,MMR,2020,,,175.06865
Myanmar,MMR,2021,,,171.73647
Myanmar,MMR,2022,,,168.45529
Myanmar,MMR,2023,,,151.50475
Myanmar,MMR,2024,,,140.2359
Myanmar,MMR,2025,,,139.1643
Netherlands,NLD,1970,,,279.16666
Netherlands,NLD,1971,,,385.83334
Netherlands,NLD,1972,,,514.44446
Netherlands,NLD,1973,,,625.5556
Netherlands,NLD,1974,,,741.6667
Netherlands,NLD,1975,,,803.3333
Netherlands,NLD,1976,,,858.3333
Netherlands,NLD,1977,,,861.1111
Netherlands,NLD,1978,,,788.3334
Netherlands,NLD,1979,,,826.6667
Netherlands,NLD,1980,,,799.44446
Netherlands,NLD,1981,,,742.2222
Netherlands,NLD,1982,,,634.7222
Netherlands,NLD,1983,,,675.8334
Netherlands,NLD,1984,,,684.1667
Netherlands,NLD,1985,,,716.3889
Netherlands,NLD,1986,,,655
Netherlands,NLD,1987,,,656.1111
Netherlands,NLD,1988,,,579.1667
Netherlands,NLD,1989,,,633.05554
Netherlands,NLD,1990,,,634.1667
Netherlands,NLD,1991,,,716.99994
Netherlands,NLD,1992,,,720.05554
Netherlands,NLD,1993,,,734
Netherlands,NLD,1994,,,696.2778
Netherlands,NLD,1995,,,707.8333
Netherlands,NLD,1996,,,801.0833
Netherlands,NLD,1997,,,709.5
Netherlands,NLD,1998,,,676.7778
Netherlands,NLD,1999,,,629.3333
Netherlands,NLD,2000,,,613.61115
Netherlands,NLD,2001,,,646.4722
Netherlands,NLD,2002,,,635.19446
Netherlands,NLD,2003,,,607.1667
Netherlands,NLD,2004,,,716.1667
Netherlands,NLD,2005,,,653.3333
Netherlands,NLD,2006,,,645.0278
Netherlands,NLD,2007,,,620.0278
Netherlands,NLD,2008,,,709.0834
Netherlands,NLD,2009,,,655
Netherlands,NLD,2010,,,752.6667
Netherlands,NLD,2011,,,694.9722
Netherlands,NLD,2012,,,684.02783
Netherlands,NLD,2013,,,724.05554
Netherlands,NLD,2014,,,603.8611
Netherlands,NLD,2015,,,458.77777
Netherlands,NLD,2016,,,442.94443
Netherlands,NLD,2017,,,379.27777
Netherlands,NLD,2018,,,324.8333
Netherlands,NLD,2019,,,277.44443
Netherlands,NLD,2020,,,200.91666
Netherlands,NLD,2021,,,180.22223
Netherlands,NLD,2022,,,149.80556
Netherlands,NLD,2023,,,98.52778
Netherlands,NLD,2024,,,83.361115
Netherlands,NLD,2025,,,77.69445
New Zealand,NZL,1981,14.472715,,
New Zealand,NZL,1982,14.632507,,
New Zealand,NZL,1983,16.226562,,
New Zealand,NZL,1984,16.750797,,
New Zealand,NZL,1985,16.014645,,
New Zealand,NZL,1986,16.698477,,
New Zealand,NZL,1987,14.524736,,
New Zealand,NZL,1988,16.344173,,
New Zealand,NZL,1989,18.53629,,
New Zealand,NZL,1990,17.423735,,
New Zealand,NZL,1991,18.279139,,
New Zealand,NZL,1992,20.814772,,
New Zealand,NZL,1993,23.48876,,
New Zealand,NZL,1994,21.567986,,
New Zealand,NZL,1995,26.447718,,
New Zealand,NZL,1996,27.003557,,
New Zealand,NZL,1997,25.407797,,
New Zealand,NZL,1998,22.06673,,
New Zealand,NZL,1999,25.47389,,
New Zealand,NZL,2000,25.375113,,
New Zealand,NZL,2001,28.830246,,
New Zealand,NZL,2002,33.14505,,
New Zealand,NZL,2003,37.635036,,
New Zealand,NZL,2004,38.050377,,
New Zealand,NZL,2005,38.730873,,
New Zealand,NZL,2006,41.67633,,
New Zealand,NZL,2007,34.67267,,
New Zealand,NZL,2008,34.73564,,
New Zealand,NZL,2009,32.31416,,
New Zealand,NZL,2010,38.578163,,
New Zealand,NZL,2011,35.60587,,
New Zealand,NZL,2012,35.329384,,
New Zealand,NZL,2013,33.5277,,
New Zealand,NZL,2014,28.696991,,
New Zealand,NZL,2015,23.706203,,
New Zealand,NZL,2016,19.881119,,
New Zealand,NZL,2017,20.126015,,
New Zealand,NZL,2018,22.107552,,
New Zealand,NZL,2019,20.787628,,
New Zealand,NZL,2020,19.01345,,
New Zealand,NZL,2021,19.571318,,
New Zealand,NZL,2022,18.328085,,
New Zealand,NZL,2023,18.271055,,
New Zealand,NZL,2024,17.606146,,
New Zealand,NZL,2025,18.338165,,
Nigeria,NGA,1965,,157.08034,
Nigeria,NGA,1966,,239.22957,
Nigeria,NGA,1967,,182.8021,
Nigeria,NGA,1968,,81.167984,
Nigeria,NGA,1969,,309.52045,
Nigeria,NGA,1970,,620.473,1.0545
Nigeria,NGA,1971,,877.1751,1.95225
Nigeria,NGA,1972,,1043.0057,2.61725
Nigeria,NGA,1973,,1176.8422,4.0090003
Nigeria,NGA,1974,,1291.8168,3.743
Nigeria,NGA,1975,,1021.5378,3.3535001
Nigeria,NGA,1976,,1187.2389,6.22725
Nigeria,NGA,1977,,1194.486,8.1985
Nigeria,NGA,1978,,1086.7255,9.93225
Nigeria,NGA,1979,,1318.7386,13.091001
Nigeria,NGA,1980,,1182.1918,15.822249
Nigeria,NGA,1981,,824.7004,23.3035
Nigeria,NGA,1982,,737.2808,24.277248
Nigeria,NGA,1983,,707.77814,27.521502
Nigeria,NGA,1984,,797.31885,26.4765
Nigeria,NGA,1985,,858.6715,25.08
Nigeria,NGA,1986,,840.16785,29.2505
Nigeria,NGA,1987,,772.05383,28.9655
Nigeria,NGA,1988,,794.1685,34.82225
Nigeria,NGA,1989,,1011.5126,40.318
Nigeria,NGA,1990,,1017.47095,38.3895
Nigeria,NGA,1991,,1117.5122,37.448997
Nigeria,NGA,1992,,1159.6453,40.5365
Nigeria,NGA,1993,,1144.7253,46.189
Nigeria,NGA,1994,,1096.4194,42.1895
Nigeria,NGA,1995,,1105.5587,45.913498
Nigeria,NGA,1996,,1121.2941,51.6515
Nigeria,NGA,1997,,1122.7622,49.745975
Nigeria,NGA,1998,,1150.4365,60.17689
Nigeria,NGA,1999,,1073.8616,43.377163
Nigeria,NGA,2000,,1239.1555,112.04464
Nigeria,NGA,2001,,1224.6005,152.61342
Nigeria,NGA,2002,,1104.9844,171.40392
Nigeria,NGA,2003,,1304.6278,213.93889
Nigeria,NGA,2004,,1414.9651,228.94197
Nigeria,NGA,2005,,1408.9026,229.83986
Nigeria,NGA,2006,,1343.7992,268.91507
Nigeria,NGA,2007,,1246.2552,336.3423
Nigeria,NGA,2008,,1229.3309,327.7922
Nigeria,NGA,2009,,1242.6493,231.91939
Nigeria,NGA,2010,,1419.1029,309.06668
Nigeria,NGA,2011,,1376.2834,364.25815
Nigeria,NGA,2012,,1353.362,391.60303
Nigeria,NGA,2013,,1271.8241,330.99573
Nigeria,NGA,2014,,1270.0397,399.82535
Nigeria,NGA,2015,,1228.846,475.65283
Nigeria,NGA,2016,,1061.333,426.3702
Nigeria,NGA,2017,,1097.8649,472.0562
Nigeria,NGA,2018,,1118.3983,482.69553
Nigeria,NGA,2019,,1172.9766,492.7915
Nigeria,NGA,2020,,1063.2955,494.31137
Nigeria,NGA,2021,,938.362,524.4082
Nigeria,NGA,2022,,805.57385,471.1942
Nigeria,NGA,2023,,859.48267,443.5072
Nigeria,NGA,2024,,917.5137,468.4584
Nigeria,NGA,2025,,977.11316,507.74347
Non-OECD (EI),,1965,,12110.694,
Non-OECD (EI),,1966,,13312.235,
Non-OECD (EI),,1967,,14326.492,
Non-OECD (EI),,1968,,15966.743,
Non-OECD (EI),,1969,,17537.697,
Non-OECD (EI),,1970,,19594.398,2514.8574
Non-OECD (EI),,1971,,21124.963,2757.1287
Non-OECD (EI),,1972,,22599.121,2940.3567
Non-OECD (EI),,1973,,25341.5,3227.5183
Non-OECD (EI),,1974,,25689.174,3544.6248
Non-OECD (EI),,1975,,24213.85,3909.8042
Non-OECD (EI),,1976,,26956.068,4333.2295
Non-OECD (EI),,1977,,27682.822,4718.888
Non-OECD (EI),,1978,,27406.283,5106.4717
Non-OECD (EI),,1979,,28426.725,5671.9043
Non-OECD (EI),,1980,,26331.447,5953.4243
Non-OECD (EI),,1981,10042.55,24024.469,6301.3477
Non-OECD (EI),,1982,10469.426,22200.969,6801.4346
Non-OECD (EI),,1983,10842.884,21516.756,7361.45
Non-OECD (EI),,1984,11415.39,21649.201,8146.9927
Non-OECD (EI),,1985,12008.889,21205.125,8692.058
Non-OECD (EI),,1986,12385.698,23006.332,9364.635
Non-OECD (EI),,1987,12712.867,23009.62,9913.048
Non-OECD (EI),,1988,13205.51,24548.633,10540.955
Non-OECD (EI),,1989,13542.49,25414.518,10965.308
Non-OECD (EI),,1990,13534.069,26060.68,11361.807
Non-OECD (EI),,1991,13341.559,25675.137,11425.206
Non-OECD (EI),,1992,13472.949,26086.271,11293.616
Non-OECD (EI),,1993,13377.6455,26026.27,11200.264
Non-OECD (EI),,1994,13619.259,26072.818,11091.493
Non-OECD (EI),,1995,14278.768,26422.674,11294.575
Non-OECD (EI),,1996,14448.728,27037.51,11856.611
Non-OECD (EI),,1997,14532.558,27743.365,11775.166
Non-OECD (EI),,1998,14164.326,28782.787,12208.227
Non-OECD (EI),,1999,14418.133,28079.666,12773.089
Non-OECD (EI),,2000,15030.446,29724.977,13454.706
Non-OECD (EI),,2001,15662.244,29871.766,13800.512
Non-OECD (EI),,2002,16323.547,29336.828,14485.303
Non-OECD (EI),,2003,18444.068,31314.297,15335.162
Non-OECD (EI),,2004,20799.824,33695.906,16203.879
Non-OECD (EI),,2005,22759.293,34623.613,16949.469
Non-OECD (EI),,2006,24283.11,35255.6,17770.06
Non-OECD (EI),,2007,25935.203,35322.01,18492.566
Non-OECD (EI),,2008,27085.408,36137.07,19248.105
Non-OECD (EI),,2009,27751.98,34962.316,18399.307
Non-OECD (EI),,2010,29632.46,35773,19995.316
Non-OECD (EI),,2011,32449.396,36073.59,21055.64
Non-OECD (EI),,2012,33113.46,36794.273,21584.27
Non-OECD (EI),,2013,33923.945,36236.812,21772.24
Non-OECD (EI),,2014,33515.137,36357.145,22026.773
Non-OECD (EI),,2015,33091.293,37483.34,22348.107
Non-OECD (EI),,2016,31681.822,38073.902,22678.238
Non-OECD (EI),,2017,32543.44,37775.715,23587.676
Non-OECD (EI),,2018,34551.742,37720.824,24285.65
Non-OECD (EI),,2019,35322.742,36746.434,24638.623
Non-OECD (EI),,2020,34759.414,33813.72,23771.37
Non-OECD (EI),,2021,36230.4,34300.605,25252.121
Non-OECD (EI),,2022,39385.723,35991.363,24490.98
Non-OECD (EI),,2023,41237.953,36145.137,24333.537
Non-OECD (EI),,2024,42276.227,36119.5,24992.678
Non-OECD (EI),,2025,42492.19,37424.688,25134.746
Non-OPEC (EI),,1965,,10239.913,
Non-OPEC (EI),,1966,,11009.233,
Non-OPEC (EI),,1967,,11872.523,
Non-OPEC (EI),,1968,,12724.064,
Non-OPEC (EI),,1969,,13393.328,
Non-OPEC (EI),,1970,,14472.23,
Non-OPEC (EI),,1971,,14982.317,
Non-OPEC (EI),,1972,,15731.172,
Non-OPEC (EI),,1973,,16518.139,
Non-OPEC (EI),,1974,,16690.068,
Non-OPEC (EI),,1975,,17023.383,
Non-OPEC (EI),,1976,,17800.07,
Non-OPEC (EI),,1977,,18818.205,
Non-OPEC (EI),,1978,,19966.672,
Non-OPEC (EI),,1979,,20779.064,
Non-OPEC (EI),,1980,,21335.756,
Non-OPEC (EI),,1981,,21634.701,
Non-OPEC (EI),,1982,,22106.32,
Non-OPEC (EI),,1983,,22774.092,
Non-OPEC (EI),,1984,,23693.521,
Non-OPEC (EI),,1985,,23870.373,
Non-OPEC (EI),,1986,,24106.994,
Non-OPEC (EI),,1987,,24308.168,
Non-OPEC (EI),,1988,,24510.426,
Non-OPEC (EI),,1989,,24085.799,
Non-OPEC (EI),,1990,,23897.898,
Non-OPEC (EI),,1991,,23724.328,
Non-OPEC (EI),,1992,,23245.842,
Non-OPEC (EI),,1993,,22813.053,
Non-OPEC (EI),,1994,,23086.31,
Non-OPEC (EI),,1995,,23440.945,
Non-OPEC (EI),,1996,,24109.773,
Non-OPEC (EI),,1997,,24543.44,
Non-OPEC (EI),,1998,,24589.695,
Non-OPEC (EI),,1999,,24496.512,
Non-OPEC (EI),,2000,,25263.43,
Non-OPEC (EI),,2001,,25531.654,
Non-OPEC (EI),,2002,,26219.31,
Non-OPEC (EI),,2003,,26702.012,
Non-OPEC (EI),,2004,,27312.023,
Non-OPEC (EI),,2005,,27302.428,
Non-OPEC (EI),,2006,,27505.549,
Non-OPEC (EI),,2007,,27752.508,
Non-OPEC (EI),,2008,,27762.678,
Non-OPEC (EI),,2009,,27925.762,
Non-OPEC (EI),,2010,,28557.55,
Non-OPEC (EI),,2011,,28491.512,
Non-OPEC (EI),,2012,,29010.533,
Non-OPEC (EI),,2013,,29713.594,
Non-OPEC (EI),,2014,,30871.314,
Non-OPEC (EI),,2015,,31645.355,
Non-OPEC (EI),,2016,,31189.209,
Non-OPEC (EI),,2017,,31400.4,
Non-OPEC (EI),,2018,,32632.584,
Non-OPEC (EI),,2019,,33713.906,
Non-OPEC (EI),,2020,,32389.025,
Non-OPEC (EI),,2021,,32515.496,
Non-OPEC (EI),,2022,,33423.37,
Non-OPEC (EI),,2023,,34596.03,
Non-OPEC (EI),,2024,,34980.74,
Non-OPEC (EI),,2025,,35854.83,
North America,OWID_NAM,1965,,5772.573,
North America,OWID_NAM,1966,,6150.7866,
North America,OWID_NAM,1967,,6586.6865,
North America,OWID_NAM,1968,,6880.1167,
North America,OWID_NAM,1969,,7030.5234,
North America,OWID_NAM,1970,,7383.0645,6382.9004
North America,OWID_NAM,1971,,7346.2954,6595.06
North America,OWID_NAM,1972,,7522.433,6657.1353
North America,OWID_NAM,1973,,7550.027,6708.5825
North America,OWID_NAM,1974,,7299.555,6440.4043
North America,OWID_NAM,1975,,7006.3784,6041.9253
North America,OWID_NAM,1976,,6848.237,6005.463
North America,OWID_NAM,1977,,7028.67,6075.059
North America,OWID_NAM,1978,,7417.654,6065.774
North America,OWID_NAM,1979,,7615.955,6299.021
North America,OWID_NAM,1980,,7925.7876,6242.9756
North America,OWID_NAM,1981,5405.495,8045.6855,6186.2104
North America,OWID_NAM,1982,5498.7573,8322.942,5881.014
North America,OWID_NAM,1983,5128.066,8342.97,5386.6987
North America,OWID_NAM,1984,5910.9424,8577.887,5822.198
North America,OWID_NAM,1985,5827.29,8604.431,5604.0566
North America,OWID_NAM,1986,5852.234,8306.868,5408.0845
North America,OWID_NAM,1987,6035.392,8247.672,5635.1904
North America,OWID_NAM,1988,6258.314,8199.998,5894.136
North America,OWID_NAM,1989,6463.2764,7825.106,6008.7983
North America,OWID_NAM,1990,6765.0547,7707.4087,6187.361
North America,OWID_NAM,1991,6545.2646,7874.162,6220.311
North America,OWID_NAM,1992,6504.774,7805.196,6359.61
North America,OWID_NAM,1993,6156.449,7678.3545,6560.731
North America,OWID_NAM,1994,6712.079,7635.066,6894.168
North America,OWID_NAM,1995,6709.455,7605.458,6926.7153
North America,OWID_NAM,1996,6907.2363,7769.7554,7033.366
North America,OWID_NAM,1997,7069.7095,7887.7046,7114.8276
North America,OWID_NAM,1998,7248.624,7848.5503,7250.7695
North America,OWID_NAM,1999,7021.6567,7536.223,7268.483
North America,OWID_NAM,2000,6847.4556,7586.664,7427.526
North America,OWID_NAM,2001,7067.227,7625.9673,7598.2344
North America,OWID_NAM,2002,6766.9473,7718.757,7435.8174
North America,OWID_NAM,2003,6572.561,7824.511,7545.856
North America,OWID_NAM,2004,6825.1465,7803.57,7461.5312
North America,OWID_NAM,2005,6944.1284,7550.838,7436.566
North America,OWID_NAM,2006,7109.7515,7549.9126,7662.098
North America,OWID_NAM,2007,7044.5103,7478.319,7823.205
North America,OWID_NAM,2008,7141.323,7237.2314,7983.232
North America,OWID_NAM,2009,6482.535,7349.912,8049.026
North America,OWID_NAM,2010,6636.057,7544.087,8172.674
North America,OWID_NAM,2011,6710.018,7792.1216,8600.862
North America,OWID_NAM,2012,6259.9907,8493.0205,8897.071
North America,OWID_NAM,2013,6071.503,9232.756,8996.767
North America,OWID_NAM,2014,6148.9204,10222.753,9539.74
North America,OWID_NAM,2015,5452.0396,10676.5205,9859.392
North America,OWID_NAM,2016,4535.516,10352.641,9746.136
North America,OWID_NAM,2017,4805.5386,10785.49,9966.339
North America,OWID_NAM,2018,4695.47,12049.913,10956.767
North America,OWID_NAM,2019,4367.678,12973.988,11756.024
North America,OWID_NAM,2020,3351.8386,12409.167,11609.425
North America,OWID_NAM,2021,3602.867,12642.826,11806.926
North America,OWID_NAM,2022,3728.966,13305.699,12430.976
North America,OWID_NAM,2023,3628.2017,14141.763,12882.454
North America,OWID_NAM,2024,3267.8142,14591.999,12921.776
North America,OWID_NAM,2025,3373.8494,14965.461,13391.485
North America (EI),,1965,,5694.31,
North America (EI),,1966,,6062.0273,
North America (EI),,1967,,6482.4053,
North America (EI),,1968,,6767.501,
North America (EI),,1969,,6937.6997,
North America (EI),,1970,,7300.5786,6365.089
North America (EI),,1971,,7270.5986,6576.3374
North America (EI),,1972,,7439.6953,6637.7803
North America (EI),,1973,,7452.8096,6689.904
North America (EI),,1974,,7189.771,6423.288
North America (EI),,1975,,6879.156,6026.37
North America (EI),,1976,,6722.8174,5987.9126
North America (EI),,1977,,6893.61,6054.517
North America (EI),,1978,,7281.4014,6041.3154
North America (EI),,1979,,7488.857,6273.644
North America (EI),,1980,,7799.6685,6214.3394
North America (EI),,1981,5405.4956,7933.447,6154.7827
North America (EI),,1982,5498.7573,8214.274,5842.893
North America (EI),,1983,5128.066,8241.573,5347.2134
North America (EI),,1984,5910.9424,8469.704,5780.797
North America (EI),,1985,5827.29,8492.74,5561.5864
North America (EI),,1986,5852.234,8198.537,5364.635
North America (EI),,1987,6035.392,8147.8604,5589.048
North America (EI),,1988,6258.314,8104.3403,5841.0767
North America (EI),,1989,6463.2764,7730.6797,5955.502
North America (EI),,1990,6765.0547,7612.3447,6132.1187
North America (EI),,1991,6545.265,7779.6387,6164.46
North America (EI),,1992,6504.774,7713.287,6305.712
North America (EI),,1993,6156.4487,7589.3247,6500.221
North America (EI),,1994,6712.079,7540.479,6825.0093
North America (EI),,1995,6709.455,7509.1816,6852.484
North America (EI),,1996,6907.2363,7674.302,6949.552
North America (EI),,1997,7069.7095,7795.2827,7023.7725
North America (EI),,1998,7248.624,7753.624,7158.6626
North America (EI),,1999,7021.6567,7432.9067,7149.1353
North America (EI),,2000,6847.455,7477.965,7282.837
North America (EI),,2001,7067.227,7519.358,7444.5493
North America (EI),,2002,6766.9478,7591.238,7256.791
North America (EI),,2003,6572.561,7691.9136,7287.4316
North America (EI),,2004,6825.146,7682.2915,7168.723
North America (EI),,2005,6944.128,7421.784,7129.0513
North America (EI),,2006,7109.7515,7420.4844,7295.7363
North America (EI),,2007,7044.5103,7360.395,7434.266
North America (EI),,2008,7141.3237,7121.729,7597.8965
North America (EI),,2009,6482.535,7238.548,7652.164
North America (EI),,2010,6636.0576,7435.9434,7759.263
North America (EI),,2011,6710.018,7688.2593,8205.288
North America (EI),,2012,6259.9907,8397.417,8502.803
North America (EI),,2013,6071.503,9139.226,8601.011
North America (EI),,2014,6148.9204,10129.788,9150.179
North America (EI),,2015,5452.0396,10587.185,9490.059
North America (EI),,2016,4535.516,10271.415,9424.025
North America (EI),,2017,4805.539,10704.827,9638.262
North America (EI),,2018,4695.47,11975.54,10607.756
North America (EI),,2019,4367.678,12903.486,11401.449
North America (EI),,2020,3351.8386,12341.9795,11306.358
North America (EI),,2021,3602.867,12573.684,11552.968
North America (EI),,2022,3728.9658,13238.5205,12162.498
North America (EI),,2023,3628.2017,14074.99,12626.091
North America (EI),,2024,3267.8142,14530.957,12671.791
North America (EI),,2025,3373.8494,14903.601,13147.608
Norway,NOR,1971,,3.4050403,0
Norway,NOR,1972,,18.77903,0
Norway,NOR,1973,,18.160213,0
Norway,NOR,1974,,19.862734,0
Norway,NOR,1975,,107.25876,0
Norway,NOR,1976,,158.76816,0
Norway,NOR,1977,,162.87442,26.349882
Norway,NOR,1978,,202.03238,140.9424
Norway,NOR,1979,,226.7794,205.14702
Norway,NOR,1980,,291.3272,249.00156
Norway,NOR,1981,,282.51993,247.63988
Norway,NOR,1982,,293.44254,237.80336
Norway,NOR,1983,,365.15457,234.35478
Norway,NOR,1984,,418.15393,257.67877
Norway,NOR,1985,,456.02182,259.8926
Norway,NOR,1986,,500.486,258.9403
Norway,NOR,1987,,582.84064,279.39752
Norway,NOR,1988,,662.67206,281.17096
Norway,NOR,1989,,871.1927,285.22195
Norway,NOR,1990,,955.32367,252.88354
Norway,NOR,1991,,1091.3854,248.3931
Norway,NOR,1992,,1243.2551,256.39908
Norway,NOR,1993,,1327.3126,246.17819
Norway,NOR,1994,,1495.4198,266.40295
Norway,NOR,1995,,1609.5884,276.05
Norway,NOR,1996,,1798.7454,371.1746
Norway,NOR,1997,,1816.9309,426.22638
Norway,NOR,1998,,1739.8503,
Norway,NOR,1999,,1740.7052,481.0726
Norway,NOR,2000,,1871.619,501.2096
Norway,NOR,2001,,1881.3179,541.3105
Norway,NOR,2002,,1830.308,655.119
Norway,NOR,2003,,1783.6937,729.23456
Norway,NOR,2004,,1747.0848,792.1163
Norway,NOR,2005,,1609.9893,856.7091
Norway,NOR,2006,,1498.5577,882.24945
Norway,NOR,2007,,1377.3574,893.61475
Norway,NOR,2008,,1331.1066,970.52
Norway,NOR,2009,,1260.3988,995.28937
Norway,NOR,2010,,1146.6019,1045.6365
Norway,NOR,2011,,1085.8336,1003.0435
Norway,NOR,2012,,1012.33575,1130.5948
Norway,NOR,2013,,964.4767,1070.3325
Norway,NOR,2014,,988.1589,1062.7272
Norway,NOR,2015,,1019.2127,1148.4377
Norway,NOR,2016,,1050.2723,1146.6488
Norway,NOR,2017,,1033.6267,1223.7234
Norway,NOR,2018,,968.9926,1199.5273
Norway,NOR,2019,,914.7459,1131.1782
Norway,NOR,2020,,1070.5459,1101.0774
Norway,NOR,2021,,1092.2252,1130.9902
Norway,NOR,2022,,1035.1456,1228.4415
Norway,NOR,2023,,1100.6042,1160.313
Norway,NOR,2024,,1089.9911,1242.6053
Norway,NOR,2025,,1119.02,1205.6047
OECD (EI),,1965,,6120.3867,
OECD (EI),,1966,,6484.575,
OECD (EI),,1967,,6911.97,
OECD (EI),,1968,,7203.288,
OECD (EI),,1969,,7402.636,
OECD (EI),,1970,,7839.4854,7246.023
OECD (EI),,1971,,7875.827,7684.0537
OECD (EI),,1972,,8050.8496,8015.114
OECD (EI),,1973,,8103.6235,8255.177
OECD (EI),,1974,,7830.504,8180.4995
OECD (EI),,1975,,7623.9165,7840.328
OECD (EI),,1976,,7634.6714,7923.642
OECD (EI),,1977,,8116.0444,8055.405
OECD (EI),,1978,,8717.887,8100.2983
OECD (EI),,1979,,9226.32,8425.303
OECD (EI),,1980,,9618.14,8330.111
OECD (EI),,1981,11402.679,9833.867,8229.922
OECD (EI),,1982,11734.984,10317.766,7796.3394
OECD (EI),,1983,11294.286,10605.718,7366.8994
OECD (EI),,1984,11690.225,11103.016,7841.957
OECD (EI),,1985,12267.572,11260.558,7718.7466
OECD (EI),,1986,12466.551,11063.058,7470.6787
OECD (EI),,1987,12608.346,11138.469,7765.9893
OECD (EI),,1988,12730.734,11058.937,7916.8887
OECD (EI),,1989,12851.913,10622.963,8131.684
OECD (EI),,1990,12810.826,10666.097,8336.06
OECD (EI),,1991,12287.198,10952.571,8534.481
OECD (EI),,1992,12099.434,11071.725,8724.725
OECD (EI),,1993,11424.549,11078.884,9046.032
OECD (EI),,1994,11752.298,11546.383,9451.023
OECD (EI),,1995,11867.776,11712.843,9588.925
OECD (EI),,1996,12054.109,12113.729,10043.352
OECD (EI),,1997,12362.271,12279.83,10107.805
OECD (EI),,1998,12248.107,12251.915,9815.476
OECD (EI),,1999,12003.122,12025.022,10329.661
OECD (EI),,2000,11781.668,12129.157,10559.445
OECD (EI),,2001,12186.286,11970.191,10778.666
OECD (EI),,2002,11871.497,12000.526,10666.134
OECD (EI),,2003,11811.299,11858.776,10716.817
OECD (EI),,2004,12086.46,11639.492,10734.737
OECD (EI),,2005,12308.472,11099.432,10632.756
OECD (EI),,2006,12549.824,10834.478,10750.065
OECD (EI),,2007,12540.99,10669.144,10783.069
OECD (EI),,2008,12661.161,10343.788,11079.0625
OECD (EI),,2009,11976.192,10362.799,11008.697
OECD (EI),,2010,12222.588,10452.663,11292.233
OECD (EI),,2011,12328.398,10538.218,11510.416
OECD (EI),,2012,12138.319,11091.049,11865.187
OECD (EI),,2013,12047.327,11723.121,11958.108
OECD (EI),,2014,12326.128,12729.431,12411.683
OECD (EI),,2015,11476.224,13256.152,12798.092
OECD (EI),,2016,10516.73,12869.343,12948.448
OECD (EI),,2017,10649.417,13234.852,13347.942
OECD (EI),,2018,10702.063,14496.363,14381.962
OECD (EI),,2019,10265.688,15431.177,15213.62
OECD (EI),,2020,8473.938,14918.624,15004.087
OECD (EI),,2021,8777.001,15031.438,15230.677
OECD (EI),,2022,8729.988,15585.605,16036.729
OECD (EI),,2023,8435.024,16438.059,16327.413
OECD (EI),,2024,7968.783,16857.576,16439.326
OECD (EI),,2025,7717.8887,17248.9,16829.965
OPEC (EI),,1965,,7991.1694,
OPEC (EI),,1966,,8787.577,
OPEC (EI),,1967,,9365.939,
OPEC (EI),,1968,,10445.966,
OPEC (EI),,1969,,11547.007,
OPEC (EI),,1970,,12961.652,
OPEC (EI),,1971,,14018.472,
OPEC (EI),,1972,,14918.8,
OPEC (EI),,1973,,16926.984,
OPEC (EI),,1974,,16829.607,
OPEC (EI),,1975,,14814.386,
OPEC (EI),,1976,,16790.668,
OPEC (EI),,1977,,16980.66,
OPEC (EI),,1978,,16157.497,
OPEC (EI),,1979,,16873.977,
OPEC (EI),,1980,,14613.83,
OPEC (EI),,1981,,12223.636,
OPEC (EI),,1982,,10412.413,
OPEC (EI),,1983,,9348.381,
OPEC (EI),,1984,,9058.696,
OPEC (EI),,1985,,8595.309,
OPEC (EI),,1986,,9962.396,
OPEC (EI),,1987,,9839.918,
OPEC (EI),,1988,,11097.144,
OPEC (EI),,1989,,11951.684,
OPEC (EI),,1990,,12828.88,
OPEC (EI),,1991,,12903.379,
OPEC (EI),,1992,,13912.154,
OPEC (EI),,1993,,14292.102,
OPEC (EI),,1994,,14532.892,
OPEC (EI),,1995,,14694.57,
OPEC (EI),,1996,,15041.463,
OPEC (EI),,1997,,15479.756,
OPEC (EI),,1998,,16445.008,
OPEC (EI),,1999,,15608.177,
OPEC (EI),,2000,,16590.705,
OPEC (EI),,2001,,16310.303,
OPEC (EI),,2002,,15118.046,
OPEC (EI),,2003,,16471.06,
OPEC (EI),,2004,,18023.373,
OPEC (EI),,2005,,18420.613,
OPEC (EI),,2006,,18584.53,
OPEC (EI),,2007,,18238.648,
OPEC (EI),,2008,,18718.178,
OPEC (EI),,2009,,17399.354,
OPEC (EI),,2010,,17668.113,
OPEC (EI),,2011,,18120.295,
OPEC (EI),,2012,,18874.791,
OPEC (EI),,2013,,18246.338,
OPEC (EI),,2014,,18215.26,
OPEC (EI),,2015,,19094.137,
OPEC (EI),,2016,,19754.035,
OPEC (EI),,2017,,19610.168,
OPEC (EI),,2018,,19584.604,
OPEC (EI),,2019,,18463.705,
OPEC (EI),,2020,,16343.318,
OPEC (EI),,2021,,16816.547,
OPEC (EI),,2022,,18153.596,
OPEC (EI),,2023,,17987.164,
OPEC (EI),,2024,,17996.334,
OPEC (EI),,2025,,18818.756,
Oceania,OWID_OCE,1965,,4.0263753,
Oceania,OWID_OCE,1966,,5.1767683,
Oceania,OWID_OCE,1967,,12.079125,
Oceania,OWID_OCE,1968,,22.494122,
Oceania,OWID_OCE,1969,,25.883842,
Oceania,OWID_OCE,1970,,101.23458,17.303974
Oceania,OWID_OCE,1971,,177.42035,25.82668
Oceania,OWID_OCE,1972,,189.33647,37.074265
Oceania,OWID_OCE,1973,,237.18723,47.068798
Oceania,OWID_OCE,1974,,234.67719,53.70199
Oceania,OWID_OCE,1975,,251.46202,57.669968
Oceania,OWID_OCE,1976,,257.49902,68.07722
Oceania,OWID_OCE,1977,,272.4299,77.76844
Oceania,OWID_OCE,1978,,269.70963,83.72538
Oceania,OWID_OCE,1979,,270.70334,96.37518
Oceania,OWID_OCE,1980,,253.9847,110.665886
Oceania,OWID_OCE,1981,803.0439,247.38208,119.94439
Oceania,OWID_OCE,1982,819.5868,243.93091,116.980835
Oceania,OWID_OCE,1983,854.9673,237.44705,127.07482
Oceania,OWID_OCE,1984,897.6681,307.9994,125.31727
Oceania,OWID_OCE,1985,1090.3602,356.84106,133.95262
Oceania,OWID_OCE,1986,1159.5581,318.80838,146.32928
Oceania,OWID_OCE,1987,1208.1923,338.87204,149.39459
Oceania,OWID_OCE,1988,1189.6376,321.6083,152.99338
Oceania,OWID_OCE,1989,1293.2144,303.33276,177.07565
Oceania,OWID_OCE,1990,1352.025,352.09924,206.11147
Oceania,OWID_OCE,1991,1402.7034,332.76974,215.765
Oceania,OWID_OCE,1992,1498.05,327.94684,233.33595
Oceania,OWID_OCE,1993,1507.5887,305.8865,243.83902
Oceania,OWID_OCE,1994,1538.4784,329.3391,279.91214
Oceania,OWID_OCE,1995,1618.2656,310.114,295.9597
Oceania,OWID_OCE,1996,1667.6858,326.40598,296.33704
Oceania,OWID_OCE,1997,1814.5221,346.43536,296.37646
Oceania,OWID_OCE,1998,1854.1685,328.0255,302.7371
Oceania,OWID_OCE,1999,1957.3918,319.49728,307.1253
Oceania,OWID_OCE,2000,2022.195,431.37653,311.92328
Oceania,OWID_OCE,2001,2186.7512,399.1475,326.41318
Oceania,OWID_OCE,2002,2257.1914,396.66782,330.01163
Oceania,OWID_OCE,2003,2336.6826,343.3505,337.45227
Oceania,OWID_OCE,2004,2426.8813,299.8592,359.30313
Oceania,OWID_OCE,2005,2540.0193,294.55624,382.3528
Oceania,OWID_OCE,2006,2598.5168,268.95715,406.82227
Oceania,OWID_OCE,2007,2675.528,286.4461,427.51187
Oceania,OWID_OCE,2008,2755.3572,285.7068,416.829
Oceania,OWID_OCE,2009,2855.148,280.429,466.97592
Oceania,OWID_OCE,2010,2953.3677,286.53317,526.2551
Oceania,OWID_OCE,2011,2886.4192,249.01212,544.51514
Oceania,OWID_OCE,2012,3127.2385,246.37003,582.85803
Oceania,OWID_OCE,2013,3357.271,204.80865,605.76587
Oceania,OWID_OCE,2014,3588.1465,216.3719,652.74426
Oceania,OWID_OCE,2015,3579.409,195.42085,742.9768
Oceania,OWID_OCE,2016,3582.9368,178.5461,940.797
Oceania,OWID_OCE,2017,3493.4395,161.66643,1102.9464
Oceania,OWID_OCE,2018,3738.9402,170.05481,1274.0186
Oceania,OWID_OCE,2019,3824.439,223.93333,1461.0239
Oceania,OWID_OCE,2020,3513.3079,222.27069,1457.1638
Oceania,OWID_OCE,2021,3426.5637,214.2501,1479.2603
Oceania,OWID_OCE,2022,3198.7764,198.70668,1542.3914
Oceania,OWID_OCE,2023,3207.0242,181.57283,1507.1117
Oceania,OWID_OCE,2024,3270.1057,175.79169,1522.9299
Oceania,OWID_OCE,2025,3042.8162,160.11562,1485.7379
Oman,OMN,1967,,32.830685,
Oman,OMN,1968,,139.19073,
Oman,OMN,1969,,188.34445,
Oman,OMN,1970,,191.22433,
Oman,OMN,1971,,169.33722,
Oman,OMN,1972,,162.8705,
Oman,OMN,1973,,168.76125,
Oman,OMN,1974,,167.03331,
Oman,OMN,1975,,196.40813,
Oman,OMN,1976,,211.96268,
Oman,OMN,1977,,195.83217,
Oman,OMN,1978,,180.85677,3.025425
Oman,OMN,1979,,169.9132,5.0895
Oman,OMN,1980,,164.18195,6.460838
Oman,OMN,1981,,189.65233,7.6154
Oman,OMN,1982,,194.26013,8.3317
Oman,OMN,1983,,224.78691,10.348649
Oman,OMN,1984,,241.3637,13.0065
Oman,OMN,1985,,288.3003,16.559725
Oman,OMN,1986,,324.01086,19.35895
Oman,OMN,1987,,337.41425,21.686924
Oman,OMN,1988,,359.7082,21.823587
Oman,OMN,1989,,372.86066,22.648275
Oman,OMN,1990,,398.20364,24.476727
Oman,OMN,1991,,410.7192,24.816025
Oman,OMN,1992,,430.74744,27.12515
Oman,OMN,1993,,451.09174,26.03185
Oman,OMN,1994,,470.4649,27.257101
Oman,OMN,1995,,497.84766,38.180676
Oman,OMN,1996,,515.9607,41.281498
Oman,OMN,1997,,522.30286,46.955353
Oman,OMN,1998,,519.99896,48.755524
Oman,OMN,1999,,519.83264,51.385098
Oman,OMN,2000,,546.8981,103.21108
Oman,OMN,2001,,545.39197,154.2464
Oman,OMN,2002,,511.8564,166.441
Oman,OMN,2003,,467.8142,183.3549
Oman,OMN,2004,,446.93564,186.57536
Oman,OMN,2005,,441.93256,208.49399
Oman,OMN,2006,,420.76874,242.9146
Oman,OMN,2007,,405.1641,246.06517
Oman,OMN,2008,,431.13528,241.36316
Oman,OMN,2009,,461.24155,239.1397
Oman,OMN,2010,,490.8049,256.9776
Oman,OMN,2011,,502.56876,271.27878
Oman,OMN,2012,,523.3463,283.2199
Oman,OMN,2013,,535.9359,307.859
Oman,OMN,2014,,537.5265,293.49078
Oman,OMN,2015,,558.5997,307.4712
Oman,OMN,2016,,573.547,314.77505
Oman,OMN,2017,,553.1735,323.23413
Oman,OMN,2018,,556.1946,363.32648
Oman,OMN,2019,,550.4265,366.90195
Oman,OMN,2020,,536.27155,369.30405
Oman,OMN,2021,,544.56946,402.51956
Oman,OMN,2022,,598.33356,421.11182
Oman,OMN,2023,,588.188,431.52698
Oman,OMN,2024,,557.4839,453.20673
Oman,OMN,2025,,559.6964,456.13635
Other Africa (EI),,1965,,1.19789,
Other Africa (EI),,1966,,1.19789,
Other Africa (EI),,1967,,1.15137,
Other Africa (EI),,1968,,1.0350701,
Other Africa (EI),,1969,,0.67454,
Other Africa (EI),,1970,,0.51172,1.02976
Other Africa (EI),,1971,,0.26749,1.8277769
Other Africa (EI),,1972,,0.32564002,2.3688462
Other Africa (EI),,1973,,0.48846,7.5037775
Other Africa (EI),,1974,,0.29075,9.608622
Other Africa (EI),,1975,,0.23259999,5.9408984
Other Africa (EI),,1976,,14.722047,4.506009
Other Africa (EI),,1977,,14.109043,5.2009115
Other Africa (EI),,1978,,18.043625,5.9672766
Other Africa (EI),,1979,,32.24865,6.466945
Other Africa (EI),,1980,,45.61222,8.286139
Other Africa (EI),,1981,17.746784,70.05778,9.38611
Other Africa (EI),,1982,14.778281,87.76183,10.211803
Other Africa (EI),,1983,13.509263,95.75484,10.271449
Other Africa (EI),,1984,15.142591,120.961205,10.022874
Other Africa (EI),,1985,15.418881,141.9736,10.365809
Other Africa (EI),,1986,15.910649,136.86644,11.128322
Other Africa (EI),,1987,15.152625,128.67732,11.059893
Other Africa (EI),,1988,15.16635,124.49033,13.27394
Other Africa (EI),,1989,14.582176,115.21662,12.160848
Other Africa (EI),,1990,15.249214,111.70712,30.057632
Other Africa (EI),,1991,15.099222,103.535446,29.44725
Other Africa (EI),,1992,15.590343,96.222466,28.90244
Other Africa (EI),,1993,13.913038,96.914345,30.665281
Other Africa (EI),,1994,14.671834,91.26811,30.180387
Other Africa (EI),,1995,15.390615,91.22057,31.336233
Other Africa (EI),,1996,13.501864,100.07862,40.158222
Other Africa (EI),,1997,12.336366,109.314896,49.961838
Other Africa (EI),,1998,15.228012,97.067116,52.348454
Other Africa (EI),,1999,13.961809,87.206154,61.17944
Other Africa (EI),,2000,12.531401,84.3221,62.096493
Other Africa (EI),,2001,12.152749,79.008224,69.81433
Other Africa (EI),,2002,13.352679,78.94563,69.68661
Other Africa (EI),,2003,11.415178,81.190704,61.70403
Other Africa (EI),,2004,12.741233,100.20571,92.047165
Other Africa (EI),,2005,11.566978,102.599655,105.22187
Other Africa (EI),,2006,11.333364,132.3976,107.69162
Other Africa (EI),,2007,9.644197,111.203735,122.78835
Other Africa (EI),,2008,9.756281,107.242645,156.08606
Other Africa (EI),,2009,8.96909,105.50875,160.94604
Other Africa (EI),,2010,11.97389,86.59827,181.69223
Other Africa (EI),,2011,13.967446,115.27549,179.22902
Other Africa (EI),,2012,50.409634,120.60323,188.5297
Other Africa (EI),,2013,59.270287,139.66685,204.26549
Other Africa (EI),,2014,67.28241,142.54222,205.60426
Other Africa (EI),,2015,69.72367,159.65881,217.21718
Other Africa (EI),,2016,65.95861,156.87831,227.85365
Other Africa (EI),,2017,120.3822,183.00851,269.5729
Other Africa (EI),,2018,146.31189,182.81744,276.41165
Other Africa (EI),,2019,108.54981,202.37242,281.8095
Other Africa (EI),,2020,96.705345,193.64903,297.51724
Other Africa (EI),,2021,126.886284,171.59631,297.90054
Other Africa (EI),,2022,169.78987,166.07954,322.48413
Other Africa (EI),,2023,175.82849,166.3553,351.94125
Other Africa (EI),,2024,192.063,204.0749,351.98407
Other Africa (EI),,2025,217.27129,229.70299,392.77847
Other Asia Pacific (EI),,1965,,19.524548,
Other Asia Pacific (EI),,1966,,18.981226,
Other Asia Pacific (EI),,1967,,17.301167,
Other Asia Pacific (EI),,1968,,19.633308,
Other Asia Pacific (EI),,1969,,20.27146,
Other Asia Pacific (EI),,1970,,21.862768,54.356453
Other Asia Pacific (EI),,1971,,23.514236,61.04836
Other Asia Pacific (EI),,1972,,24.649815,66.23193
Other Asia Pacific (EI),,1973,,26.071613,68.5318
Other Asia Pacific (EI),,1974,,26.246645,72.17815
Other Asia Pacific (EI),,1975,,26.36431,70.94935
Other Asia Pacific (EI),,1976,,34.315456,78.89916
Other Asia Pacific (EI),,1977,,40.006775,89.14804
Other Asia Pacific (EI),,1978,,39.79768,85.53533
Other Asia Pacific (EI),,1979,,51.306362,76.38709
Other Asia Pacific (EI),,1980,,43.02759,78.32939
Other Asia Pacific (EI),,1981,325.96597,42.809288,75.05906
Other Asia Pacific (EI),,1982,342.97852,47.029358,78.29738
Other Asia Pacific (EI),,1983,346.31076,49.94089,82.143585
Other Asia Pacific (EI),,1984,354.70187,56.9171,90.249886
Other Asia Pacific (EI),,1985,367.94467,67.40004,98.53259
Other Asia Pacific (EI),,1986,363.12613,68.77574,103.48584
Other Asia Pacific (EI),,1987,354.38562,65.19264,103.18639
Other Asia Pacific (EI),,1988,346.94754,67.51622,107.85289
Other Asia Pacific (EI),,1989,341.38397,72.378006,82.38098
Other Asia Pacific (EI),,1990,321.88223,78.105125,80.3651
Other Asia Pacific (EI),,1991,313.4561,80.01143,81.36558
Other Asia Pacific (EI),,1992,272.14014,111.20349,83.661606
Other Asia Pacific (EI),,1993,252.32509,149.94894,82.79357
Other Asia Pacific (EI),,1994,234.53532,140.24983,80.85744
Other Asia Pacific (EI),,1995,218.60188,123.98823,78.74252
Other Asia Pacific (EI),,1996,194.14482,132.39201,85.052795
Other Asia Pacific (EI),,1997,190.46526,120.98569,88.6124
Other Asia Pacific (EI),,1998,174.20172,115.47683,82.45598
Other Asia Pacific (EI),,1999,195.98158,116.2771,88.576645
Other Asia Pacific (EI),,2000,211.60867,105.46521,93.1336
Other Asia Pacific (EI),,2001,216.24686,102.48155,98.64807
Other Asia Pacific (EI),,2002,209.55592,104.413574,112.28923
Other Asia Pacific (EI),,2003,216.24657,102.63908,109.058846
Other Asia Pacific (EI),,2004,232.27039,121.120605,105.59222
Other Asia Pacific (EI),,2005,258.41364,144.0499,112.97301
Other Asia Pacific (EI),,2006,261.69437,152.64653,145.33601
Other Asia Pacific (EI),,2007,241.42783,162.31596,172.44788
Other Asia Pacific (EI),,2008,258.45154,173.46661,181.79529
Other Asia Pacific (EI),,2009,267.60178,167.919,184.89153
Other Asia Pacific (EI),,2010,287.98074,160.56255,178.56747
Other Asia Pacific (EI),,2011,294.6344,152.05229,177.2596
Other Asia Pacific (EI),,2012,293.34283,146.56883,176.8503
Other Asia Pacific (EI),,2013,299.4316,138.87688,182.28435
Other Asia Pacific (EI),,2014,303.67844,151.78406,230.90105
Other Asia Pacific (EI),,2015,313.0546,152.78131,279.46393
Other Asia Pacific (EI),,2016,390.1068,144.42052,289.86407
Other Asia Pacific (EI),,2017,370.1204,139.65604,291.64075
Other Asia Pacific (EI),,2018,339.50638,119.76341,269.0882
Other Asia Pacific (EI),,2019,384.16174,118.01303,286.54398
Other Asia Pacific (EI),,2020,350.8792,106.93652,290.1072
Other Asia Pacific (EI),,2021,328.8264,101.31175,272.3756
Other Asia Pacific (EI),,2022,367.9923,86.87574,239.01219
Other Asia Pacific (EI),,2023,398.62537,82.29095,215.35518
Other Asia Pacific (EI),,2024,404.62643,76.26063,193.2115
Other Asia Pacific (EI),,2025,426.70337,71.51739,191.91801
Other CIS (EI),,1985,32.613266,30.237999,7.196165
Other CIS (EI),,1986,34.468845,30.121698,8.001475
Other CIS (EI),,1987,31.746328,29.5402,8.001475
Other CIS (EI),,1988,34.078957,29.075,7.0550637
Other CIS (EI),,1989,32.843124,28.2609,7.0550637
Other CIS (EI),,1990,28.690931,27.377022,6.0274596
Other CIS (EI),,1991,28.349579,26.2838,5.6792445
Other CIS (EI),,1992,22.910378,25.59763,5.5174007
Other CIS (EI),,1993,16.87456,25.155691,4.72056
Other CIS (EI),,1994,13.988156,24.646296,4.6208024
Other CIS (EI),,1995,11.130997,23.858946,4.2617064
Other CIS (EI),,1996,9.952827,22.92273,4.0332747
Other CIS (EI),,1997,10.178628,22.501724,3.8867927
Other CIS (EI),,1998,7.639797,22.416824,3.8360243
Other CIS (EI),,1999,10.551073,22.52382,3.999603
Other CIS (EI),,2000,7.5325136,22.521494,4.1253386
Other CIS (EI),,2001,7.7205486,22.604069,4.2181077
Other CIS (EI),,2002,8.212914,22.534288,3.8855474
Other CIS (EI),,2003,6.987894,22.180737,3.968964
Other CIS (EI),,2004,7.9845963,22.062109,3.904152
Other CIS (EI),,2005,8.614795,21.909758,3.5750246
Other CIS (EI),,2006,8.075135,21.8016,3.3122663
Other CIS (EI),,2007,9.934734,21.566673,3.0044248
Other CIS (EI),,2008,10.040307,21.361984,3.041679
Other CIS (EI),,2009,10.073747,21.207306,3.078933
Other CIS (EI),,2010,10.380963,21.050299,3.2923057
Other CIS (EI),,2011,12.773314,20.929348,3.4112096
Other CIS (EI),,2012,15.230938,20.571144,3.3028114
Other CIS (EI),,2013,16.15406,20.403671,3.3960774
Other CIS (EI),,2014,17.606035,20.369946,3.3130474
Other CIS (EI),,2015,18.19972,20.66337,3.355814
Other CIS (EI),,2016,20.79779,21.113493,3.1937804
Other CIS (EI),,2017,25.17491,21.4757,3.0038593
Other CIS (EI),,2018,32.171284,22.02651,3.1039476
Other CIS (EI),,2019,33.569817,22.636553,3.165784
Other CIS (EI),,2020,29.702545,22.93898,3.159137
Other CIS (EI),,2021,31.448803,23.678602,3.2962816
Other CIS (EI),,2022,38.72315,24.76841,2.9422948
Other CIS (EI),,2023,38.44485,25.550638,2.8423266
Other CIS (EI),,2024,42.045876,26.224487,2.9378014
Other CIS (EI),,2025,45.026707,26.526867,2.938449
Other Caribbean (EI),,1965,,0.67454,
Other Caribbean (EI),,1966,,0.80246997,
Other Caribbean (EI),,1967,,1.34908,
Other Caribbean (EI),,1968,,2.30274,
Other Caribbean (EI),,1969,,2.39578,
Other Caribbean (EI),,1970,,1.84917,0.043879997
Other Caribbean (EI),,1971,,1.3956,0.0874
Other Caribbean (EI),,1972,,1.3025601,0.09378
Other Caribbean (EI),,1973,,1.6049399,0.18044
Other Caribbean (EI),,1974,,2.0761728,0.21646
Other Caribbean (EI),,1975,,2.8118792,0.19520001
Other Caribbean (EI),,1976,,2.9783862,0.26172
Other Caribbean (EI),,1977,,3.1607795,0.22045
Other Caribbean (EI),,1978,,3.777605,0.19817
Other Caribbean (EI),,1979,,3.8387716,0.30008
Other Caribbean (EI),,1980,,3.677292,0.30394998
Other Caribbean (EI),,1981,,3.3791685,0.21806
Other Caribbean (EI),,1982,,6.7199945,0.18992001
Other Caribbean (EI),,1983,,9.241124,0.18841
Other Caribbean (EI),,1984,,9.997778,0.22489001
Other Caribbean (EI),,1985,,11.257002,0.31803
Other Caribbean (EI),,1986,,11.826437,0.31515
Other Caribbean (EI),,1987,,11.265181,0.44885
Other Caribbean (EI),,1988,,9.074718,0.46559003
Other Caribbean (EI),,1989,,9.02317,0.60164
Other Caribbean (EI),,1990,,9.293677,0.60864
Other Caribbean (EI),,1991,,10.272302,0.49912
Other Caribbean (EI),,1992,,11.091697,0.40996
Other Caribbean (EI),,1993,,13.985289,0.47647
Other Caribbean (EI),,1994,,15.927498,0.40133
Other Caribbean (EI),,1995,,17.939487,0.41856998
Other Caribbean (EI),,1996,,17.815914,0.47008
Other Caribbean (EI),,1997,,17.553558,0.61179
Other Caribbean (EI),,1998,,20.530397,1.6635599
Other Caribbean (EI),,1999,,26.040436,5.2723193
Other Caribbean (EI),,2000,,32.262863,6.38246
Other Caribbean (EI),,2001,,33.045155,6.5363
Other Caribbean (EI),,2002,,42.865307,6.4021297
Other Caribbean (EI),,2003,,43.407738,6.569825
Other Caribbean (EI),,2004,,38.44533,7.0211
Other Caribbean (EI),,2005,,34.746452,7.4111724
Other Caribbean (EI),,2006,,34.277992,10.758925
Other Caribbean (EI),,2007,,34.27455,11.905972
Other Caribbean (EI),,2008,,35.416725,11.340552
Other Caribbean (EI),,2009,,32.254257,11.279531
Other Caribbean (EI),,2010,,35.667976,10.480456
Other Caribbean (EI),,2011,,35.518135,8.721857
Other Caribbean (EI),,2012,,35.33347,8.945404
Other Caribbean (EI),,2013,,34.12046,8.28279
Other Caribbean (EI),,2014,,34.18495,8.8896475
Other Caribbean (EI),,2015,,33.23134,9.774385
Other Caribbean (EI),,2016,,30.851322,9.293644
Other Caribbean (EI),,2017,,29.724464,9.34729
Other Caribbean (EI),,2018,,29.008272,9.400264
Other Caribbean (EI),,2019,,27.931372,8.965756
Other Caribbean (EI),,2020,,27.273745,8.414165
Other Caribbean (EI),,2021,,28.554455,6.7285075
Other Caribbean (EI),,2022,,27.843546,8.679632
Other Caribbean (EI),,2023,,27.101448,6.427134
Other Caribbean (EI),,2024,,25.800163,5.860076
Other Caribbean (EI),,2025,,24.538395,5.839075
Other Eastern Africa (EI),,1981,7.3071384,,
Other Eastern Africa (EI),,1982,4.7164373,,
Other Eastern Africa (EI),,1983,3.6038508,,
Other Eastern Africa (EI),,1984,4.362778,,
Other Eastern Africa (EI),,1985,3.8561718,,
Other Eastern Africa (EI),,1986,3.8875976,,
Other Eastern Africa (EI),,1987,3.5267544,,
Other Eastern Africa (EI),,1988,3.806527,,
Other Eastern Africa (EI),,1989,3.594846,,
Other Eastern Africa (EI),,1990,3.4372199,,
Other Eastern Africa (EI),,1991,3.5731373,,
Other Eastern Africa (EI),,1992,3.3947062,,
Other Eastern Africa (EI),,1993,2.9269605,,
Other Eastern Africa (EI),,1994,1.9748473,,
Other Eastern Africa (EI),,1995,2.536796,,
Other Eastern Africa (EI),,1996,2.3047497,,
Other Eastern Africa (EI),,1997,1.1817,,
Other Eastern Africa (EI),,1998,2.2570271,,
Other Eastern Africa (EI),,1999,2.2942371,,
Other Eastern Africa (EI),,2000,2.0901637,,
Other Eastern Africa (EI),,2001,1.7258159,,
Other Eastern Africa (EI),,2002,1.7264984,,
Other Eastern Africa (EI),,2003,1.5120628,,
Other Eastern Africa (EI),,2004,1.5644425,,
Other Eastern Africa (EI),,2005,1.8438143,,
Other Eastern Africa (EI),,2006,1.2902002,,
Other Eastern Africa (EI),,2007,0.87224144,,
Other Eastern Africa (EI),,2008,0.80584615,,
Other Eastern Africa (EI),,2009,1.2346398,,
Other Eastern Africa (EI),,2010,2.3738728,,
Other Eastern Africa (EI),,2011,5.838478,,
Other Eastern Africa (EI),,2012,38.54791,,
Other Eastern Africa (EI),,2013,46.508415,,
Other Eastern Africa (EI),,2014,51.603485,0.58498204,
Other Eastern Africa (EI),,2015,53.51627,0.67054063,
Other Eastern Africa (EI),,2016,50.93886,0.6725304,
Other Eastern Africa (EI),,2017,97.93854,0.56110525,
Other Eastern Africa (EI),,2018,125.69551,0.51733106,
Other Eastern Africa (EI),,2019,89.24216,0.46360824,
Other Eastern Africa (EI),,2020,76.71309,0.3915738,
Other Eastern Africa (EI),,2021,101.321724,0.3709434,
Other Eastern Africa (EI),,2022,141.48195,0.7741605,
Other Eastern Africa (EI),,2023,149.2291,2.2440789,
Other Eastern Africa (EI),,2024,162.56331,2.6128852,
Other Eastern Africa (EI),,2025,185.07347,2.6326365,
Other Europe (EI),,1965,,277.0615,
Other Europe (EI),,1966,,286.36548,
Other Europe (EI),,1967,,298.28625,
Other Europe (EI),,1968,,305.555,
Other Europe (EI),,1969,,311.93988,
Other Europe (EI),,1970,,309.98602,146.07863
Other Europe (EI),,1971,,298.56537,152.68535
Other Europe (EI),,1972,,296.14633,160.23695
Other Europe (EI),,1973,,297.4256,172.78401
Other Europe (EI),,1974,,296.30914,176.60129
Other Europe (EI),,1975,,292.85504,175.55446
Other Europe (EI),,1976,,285.0513,180.68044
Other Europe (EI),,1977,,276.166,194.9902
Other Europe (EI),,1978,,280.7482,206.73523
Other Europe (EI),,1979,,292.11072,199.9853
Other Europe (EI),,1980,,277.49182,192.21167
Other Europe (EI),,1981,398.15176,248.02138,183.77957
Other Europe (EI),,1982,419.7834,260.6981,189.22707
Other Europe (EI),,1983,424.5676,301.66592,186.86331
Other Europe (EI),,1984,434.116,303.7,188.29091
Other Europe (EI),,1985,512.7553,394.5559,190.43297
Other Europe (EI),,1986,519.5148,397.9693,174.89876
Other Europe (EI),,1987,484.31744,385.86017,177.26872
Other Europe (EI),,1988,441.4454,374.9163,170.8364
Other Europe (EI),,1989,452.17972,361.15802,175.76736
Other Europe (EI),,1990,451.52698,356.99448,162.70732
Other Europe (EI),,1991,400.56943,359.54147,164.18098
Other Europe (EI),,1992,373.71368,340.03796,159.72433
Other Europe (EI),,1993,330.29352,313.3052,165.24135
Other Europe (EI),,1994,300.00504,314.79968,153.98125
Other Europe (EI),,1995,301.91382,298.16296,159.4663
Other Europe (EI),,1996,296.45078,282.42407,148.1847
Other Europe (EI),,1997,312.97974,268.95303,134.66852
Other Europe (EI),,1998,283.15375,259.18387,123.38776
Other Europe (EI),,1999,267.49744,241.41434,116.263855
Other Europe (EI),,2000,265.68555,239.97466,111.61369
Other Europe (EI),,2001,268.91055,238.62048,108.504906
Other Europe (EI),,2002,277.7918,247.32506,108.140175
Other Europe (EI),,2003,297.6406,250.07057,103.75276
Other Europe (EI),,2004,270.98572,245.42233,108.4875
Other Europe (EI),,2005,268.08853,233.04538,101.971405
Other Europe (EI),,2006,293.2432,227.3653,108.04753
Other Europe (EI),,2007,192.48045,227.09354,100.01008
Other Europe (EI),,2008,192.03983,217.30875,94.4516
Other Europe (EI),,2009,190.46901,204.91083,92.51318
Other Europe (EI),,2010,203.987,196.22375,93.48622
Other Europe (EI),,2011,203.47015,192.92717,92.49727
Other Europe (EI),,2012,181.79129,194.68231,83.708885
Other Europe (EI),,2013,198.84395,198.85233,71.568504
Other Europe (EI),,2014,177.85866,198.13225,63.319492
Other Europe (EI),,2015,164.33067,191.14845,60.76733
Other Europe (EI),,2016,164.76837,181.00983,86.78465
Other Europe (EI),,2017,166.09,174.37515,89.84776
Other Europe (EI),,2018,167.22702,177.10446,84.46671
Other Europe (EI),,2019,144.52159,174.23491,74.053375
Other Europe (EI),,2020,127.71176,167.07976,62.843647
Other Europe (EI),,2021,120.995705,167.16826,53.771706
Other Europe (EI),,2022,127.50433,153.09033,51.371464
Other Europe (EI),,2023,116.55683,158.5104,51.64495
Other Europe (EI),,2024,102.98793,173.25307,66.05421
Other Europe (EI),,2025,95.45571,185.44977,70.79235
Other Middle Africa (EI),,1976,,14.617376,
Other Middle Africa (EI),,1977,,13.853184,
Other Middle Africa (EI),,1978,,17.764505,
Other Middle Africa (EI),,1979,,32.027676,
Other Middle Africa (EI),,1980,,43.55371,
Other Middle Africa (EI),,1981,,62.71925,
Other Middle Africa (EI),,1982,,75.410774,
Other Middle Africa (EI),,1983,,80.00782,
Other Middle Africa (EI),,1984,,104.77224,
Other Middle Africa (EI),,1985,,125.88931,
Other Middle Africa (EI),,1986,,121.00313,
Other Middle Africa (EI),,1987,,115.16326,
Other Middle Africa (EI),,1988,,114.0117,
Other Middle Africa (EI),,1989,,110.69255,
Other Middle Africa (EI),,1990,,108.030876,
Other Middle Africa (EI),,1991,,100.46978,
Other Middle Africa (EI),,1992,,94.16978,
Other Middle Africa (EI),,1993,,91.33544,
Other Middle Africa (EI),,1994,,82.13611,
Other Middle Africa (EI),,1995,,78.89613,
Other Middle Africa (EI),,1996,,81.909706,
Other Middle Africa (EI),,1997,,89.304985,
Other Middle Africa (EI),,1998,,76.9005,
Other Middle Africa (EI),,1999,,69.64262,
Other Middle Africa (EI),,2000,,65.44144,
Other Middle Africa (EI),,2001,,62.66781,
Other Middle Africa (EI),,2002,,55.849796,
Other Middle Africa (EI),,2003,,54.21757,
Other Middle Africa (EI),,2004,,68.708466,
Other Middle Africa (EI),,2005,,63.001423,
Other Middle Africa (EI),,2006,,65.613884,
Other Middle Africa (EI),,2007,,62.36252,
Other Middle Africa (EI),,2008,,62.87431,
Other Middle Africa (EI),,2009,,58.024338,
Other Middle Africa (EI),,2010,,51.38505,
Other Middle Africa (EI),,2011,,48.529247,
Other Middle Africa (EI),,2012,,49.744915,
Other Middle Africa (EI),,2013,,52.497997,
Other Middle Africa (EI),,2014,,57.718708,
Other Middle Africa (EI),,2015,,69.58974,
Other Middle Africa (EI),,2016,,66.864746,
Other Middle Africa (EI),,2017,,56.76133,
Other Middle Africa (EI),,2018,,54.132927,
Other Middle Africa (EI),,2019,,55.25592,
Other Middle Africa (EI),,2020,,57.083755,
Other Middle Africa (EI),,2021,,55.41732,
Other Middle Africa (EI),,2022,,52.53431,
Other Middle Africa (EI),,2023,,52.393597,
Other Middle Africa (EI),,2024,,45.83993,
Other Middle Africa (EI),,2025,,42.804844,
Other Middle East (EI),,1965,,35.42746,
Other Middle East (EI),,1966,,38.187454,
Other Middle East (EI),,1967,,42.361546,
Other Middle East (EI),,1968,,45.38026,
Other Middle East (EI),,1969,,45.23625,
Other Middle East (EI),,1970,,45.566116,
Other Middle East (EI),,1971,,44.206257,
Other Middle East (EI),,1972,,41.258587,
Other Middle East (EI),,1973,,39.877064,
Other Middle East (EI),,1974,,39.306458,
Other Middle East (EI),,1975,,35.78047,
Other Middle East (EI),,1976,,34.15731,
Other Middle East (EI),,1977,,33.943043,
Other Middle East (EI),,1978,,32.177727,
Other Middle East (EI),,1979,,29.81156,
Other Middle East (EI),,1980,,30.884708,
Other Middle East (EI),,1981,,29.95357,
Other Middle East (EI),,1982,,28.744904,
Other Middle East (EI),,1983,,27.594385,
Other Middle East (EI),,1984,,27.635887,
Other Middle East (EI),,1985,,27.586243,
Other Middle East (EI),,1986,,27.7793,
Other Middle East (EI),,1987,,28.295671,
Other Middle East (EI),,1988,,28.936121,
Other Middle East (EI),,1989,,28.780218,0.8198436
Other Middle East (EI),,1990,,28.221241,1.2186865
Other Middle East (EI),,1991,,28.826363,1.2186865
Other Middle East (EI),,1992,,29.051899,1.3294761
Other Middle East (EI),,1993,,28.573252,1.5288975
Other Middle East (EI),,1994,,27.95031,2.2157936
Other Middle East (EI),,1995,,27.986364,2.2157936
Other Middle East (EI),,1996,,27.082901,2.1493196
Other Middle East (EI),,1997,,27.011435,2.3708992
Other Middle East (EI),,1998,,26.437338,2.4152148
Other Middle East (EI),,1999,,25.84696,2.3930569
Other Middle East (EI),,2000,,26.506498,2.2822673
Other Middle East (EI),,2001,,25.852036,2.1936357
Other Middle East (EI),,2002,,26.438925,1.9942142
Other Middle East (EI),,2003,,26.3093,2.25457
Other Middle East (EI),,2004,,26.493662,2.2984426
Other Middle East (EI),,2005,,105.593544,1.8929524
Other Middle East (EI),,2006,,104.02353,1.9620852
Other Middle East (EI),,2007,,110.91728,1.7145811
Other Middle East (EI),,2008,,110.42659,1.6053425
Other Middle East (EI),,2009,,109.85179,9.548649
Other Middle East (EI),,2010,,109.84713,63.997696
Other Middle East (EI),,2011,,115.10841,95.648575
Other Middle East (EI),,2012,,105.22254,77.44951
Other Middle East (EI),,2013,,119.37968,104.71121
Other Middle East (EI),,2014,,122.37111,98.639786
Other Middle East (EI),,2015,,121.81734,29.739052
Other Middle East (EI),,2016,,122.88367,6.0137563
Other Middle East (EI),,2017,,119.111694,1.1622461
Other Middle East (EI),,2018,,118.05689,1.106422
Other Middle East (EI),,2019,,121.33765,1.236678
Other Middle East (EI),,2020,,114.83882,1.7472351
Other Middle East (EI),,2021,,118.19915,2.0972981
Other Middle East (EI),,2022,,118.767586,1.765843
Other Middle East (EI),,2023,,118.38337,1.9833242
Other Middle East (EI),,2024,,116.1084,1.97402
Other Middle East (EI),,2025,,116.68572,2.263962
Other Northern Africa (EI),,1965,,1.19789,
Other Northern Africa (EI),,1966,,1.19789,
Other Northern Africa (EI),,1967,,1.15137,
Other Northern Africa (EI),,1968,,1.0350701,
Other Northern Africa (EI),,1969,,0.67454,
Other Northern Africa (EI),,1970,,0.51172,0.44976
Other Northern Africa (EI),,1971,,0.26749,0.51302695
Other Northern Africa (EI),,1972,,0.32564002,0.8224294
Other Northern Africa (EI),,1973,,0.48846,2.2860274
Other Northern Africa (EI),,1974,,0.29075,3.631705
Other Northern Africa (EI),,1975,,0.23259999,3.6618986
Other Northern Africa (EI),,1976,,0.104669996,3.7982595
Other Northern Africa (EI),,1977,,0.25586,4.0966616
Other Northern Africa (EI),,1978,,0.27912,4.8362765
Other Northern Africa (EI),,1979,,0.22096999,5.4111953
Other Northern Africa (EI),,1980,,0.16282001,5.6598887
Other Northern Africa (EI),,1981,,0.22096999,6.31286
Other Northern Africa (EI),,1982,,0.18608001,6.7010527
Other Northern Africa (EI),,1983,,0.19771,6.503699
Other Northern Africa (EI),,1984,,0.18608001,6.4043736
Other Northern Africa (EI),,1985,,0.25586,6.2585597
Other Northern Africa (EI),,1986,,0.26749,6.447822
Other Northern Africa (EI),,1987,,0.20933999,5.6588926
Other Northern Africa (EI),,1988,,0.23259999,6.7234397
Other Northern Africa (EI),,1989,,0.15119,7.0990977
Other Northern Africa (EI),,1990,,0.17445,6.326383
Other Northern Africa (EI),,1991,,0.13956,5.08
Other Northern Africa (EI),,1992,,0.12793,4.581689
Other Northern Africa (EI),,1993,,0.116299994,4.2000318
Other Northern Africa (EI),,1994,,0.093040004,4.0696373
Other Northern Africa (EI),,1995,,0.058149997,3.7933023
Other Northern Africa (EI),,1996,,0.058149997,11.393603
Other Northern Africa (EI),,1997,,0.19771,20.69689
Other Northern Africa (EI),,1998,,0.15119,23.348127
Other Northern Africa (EI),,1999,,0.12793,22.714338
Other Northern Africa (EI),,2000,,0.15119,24.695372
Other Northern Africa (EI),,2001,,0.116299994,28.06645
Other Northern Africa (EI),,2002,,0.148864,26.485294
Other Northern Africa (EI),,2003,,0.120952,26.686142
Other Northern Africa (EI),,2004,,0.126767,25.626461
Other Northern Africa (EI),,2005,,0.083735995,25.93271
Other Northern Africa (EI),,2006,,0.126767,23.830128
Other Northern Africa (EI),,2007,,0.124441005,22.775938
Other Northern Africa (EI),,2008,,0.098855,25.434233
Other Northern Africa (EI),,2009,,0.093040004,30.538357
Other Northern Africa (EI),,2010,,0.109322,36.416595
Other Northern Africa (EI),,2011,,0.095366,30.675854
Other Northern Africa (EI),,2012,,0.084899,29.702583
Other Northern Africa (EI),,2013,,0.084899,29.745626
Other Northern Africa (EI),,2014,,0.061639,27.7412
Other Northern Africa (EI),,2015,,0.05812674,26.80694
Other Northern Africa (EI),,2016,,0.05640201,23.537577
Other Northern Africa (EI),,2017,,0.049915962,22.233078
Other Northern Africa (EI),,2018,,0.052435018,21.270742
Other Northern Africa (EI),,2019,,0.040659644,19.306166
Other Northern Africa (EI),,2020,,0.07452702,20.008923
Other Northern Africa (EI),,2021,,0.034885697,23.60335
Other Northern Africa (EI),,2022,,0.02784222,21.78934
Other Northern Africa (EI),,2023,,0.02444626,19.145056
Other Northern Africa (EI),,2024,,0.022829691,14.690107
Other Northern Africa (EI),,2025,,0.01952677,13.335088
Other South America (EI),,1965,,24.981062,
Other South America (EI),,1966,,28.574272,
Other South America (EI),,1967,,40.41141,
Other South America (EI),,1968,,43.064167,
Other South America (EI),,1969,,42.466328,
Other South America (EI),,1970,,32.5231,7.36179
Other South America (EI),,1971,,41.03395,7.71069
Other South America (EI),,1972,,45.111588,7.3966804
Other South America (EI),,1973,,44.856766,5.5940304
Other South America (EI),,1974,,42.183987,6.3848696
Other South America (EI),,1975,,37.414356,7.3850503
Other South America (EI),,1976,,37.14731,11.525329
Other South America (EI),,1977,,31.773539,12.513879
Other South America (EI),,1978,,29.79168,14.316529
Other South America (EI),,1979,,29.617704,9.001619
Other South America (EI),,1980,,36.19538,8.0247
Other South America (EI),,1981,12.80046,40.1091,8.21078
Other South America (EI),,1982,11.852705,42.647575,8.71087
Other South America (EI),,1983,11.859026,39.53867,9.559859
Other South America (EI),,1984,13.646679,38.419796,10.09484
Other South America (EI),,1985,13.949187,36.022217,10.33907
Other South America (EI),,1986,15.162918,33.889286,9.571489
Other South America (EI),,1987,17.233938,32.933357,9.292371
Other South America (EI),,1988,24.082676,30.478394,12.57203
Other South America (EI),,1989,23.604734,29.716576,17.93346
Other South America (EI),,1990,23.881176,29.807667,23.339748
Other South America (EI),,1991,23.759298,28.96844,24.89285
Other South America (EI),,1992,18.508223,26.766537,27.318869
Other South America (EI),,1993,15.709653,27.482239,22.417526
Other South America (EI),,1994,15.762803,29.164795,29.516941
Other South America (EI),,1995,14.003195,29.90465,28.203915
Other South America (EI),,1996,13.4417095,30.52076,28.704002
Other South America (EI),,1997,12.799318,31.325287,27.321196
Other South America (EI),,1998,3.921262,34.92811,24.82656
Other South America (EI),,1999,6.382947,31.014214,27.40028
Other South America (EI),,2000,5.792549,30.07912,29.732094
Other South America (EI),,2001,5.8246517,33.25128,31.415876
Other South America (EI),,2002,4.332585,31.467245,28.941326
Other South America (EI),,2003,3.430715,31.024345,25.982681
Other South America (EI),,2004,2.0120914,34.294765,28.272306
Other South America (EI),,2005,4.7313685,37.781708,30.47811
Other South America (EI),,2006,4.507289,36.179058,29.959703
Other South America (EI),,2007,3.0595677,40.307186,27.9361
Other South America (EI),,2008,4.217796,38.069168,26.962713
Other South America (EI),,2009,4.4455614,36.246548,26.726252
Other South America (EI),,2010,4.1031985,38.46637,27.39895
Other South America (EI),,2011,4.6727448,39.49321,22.831484
Other South America (EI),,2012,5.5191903,42.918278,20.913803
Other South America (EI),,2013,19.69956,46.547024,19.043268
Other South America (EI),,2014,34.340755,47.89019,17.346619
Other South America (EI),,2015,26.65918,45.10584,19.182297
Other South America (EI),,2016,22.757599,42.20585,21.983875
Other South America (EI),,2017,14.440579,41.357426,22.034315
Other South America (EI),,2018,13.057454,39.42463,21.385368
Other South America (EI),,2019,9.076733,36.779,23.561277
Other South America (EI),,2020,3.5242393,33.86195,18.670359
Other South America (EI),,2021,1.4365513,33.733532,19.249056
Other South America (EI),,2022,1.881255,32.037285,19.575537
Other South America (EI),,2023,2.8144631,29.695084,22.797209
Other South America (EI),,2024,2.1735096,27.695747,24.910143
Other South America (EI),,2025,1.9364055,25.425995,23.943533
Other South and Central America (EI),,1965,,25.655602,
Other South and Central America (EI),,1966,,29.376743,
Other South and Central America (EI),,1967,,41.76049,
Other South and Central America (EI),,1968,,45.366905,
Other South and Central America (EI),,1969,,44.862106,
Other South and Central America (EI),,1970,,34.372272,7.40567
Other South and Central America (EI),,1971,,42.429554,7.79809
Other South and Central America (EI),,1972,,46.414146,7.4904604
Other South and Central America (EI),,1973,,46.461708,5.77447
Other South and Central America (EI),,1974,,44.260162,6.60133
Other South and Central America (EI),,1975,,40.226234,7.5802503
Other South and Central America (EI),,1976,,40.276886,11.787049
Other South and Central America (EI),,1977,,35.015728,12.734329
Other South and Central America (EI),,1978,,33.918182,14.5147
Other South and Central America (EI),,1979,,34.363617,9.3017
Other South and Central America (EI),,1980,,42.280087,8.32865
Other South and Central America (EI),,1981,12.80046,45.90731,8.42884
Other South and Central America (EI),,1982,11.852705,53.054283,8.900789
Other South and Central America (EI),,1983,11.859026,52.850292,9.74827
Other South and Central America (EI),,1984,13.646679,51.17388,10.31973
Other South and Central America (EI),,1985,13.949187,49.419136,10.657101
Other South and Central America (EI),,1986,15.162918,48.51855,9.88664
Other South and Central America (EI),,1987,17.233938,46.454758,9.74122
Other South and Central America (EI),,1988,24.082676,41.623253,13.03762
Other South and Central America (EI),,1989,23.604734,41.042484,18.535099
Other South and Central America (EI),,1990,23.881176,41.60179,23.94839
Other South and Central America (EI),,1991,23.759298,41.59,25.391972
Other South and Central America (EI),,1992,18.508223,41.41701,27.728828
Other South and Central America (EI),,1993,15.709653,45.561287,22.893997
Other South and Central America (EI),,1994,15.762803,49.62799,29.91827
Other South and Central America (EI),,1995,14.003195,53.856846,28.622484
Other South and Central America (EI),,1996,13.4417095,57.710453,29.174084
Other South and Central America (EI),,1997,12.799318,61.427616,27.932985
Other South and Central America (EI),,1998,3.921262,71.70561,26.490122
Other South and Central America (EI),,1999,6.382947,71.98757,32.6726
Other South and Central America (EI),,2000,5.792549,75.65833,36.114555
Other South and Central America (EI),,2001,5.8246517,79.833755,37.95218
Other South and Central America (EI),,2002,4.332585,90.172615,35.343456
Other South and Central America (EI),,2003,3.430715,90.318665,32.552505
Other South and Central America (EI),,2004,2.0120914,85.73213,35.293407
Other South and Central America (EI),,2005,4.7313685,84.3861,37.889282
Other South and Central America (EI),,2006,4.507289,82.15437,40.718628
Other South and Central America (EI),,2007,3.0595677,86.18634,39.84207
Other South and Central America (EI),,2008,4.217796,84.67205,38.303265
Other South and Central America (EI),,2009,4.4455614,79.873436,38.00578
Other South and Central America (EI),,2010,4.1031985,84.348625,37.87941
Other South and Central America (EI),,2011,4.6727448,84.39904,31.55334
Other South and Central America (EI),,2012,5.5191903,86.80873,29.859205
Other South and Central America (EI),,2013,19.69956,88.56871,27.326057
Other South and Central America (EI),,2014,34.340755,89.81946,26.236267
Other South and Central America (EI),,2015,26.65918,85.668785,28.956682
Other South and Central America (EI),,2016,22.757599,79.59061,31.27752
Other South and Central America (EI),,2017,14.440579,77.87702,31.381607
Other South and Central America (EI),,2018,13.057454,74.85592,30.785633
Other South and Central America (EI),,2019,9.076733,71.31497,32.527035
Other South and Central America (EI),,2020,3.5242393,66.474106,27.089802
Other South and Central America (EI),,2021,1.4365513,67.164955,25.99146
Other South and Central America (EI),,2022,1.881255,64.67918,28.267178
Other South and Central America (EI),,2023,2.8144631,60.770714,29.224344
Other South and Central America (EI),,2024,2.1735096,57.555393,30.97468
Other South and Central America (EI),,2025,1.9364055,51.80995,30.043255
Other Southern Africa (EI),,1981,3.6374404,,
Other Southern Africa (EI),,1982,3.5474138,,
Other Southern Africa (EI),,1983,3.3385339,,
Other Southern Africa (EI),,1984,3.4163206,,
Other Southern Africa (EI),,1985,4.1023874,,
Other Southern Africa (EI),,1986,4.4956675,,
Other Southern Africa (EI),,1987,5.020041,,
Other Southern Africa (EI),,1988,5.145014,,
Other Southern Africa (EI),,1989,5.544414,,
Other Southern Africa (EI),,1990,6.2531877,,
Other Southern Africa (EI),,1991,5.972641,,
Other Southern Africa (EI),,1992,6.6158676,,
Other Southern Africa (EI),,1993,6.1203213,,
Other Southern Africa (EI),,1994,7.5475345,,
Other Southern Africa (EI),,1995,7.1175346,,
Other Southern Africa (EI),,1996,5.9787607,,
Other Southern Africa (EI),,1997,6.5459747,,
Other Southern Africa (EI),,1998,8.968628,,
Other Southern Africa (EI),,1999,9.308601,,
Other Southern Africa (EI),,2000,8.950268,,
Other Southern Africa (EI),,2001,9.320841,,
Other Southern Africa (EI),,2002,10.190101,,
Other Southern Africa (EI),,2003,8.590253,,
Other Southern Africa (EI),,2004,9.464332,,
Other Southern Africa (EI),,2005,8.044393,,
Other Southern Africa (EI),,2006,8.534142,,
Other Southern Africa (EI),,2007,7.1575346,,
Other Southern Africa (EI),,2008,7.2143264,,
Other Southern Africa (EI),,2009,5.765157,,
Other Southern Africa (EI),,2010,7.5232234,,
Other Southern Africa (EI),,2011,6.030827,,
Other Southern Africa (EI),,2012,10.624504,,
Other Southern Africa (EI),,2013,11.645987,,
Other Southern Africa (EI),,2014,12.493839,,
Other Southern Africa (EI),,2015,14.556242,,
Other Southern Africa (EI),,2016,13.398712,,
Other Southern Africa (EI),,2017,15.973368,,
Other Southern Africa (EI),,2018,17.305424,,
Other Southern Africa (EI),,2019,14.618044,,
Other Southern Africa (EI),,2020,13.770466,,
Other Southern Africa (EI),,2021,14.414293,,
Other Southern Africa (EI),,2022,17.675169,,
Other Southern Africa (EI),,2023,16.35013,,
Other Southern Africa (EI),,2024,19.61737,,
Other Southern Africa (EI),,2025,18.82894,,
Other Western Africa (EI),,1965,,0,
Other Western Africa (EI),,1966,,0,
Other Western Africa (EI),,1967,,0,
Other Western Africa (EI),,1968,,0,
Other Western Africa (EI),,1969,,0,
Other Western Africa (EI),,1970,,0,
Other Western Africa (EI),,1971,,0,0
Other Western Africa (EI),,1972,,0,0
Other Western Africa (EI),,1973,,0,0
Other Western Africa (EI),,1974,,0,0
Other Western Africa (EI),,1975,,0,0
Other Western Africa (EI),,1976,,0,0
Other Western Africa (EI),,1977,,0,0
Other Western Africa (EI),,1978,,0,0
Other Western Africa (EI),,1979,,0,0
Other Western Africa (EI),,1980,,1.8956901,0
Other Western Africa (EI),,1981,,7.11756,0
Other Western Africa (EI),,1982,,12.16498,0
Other Western Africa (EI),,1983,,15.54931,0
Other Western Africa (EI),,1984,,16.00288,0
Other Western Africa (EI),,1985,,15.828429,0
Other Western Africa (EI),,1986,,15.59583,0
Other Western Africa (EI),,1987,,13.304721,0.0035
Other Western Africa (EI),,1988,,10.24603,0.092750005
Other Western Africa (EI),,1989,,4.37288,0.088250004
Other Western Africa (EI),,1990,,3.501793,0.06475
Other Western Africa (EI),,1991,,2.926108,0.05
Other Western Africa (EI),,1992,,1.924765,0.031
Other Western Africa (EI),,1993,,1.7526411,0.147
Other Western Africa (EI),,1994,,4.852166,0.2245
Other Western Africa (EI),,1995,,8.172531,0.96243
Other Western Africa (EI),,1996,,14.191451,4.26512
Other Western Africa (EI),,1997,,12.00692,6.55395
Other Western Africa (EI),,1998,,9.509959,8.6076
Other Western Africa (EI),,1999,,9.049433,14.09528
Other Western Africa (EI),,2000,,8.043587,14.13695
Other Western Africa (EI),,2001,,7.4409046,14.13045
Other Western Africa (EI),,2002,,13.247951,14.061029
Other Western Africa (EI),,2003,,17.312881,13.73885
Other Western Africa (EI),,2004,,17.360313,12.280001
Other Western Africa (EI),,2005,,26.716654,12.288751
Other Western Africa (EI),,2006,,57.391365,15.442668
Other Western Africa (EI),,2007,,40.2772,14.112395
Other Western Africa (EI),,2008,,36.923286,15.577275
Other Western Africa (EI),,2009,,39.589138,16.007742
Other Western Africa (EI),,2010,,30.042795,16.601727
Other Western Africa (EI),,2011,,62.88257,15.34014
Other Western Africa (EI),,2012,,68.88548,16.821762
Other Western Africa (EI),,2013,,83.619255,20.456179
Other Western Africa (EI),,2014,,81.714035,21.207014
Other Western Africa (EI),,2015,,86.58474,31.734795
Other Western Africa (EI),,2016,,86.75814,30.936083
Other Western Africa (EI),,2017,,123.38187,31.832714
Other Western Africa (EI),,2018,,126.10657,31.624641
Other Western Africa (EI),,2019,,144.81346,37.988464
Other Western Africa (EI),,2020,,134.47469,49.197342
Other Western Africa (EI),,2021,,114.306816,54.03298
Other Western Africa (EI),,2022,,111.409454,58.667484
Other Western Africa (EI),,2023,,110.47432,58.80797
Other Western Africa (EI),,2024,,154.44577,61.336674
Other Western Africa (EI),,2025,,183.16014,102.915054
Pakistan,PAK,1970,,,29.103926
Pakistan,PAK,1971,,,26.36095
Pakistan,PAK,1972,,,27.9892
Pakistan,PAK,1973,,,31.95545
Pakistan,PAK,1974,,,36.64815
Pakistan,PAK,1975,,,38.076
Pakistan,PAK,1976,,,38.8275
Pakistan,PAK,1977,,,42.418003
Pakistan,PAK,1978,,,43.587
Pakistan,PAK,1979,,,49.098003
Pakistan,PAK,1980,,,59.953
Pakistan,PAK,1981,8.117089,,65.3805
Pakistan,PAK,1982,9.209773,,71.309
Pakistan,PAK,1983,9.469937,,70.307
Pakistan,PAK,1984,12.019535,,72.144
Pakistan,PAK,1985,11.3951435,,73.647
Pakistan,PAK,1986,10.666687,,78.991
Pakistan,PAK,1987,12.539861,,84.585495
Pakistan,PAK,1988,14.048807,,89.67899
Pakistan,PAK,1989,14.152872,,95.6075
Pakistan,PAK,1990,14.6732,,102.1205
Pakistan,PAK,1991,14.725231,,110.303505
Pakistan,PAK,1992,15.505721,,108.215996
Pakistan,PAK,1993,16.390276,,124.582
Pakistan,PAK,1994,15.713851,,127.0035
Pakistan,PAK,1995,16.49434,,130.26
Pakistan,PAK,1996,18.003286,,141.5325
Pakistan,PAK,1997,16.338243,,141.115
Pakistan,PAK,1998,17.27483,,148.62999
Pakistan,PAK,1999,17.222797,,169.50499
Pakistan,PAK,2000,16.806536,,179.525
Pakistan,PAK,2001,16.962635,,189.545
Pakistan,PAK,2002,18.159386,,205.4935
Pakistan,PAK,2003,17.373692,,255.5038
Pakistan,PAK,2004,17.659872,,306.76593
Pakistan,PAK,2005,18.143774,,326.10187
Pakistan,PAK,2006,20.841667,,333.1948
Pakistan,PAK,2007,19.218248,,338.00253
Pakistan,PAK,2008,20.695974,,346.0761
Pakistan,PAK,2009,18.260847,,347.0167
Pakistan,PAK,2010,17.519382,,353.48395
Pakistan,PAK,2011,16.790926,,353.39645
Pakistan,PAK,2012,15.817917,,365.97232
Pakistan,PAK,2013,15.539542,,355.85727
Pakistan,PAK,2014,17.600035,,349.86688
Pakistan,PAK,2015,17.300846,,350.47568
Pakistan,PAK,2016,21.32817,,346.78687
Pakistan,PAK,2017,21.702806,,346.51498
Pakistan,PAK,2018,22.816166,,342.00107
Pakistan,PAK,2019,36.696053,,326.9343
Pakistan,PAK,2020,48.35542,,305.88312
Pakistan,PAK,2021,52.174145,,326.6143
Pakistan,PAK,2022,52.629482,,286.28293
Pakistan,PAK,2023,101.89189,,277.03018
Pakistan,PAK,2024,93.75601,,260.8878
Pakistan,PAK,2025,94.84139,,249.421
Peru,PER,1965,,39.47414,
Peru,PER,1966,,39.47414,
Peru,PER,1967,,44.33245,
Peru,PER,1968,,46.28077,
Peru,PER,1969,,44.93974,
Peru,PER,1970,,44.923103,3.975125
Peru,PER,1971,,38.37081,4.7451253
Peru,PER,1972,,40.13162,4.56225
Peru,PER,1973,,43.66005,4.466
Peru,PER,1974,,47.611588,4.60075
Peru,PER,1975,,44.170933,5.6787496
Peru,PER,1976,,46.95398,6.16
Peru,PER,1977,,55.780968,6.116688
Peru,PER,1978,,92.051926,6.391
Peru,PER,1979,,116.81149,5.90975
Peru,PER,1980,,119.1476,6.3525
Peru,PER,1981,,117.6083,7.2957497
Peru,PER,1982,,118.88222,7.6566873
Peru,PER,1983,,103.91183,5.0435
Peru,PER,1984,,112.52271,6.8145003
Peru,PER,1985,,114.873924,5.313
Peru,PER,1986,,108.23962,5.6354375
Peru,PER,1987,,99.80384,5.60175
Peru,PER,1988,,86.47234,5.284125
Peru,PER,1989,,79.61581,4.4804378
Peru,PER,1990,,78.70604,4.2879376
Peru,PER,1991,,70.13512,4.02325
Peru,PER,1992,,70.800804,3.628625
Peru,PER,1993,,77.11245,3.821125
Peru,PER,1994,,77.73754,3.98475
Peru,PER,1995,,74.36916,3.859625
Peru,PER,1996,,73.482025,3.917375
Peru,PER,1997,,72.595474,2.319625
Peru,PER,1998,,70.12506,3.936625
Peru,PER,1999,,64.13437,3.955875
Peru,PER,2000,,60.022717,3.3254375
Peru,PER,2001,,58.586086,3.56125
Peru,PER,2002,,56.960037,4.25425
Peru,PER,2003,,55.029415,5.033875
Peru,PER,2004,,54.542706,8.2775
Peru,PER,2005,,61.89305,14.599701
Peru,PER,2006,,64.431206,17.086443
Peru,PER,2007,,63.79315,25.751993
Peru,PER,2008,,66.30551,34.97944
Peru,PER,2009,,80.166306,35.857998
Peru,PER,2010,,84.63671,73.14946
Peru,PER,2011,,81.03579,114.80541
Peru,PER,2012,,79.84143,119.58075
Peru,PER,2013,,85.06722,123.99126
Peru,PER,2014,,87.706795,131.27231
Peru,PER,2015,,76.006836,126.56717
Peru,PER,2016,,68.0217,140.18434
Peru,PER,2017,,66.214775,130.10747
Peru,PER,2018,,68.12629,128.11485
Peru,PER,2019,,71.00466,134.95792
Peru,PER,2020,,60.470203,132.06778
Peru,PER,2021,,59.597992,124.34072
Peru,PER,2022,,59.541912,149.55145
Peru,PER,2023,,56.526627,154.24945
Peru,PER,2024,,56.896248,159.60516
Peru,PER,2025,,58.04462,154.64174
Poland,POL,1970,,,51.19325
Poland,POL,1971,,,52.79025
Poland,POL,1972,,,55.840748
Poland,POL,1973,,,56.64775
Poland,POL,1974,,,54.83525
Poland,POL,1975,,,56.43775
Poland,POL,1976,,,61.4325
Poland,POL,1977,,,64.661
Poland,POL,1978,,,69.33525
Poland,POL,1979,,,62.208
Poland,POL,1980,,,52.83525
Poland,POL,1981,1197.8241,,46.959003
Poland,POL,1982,1397.7062,,43.278
Poland,POL,1983,1423.4971,,42.311253
Poland,POL,1984,1426.0773,,46.4745
Poland,POL,1985,1436.304,,48.061996
Poland,POL,1986,1460.487,,43.63425
Poland,POL,1987,1476.4073,,43.837
Poland,POL,1988,1476.1913,,43.505
Poland,POL,1989,1362.5563,,40.28375
Poland,POL,1990,1162.5018,,27.655249
Poland,POL,1991,1113.4037,,30.915
Poland,POL,1992,1083.5659,,29.7705
Poland,POL,1993,1047.989,,38.041
Poland,POL,1994,1047.209,,36.04525
Poland,POL,1995,1072.4089,,36.858
Poland,POL,1996,1063.038,,36.52025
Poland,POL,1997,1081.6552,,37.264
Poland,POL,1998,934.4539,,37.78125
Poland,POL,1999,904.11285,,36.078503
Poland,POL,2000,836.13837,,38.534496
Poland,POL,2001,838.0157,,40.61225
Poland,POL,2002,834.70685,,41.50925
Poland,POL,2003,830.72034,,41.99925
Poland,POL,2004,806.1961,,45.6545
Poland,POL,2005,806.7764,,45.175003
Poland,POL,2006,791.3931,,45.1285
Poland,POL,2007,726.7561,,45.31861
Poland,POL,2008,708.3886,,42.913055
Poland,POL,2009,656.2531,,42.797222
Poland,POL,2010,644.18317,,42.949165
Poland,POL,2011,648.01666,,44.77361
Poland,POL,2012,672.44324,,45.435833
Poland,POL,2013,664.7652,,44.46306
Poland,POL,2014,628.4026,,43.33722
Poland,POL,2015,616.0762,,42.8325
Poland,POL,2016,605.6631,,41.318054
Poland,POL,2017,578.94165,,40.399998
Poland,POL,2018,549.7619,,39.813053
Poland,POL,2019,518.82117,,39.851944
Poland,POL,2020,467.7588,,39.287777
Poland,POL,2021,488.9499,,38.842777
Poland,POL,2022,475.16553,,38.043613
Poland,POL,2023,412.9258,,36.72278
Poland,POL,2024,388.73083,,35.78158
Poland,POL,2025,373.10007,,34.23203
Qatar,QAT,1965,,134.96996,
Qatar,QAT,1966,,168.56763,
Qatar,QAT,1967,,187.68355,
Qatar,QAT,1968,,197.49146,
Qatar,QAT,1969,,206.22018,
Qatar,QAT,1970,,210.27509,10.401751
Qatar,QAT,1971,,249.08618,10.401751
Qatar,QAT,1972,,279.9732,11.41605
Qatar,QAT,1973,,330.18402,16.353
Qatar,QAT,1974,,300.06198,13.4343
Qatar,QAT,1975,,253.14107,20.73105
Qatar,QAT,1976,,282.8775,11.3229
Qatar,QAT,1977,,251.98254,16.05285
Qatar,QAT,1978,,280.3668,15.307651
Qatar,QAT,1979,,293.11072,45.1467
Qatar,QAT,1980,,275.31665,49.06935
Qatar,QAT,1981,,240.69855,44.74305
Qatar,QAT,1982,,196.26921,52.319252
Qatar,QAT,1983,,178.5046,54.182247
Qatar,QAT,1984,,199.42004,61.3755
Qatar,QAT,1985,,178.14629,56.510998
Qatar,QAT,1986,,200.86798,60.03
Qatar,QAT,1987,,177.60414,58.0635
Qatar,QAT,1988,,205.23705,60.651
Qatar,QAT,1989,,228.99637,64.17
Qatar,QAT,1990,,245.6507,65.205
Qatar,QAT,1991,,237.2873,78.9705
Qatar,QAT,1992,,274.47525,82.25773
Qatar,QAT,1993,,253.68782,85.71816
Qatar,QAT,1994,,248.28114,89.40334
Qatar,QAT,1995,,253.89716,93.08852
Qatar,QAT,1996,,315.21988,97.0391
Qatar,QAT,1997,,386.96454,134.11154
Qatar,QAT,1998,,390.20615,162.29366
Qatar,QAT,1999,,398.6554,213.64838
Qatar,QAT,2000,,467.28427,257.715
Qatar,QAT,2001,,465.19556,279.44998
Qatar,QAT,2002,,434.172,305.32498
Qatar,QAT,2003,,509.2333,324.99
Qatar,QAT,2004,,580.2947,405.40952
Qatar,QAT,2005,,611.25684,474.03
Qatar,QAT,2006,,659.2999,524.745
Qatar,QAT,2007,,668.2696,654.12
Qatar,QAT,2008,,750.18787,796.75336
Qatar,QAT,2009,,725.67804,924.255
Qatar,QAT,2010,,824.8058,1231.1127
Qatar,QAT,2011,,904.16223,1503.559
Qatar,QAT,2012,,952.5738,1625.4633
Qatar,QAT,2013,,949.9872,1678.8921
Qatar,QAT,2014,,928.8421,1694.2522
Qatar,QAT,2015,,899.8932,1758.6449
Qatar,QAT,2016,,902.2269,1747.6855
Qatar,QAT,2017,,869.83575,1705.3588
Qatar,QAT,2018,,873.32007,1752.0287
Qatar,QAT,2019,,840.89795,1771.5247
Qatar,QAT,2020,,832.9898,1749.3484
Qatar,QAT,2021,,819.2311,1769.8041
Qatar,QAT,2022,,837.21246,1784.783
Qatar,QAT,2023,,864.3372,1809.7659
Qatar,QAT,2024,,877.6642,1797.0342
Qatar,QAT,2025,,886.95013,1835.1544
Romania,ROU,1965,,149.10823,
Romania,ROU,1966,,152.06224,
Romania,ROU,1967,,156.49329,
Romania,ROU,1968,,157.41205,
Romania,ROU,1969,,157.53998,
Romania,ROU,1970,,159.0635,217.42856
Romania,ROU,1971,,163.9016,232.36145
Romania,ROU,1972,,167.79764,237.68698
Romania,ROU,1973,,170.22832,251.63676
Romania,ROU,1974,,172.54268,259.7159
Romania,ROU,1975,,174.21739,282.12225
Romania,ROU,1976,,175.4967,307.73413
Romania,ROU,1977,,174.9152,325.8959
Romania,ROU,1978,,164.14583,328.12302
Romania,ROU,1979,,147.85219,313.5256
Romania,ROU,1980,,139.57164,323.734
Romania,ROU,1981,107.96408,141.11842,340.7496
Romania,ROU,1982,111.4468,142.25816,344.5236
Romania,ROU,1983,129.26746,140.5253,341.88644
Romania,ROU,1984,127.31919,138.8971,339.445
Romania,ROU,1985,131.08475,130.81424,324.45154
Romania,ROU,1986,136.25754,123.91765,328.342
Romania,ROU,1987,146.518,116.69543,312.05792
Romania,ROU,1988,161.30833,114.42757,305.59088
Romania,ROU,1989,162.953,111.91549,273.94525
Romania,ROU,1990,96.108345,94.62167,266.45276
Romania,ROU,1991,81.76365,81.50304,233.26851
Romania,ROU,1992,85.4483,79.39801,204.82324
Romania,ROU,1993,88.68259,80.58427,194.92026
Romania,ROU,1994,90.48501,81.10762,172.3985
Romania,ROU,1995,91.73254,80.84013,168.00299
Romania,ROU,1996,93.78893,79.68877,160.07549
Romania,ROU,1997,76.79176,78.5025,138.4895
Romania,ROU,1998,59.900337,76.21139,129.669
Romania,ROU,1999,54.039806,74.187775,130.16699
Romania,ROU,2000,65.168144,73.11781,127.55925
Romania,ROU,2001,66.29801,72.547935,125.374
Romania,ROU,2002,70.93041,70.61736,123.266
Romania,ROU,2003,76.06231,68.5007,121.283745
Romania,ROU,2004,73.2599,66.34915,120.68975
Romania,ROU,2005,67.39144,63.232307,112.826256
Romania,ROU,2006,75.35898,58.103477,111.164
Romania,ROU,2007,79.76265,55.18435,107.37675
Romania,ROU,2008,80.982445,54.88197,104.5835
Romania,ROU,2009,76.35425,52.31174,103.954
Romania,ROU,2010,68.657745,49.85781,100.2345
Romania,ROU,2011,77.48019,49.10186,100.795
Romania,ROU,2012,73.80552,46.31066,100.979744
Romania,ROU,2013,54.156677,48.04353,100.019005
Romania,ROU,2014,51.74309,47.12476,101.943
Romania,ROU,2015,54.80007,46.554886,102.17226
Romania,ROU,2016,49.258118,44.217262,90.52775
Romania,ROU,2017,51.965424,42.26342,100.11401
Romania,ROU,2018,46.72725,41.60051,99.5765
Romania,ROU,2019,45.68163,41.484207,96.22586
Romania,ROU,2020,30.147472,40.20491,85.96322
Romania,ROU,2021,34.978878,38.63486,86.356865
Romania,ROU,2022,32.287346,36.413532,87.505684
Romania,ROU,2023,26.130772,34.72718,88.99473
Romania,ROU,2024,22.511621,33.343212,89.70379
Romania,ROU,2025,21.887976,30.94743,89.07403
Russia,RUS,1985,2160.92,6307.019,4248.812
Russia,RUS,1986,2234.9768,6526.547,4625.6714
Russia,RUS,1987,2253.092,6623.0645,5005.4727
Russia,RUS,1988,2325.4946,6614.9,5423.898
Russia,RUS,1989,2236.98,6422.3887,5662.9985
Russia,RUS,1990,2158.0762,5999.812,5995.9
Russia,RUS,1991,1984.5846,5372.4087,5913.1343
Russia,RUS,1992,1903.0659,4638.16,5922.33
Russia,RUS,1993,1716.3167,4127.1963,5685.9893
Russia,RUS,1994,1527.4819,3693.4321,5584.831
Russia,RUS,1995,1450.4194,3614.0107,5411.9434
Russia,RUS,1996,1405.1366,3522.4128,5523.217
Russia,RUS,1997,1348.9637,3575.2947,5235.377
Russia,RUS,1998,1265.9254,3539.474,5412.8633
Russia,RUS,1999,1370.1302,3544.452,5444.13
Russia,RUS,2000,1413.2777,3798.9468,5370.56
Russia,RUS,2001,1493.8734,4090.0337,5347.5703
Russia,RUS,2002,1425.489,4462.377,5475.3965
Russia,RUS,2003,1541.0913,4951.0513,5706.2207
Russia,RUS,2004,1594.8219,5388.073,5825.7705
Russia,RUS,2005,1576.9117,5522.1504,5894.742
Russia,RUS,2006,1639.5974,5655.1367,6047.812
Russia,RUS,2007,1668.905,5783.959,6016.1313
Russia,RUS,2008,1732.4048,5748.1763,6114.5303
Russia,RUS,2009,1648.5525,5830.85,5361.8975
Russia,RUS,2010,1755.281,5958.2305,5983.8677
Russia,RUS,2011,1832.5391,6041.363,6168.277
Russia,RUS,2012,1957.0964,6125.9355,6018.55
Russia,RUS,2013,2013.2693,6189.7603,6144.9624
Russia,RUS,2014,2053.9744,6250.2017,5911.552
Russia,RUS,2015,2167.134,6333.144,5844.3955
Russia,RUS,2016,2255.871,6495.1113,5892.7534
Russia,RUS,2017,2393.4539,6495.898,6355.609
Russia,RUS,2018,2562.7866,6604.5015,6691.0586
Russia,RUS,2019,2563.6008,6668.512,6790.2686
Russia,RUS,2020,2336.467,6098.4463,6384.4663
Russia,RUS,2021,2564.4148,6266.0537,7021.1685
Russia,RUS,2022,2593.0132,6379.2515,6183.682
Russia,RUS,2023,2554.2742,6299.022,5863.822
Russia,RUS,2024,2533.1672,6124.206,6298.6387
Russia,RUS,2025,2545.0132,6085.4487,6093.8584
Saudi Arabia,SAU,1965,,1291.2112,
Saudi Arabia,SAU,1966,,1523.1675,
Saudi Arabia,SAU,1967,,1643.169,
Saudi Arabia,SAU,1968,,1793.6106,
Saudi Arabia,SAU,1969,,1892.793,
Saudi Arabia,SAU,1970,,2234.9546,15.361501
Saudi Arabia,SAU,1971,,2800.4424,12.8155
Saudi Arabia,SAU,1972,,3538.2239,14.525499
Saudi Arabia,SAU,1973,,4466.09,17.1
Saudi Arabia,SAU,1974,,4996.796,21.641
Saudi Arabia,SAU,1975,,4179.089,25.744999
Saudi Arabia,SAU,1976,,5085.341,27.792252
Saudi Arabia,SAU,1977,,5447.446,39.1115
Saudi Arabia,SAU,1978,,4936.231,53.9315
Saudi Arabia,SAU,1979,,5675.5664,66.215
Saudi Arabia,SAU,1980,,5929.0127,92.378
Saudi Arabia,SAU,1981,,5888.819,107.711
Saudi Arabia,SAU,1982,,3956.3425,114.1615
Saudi Arabia,SAU,1983,,2794.4504,111.47301
Saudi Arabia,SAU,1984,,2547.3987,172.9
Saudi Arabia,SAU,1985,,2001.202,178.6
Saudi Arabia,SAU,1986,,2937.7393,239.40001
Saudi Arabia,SAU,1987,,2484.2625,254.59999
Saudi Arabia,SAU,1988,,3178.5789,276.45
Saudi Arabia,SAU,1989,,3153.7424,283.1
Saudi Arabia,SAU,1990,,3984.946,318.44
Saudi Arabia,SAU,1991,,4981.6616,334.115
Saudi Arabia,SAU,1992,,5141.365,363.375
Saudi Arabia,SAU,1993,,4992.883,380.37997
Saudi Arabia,SAU,1994,,5026.3213,406.315
Saudi Arabia,SAU,1995,,5015.5874,407.83502
Saudi Arabia,SAU,1996,,5087.378,421.895
Saudi Arabia,SAU,1997,,5024.416,430.72998
Saudi Arabia,SAU,1998,,5178.7773,444.78998
Saudi Arabia,SAU,1999,,4751.1567,438.9
Saudi Arabia,SAU,2000,,5099.946,473.195
Saudi Arabia,SAU,2001,,4974.1143,510.055
Saudi Arabia,SAU,2002,,4536.3174,538.64996
Saudi Arabia,SAU,2003,,5355.6123,570.57
Saudi Arabia,SAU,2004,,5731.1167,623.96
Saudi Arabia,SAU,2005,,6008.3857,676.78
Saudi Arabia,SAU,2006,,5918.9785,697.8795
Saudi Arabia,SAU,2007,,5686.37,706.99005
Saudi Arabia,SAU,2008,,5930.9995,764.18005
Saudi Arabia,SAU,2009,,5338.2544,745.275
Saudi Arabia,SAU,2010,,5388.1865,832.77
Saudi Arabia,SAU,2011,,6079.007,876.47003
Saudi Arabia,SAU,2012,,6387.4927,943.63495
Saudi Arabia,SAU,2013,,6261.744,950.285
Saudi Arabia,SAU,2014,,6324.668,972.61
Saudi Arabia,SAU,2015,,6606.2373,992.275
Saudi Arabia,SAU,2016,,6823.463,1053.17
Saudi Arabia,SAU,2017,,6504.885,1092.5021
Saudi Arabia,SAU,2018,,6708.389,1121
Saudi Arabia,SAU,2019,,6472.84,1111.5
Saudi Arabia,SAU,2020,,6042.749,1130.5
Saudi Arabia,SAU,2021,,5989.718,1144.6068
Saudi Arabia,SAU,2022,,6665.569,1167.4989
Saudi Arabia,SAU,2023,,6151.1606,1173.547
Saudi Arabia,SAU,2024,,5933.1997,1235.683
Saudi Arabia,SAU,2025,,6231.614,1337.5457
Serbia,SRB,2007,83.64535,,
Serbia,SRB,2008,87.06596,,
Serbia,SRB,2009,86.256645,,
Serbia,SRB,2010,84.29399,,
Serbia,SRB,2011,90.89232,,
Serbia,SRB,2012,85.149,,
Serbia,SRB,2013,89.81016,,
Serbia,SRB,2014,66.563515,,
Serbia,SRB,2015,84.216576,,
Serbia,SRB,2016,84.43374,,
Serbia,SRB,2017,83.92423,,
Serbia,SRB,2018,76.86666,,
Serbia,SRB,2019,79.38111,,
Serbia,SRB,2020,83.79819,,
Serbia,SRB,2021,73.064964,,
Serbia,SRB,2022,69.53443,,
Serbia,SRB,2023,64.00724,,
Serbia,SRB,2024,63.06893,,
Serbia,SRB,2025,67.20684,,
South Africa,ZAF,1981,870.6344,,
South Africa,ZAF,1982,963.16156,,
South Africa,ZAF,1983,973.3918,,
South Africa,ZAF,1984,1089.9883,,
South Africa,ZAF,1985,1160.1698,,
South Africa,ZAF,1986,1183.2096,,
South Africa,ZAF,1987,1179.402,,
South Africa,ZAF,1988,1211.7451,,
South Africa,ZAF,1989,1175.5482,,
South Africa,ZAF,1990,1164.732,,
South Africa,ZAF,1991,1188.1667,,
South Africa,ZAF,1992,1216.5251,,
South Africa,ZAF,1993,1243.5122,,
South Africa,ZAF,1994,1292.4174,,
South Africa,ZAF,1995,1359.76,,
South Africa,ZAF,1996,1360.0792,,
South Africa,ZAF,1997,1450.1921,,
South Africa,ZAF,1998,1466.1997,,
South Africa,ZAF,1999,1468.5209,,
South Africa,ZAF,2000,1472.752,,
South Africa,ZAF,2001,1368.821,,
South Africa,ZAF,2002,1354.2211,,
South Africa,ZAF,2003,1461.9263,,
South Africa,ZAF,2004,1495.7764,,
South Africa,ZAF,2005,1609.4043,,
South Africa,ZAF,2006,1608.27,,
South Africa,ZAF,2007,1628.4193,,
South Africa,ZAF,2008,1661.129,,
South Africa,ZAF,2009,1643.0103,,
South Africa,ZAF,2010,1693.5975,,
South Africa,ZAF,2011,1651.8295,,
South Africa,ZAF,2012,1707.4292,,
South Africa,ZAF,2013,1691.0563,,
South Africa,ZAF,2014,1722.3047,,
South Africa,ZAF,2015,1656.1167,,
South Africa,ZAF,2016,1676.6671,,
South Africa,ZAF,2017,1658.5912,,
South Africa,ZAF,2018,1692.7675,,
South Africa,ZAF,2019,1698.8806,,
South Africa,ZAF,2020,1614.0898,,
South Africa,ZAF,2021,1539.1503,,
South Africa,ZAF,2022,1514.5681,,
South Africa,ZAF,2023,1539.0735,,
South Africa,ZAF,2024,1555.2814,,
South Africa,ZAF,2025,1552.2076,,
South America,OWID_SAM,1965,,2553.3594,
South America,OWID_SAM,1966,,2515.096,
South America,OWID_SAM,1967,,2667.0103,
South America,OWID_SAM,1968,,2732.7664,
South America,OWID_SAM,1969,,2758.235,
South America,OWID_SAM,1970,,2845.4517,169.18536
South America,OWID_SAM,1971,,2783.863,173.37167
South America,OWID_SAM,1972,,2641.843,183.34215
South America,OWID_SAM,1973,,2802.2776,212.78174
South America,OWID_SAM,1974,,2531.0417,227.80113
South America,OWID_SAM,1975,,2102.856,229.13478
South America,OWID_SAM,1976,,2088.4177,256.7117
South America,OWID_SAM,1977,,2059.964,276.02597
South America,OWID_SAM,1978,,2062.4429,288.97922
South America,OWID_SAM,1979,,2226.5356,300.43512
South America,OWID_SAM,1980,,2136.1929,323.90515
South America,OWID_SAM,1981,78.990776,2129.2402,332.55704
South America,OWID_SAM,1982,84.954254,2036.8329,361.6873
South America,OWID_SAM,1983,92.43301,2025.0566,396.47827
South America,OWID_SAM,1984,111.87029,2135.776,422.96616
South America,OWID_SAM,1985,131.7563,2126.575,431.69424
South America,OWID_SAM,1986,144.93526,2290.409,470.1853
South America,OWID_SAM,1987,175.64886,2265.7083,467.6257
South America,OWID_SAM,1988,197.12112,2391.0156,503.23453
South America,OWID_SAM,1989,231.80478,2419.7979,526.30664
South America,OWID_SAM,1990,226.00473,2623.5894,547.006
South America,OWID_SAM,1991,228.3483,2771.913,568.58966
South America,OWID_SAM,1992,237.2764,2837.545,571.4468
South America,OWID_SAM,1993,245.40776,2952.8865,605.08777
South America,OWID_SAM,1994,259.69275,3130.1565,642.0299
South America,OWID_SAM,1995,281.3827,3387.4304,705.4345
South America,OWID_SAM,1996,308.43933,3625.7402,777.33887
South America,OWID_SAM,1997,346.5115,3783.9172,782.9854
South America,OWID_SAM,1998,353.58008,4004.8755,832.5737
South America,OWID_SAM,1999,351.29645,3866.6208,827.0387
South America,OWID_SAM,2000,410.80078,3888.4539,872.50543
South America,OWID_SAM,2001,450.29733,3940.319,908.24475
South America,OWID_SAM,2002,419.7448,3880.9075,913.1484
South America,OWID_SAM,2003,491.7714,3843.0835,937.91174
South America,OWID_SAM,2004,534.81213,4139.839,1057.508
South America,OWID_SAM,2005,577.76215,4217.2666,1086.274
South America,OWID_SAM,2006,627.171,4300.9463,1151.7034
South America,OWID_SAM,2007,653.72046,4229.784,1183.5896
South America,OWID_SAM,2008,672.19415,4302.73,1193.5272
South America,OWID_SAM,2009,649.33594,4272.1304,1126.2592
South America,OWID_SAM,2010,652.20416,4289.6763,1190.8202
South America,OWID_SAM,2011,744.1331,4327.5083,1245.2474
South America,OWID_SAM,2012,766.90094,4303.663,1308.6335
South America,OWID_SAM,2013,755.32556,4313.2104,1341.9803
South America,OWID_SAM,2014,790.6104,4470.6104,1372.4249
South America,OWID_SAM,2015,759.9084,4679.2485,1416.3956
South America,OWID_SAM,2016,791.25555,4461.712,1457.5311
South America,OWID_SAM,2017,779.2685,4259.3306,1484.9685
South America,OWID_SAM,2018,748.6102,3895.964,1408.6255
South America,OWID_SAM,2019,744.58826,3741.8594,1365.0314
South America,OWID_SAM,2020,487.6333,3552.9363,1263.113
South America,OWID_SAM,2021,545.5542,3553.8796,1330.754
South America,OWID_SAM,2022,568.88007,3907.5688,1366.5419
South America,OWID_SAM,2023,590.4546,4336.8667,1362.7267
South America,OWID_SAM,2024,495.9776,4598.5747,1383.6866
South America,OWID_SAM,2025,429.46542,5065.916,1386.5372
South Korea,KOR,1981,101.65318,,
South Korea,KOR,1982,102.93759,,
South Korea,KOR,1983,101.632706,,
South Korea,KOR,1984,109.35456,,
South Korea,KOR,1985,115.35704,,
South Korea,KOR,1986,124.10745,,
South Korea,KOR,1987,124.21491,,
South Korea,KOR,1988,124.32237,,
South Korea,KOR,1989,106.361,,
South Korea,KOR,1990,90.10517,,
South Korea,KOR,1991,78.80604,,
South Korea,KOR,1992,62.639763,,
South Korea,KOR,1993,49.231533,,
South Korea,KOR,1994,38.717434,,
South Korea,KOR,1995,29.93562,,
South Korea,KOR,1996,25.911058,,
South Korea,KOR,1997,23.613552,,
South Korea,KOR,1998,22.823294,,
South Korea,KOR,1999,21.964998,,
South Korea,KOR,2000,21.719025,,
South Korea,KOR,2001,19.976269,,
South Korea,KOR,2002,17.364754,,
South Korea,KOR,2003,17.260084,,
South Korea,KOR,2004,16.700098,,
South Korea,KOR,2005,14.821272,,
South Korea,KOR,2006,14.779405,,
South Korea,KOR,2007,15.607344,,
South Korea,KOR,2008,14.996245,,
South Korea,KOR,2009,13.622626,,
South Korea,KOR,2010,11.270167,,
South Korea,KOR,2011,11.270167,,
South Korea,KOR,2012,10.958949,,
South Korea,KOR,2013,9.498802,,
South Korea,KOR,2014,9.148158,,
South Korea,KOR,2015,9.2318945,,
South Korea,KOR,2016,9.033021,,
South Korea,KOR,2017,8.16897,,
South Korea,KOR,2018,6.601188,,
South Korea,KOR,2019,5.9630733,,
South Korea,KOR,2020,5.605509,,
South Korea,KOR,2021,4.939889,,
South Korea,KOR,2022,4.491739,,
South Korea,KOR,2023,3.5380657,,
South Korea,KOR,2024,2.9744074,,
South Korea,KOR,2025,2.3006468,,
South Sudan,SSD,2012,,17.831106,
South Sudan,SSD,2013,,57.131416,
South Sudan,SSD,2014,,88.99592,
South Sudan,SSD,2015,,84.63416,
South Sudan,SSD,2016,,78.520805,
South Sudan,SSD,2017,,84.326416,
South Sudan,SSD,2018,,82.66252,
South Sudan,SSD,2019,,98.25598,
South Sudan,SSD,2020,,94.508026,
South Sudan,SSD,2021,,87.407585,
South Sudan,SSD,2022,,80.80363,
South Sudan,SSD,2023,,84.58163,
South Sudan,SSD,2024,,49.68767,
South Sudan,SSD,2025,,75.98407,
South and Central America (EI),,1965,,2631.623,
South and Central America (EI),,1966,,2603.855,
South and Central America (EI),,1967,,2771.2913,
South and Central America (EI),,1968,,2845.382,
South and Central America (EI),,1969,,2851.0593,
South and Central America (EI),,1970,,2927.9377,186.99683
South and Central America (EI),,1971,,2859.5596,192.09407
South and Central America (EI),,1972,,2724.5808,202.69667
South and Central America (EI),,1973,,2899.4946,231.46017
South and Central America (EI),,1974,,2640.8254,244.91734
South and Central America (EI),,1975,,2230.0789,244.68973
South and Central America (EI),,1976,,2213.989,274.26166
South and Central America (EI),,1977,,2195.1052,296.5679
South and Central America (EI),,1978,,2199.0442,313.43765
South and Central America (EI),,1979,,2354.5408,325.8117
South and Central America (EI),,1980,,2264.7192,352.5416
South and Central America (EI),,1981,78.990776,2243.898,363.98456
South and Central America (EI),,1982,84.95426,2149.1875,399.80844
South and Central America (EI),,1983,92.433014,2130.5247,435.96393
South and Central America (EI),,1984,111.87029,2246.714,464.36707
South and Central America (EI),,1985,131.7563,2240.405,474.16425
South and Central America (EI),,1986,144.93527,2401.5437,513.63495
South and Central America (EI),,1987,175.64886,2367.776,513.76807
South and Central America (EI),,1988,197.12112,2488.7437,556.2944
South and Central America (EI),,1989,231.80478,2516.527,579.603
South and Central America (EI),,1990,226.00471,2721.154,602.24835
South and Central America (EI),,1991,228.3483,2868.786,624.4404
South and Central America (EI),,1992,237.2764,2933.0122,625.3448
South and Central America (EI),,1993,245.40776,3046.0103,665.5974
South and Central America (EI),,1994,259.69275,3229.2788,711.1885
South and Central America (EI),,1995,281.38266,3489.7197,779.6663
South and Central America (EI),,1996,308.43933,3730.5679,861.153
South and Central America (EI),,1997,346.5115,3888.8875,874.0406
South and Central America (EI),,1998,353.58008,4116.0493,924.6806
South and Central America (EI),,1999,351.29642,3984.87,946.3864
South and Central America (EI),,2000,410.80078,4010.4692,1017.1946
South and Central America (EI),,2001,450.29733,4060.466,1061.9297
South and Central America (EI),,2002,419.7448,4024.2664,1092.1747
South and Central America (EI),,2003,491.7714,3991.5676,1196.3357
South and Central America (EI),,2004,534.81213,4274.1094,1350.3158
South and Central America (EI),,2005,577.76215,4358.1787,1393.7888
South and Central America (EI),,2006,627.171,4442.072,1518.065
South and Central America (EI),,2007,653.72046,4359.3125,1572.5289
South and Central America (EI),,2008,672.19415,4429.4185,1578.8629
South and Central America (EI),,2009,649.336,4394.8667,1523.1208
South and Central America (EI),,2010,652.20416,4408.034,1604.231
South and Central America (EI),,2011,744.1331,4440.7593,1640.8215
South and Central America (EI),,2012,766.90094,4407.8228,1702.9031
South and Central America (EI),,2013,755.32556,4414.642,1737.7357
South and Central America (EI),,2014,790.6105,4571.3193,1761.9866
South and Central America (EI),,2015,759.9084,4775.9165,1785.7285
South and Central America (EI),,2016,791.25555,4549.47,1779.6417
South and Central America (EI),,2017,779.2685,4346.7886,1813.045
South and Central America (EI),,2018,748.6102,3976.7607,1757.6368
South and Central America (EI),,2019,744.58826,3818.965,1719.6061
South and Central America (EI),,2020,487.6333,3625.462,1566.1852
South and Central America (EI),,2021,545.5542,3627.8994,1584.7263
South and Central America (EI),,2022,568.8801,3979.5461,1635.0323
South and Central America (EI),,2023,590.4545,4407.6133,1619.0898
South and Central America (EI),,2024,495.9776,4663.677,1633.8768
South and Central America (EI),,2025,429.4654,5129.622,1630.6753
Spain,ESP,1981,140.22293,,
Spain,ESP,1982,150.59692,,
Spain,ESP,1983,152.98091,,
Spain,ESP,1984,151.49219,,
Spain,ESP,1985,150.21309,,
Spain,ESP,1986,153.91144,,
Spain,ESP,1987,133.67526,,
Spain,ESP,1988,126.62745,,
Spain,ESP,1989,135.46616,,
Spain,ESP,1990,132.3843,,
Spain,ESP,1991,121.370705,,
Spain,ESP,1992,123.30123,,
Spain,ESP,1993,121.31246,,
Spain,ESP,1994,114.764915,,
Spain,ESP,1995,113.206436,,
Spain,ESP,1996,111.799164,,
Spain,ESP,1997,112.0201,,
Spain,ESP,1998,107.43784,,
Spain,ESP,1999,99.855225,,
Spain,ESP,2000,97.005806,,
Spain,ESP,2001,91.44677,,
Spain,ESP,2002,89.364914,,
Spain,ESP,2003,83.08475,,
Spain,ESP,2004,80.50286,,
Spain,ESP,2005,77.06032,,
Spain,ESP,2006,72.606026,,
Spain,ESP,2007,68.209915,,
Spain,ESP,2008,50.869614,,
Spain,ESP,2009,44.31232,,
Spain,ESP,2010,38.329483,,
Spain,ESP,2011,30.798552,,
Spain,ESP,2012,28.612782,,
Spain,ESP,2013,20.49784,,
Spain,ESP,2014,18.932415,,
Spain,ESP,2015,14.48957,,
Spain,ESP,2016,7.9762125,,
Spain,ESP,2017,13.116511,,
Spain,ESP,2018,10.267918,,
Spain,ESP,2019,0.6848833,,
Spain,ESP,2020,0.5190886,,
Spain,ESP,2021,0.49378112,,
Spain,ESP,2022,0.38784835,,
Spain,ESP,2023,0.22535194,,
Spain,ESP,2024,0.23895805,,
Spain,ESP,2025,0,,
Sudan,SDN,1993,,1.1457355,
Sudan,SDN,1994,,1.1457355,
Sudan,SDN,1995,,1.1457355,
Sudan,SDN,1996,,2.8721862,
Sudan,SDN,1997,,5.1558094,
Sudan,SDN,1998,,6.874413,
Sudan,SDN,1999,,36.090668,
Sudan,SDN,2000,,102.90004,
Sudan,SDN,2001,,119.73401,
Sudan,SDN,2002,,135.30247,
Sudan,SDN,2003,,150.166,
Sudan,SDN,2004,,167.24008,
Sudan,SDN,2005,,168.24004,
Sudan,SDN,2006,,204.03307,
Sudan,SDN,2007,,276.76138,
Sudan,SDN,2008,,262.48993,
Sudan,SDN,2009,,272.2339,
Sudan,SDN,2010,,264.7055,
Sudan,SDN,2011,,166.70581,
Sudan,SDN,2012,,59.22879,
Sudan,SDN,2013,,67.51441,
Sudan,SDN,2014,,68.51756,
Sudan,SDN,2015,,62.47819,
Sudan,SDN,2016,,48.300407,
Sudan,SDN,2017,,40.10898,
Sudan,SDN,2018,,42.506702,
Sudan,SDN,2019,,41.34276,
Sudan,SDN,2020,,36.40113,
Sudan,SDN,2021,,36.712467,
Sudan,SDN,2022,,35.488037,
Sudan,SDN,2023,,32.91459,
Sudan,SDN,2024,,21.613846,
Sudan,SDN,2025,,14.896444,
Syria,SYR,1968,,12.19484,
Syria,SYR,1969,,30.693363,
Syria,SYR,1970,,49.22521,
Syria,SYR,1971,,61.386726,
Syria,SYR,1972,,67.94268,
Syria,SYR,1973,,64.282326,
Syria,SYR,1974,,74.70649,
Syria,SYR,1975,,111.19105,0
Syria,SYR,1976,,116.722046,0.314
Syria,SYR,1977,,105.978966,0.3495
Syria,SYR,1978,,103.66249,0.337
Syria,SYR,1979,,96.71305,0.3475
Syria,SYR,1980,,91.751656,0.46775
Syria,SYR,1981,,94.975685,0.472
Syria,SYR,1982,,89.76361,0.4925
Syria,SYR,1983,,93.238335,0.7475
Syria,SYR,1984,,94.07448,1.2624999
Syria,SYR,1985,,92.25454,1.5
Syria,SYR,1986,,116.05662,3.79275
Syria,SYR,1987,,133.54651,3.7342498
Syria,SYR,1988,,155.51389,8.833501
Syria,SYR,1989,,196.96133,14.4592495
Syria,SYR,1990,,235.21815,15.92175
Syria,SYR,1991,,272.954,18.583502
Syria,SYR,1992,,298.13672,19.221998
Syria,SYR,1993,,327.12854,19.025
Syria,SYR,1994,,325.47263,20.623
Syria,SYR,1995,,344.38824,26.0055
Syria,SYR,1996,,339.5189,27.7095
Syria,SYR,1997,,333.39658,42.978
Syria,SYR,1998,,332.8291,54.193752
Syria,SYR,1999,,334.38037,53.7225
Syria,SYR,2000,,326.75964,53.7225
Syria,SYR,2001,,347.75262,55.042
Syria,SYR,2002,,380.76596,60.885498
Syria,SYR,2003,,366.92746,64.56125
Syria,SYR,2004,,273.18494,59.377502
Syria,SYR,2005,,251.98462,57.4925
Syria,SYR,2006,,236.34837,58.906246
Syria,SYR,2007,,226.50334,56.550003
Syria,SYR,2008,,228.28531,55.6075
Syria,SYR,2009,,224.76598,61.356747
Syria,SYR,2010,,215.50005,84.2595
Syria,SYR,2011,,197.11723,74.17475
Syria,SYR,2012,,93.95683,60.79125
Syria,SYR,2013,,31.24378,49.9525
Syria,SYR,2014,,16.979202,46.1825
Syria,SYR,2015,,13.930833,40.5275
Syria,SYR,2016,,12.807587,35.34375
Syria,SYR,2017,,12.546561,37.5115
Syria,SYR,2018,,12.223529,32.70475
Syria,SYR,2019,,17.568169,30.442749
Syria,SYR,2020,,22.843412,25.824501
Syria,SYR,2021,,23.058573,39.679253
Syria,SYR,2022,,22.69265,34.40125
Syria,SYR,2023,,22.12631,35.15525
Syria,SYR,2024,,19.277864,35.15525
Syria,SYR,2025,,18.794529,33.09063
Thailand,THA,1981,5.294151,0.7787622,2.7255611
Thailand,THA,1982,6.166187,2.806905,13.891569
Thailand,THA,1983,5.8594704,6.8033895,16.353365
Thailand,THA,1984,7.3388515,12.351028,24.41282
Thailand,THA,1985,17.357018,23.377903,32.09128
Thailand,THA,1986,17.673073,22.965563,37.43983
Thailand,THA,1987,22.56314,21.104242,52.30879
Thailand,THA,1988,23.977057,24.180489,61.9986
Thailand,THA,1989,30.69919,23.819426,61.936176
Thailand,THA,1990,41.606102,28.371239,67.498665
Thailand,THA,1991,48.545338,32.836124,83.651276
Thailand,THA,1992,51.735832,38.406845,89.24366
Thailand,THA,1993,53.94501,39.468914,100.44572
Thailand,THA,1994,60.22411,39.733795,111.035835
Thailand,THA,1995,64.300316,38.619038,117.561066
Thailand,THA,1996,74.10746,43.918797,135.9035
Thailand,THA,1997,80.10027,49.89238,167.30255
Thailand,THA,1998,69.81312,51.891117,181.63666
Thailand,THA,1999,66.26717,56.512978,198.96596
Thailand,THA,2000,60.290333,82.92943,208.95029
Thailand,THA,2001,65.604416,90.50176,203.24478
Thailand,THA,2002,66.16691,99.43188,212.44427
Thailand,THA,2003,61.098713,116.088844,222.17865
Thailand,THA,2004,65.2471,113.605606,231.47572
Thailand,THA,2005,69.57917,138.73035,245.1774
Thailand,THA,2006,62.060894,151.06125,251.70262
Thailand,THA,2007,57.13045,159.3455,269.03192
Thailand,THA,2008,55.74603,168.27225,297.9794
Thailand,THA,2009,54.838264,174.30222,293.89734
Thailand,THA,2010,57.568237,177.12204,337.15103
Thailand,THA,2011,69.68879,183.92621,338.03888
Thailand,THA,2012,55.27612,200.86676,384.49857
Thailand,THA,2013,54.446777,198.8096,389.34747
Thailand,THA,2014,53.64447,196.39471,390.91995
Thailand,THA,2015,44.87676,204.66713,374.77267
Thailand,THA,2016,50.06937,210.82658,372.7371
Thailand,THA,2017,47.74735,204.25745,359.46515
Thailand,THA,2018,43.679813,197.32396,347.28116
Thailand,THA,2019,41.07177,196.86757,357.72687
Thailand,THA,2020,38.171604,176.03465,327.01578
Thailand,THA,2021,40.96881,162.22333,315.2594
Thailand,THA,2022,39.29714,133.536,253.43556
Thailand,THA,2023,36.904957,130.3143,256.71954
Thailand,THA,2024,36.73458,144.10544,285.32764
Thailand,THA,2025,35.894695,155.5866,293.73138
Trinidad and Tobago,TTO,1965,,77.58907,
Trinidad and Tobago,TTO,1966,,87.95666,
Trinidad and Tobago,TTO,1967,,102.93206,
Trinidad and Tobago,TTO,1968,,110.312996,
Trinidad and Tobago,TTO,1969,,90.42838,
Trinidad and Tobago,TTO,1970,,80.63677,17.767576
Trinidad and Tobago,TTO,1971,,74.301025,18.635
Trinidad and Tobago,TTO,1972,,81.43525,19.26075
Trinidad and Tobago,TTO,1973,,95.61217,18.498
Trinidad and Tobago,TTO,1974,,107.70769,16.89975
Trinidad and Tobago,TTO,1975,,124.41102,15.35975
Trinidad and Tobago,TTO,1976,,122.44165,17.28825
Trinidad and Tobago,TTO,1977,,131.89873,20.3215
Trinidad and Tobago,TTO,1978,,132.4747,24.26025
Trinidad and Tobago,TTO,1979,,123.25906,25.0765
Trinidad and Tobago,TTO,1980,,122.44165,28.3325
Trinidad and Tobago,TTO,1981,,108.859634,31.2095
Trinidad and Tobago,TTO,1982,,101.947914,37.931248
Trinidad and Tobago,TTO,1983,,92.15631,39.297253
Trinidad and Tobago,TTO,1984,,98.18435,41.176003
Trinidad and Tobago,TTO,1985,,100.43309,42.152
Trinidad and Tobago,TTO,1986,,96.50558,43.1345
Trinidad and Tobago,TTO,1987,,88.54622,45.6935
Trinidad and Tobago,TTO,1988,,86.58319,52.59425
Trinidad and Tobago,TTO,1989,,85.4033,52.694748
Trinidad and Tobago,TTO,1990,,85.770645,54.63375
Trinidad and Tobago,TTO,1991,,84.251305,55.351654
Trinidad and Tobago,TTO,1992,,80.81669,53.48801
Trinidad and Tobago,TTO,1993,,75.04474,60.033134
Trinidad and Tobago,TTO,1994,,78.65932,68.75722
Trinidad and Tobago,TTO,1995,,78.337265,73.813225
Trinidad and Tobago,TTO,1996,,77.6378,83.34405
Trinidad and Tobago,TTO,1997,,74.86783,90.44337
Trinidad and Tobago,TTO,1998,,74.39617,90.44337
Trinidad and Tobago,TTO,1999,,77.276024,114.07534
Trinidad and Tobago,TTO,2000,,76.43616,138.3067
Trinidad and Tobago,TTO,2001,,73.56447,147.14865
Trinidad and Tobago,TTO,2002,,84.65373,172.62419
Trinidad and Tobago,TTO,2003,,89.189865,251.85416
Trinidad and Tobago,TTO,2004,,82.83301,285.78665
Trinidad and Tobago,TTO,2005,,94.30742,300.10345
Trinidad and Tobago,TTO,2006,,95.15004,355.6027
Trinidad and Tobago,TTO,2007,,83.64878,377.03345
Trinidad and Tobago,TTO,2008,,80.0862,373.99518
Trinidad and Tobago,TTO,2009,,79.109535,385.58212
Trinidad and Tobago,TTO,2010,,72.47567,402.9303
Trinidad and Tobago,TTO,2011,,68.34508,386.85217
Trinidad and Tobago,TTO,2012,,60.269722,385.32407
Trinidad and Tobago,TTO,2013,,59.410603,387.4726
Trinidad and Tobago,TTO,2014,,58.77991,380.67206
Trinidad and Tobago,TTO,2015,,56.10478,359.55856
Trinidad and Tobago,TTO,2016,,50.37355,312.817
Trinidad and Tobago,TTO,2017,,50.93855,318.72928
Trinidad and Tobago,TTO,2018,,45.36544,339.61115
Trinidad and Tobago,TTO,2019,,42.569534,345.6089
Trinidad and Tobago,TTO,2020,,39.91337,294.65265
Trinidad and Tobago,TTO,2021,,40.58855,247.22997
Trinidad and Tobago,TTO,2022,,39.335358,259.79886
Trinidad and Tobago,TTO,2023,,39.670555,249.93607
Trinidad and Tobago,TTO,2024,,35.24253,244.12564
Trinidad and Tobago,TTO,2025,,37.32225,238.0383
Tunisia,TUN,1966,,8.96673,
Tunisia,TUN,1967,,26.06283,
Tunisia,TUN,1968,,37.11133,
Tunisia,TUN,1969,,43.11241,
Tunisia,TUN,1970,,48.27613,
Tunisia,TUN,1971,,47.787674,
Tunisia,TUN,1972,,46.25251,
Tunisia,TUN,1973,,45.10114,
Tunisia,TUN,1974,,48.13657,
Tunisia,TUN,1975,,53.602673,
Tunisia,TUN,1976,,43.1473,
Tunisia,TUN,1977,,50.05552,
Tunisia,TUN,1978,,57.49872,
Tunisia,TUN,1979,,64.383675,
Tunisia,TUN,1980,,65.44201,
Tunisia,TUN,1981,,62.88341,
Tunisia,TUN,1982,,59.84798,
Tunisia,TUN,1983,,64.33716,
Tunisia,TUN,1984,,63.7324,
Tunisia,TUN,1985,,62.89504,
Tunisia,TUN,1986,,61.0575,
Tunisia,TUN,1987,,58.23141,
Tunisia,TUN,1988,,57.405678,
Tunisia,TUN,1989,,57.6848,
Tunisia,TUN,1990,,55.13085,
Tunisia,TUN,1991,,63.31721,
Tunisia,TUN,1992,,63.431183,
Tunisia,TUN,1993,,57.40801,
Tunisia,TUN,1994,,53.022335,
Tunisia,TUN,1995,,51.68023,
Tunisia,TUN,1996,,51.254574,
Tunisia,TUN,1997,,48.34591,
Tunisia,TUN,1998,,47.45505,
Tunisia,TUN,1999,,48.829716,
Tunisia,TUN,2000,,42.589058,
Tunisia,TUN,2001,,38.94887,
Tunisia,TUN,2002,,40.54218,
Tunisia,TUN,2003,,36.8671,
Tunisia,TUN,2004,,38.87909,
Tunisia,TUN,2005,,39.565258,
Tunisia,TUN,2006,,37.93706,
Tunisia,TUN,2007,,52.86998,
Tunisia,TUN,2008,,48.311016,
Tunisia,TUN,2009,,45.51982,
Tunisia,TUN,2010,,44.58942,
Tunisia,TUN,2011,,39.69319,
Tunisia,TUN,2012,,39.646667,
Tunisia,TUN,2013,,36.37864,
Tunisia,TUN,2014,,33.76189,
Tunisia,TUN,2015,,30.552011,
Tunisia,TUN,2016,,28.2609,
Tunisia,TUN,2017,,23.88802,
Tunisia,TUN,2018,,23.10881,
Tunisia,TUN,2019,,21.21312,
Tunisia,TUN,2020,,19.60818,
Tunisia,TUN,2021,,24.1904,
Tunisia,TUN,2022,,20.43391,
Tunisia,TUN,2023,,19.829151,
Tunisia,TUN,2024,,17.2124,
Tunisia,TUN,2025,,15.351601,
Turkey,TUR,1981,80.63079,,
Turkey,TUR,1982,86.84215,,
Turkey,TUR,1983,91.405876,,
Turkey,TUR,1984,102.46659,,
Turkey,TUR,1985,123.69214,,
Turkey,TUR,1986,132.12297,,
Turkey,TUR,1987,141.99194,,
Turkey,TUR,1988,128.8973,,
Turkey,TUR,1989,148.5115,,
Turkey,TUR,1990,136.33606,,
Turkey,TUR,1991,127.97628,,
Turkey,TUR,1992,140.9242,,
Turkey,TUR,1993,134.32036,,
Turkey,TUR,1994,140.8028,,
Turkey,TUR,1995,140.52422,,
Turkey,TUR,1996,142.9979,,
Turkey,TUR,1997,152.56772,,
Turkey,TUR,1998,162.179,,
Turkey,TUR,1999,154.49995,,
Turkey,TUR,2000,145.23756,,
Turkey,TUR,2001,142.83325,,
Turkey,TUR,2002,132.12025,,
Turkey,TUR,2003,125.336006,,
Turkey,TUR,2004,122.48965,,
Turkey,TUR,2005,130.41881,,
Turkey,TUR,2006,153.05083,,
Turkey,TUR,2007,172.0891,,
Turkey,TUR,2008,193.91866,,
Turkey,TUR,2009,202.38525,,
Turkey,TUR,2010,203.80408,,
Turkey,TUR,2011,207.81645,,
Turkey,TUR,2012,197.90771,,
Turkey,TUR,2013,179.69855,,
Turkey,TUR,2014,190.25516,,
Turkey,TUR,2015,148.79759,,
Turkey,TUR,2016,179.79745,,
Turkey,TUR,2017,175.45506,,
Turkey,TUR,2018,192.44522,,
Turkey,TUR,2019,201.77293,,
Turkey,TUR,2020,182.83022,,
Turkey,TUR,2021,208.57721,,
Turkey,TUR,2022,229.29988,,
Turkey,TUR,2023,178.79967,,
Turkey,TUR,2024,193.47778,,
Turkey,TUR,2025,179.53575,,
Turkmenistan,TKM,1985,,78.8514,787.31934
Turkmenistan,TKM,1986,,76.2928,801.61017
Turkmenistan,TKM,1987,,75.24609,833.78815
Turkmenistan,TKM,1988,,66.5236,835.6809
Turkmenistan,TKM,1989,,66.8725,850.82355
Turkmenistan,TKM,1990,,66.291,792.4263
Turkmenistan,TKM,1991,,62.802002,761.4338
Turkmenistan,TKM,1992,,60.475998,503.0025
Turkmenistan,TKM,1993,,50.962658,588.85754
Turkmenistan,TKM,1994,,48.75296,323.30374
Turkmenistan,TKM,1995,,47.334103,291.6375
Turkmenistan,TKM,1996,,50.64865,317.625
Turkmenistan,TKM,1997,,62.42984,156.21376
Turkmenistan,TKM,1998,,74.07147,120.119995
Turkmenistan,TKM,1999,,82.14269,205.87875
Turkmenistan,TKM,2000,,84.666405,424.36627
Turkmenistan,TKM,2001,,90.07435,463.25125
Turkmenistan,TKM,2002,,95.4823,483.07877
Turkmenistan,TKM,2003,,101.2973,534.1875
Turkmenistan,TKM,2004,,107.2286,526.4875
Turkmenistan,TKM,2005,,113.1599,568.8375
Turkmenistan,TKM,2006,,116.1837,565.95
Turkmenistan,TKM,2007,,119.4401,616
Turkmenistan,TKM,2008,,123.33614,616
Turkmenistan,TKM,2009,,126.4181,333.21753
Turkmenistan,TKM,2010,,129.4419,401.27826
Turkmenistan,TKM,2011,,133.8613,563.11456
Turkmenistan,TKM,2012,,139.4437,589.6141
Turkmenistan,TKM,2013,,145.02611,589.6141
Turkmenistan,TKM,2014,,149.44551,635.0418
Turkmenistan,TKM,2015,,153.8649,658.702
Turkmenistan,TKM,2016,,153.2834,632.2026
Turkmenistan,TKM,2017,,151.82965,586.77484
Turkmenistan,TKM,2018,,145.47968,615.1672
Turkmenistan,TKM,2019,,142.0372,631.63184
Turkmenistan,TKM,2020,,120.96258,660.1465
Turkmenistan,TKM,2021,,113.91679,792.83594
Turkmenistan,TKM,2022,,111.326546,782.6819
Turkmenistan,TKM,2023,,105.59692,762.98425
Turkmenistan,TKM,2024,,104.78281,734.63354
Turkmenistan,TKM,2025,,105.949295,724.26086
USSR,OWID_USS,1965,,2824.7874,
USSR,OWID_USS,1966,,3083.113,
USSR,OWID_USS,1967,,3350.603,
USSR,OWID_USS,1968,,3595.996,
USSR,OWID_USS,1969,,3818.129,
USSR,OWID_USS,1970,,4105.8438,1875.0139
USSR,OWID_USS,1971,,4384.51,2011.9374
USSR,OWID_USS,1972,,4656.652,2097.189
USSR,OWID_USS,1973,,4989.27,2238.3276
USSR,OWID_USS,1974,,5337.007,2468.507
USSR,OWID_USS,1975,,5708.0156,2740.0618
USSR,OWID_USS,1976,,6043.8438,3040.1946
USSR,OWID_USS,1977,,6347.6426,3277.4783
USSR,OWID_USS,1978,,6646.906,3525.5698
USSR,OWID_USS,1979,,6810.528,3851.4487
USSR,OWID_USS,1980,,7014.9834,4122.3877
USSR,OWID_USS,1981,4027.8452,7080.5767,4407.507
USSR,OWID_USS,1982,4061.56,7123.9683,4742.8296
USSR,OWID_USS,1983,4057.7874,7168.0693,5074.364
USSR,OWID_USS,1984,4013.748,7125.8174,5564.087
Ukraine,UKR,1985,1083.9856,,405.82104
Ukraine,UKR,1986,1110.2439,,375.72516
Ukraine,UKR,1987,1097.9105,,336.9223
Ukraine,UKR,1988,1091.6465,,306.63715
Ukraine,UKR,1989,1026.1592,,291.4946
Ukraine,UKR,1990,1009.5795,,265.9415
Ukraine,UKR,1991,858.5726,,230.92429
Ukraine,UKR,1992,815.0386,,198.7463
Ukraine,UKR,1993,694.31366,,181.71092
Ukraine,UKR,1994,571.3583,,172.24681
Ukraine,UKR,1995,497.49072,,160.68166
Ukraine,UKR,1996,376.3641,,162.44199
Ukraine,UKR,1997,390.50162,,164.85533
Ukraine,UKR,1998,399.71887,,158.63742
Ukraine,UKR,1999,422.01147,,159.90086
Ukraine,UKR,2000,422.69614,,157.88028
Ukraine,UKR,2001,419.52203,,161.56181
Ukraine,UKR,2002,417.74255,,176.78958
Ukraine,UKR,2003,405.3614,,182.96964
Ukraine,UKR,2004,402.79318,,193.66408
Ukraine,UKR,2005,403.2934,,196.73991
Ukraine,UKR,2006,410.54028,,199.63594
Ukraine,UKR,2007,404.69516,,199.73058
Ukraine,UKR,2008,404.14328,,202.94838
Ukraine,UKR,2009,375.0599,,203.37427
Ukraine,UKR,2010,373.84564,,194.27925
Ukraine,UKR,2011,422.40073,,195.44333
Ukraine,UKR,2012,454.64465,,193.92908
Ukraine,UKR,2013,444.47632,,201.58554
Ukraine,UKR,2014,303.13525,,202.19125
Ukraine,UKR,2015,199.39026,,188.3358
Ukraine,UKR,2016,211.78044,,190.22862
Ukraine,UKR,2017,158.4245,,194.01427
Ukraine,UKR,2018,168.18156,,196.8535
Ukraine,UKR,2019,166.36061,,194.01427
Ukraine,UKR,2020,148.3139,,191.17503
Ukraine,UKR,2021,144.19885,,187.38939
Ukraine,UKR,2022,123.248604,,175.4646
Ukraine,UKR,2023,119.55115,,176.97885
Ukraine,UKR,2024,105.56367,,180.9538
Ukraine,UKR,2025,72.83893,,160.60596
United Arab Emirates,ARE,1965,,158.93922,
United Arab Emirates,ARE,1966,,202.75732,
United Arab Emirates,ARE,1967,,215.20438,
United Arab Emirates,ARE,1968,,280.45877,
United Arab Emirates,ARE,1969,,353.58624,
United Arab Emirates,ARE,1970,,439.08228,8.12175
United Arab Emirates,ARE,1971,,596.7261,14.34225
United Arab Emirates,ARE,1972,,679.2343,14.55675
United Arab Emirates,ARE,1973,,863.18304,16.921125
United Arab Emirates,ARE,1974,,945.41235,16.9455
United Arab Emirates,ARE,1975,,937.07684,16.185
United Arab Emirates,ARE,1976,,1093.5983,18.915
United Arab Emirates,ARE,1977,,1125.703,38.024998
United Arab Emirates,ARE,1978,,1030.9652,55.6725
United Arab Emirates,ARE,1979,,1031.0718,59.5725
United Arab Emirates,ARE,1980,,974.6628,73.32
United Arab Emirates,ARE,1981,,861.628,86.385
United Arab Emirates,ARE,1982,,749.46564,92.625
United Arab Emirates,ARE,1983,,705.9224,81.509995
United Arab Emirates,ARE,1984,,676.1817,107.25
United Arab Emirates,ARE,1985,,650.8159,128.9925
United Arab Emirates,ARE,1986,,751.5359,148.395
United Arab Emirates,ARE,1987,,793.14496,164.6775
United Arab Emirates,ARE,1988,,837.8947,169.26001
United Arab Emirates,ARE,1989,,989.44775,198.705
United Arab Emirates,ARE,1990,,1083.3516,196.0725
United Arab Emirates,ARE,1991,,1242.6837,232.1475
United Arab Emirates,ARE,1992,,1368.6174,216.1575
United Arab Emirates,ARE,1993,,1330.0209,224.15251
United Arab Emirates,ARE,1994,,1341.0413,251.745
United Arab Emirates,ARE,1995,,1330.6033,305.37
United Arab Emirates,ARE,1996,,1359.7686,329.55002
United Arab Emirates,ARE,1997,,1364.287,354.02252
United Arab Emirates,ARE,1998,,1413.2999,361.4325
United Arab Emirates,ARE,1999,,1302.8959,375.2775
United Arab Emirates,ARE,2000,,1413.3167,374.20502
United Arab Emirates,ARE,2001,,1377.1503,383.76
United Arab Emirates,ARE,2002,,1267.8835,423.05252
United Arab Emirates,ARE,2003,,1467.5858,436.7025
United Arab Emirates,ARE,2004,,1526.739,451.32748
United Arab Emirates,ARE,2005,,1588.1108,465.95248
United Arab Emirates,ARE,2006,,1693.9802,475.70248
United Arab Emirates,ARE,2007,,1670.5735,490.3275
United Arab Emirates,ARE,2008,,1689.2214,489.84
United Arab Emirates,ARE,2009,,1498.1176,476.18997
United Arab Emirates,ARE,2010,,1561.2549,499.99948
United Arab Emirates,ARE,2011,,1737.4958,510.003
United Arab Emirates,ARE,2012,,1801.5312,529.425
United Arab Emirates,ARE,2013,,1879.6893,532.35004
United Arab Emirates,ARE,2014,,1895.0093,528.88477
United Arab Emirates,ARE,2015,,2036.3232,585.98737
United Arab Emirates,ARE,2016,,2112.0898,595.2082
United Arab Emirates,ARE,2017,,2034.374,527.33514
United Arab Emirates,ARE,2018,,2046.3977,464.33398
United Arab Emirates,ARE,2019,,2092.2188,537.1913
United Arab Emirates,ARE,2020,,1941.3671,536.8787
United Arab Emirates,ARE,2021,,1930.4508,531.226
United Arab Emirates,ARE,2022,,2157.3184,541.8506
United Arab Emirates,ARE,2023,,2096.1228,552.68756
United Arab Emirates,ARE,2024,,2090.4954,563.74133
United Arab Emirates,ARE,2025,,2198.67,586.29095
United Kingdom,GBR,1965,,0.97692,
United Kingdom,GBR,1966,,0.90714,
United Kingdom,GBR,1967,,1.0350701,
United Kingdom,GBR,1968,,0.97692,
United Kingdom,GBR,1969,,0.98855,
United Kingdom,GBR,1970,,1.81428,109.496445
United Kingdom,GBR,1971,,2.46556,181.96298
United Kingdom,GBR,1972,,3.87279,262.55887
United Kingdom,GBR,1973,,4.32636,285.07455
United Kingdom,GBR,1974,,4.7683,343.80606
United Kingdom,GBR,1975,,18.23584,358.0063
United Kingdom,GBR,1976,,141.52547,379.12637
United Kingdom,GBR,1977,,445.02194,396.12943
United Kingdom,GBR,1978,,628.0898,379.33572
United Kingdom,GBR,1979,,905.44196,383.0457
United Kingdom,GBR,1980,,935.83124,364.14694
United Kingdom,GBR,1981,907.23303,1040.6525,363.33282
United Kingdom,GBR,1982,884.6825,1200.437,369.28738
United Kingdom,GBR,1983,845.45447,1336.9847,380.7778
United Kingdom,GBR,1984,357.26196,1466.136,372.2414
United Kingdom,GBR,1985,657.9324,1484.116,415.31894
United Kingdom,GBR,1986,762.83496,1477.8009,436.64838
United Kingdom,GBR,1987,734.88806,1434.5721,457.1404
United Kingdom,GBR,1988,736.2139,1331.1582,440.2304
United Kingdom,GBR,1989,708.0577,1066.5873,431.1125
United Kingdom,GBR,1990,656.4321,1065.3545,476.03915
United Kingdom,GBR,1991,669.3647,1061.3539,530.02563
United Kingdom,GBR,1992,599.1078,1096.1392,538.9924
United Kingdom,GBR,1993,483.66846,1165.1981,633.69543
United Kingdom,GBR,1994,345.45752,1471.6835,676.54034
United Kingdom,GBR,1995,380.89413,1510.6672,740.4534
United Kingdom,GBR,1996,362.10464,1508.8878,880.6077
United Kingdom,GBR,1997,352.4288,1487.2793,898.50867
United Kingdom,GBR,1998,299.55557,1542.5217,943.974
United Kingdom,GBR,1999,270.04004,1594.4613,1037.367
United Kingdom,GBR,2000,227.38368,1468.2295,1134.5905
United Kingdom,GBR,2001,232.23674,1356.9696,1108.1367
United Kingdom,GBR,2002,218.73216,1348.4318,1084.8645
United Kingdom,GBR,2003,205.10464,1233.6282,1078.061
United Kingdom,GBR,2004,172.28691,1109.1997,1009.1314
United Kingdom,GBR,2005,140.4688,985.30664,923.39026
United Kingdom,GBR,2006,126.1509,890.6003,837.4842
United Kingdom,GBR,2007,118.18125,890.5683,754.9284
United Kingdom,GBR,2008,124.905525,834.9041,727.7056
United Kingdom,GBR,2009,121.960815,793.149,612.0575
United Kingdom,GBR,2010,126.23109,732.2435,579.00934
United Kingdom,GBR,2011,127.4114,604.4393,460.82526
United Kingdom,GBR,2012,116.924576,518.2424,391.92386
United Kingdom,GBR,2013,88.09292,472.7175,369.8038
United Kingdom,GBR,2014,80.533455,464.36172,374.31516
United Kingdom,GBR,2015,59.48622,526.6963,406.61182
United Kingdom,GBR,2016,31.711803,551.78046,417.38196
United Kingdom,GBR,2017,22.859072,542.3107,418.84647
United Kingdom,GBR,2018,21.001686,591.6227,405.52698
United Kingdom,GBR,2019,19.717852,602.63995,392.90912
United Kingdom,GBR,2020,12.792069,569.69855,395.7142
United Kingdom,GBR,2021,8.133556,475.24493,327.86414
United Kingdom,GBR,2022,4.9936895,439.0581,381.18198
United Kingdom,GBR,2023,3.9540837,388.9751,344.8968
United Kingdom,GBR,2024,0.85514444,353.4079,307.18628
United Kingdom,GBR,2025,0.96,362.62238,299.32214
United States,USA,1965,,4974.0864,
United States,USA,1966,,5286.2866,
United States,USA,1967,,5631.4976,
United States,USA,1968,,5848.4985,
United States,USA,1969,,5947.0205,
United States,USA,1970,,6204.4873,5714.623
United States,USA,1971,,6116.076,5876.606
United States,USA,1972,,6139.336,5857.5503
United States,USA,1973,,5985.4062,5852.223
United States,USA,1974,,5715.055,5594.4717
United States,USA,1975,,5463.43,5180.4146
United States,USA,1976,,5326.305,5138.206
United States,USA,1977,,5382.4077,5160.627
United States,USA,1978,,5631.312,5139.4985
United States,USA,1979,,5547.409,5295.417
United States,USA,1980,,5584.649,5250.9077
United States,USA,1981,5116.4155,5568.406,5195.9272
United States,USA,1982,5189.361,5590.811,4831.8984
United States,USA,1983,4801.775,5616.8555,4376.7383
United States,USA,1984,5490.1753,5770.069,4749.8438
United States,USA,1985,5380.465,5799.941,4478.812
United States,USA,1986,5431.7773,5609.4917,4362.867
United States,USA,1987,5607.636,5434.2373,4519.8115
United States,USA,1988,5773.7217,5338.8906,4641.8755
United States,USA,1989,5947.048,4989.655,4707.468
United States,USA,1990,6260.9277,4845.259,4833.7793
United States,USA,1991,6023.9595,4918.2886,4808.0835
United States,USA,1992,6040.0264,4803.5605,4846.6895
United States,USA,1993,5661.8022,4617.1855,4901.7993
United States,USA,1994,6181.4487,4506.6177,5103.3086
United States,USA,1995,6161.256,4460.73,5033.2085
United States,USA,1996,6345.179,4443.334,5102.321
United States,USA,1997,6489.806,4418.8193,5115.399
United States,USA,1998,6694.6035,4281.3467,5173.2803
United States,USA,1999,6485.757,4101.04,5101.3804
United States,USA,2000,6329.958,4042.3733,5186.003
United States,USA,2001,6555.921,4006.6648,5318.95
United States,USA,2002,6329.0527,3976.3623,5112.2876
United States,USA,2003,6151.262,3867.6333,5178.558
United States,USA,2004,6362.4253,3783.905,5031.101
United States,USA,2005,6455.1626,3593.5337,4894.408
United States,USA,2006,6623.418,3541.373,5017.24
United States,USA,2007,6540.789,3546.8767,5218.889
United States,USA,2008,6640.64,3514.8438,5460.6743
United States,USA,2009,6020.4224,3751.6802,5575.825
United States,USA,2010,6135.828,3874.478,5751.574
United States,USA,2011,6186.829,4028.8867,6173.5854
United States,USA,2012,5756.8096,4597.0796,6491.2485
United States,USA,2013,5568.7134,5216.947,6556.9272
United States,USA,2014,5647.8955,6095.6357,7047.2646
United States,USA,2015,4996.5073,6591.239,7403.032
United States,USA,2016,4083.5747,6314.9414,7273.561
United States,USA,2017,4350.379,6679.736,7471.073
United States,USA,2018,4277.451,7788.3237,8409.362
United States,USA,2019,3969.0542,8735.928,9281.11
United States,USA,2020,2979.9624,8306.166,9248.13
United States,USA,2021,3228.6084,8351.302,9444.559
United States,USA,2022,3353.036,8917.285,9907.006
United States,USA,2023,3271.5413,9652.758,10288.885
United States,USA,2024,2945.31,10035.543,10318.645
United States,USA,2025,3067.0208,10349.585,10737.427
Upper-middle-income countries,OWID_UMC,1965,,6697.089,
Upper-middle-income countries,OWID_UMC,1966,,7435.6597,
Upper-middle-income countries,OWID_UMC,1967,,8159.715,
Upper-middle-income countries,OWID_UMC,1968,,9362.805,
Upper-middle-income countries,OWID_UMC,1969,,10349.687,
Upper-middle-income countries,OWID_UMC,1970,,11381.586,2172.3933
Upper-middle-income countries,OWID_UMC,1971,,11865.089,2382.9265
Upper-middle-income countries,OWID_UMC,1972,,12429.933,2536.5803
Upper-middle-income countries,OWID_UMC,1973,,13894.745,2749.8513
Upper-middle-income countries,OWID_UMC,1974,,14129.294,3017.5408
Upper-middle-income countries,OWID_UMC,1975,,14420.639,3340.857
Upper-middle-income countries,OWID_UMC,1976,,15826.555,3674.4216
Upper-middle-income countries,OWID_UMC,1977,,16382.671,3974.0767
Upper-middle-income countries,OWID_UMC,1978,,16829.547,4345.707
Upper-middle-income countries,OWID_UMC,1979,,16608.256,4860.4736
Upper-middle-income countries,OWID_UMC,1980,,15418.493,5118.096
Upper-middle-income countries,OWID_UMC,1981,8749.109,14186.43,5417.453
Upper-middle-income countries,OWID_UMC,1982,9159.819,15042.004,5874.3096
Upper-middle-income countries,OWID_UMC,1983,9465.4795,15316.655,6429.899
Upper-middle-income countries,OWID_UMC,1984,10004.794,15403.9795,7073.3984
Upper-middle-income countries,OWID_UMC,1985,8359.585,9019.679,2980.3523
Upper-middle-income countries,OWID_UMC,1986,8602.192,9357.999,3031.72
Upper-middle-income countries,OWID_UMC,1987,8861.343,9863.051,3160.7122
Upper-middle-income countries,OWID_UMC,1988,9195.599,10269.072,3265.2727
Upper-middle-income countries,OWID_UMC,1989,9575.325,10820.669,3385.3967
Upper-middle-income countries,OWID_UMC,1990,9663.4,11036.986,3425.855
Upper-middle-income countries,OWID_UMC,1991,9589.954,10353.887,3540.3516
Upper-middle-income countries,OWID_UMC,1992,9804.552,10545.212,3339.1958
Upper-middle-income countries,OWID_UMC,1993,9872.213,10606.62,3346.4048
Upper-middle-income countries,OWID_UMC,1994,10346.219,10763.376,3242.9678
Upper-middle-income countries,OWID_UMC,1995,11038.557,10937.736,3415.1123
Upper-middle-income countries,OWID_UMC,1996,11209.222,11470.109,3750.9639
Upper-middle-income countries,OWID_UMC,1997,11325.104,12113.67,3846.6538
Upper-middle-income countries,OWID_UMC,1998,11075.647,12945.35,3964.765
Upper-middle-income countries,OWID_UMC,1999,11276.835,13053.689,4416.0137
Upper-middle-income countries,OWID_UMC,2000,11736.408,13565.041,4821.213
Upper-middle-income countries,OWID_UMC,2001,12286.484,13618.53,4872.347
Upper-middle-income countries,OWID_UMC,2002,12878.418,13484.214,5193.482
Upper-middle-income countries,OWID_UMC,2003,14892.004,13700.413,5498.211
Upper-middle-income countries,OWID_UMC,2004,17049.955,14563.659,5884.5586
Upper-middle-income countries,OWID_UMC,2005,18979.33,14736.3545,6270.2007
Upper-middle-income countries,OWID_UMC,2006,20409.287,15019.081,6505.4214
Upper-middle-income countries,OWID_UMC,2007,22051.504,15182.015,6889.541
Upper-middle-income countries,OWID_UMC,2008,22971.514,15362.864,7293.703
Upper-middle-income countries,OWID_UMC,2009,23524.775,15172.201,7198.6245
Upper-middle-income countries,OWID_UMC,2010,25228.5,15544.145,7424.8
Upper-middle-income countries,OWID_UMC,2011,28064.355,14990.772,7910.0137
Upper-middle-income countries,OWID_UMC,2012,28537.402,15314.786,8345.032
Upper-middle-income countries,OWID_UMC,2013,29244.588,14906.327,8472.084
Upper-middle-income countries,OWID_UMC,2014,28648.95,14866.162,8878.435
Upper-middle-income countries,OWID_UMC,2015,27903.09,15359.615,8957.201
Upper-middle-income countries,OWID_UMC,2016,26374.229,15733.851,9306.37
Upper-middle-income countries,OWID_UMC,2017,27031.861,16037.071,9572.631
Upper-middle-income countries,OWID_UMC,2018,28626.299,15928.599,9802.038
Upper-middle-income countries,OWID_UMC,2019,29447.953,15447.701,9991.951
Upper-middle-income countries,OWID_UMC,2020,28896.064,14220.105,9850.883
Upper-middle-income countries,OWID_UMC,2021,29953.904,14885.203,10376.862
Upper-middle-income countries,OWID_UMC,2022,32545.01,15348.582,10557.401
Upper-middle-income countries,OWID_UMC,2023,33812.21,16147.285,10869.16
Upper-middle-income countries,OWID_UMC,2024,34459.902,16333.363,11120.6875
Upper-middle-income countries,OWID_UMC,2025,34501,16998.463,11329.549
Uzbekistan,UZB,1985,17.305292,26.8653,327.3636
Uzbekistan,UZB,1986,19.590899,29.4239,365.31464
Uzbekistan,UZB,1987,16.325748,31.052101,376.6716
Uzbekistan,UZB,1988,17.958323,28.377201,377.618
Uzbekistan,UZB,1989,20.243927,31.401001,388.9749
Uzbekistan,UZB,1990,21.223473,32.564,368.06
Uzbekistan,UZB,1991,19.42111,32.564,378.16623
Uzbekistan,UZB,1992,15.2809,38.378998,384.615
Uzbekistan,UZB,1993,12.430425,46.531628,406.36752
Uzbekistan,UZB,1994,12.554501,64.16271,426.195
Uzbekistan,UZB,1995,9.971767,88.23681,433.41376
Uzbekistan,UZB,1996,9.263229,88.655495,442.36502
Uzbekistan,UZB,1997,9.619131,91.77233,453.62625
Uzbekistan,UZB,1998,9.638722,95.086876,494.725
Uzbekistan,UZB,1999,9.651782,94.203,501.8475
Uzbekistan,UZB,2000,8.166139,87.64368,509.25873
Uzbekistan,UZB,2001,8.851821,83.88138,514.64874
Uzbekistan,UZB,2002,8.934755,84.12793,527.35376
Uzbekistan,UZB,2003,6.246231,83.37199,530.915
Uzbekistan,UZB,2004,8.812639,76.95571,538.0375
Uzbekistan,UZB,2005,9.8029585,63.37187,546.21875
Uzbekistan,UZB,2006,10.194777,63.36606,565.95
Uzbekistan,UZB,2007,10.687815,59.961952,589.05
Uzbekistan,UZB,2008,11.761068,57.202156,610.225
Uzbekistan,UZB,2009,11.93151,51.325226,584.2375
Uzbekistan,UZB,2010,11.850534,46.95539,571.4362
Uzbekistan,UZB,2011,12.55386,43.463383,566.4312
Uzbekistan,UZB,2012,12.253911,38.810474,565.2763
Uzbekistan,UZB,2013,13.354527,36.834316,551.8087
Uzbekistan,UZB,2014,14.356276,33.343815,512.5876
Uzbekistan,UZB,2015,11.388744,31.727688,516.7452
Uzbekistan,UZB,2016,12.62715,30.417183,531.24
Uzbekistan,UZB,2017,13.18673,32.17584,536.068
Uzbekistan,UZB,2018,13.630042,33.62134,582.8515
Uzbekistan,UZB,2019,13.426262,32.7431,574.58417
Uzbekistan,UZB,2020,13.7611885,23.613552,471.01172
Uzbekistan,UZB,2021,16.685259,24.39974,509.1885
Uzbekistan,UZB,2022,17.6462,24.13225,489.0901
Uzbekistan,UZB,2023,21.628208,23.00065,442.0724
Uzbekistan,UZB,2024,30.253819,22.115608,392.9849
Uzbekistan,UZB,2025,32.81128,20.550209,400.33185
Venezuela,VEN,1965,,2141.2454,
Venezuela,VEN,1966,,2079.28,
Venezuela,VEN,1967,,2185.5684,
Venezuela,VEN,1968,,2230.1965,
Venezuela,VEN,1969,,2219.0684,
Venezuela,VEN,1970,,2293.8787,85.581
Venezuela,VEN,1971,,2208.2644,82.9392
Venezuela,VEN,1972,,2021.4376,82.4397
Venezuela,VEN,1973,,2110.0837,101.553894
Venezuela,VEN,1974,,1868.362,107.325905
Venezuela,VEN,1975,,1478.1473,104.3844
Venezuela,VEN,1976,,1451.5715,129.40381
Venezuela,VEN,1977,,1412.9277,141.25305
Venezuela,VEN,1978,,1360.4202,142.53511
Venezuela,VEN,1979,,1481.2926,159.6402
Venezuela,VEN,1980,,1364.7378,164.34105
Venezuela,VEN,1981,0.42449498,1321.3466,165.22905
Venezuela,VEN,1982,0.42449498,1193.1802,176.3013
Venezuela,VEN,1983,0.3395961,1131.2377,173.604
Venezuela,VEN,1984,0.42449498,1135.138,192.03
Venezuela,VEN,1985,0.3395961,1064.192,192.31305
Venezuela,VEN,1986,0.5093939,1150.7296,211.72139
Venezuela,VEN,1987,2.0375762,1165.9482,206.3157
Venezuela,VEN,1988,9.084193,1223.4188,211.2108
Venezuela,VEN,1989,17.91369,1228.8223,216.8718
Venezuela,VEN,1990,18.253284,1369.9797,243.81705
Venezuela,VEN,1991,20.375761,1527.3145,243.1122
Venezuela,VEN,1992,21.054953,1530.3914,239.95981
Venezuela,VEN,1993,33.620003,1583.2775,258.9519
Venezuela,VEN,1994,37.695156,1680.295,273.89804
Venezuela,VEN,1995,36.93107,1806.4308,305.2611
Venezuela,VEN,1996,35.48778,1921.0215,330.0141
Venezuela,VEN,1997,44.91157,1994.7681,342.213
Venezuela,VEN,1998,54.844753,2067.4336,358.92404
Venezuela,VEN,1999,55.94844,1849.905,304.251
Venezuela,VEN,2000,66.90041,1864.1425,309.9564
Venezuela,VEN,2001,65.28733,1896.0684,328.4823
Venezuela,VEN,2002,68.76819,1775.8738,315.41205
Venezuela,VEN,2003,59.684,1715.151,279.9864
Venezuela,VEN,2004,68.8302,1978.9579,315.2955
Venezuela,VEN,2005,61.08483,1970.2279,304.3509
Venezuela,VEN,2006,60.81816,1990.3898,349.45023
Venezuela,VEN,2007,58.201157,1927.5015,372.47162
Venezuela,VEN,2008,42.905445,1928.7676,334.2321
Venezuela,VEN,2009,27.832499,1812.6816,317.95947
Venezuela,VEN,2010,22.335398,1696.0616,304.51743
Venezuela,VEN,2011,22.170832,1645.7238,302.36398
Venezuela,VEN,2012,16.22251,1620.3497,319.0473
Venezuela,VEN,2013,10.43671,1602.3982,305.9049
Venezuela,VEN,2014,6.7973537,1610.8744,317.8818
Venezuela,VEN,2015,6.8063273,1716.8069,360.6501
Venezuela,VEN,2016,6.360864,1541.6309,372.38733
Venezuela,VEN,2017,6.1131477,1321.4904,386.0539
Venezuela,VEN,2018,5.875078,980.1152,316.19098
Venezuela,VEN,2019,3.3447459,607.91235,255.76219
Venezuela,VEN,2020,2.417411,390.58945,215.61089
Venezuela,VEN,2021,1.4306239,385.08865,280.5911
Venezuela,VEN,2022,1.373894,467.49606,290.55545
Venezuela,VEN,2023,4.137209,520.2444,296.8337
Venezuela,VEN,2024,4.7338047,588.854,317.31195
Venezuela,VEN,2025,12.307892,665.9525,310.44107
Vietnam,VNM,1981,39.077045,,0.0965
Vietnam,VNM,1982,41.0309,,0.18335
Vietnam,VNM,1983,41.0309,,0.632075
Vietnam,VNM,1984,32.564205,,0.55004996
Vietnam,VNM,1985,36.47191,,0.342575
Vietnam,VNM,1986,39.72833,,0.35705
Vietnam,VNM,1987,41.0309,3.2564,0.35705
Vietnam,VNM,1988,39.72833,8.0247,0.27019998
Vietnam,VNM,1989,33.21549,17.328701,0.31845
Vietnam,VNM,1990,33.21549,31.401001,0.386
Vietnam,VNM,1991,33.86677,46.054802,0.6948
Vietnam,VNM,1992,33.86677,63.848698,2.0265
Vietnam,VNM,1993,42.333466,73.269005,2.4125001
Vietnam,VNM,1994,39.33756,82.573,2.4125001
Vietnam,VNM,1995,54.38222,88.6206,1.404075
Vietnam,VNM,1996,63.975636,102.3789,2.76955
Vietnam,VNM,1997,74.16823,117.3467,5.1241503
Vietnam,VNM,1998,76.017876,145.375,8.685
Vietnam,VNM,1999,62.712147,176.97371,12.545
Vietnam,VNM,2000,75.607574,192.45325,15.44
Vietnam,VNM,2001,87.25253,198.8381,19.300001
Vietnam,VNM,2002,106.86921,200.17555,23.16
Vietnam,VNM,2003,125.789,209.97966,22.89945
Vietnam,VNM,2004,178.11969,237.41481,40.144
Vietnam,VNM,2005,222.04228,219.67906,62.146
Vietnam,VNM,2006,252.55495,199.39636,67.55
Vietnam,VNM,2007,276.685,188.41763,68.322
Vietnam,VNM,2008,259.06128,176.35732,72.36536
Vietnam,VNM,2009,287.073,193.26733,77.2965
Vietnam,VNM,2010,292.00323,177.42728,90.729294
Vietnam,VNM,2011,303.57004,179.43927,81.832
Vietnam,VNM,2012,274.0799,197.64255,90.27575
Vietnam,VNM,2013,267.4433,196.68423,94.09715
Vietnam,VNM,2014,267.58658,184.37039,98.526505
Vietnam,VNM,2015,271.351,199.67548,102.868996
Vietnam,VNM,2016,252.27489,180.39293,102.3865
Vietnam,VNM,2017,250.1517,161.0755,95.206894
Vietnam,VNM,2018,276.04025,144.3283,96.5965
Vietnam,VNM,2019,302.11115,133.07278,98.43
Vietnam,VNM,2020,290.462,116.57796,88.394005
Vietnam,VNM,2021,314.6718,110.02213,71.989
Vietnam,VNM,2022,324.69574,108.6242,77.972
Vietnam,VNM,2023,307.7884,105.166954,72.05703
Vietnam,VNM,2024,285.44888,98.90096,61.2706
Vietnam,VNM,2025,297.0327,99.41463,57.838917
World,OWID_WRL,1965,,18231.082,
World,OWID_WRL,1966,,19796.81,
World,OWID_WRL,1967,,21238.463,
World,OWID_WRL,1968,,23170.031,
World,OWID_WRL,1969,,24940.334,
World,OWID_WRL,1970,,27433.883,9760.88
World,OWID_WRL,1971,,29000.791,10441.183
World,OWID_WRL,1972,,30649.97,10955.471
World,OWID_WRL,1973,,33445.12,11482.695
World,OWID_WRL,1974,,33519.68,11725.124
World,OWID_WRL,1975,,31837.768,11750.132
World,OWID_WRL,1976,,34590.74,12256.871
World,OWID_WRL,1977,,35798.867,12774.293
World,OWID_WRL,1978,,36124.168,13206.7705
World,OWID_WRL,1979,,37653.043,14097.207
World,OWID_WRL,1980,,35949.586,14283.535
World,OWID_WRL,1981,21445.23,33858.336,14531.27
World,OWID_WRL,1982,22204.41,32518.732,14597.774
World,OWID_WRL,1983,22137.172,32122.473,14728.349
World,OWID_WRL,1984,23105.615,32752.219,15988.949
World,OWID_WRL,1985,24276.46,32465.682,16410.805
World,OWID_WRL,1986,24852.248,34069.39,16835.312
World,OWID_WRL,1987,25321.213,34148.086,17679.037
World,OWID_WRL,1988,25936.246,35607.57,18457.844
World,OWID_WRL,1989,26394.402,36037.48,19096.994
World,OWID_WRL,1990,26344.895,36726.777,19697.865
World,OWID_WRL,1991,25628.758,36627.707,19959.688
World,OWID_WRL,1992,25572.383,37157.996,20018.34
World,OWID_WRL,1993,24802.193,37105.156,20246.297
World,OWID_WRL,1994,25371.557,37619.203,20542.516
World,OWID_WRL,1995,26146.545,38135.516,20883.5
World,OWID_WRL,1996,26502.836,39151.24,21899.963
World,OWID_WRL,1997,26894.83,40023.195,21882.97
World,OWID_WRL,1998,26412.434,41034.703,22023.703
World,OWID_WRL,1999,26421.254,40104.688,23102.75
World,OWID_WRL,2000,26812.115,41854.137,24014.15
World,OWID_WRL,2001,27848.53,41841.957,24579.178
World,OWID_WRL,2002,28195.045,41337.355,25151.438
World,OWID_WRL,2003,30255.367,43173.074,26051.98
World,OWID_WRL,2004,32886.285,45335.4,26938.617
World,OWID_WRL,2005,35067.766,45723.043,27582.227
World,OWID_WRL,2006,36832.934,46090.08,28520.127
World,OWID_WRL,2007,38476.195,45991.156,29275.635
World,OWID_WRL,2008,39746.57,46480.855,30327.17
World,OWID_WRL,2009,39728.17,45325.113,29408.004
World,OWID_WRL,2010,41855.05,46225.66,31287.549
World,OWID_WRL,2011,44777.793,46611.812,32566.057
World,OWID_WRL,2012,45251.777,47885.32,33449.453
World,OWID_WRL,2013,45971.273,47959.934,33730.348
World,OWID_WRL,2014,45841.26,49086.574,34438.457
World,OWID_WRL,2015,44567.516,50739.492,35146.2
World,OWID_WRL,2016,42198.555,50943.246,35626.684
World,OWID_WRL,2017,43192.855,51010.57,36935.62
World,OWID_WRL,2018,45253.805,52217.19,38667.617
World,OWID_WRL,2019,45588.43,52177.61,39852.242
World,OWID_WRL,2020,43233.355,48732.34,38775.457
World,OWID_WRL,2021,45007.402,49332.04,40482.8
World,OWID_WRL,2022,48115.715,51576.973,40527.707
World,OWID_WRL,2023,49672.98,52583.195,40660.945
World,OWID_WRL,2024,50245.008,52977.074,41432.004
World,OWID_WRL,2025,50210.082,54673.586,41964.707
Yemen,YEM,1986,,5.5634995,
Yemen,YEM,1987,,14.465097,
Yemen,YEM,1988,,94.83861,
Yemen,YEM,1989,,99.03029,
Yemen,YEM,1990,,101.255684,
Yemen,YEM,1991,,109.60094,
Yemen,YEM,1992,,101.488045,
Yemen,YEM,1993,,115.08085,
Yemen,YEM,1994,,190.63002,
Yemen,YEM,1995,,193.73741,
Yemen,YEM,1996,,196.74644,
Yemen,YEM,1997,,206.1437,
Yemen,YEM,1998,,209.352,
Yemen,YEM,1999,,222.89235,
Yemen,YEM,2000,,243.5132,
Yemen,YEM,2001,,249.26254,
Yemen,YEM,2002,,250.62747,
Yemen,YEM,2003,,246.91525,
Yemen,YEM,2004,,232.37946,
Yemen,YEM,2005,,230.10866,
Yemen,YEM,2006,,211.07729,
Yemen,YEM,2007,,185.4388,
Yemen,YEM,2008,,172.09631,
Yemen,YEM,2009,,167.21411,
Yemen,YEM,2010,,166.20221,
Yemen,YEM,2011,,118.21562,
Yemen,YEM,2012,,96.00097,
Yemen,YEM,2013,,105.71454,
Yemen,YEM,2014,,80.54798,
Yemen,YEM,2015,,25.202724,
Yemen,YEM,2016,,18.729792,
Yemen,YEM,2017,,34.364895,
Yemen,YEM,2018,,47.119152,
Yemen,YEM,2019,,47.393547,
Yemen,YEM,2020,,43.814594,
Yemen,YEM,2021,,40.717346,
Yemen,YEM,2022,,35.73156,
Yemen,YEM,2023,,27.7826,
Yemen,YEM,2024,,23.364437,
Yemen,YEM,2025,,12.338541,
Zimbabwe,ZWE,1981,21.522198,,
Zimbabwe,ZWE,1982,20.772297,,
Zimbabwe,ZWE,1983,24.97175,,
Zimbabwe,ZWE,1984,23.321964,,
Zimbabwe,ZWE,1985,23.321964,,
Zimbabwe,ZWE,1986,30.371048,,
Zimbabwe,ZWE,1987,36.220287,,
Zimbabwe,ZWE,1988,38.020054,,
Zimbabwe,ZWE,1989,38.32001,,
Zimbabwe,ZWE,1990,41.24463,,
Zimbabwe,ZWE,1991,42.144516,,
Zimbabwe,ZWE,1992,41.619583,,
Zimbabwe,ZWE,1993,39.669838,,
Zimbabwe,ZWE,1994,41.01966,,
Zimbabwe,ZWE,1995,41.544594,,
Zimbabwe,ZWE,1996,38.769955,,
Zimbabwe,ZWE,1997,39.744827,,
Zimbabwe,ZWE,1998,41.01966,,
Zimbabwe,ZWE,1999,37.345142,,
Zimbabwe,ZWE,2000,33.070694,,
Zimbabwe,ZWE,2001,33.831448,,
Zimbabwe,ZWE,2002,29.532469,,
Zimbabwe,ZWE,2003,21.179958,,
Zimbabwe,ZWE,2004,28.478811,,
Zimbabwe,ZWE,2005,25.277906,,
Zimbabwe,ZWE,2006,15.801306,,
Zimbabwe,ZWE,2007,15.5996275,,
Zimbabwe,ZWE,2008,11.316627,,
Zimbabwe,ZWE,2009,12.5034685,,
Zimbabwe,ZWE,2010,20.008768,,
Zimbabwe,ZWE,2011,19.212906,,
Zimbabwe,ZWE,2012,11.950444,,
Zimbabwe,ZWE,2013,23.35346,,
Zimbabwe,ZWE,2014,43.363857,,
Zimbabwe,ZWE,2015,32.517216,,
Zimbabwe,ZWE,2016,20.260256,,
Zimbabwe,ZWE,2017,21.957142,,
Zimbabwe,ZWE,2018,25.104963,,
Zimbabwe,ZWE,2019,19.700018,,
Zimbabwe,ZWE,2020,20.291876,,
Zimbabwe,ZWE,2021,24.290953,,
Zimbabwe,ZWE,2022,29.553642,,
Zimbabwe,ZWE,2023,37.412743,,
Zimbabwe,ZWE,2024,43.47612,,
Zimbabwe,ZWE,2025,53.575928,,