Entity,Code,Year,Fossil fuels
Africa,OWID_AFR,1965,97.97244
Africa,OWID_AFR,1966,97.83532
Africa,OWID_AFR,1967,97.76048
Africa,OWID_AFR,1968,97.50895
Africa,OWID_AFR,1969,97.152214
Africa,OWID_AFR,1970,96.69325
Africa,OWID_AFR,1971,97.0458
Africa,OWID_AFR,1972,96.813835
Africa,OWID_AFR,1973,96.897865
Africa,OWID_AFR,1974,96.62892
Africa,OWID_AFR,1975,96.6397
Africa,OWID_AFR,1976,96.56246
Africa,OWID_AFR,1977,96.41341
Africa,OWID_AFR,1978,96.525536
Africa,OWID_AFR,1979,96.59294
Africa,OWID_AFR,1980,96.928734
Africa,OWID_AFR,1981,97.17192
Africa,OWID_AFR,1982,97.354095
Africa,OWID_AFR,1983,97.69878
Africa,OWID_AFR,1984,97.22739
Africa,OWID_AFR,1985,96.89417
Africa,OWID_AFR,1986,96.22934
Africa,OWID_AFR,1987,96.811615
Africa,OWID_AFR,1988,96.303055
Africa,OWID_AFR,1989,96.11761
Africa,OWID_AFR,1990,96.50434
Africa,OWID_AFR,1991,96.27437
Africa,OWID_AFR,1992,96.42708
Africa,OWID_AFR,1993,96.7133
Africa,OWID_AFR,1994,96.52605
Africa,OWID_AFR,1995,96.35385
Africa,OWID_AFR,1996,96.27401
Africa,OWID_AFR,1997,96.19646
Africa,OWID_AFR,1998,96.00343
Africa,OWID_AFR,1999,96.064766
Africa,OWID_AFR,2000,95.90997
Africa,OWID_AFR,2001,96.07128
Africa,OWID_AFR,2002,95.8675
Africa,OWID_AFR,2003,95.89326
Africa,OWID_AFR,2004,95.927826
Africa,OWID_AFR,2005,96.16179
Africa,OWID_AFR,2006,96.19555
Africa,OWID_AFR,2007,96.20106
Africa,OWID_AFR,2008,96.18559
Africa,OWID_AFR,2009,96.044914
Africa,OWID_AFR,2010,95.89861
Africa,OWID_AFR,2011,95.900024
Africa,OWID_AFR,2012,96.092445
Africa,OWID_AFR,2013,95.924965
Africa,OWID_AFR,2014,95.61551
Africa,OWID_AFR,2015,95.47655
Africa,OWID_AFR,2016,95.314
Africa,OWID_AFR,2017,95.17192
Africa,OWID_AFR,2018,95.19996
Africa,OWID_AFR,2019,94.96341
Africa,OWID_AFR,2020,94.54563
Africa,OWID_AFR,2021,94.70975
Africa,OWID_AFR,2022,94.61751
Africa,OWID_AFR,2023,94.39493
Africa,OWID_AFR,2024,94.32918
Africa,OWID_AFR,2025,93.85219
Africa (EI),,1965,97.97244
Africa (EI),,1966,97.83532
Africa (EI),,1967,97.76048
Africa (EI),,1968,97.50895
Africa (EI),,1969,97.152214
Africa (EI),,1970,96.69325
Africa (EI),,1971,97.0458
Africa (EI),,1972,96.813835
Africa (EI),,1973,96.897865
Africa (EI),,1974,96.62892
Africa (EI),,1975,96.6397
Africa (EI),,1976,96.56246
Africa (EI),,1977,96.41341
Africa (EI),,1978,96.525536
Africa (EI),,1979,96.59294
Africa (EI),,1980,96.928734
Africa (EI),,1981,97.17192
Africa (EI),,1982,97.354095
Africa (EI),,1983,97.69878
Africa (EI),,1984,97.22739
Africa (EI),,1985,96.89417
Africa (EI),,1986,96.22934
Africa (EI),,1987,96.811615
Africa (EI),,1988,96.303055
Africa (EI),,1989,96.11761
Africa (EI),,1990,96.50434
Africa (EI),,1991,96.27437
Africa (EI),,1992,96.42708
Africa (EI),,1993,96.7133
Africa (EI),,1994,96.52605
Africa (EI),,1995,96.35385
Africa (EI),,1996,96.27401
Africa (EI),,1997,96.19646
Africa (EI),,1998,96.00343
Africa (EI),,1999,96.064766
Africa (EI),,2000,95.90997
Africa (EI),,2001,96.07128
Africa (EI),,2002,95.8675
Africa (EI),,2003,95.89326
Africa (EI),,2004,95.927826
Africa (EI),,2005,96.16179
Africa (EI),,2006,96.19555
Africa (EI),,2007,96.20106
Africa (EI),,2008,96.18559
Africa (EI),,2009,96.044914
Africa (EI),,2010,95.89861
Africa (EI),,2011,95.900024
Africa (EI),,2012,96.092445
Africa (EI),,2013,95.924965
Africa (EI),,2014,95.61551
Africa (EI),,2015,95.47655
Africa (EI),,2016,95.314
Africa (EI),,2017,95.17192
Africa (EI),,2018,95.19996
Africa (EI),,2019,94.96341
Africa (EI),,2020,94.54563
Africa (EI),,2021,94.70975
Africa (EI),,2022,94.61751
Africa (EI),,2023,94.39493
Africa (EI),,2024,94.32918
Africa (EI),,2025,93.85219
Algeria,DZA,1965,98.33679
Algeria,DZA,1966,98.781654
Algeria,DZA,1967,98.5061
Algeria,DZA,1968,98.07476
Algeria,DZA,1969,98.90049
Algeria,DZA,1970,98.37188
Algeria,DZA,1971,99.15573
Algeria,DZA,1972,98.86673
Algeria,DZA,1973,98.54767
Algeria,DZA,1974,99.14216
Algeria,DZA,1975,99.529594
Algeria,DZA,1976,99.52177
Algeria,DZA,1977,99.70007
Algeria,DZA,1978,99.77851
Algeria,DZA,1979,99.80334
Algeria,DZA,1980,99.85451
Algeria,DZA,1981,99.829346
Algeria,DZA,1982,99.80621
Algeria,DZA,1983,99.913124
Algeria,DZA,1984,99.8257
Algeria,DZA,1985,99.75251
Algeria,DZA,1986,99.909744
Algeria,DZA,1987,99.82442
Algeria,DZA,1988,99.94002
Algeria,DZA,1989,99.92382
Algeria,DZA,1990,99.95711
Algeria,DZA,1991,99.90594
Algeria,DZA,1992,99.93778
Algeria,DZA,1993,99.88126
Algeria,DZA,1994,99.944954
Algeria,DZA,1995,99.9383
Algeria,DZA,1996,99.95641
Algeria,DZA,1997,99.97481
Algeria,DZA,1998,99.93019
Algeria,DZA,1999,99.93474
Algeria,DZA,2000,99.98199
Algeria,DZA,2001,99.9778
Algeria,DZA,2002,99.9823
Algeria,DZA,2003,99.921234
Algeria,DZA,2004,99.92814
Algeria,DZA,2005,99.84797
Algeria,DZA,2006,99.94256
Algeria,DZA,2007,99.9434
Algeria,DZA,2008,99.933105
Algeria,DZA,2009,99.9237
Algeria,DZA,2010,99.95849
Algeria,DZA,2011,99.91458
Algeria,DZA,2012,99.918
Algeria,DZA,2013,99.97623
Algeria,DZA,2014,99.95659
Algeria,DZA,2015,99.96403
Algeria,DZA,2016,99.94547
Algeria,DZA,2017,99.907036
Algeria,DZA,2018,99.89079
Algeria,DZA,2019,99.88789
Algeria,DZA,2020,99.88539
Algeria,DZA,2021,99.90323
Algeria,DZA,2022,99.907104
Algeria,DZA,2023,99.90391
Algeria,DZA,2024,99.91017
Algeria,DZA,2025,99.91356
Argentina,ARG,1965,99.624344
Argentina,ARG,1966,99.63149
Argentina,ARG,1967,99.63332
Argentina,ARG,1968,99.58155
Argentina,ARG,1969,99.63722
Argentina,ARG,1970,99.50702
Argentina,ARG,1971,99.53596
Argentina,ARG,1972,99.539696
Argentina,ARG,1973,99.18605
Argentina,ARG,1974,97.93419
Argentina,ARG,1975,96.687035
Argentina,ARG,1976,96.8568
Argentina,ARG,1977,97.462975
Argentina,ARG,1978,96.11138
Argentina,ARG,1979,95.80552
Argentina,ARG,1980,94.92625
Argentina,ARG,1981,94.547485
Argentina,ARG,1982,94.58883
Argentina,ARG,1983,93.58745
Argentina,ARG,1984,92.45328
Argentina,ARG,1985,91.38487
Argentina,ARG,1986,91.75696
Argentina,ARG,1987,91.48188
Argentina,ARG,1988,93.52317
Argentina,ARG,1989,94.21262
Argentina,ARG,1990,91.63516
Argentina,ARG,1991,91.9312
Argentina,ARG,1992,92.17505
Argentina,ARG,1993,91.0932
Argentina,ARG,1994,90.606705
Argentina,ARG,1995,91.6783
Argentina,ARG,1996,92.57756
Argentina,ARG,1997,91.457565
Argentina,ARG,1998,92.27693
Argentina,ARG,1999,93.41907
Argentina,ARG,2000,92.524666
Argentina,ARG,2001,90.43037
Argentina,ARG,2002,90.671
Argentina,ARG,2003,90.73772
Argentina,ARG,2004,91.804855
Argentina,ARG,2005,92.11562
Argentina,ARG,2006,91.58085
Argentina,ARG,2007,93.05816
Argentina,ARG,2008,93.05253
Argentina,ARG,2009,92.04558
Argentina,ARG,2010,92.08503
Argentina,ARG,2011,92.57137
Argentina,ARG,2012,92.84696
Argentina,ARG,2013,92.44228
Argentina,ARG,2014,92.50315
Argentina,ARG,2015,91.97601
Argentina,ARG,2016,91.95269
Argentina,ARG,2017,91.98109
Argentina,ARG,2018,91.59892
Argentina,ARG,2019,90.64014
Argentina,ARG,2020,90.019264
Argentina,ARG,2021,90.72697
Argentina,ARG,2022,90.99995
Argentina,ARG,2023,89.49008
Argentina,ARG,2024,88.28498
Argentina,ARG,2025,88.010315
Asia,OWID_ASI,1965,97.18524
Asia,OWID_ASI,1966,97.297325
Asia,OWID_ASI,1967,97.57767
Asia,OWID_ASI,1968,97.47535
Asia,OWID_ASI,1969,97.69571
Asia,OWID_ASI,1970,97.765755
Asia,OWID_ASI,1971,97.67419
Asia,OWID_ASI,1972,97.718994
Asia,OWID_ASI,1973,97.97859
Asia,OWID_ASI,1974,97.491516
Asia,OWID_ASI,1975,97.30513
Asia,OWID_ASI,1976,97.1708
Asia,OWID_ASI,1977,97.4354
Asia,OWID_ASI,1978,96.746315
Asia,OWID_ASI,1979,96.36956
Asia,OWID_ASI,1980,95.827614
Asia,OWID_ASI,1981,95.490135
Asia,OWID_ASI,1982,95.073555
Asia,OWID_ASI,1983,94.7254
Asia,OWID_ASI,1984,94.47688
Asia,OWID_ASI,1985,94.35925
Asia,OWID_ASI,1986,94.37215
Asia,OWID_ASI,1987,94.05247
Asia,OWID_ASI,1988,94.35478
Asia,OWID_ASI,1989,94.39937
Asia,OWID_ASI,1990,94.27528
Asia,OWID_ASI,1991,94.23865
Asia,OWID_ASI,1992,94.38755
Asia,OWID_ASI,1993,94.063034
Asia,OWID_ASI,1994,94.04771
Asia,OWID_ASI,1995,93.71575
Asia,OWID_ASI,1996,93.75847
Asia,OWID_ASI,1997,93.64067
Asia,OWID_ASI,1998,93.318405
Asia,OWID_ASI,1999,93.436104
Asia,OWID_ASI,2000,93.4633
Asia,OWID_ASI,2001,93.48547
Asia,OWID_ASI,2002,93.62279
Asia,OWID_ASI,2003,94.42531
Asia,OWID_ASI,2004,94.16729
Asia,OWID_ASI,2005,94.35008
Asia,OWID_ASI,2006,94.36502
Asia,OWID_ASI,2007,94.677414
Asia,OWID_ASI,2008,94.59461
Asia,OWID_ASI,2009,94.552734
Asia,OWID_ASI,2010,94.422066
Asia,OWID_ASI,2011,95.0421
Asia,OWID_ASI,2012,95.426476
Asia,OWID_ASI,2013,95.24016
Asia,OWID_ASI,2014,94.85908
Asia,OWID_ASI,2015,94.48974
Asia,OWID_ASI,2016,94.03409
Asia,OWID_ASI,2017,93.770645
Asia,OWID_ASI,2018,93.28312
Asia,OWID_ASI,2019,92.73513
Asia,OWID_ASI,2020,92.24272
Asia,OWID_ASI,2021,91.92538
Asia,OWID_ASI,2022,91.492516
Asia,OWID_ASI,2023,91.24368
Asia,OWID_ASI,2024,90.4954
Asia,OWID_ASI,2025,89.80223
Asia Pacific (EI),,1965,96.55821
Asia Pacific (EI),,1966,96.72365
Asia Pacific (EI),,1967,97.067276
Asia Pacific (EI),,1968,96.9656
Asia Pacific (EI),,1969,97.24563
Asia Pacific (EI),,1970,97.349075
Asia Pacific (EI),,1971,97.24161
Asia Pacific (EI),,1972,97.31105
Asia Pacific (EI),,1973,97.576256
Asia Pacific (EI),,1974,97.03548
Asia Pacific (EI),,1975,96.86844
Asia Pacific (EI),,1976,96.7737
Asia Pacific (EI),,1977,97.07082
Asia Pacific (EI),,1978,96.361885
Asia Pacific (EI),,1979,95.92969
Asia Pacific (EI),,1980,95.36994
Asia Pacific (EI),,1981,94.987335
Asia Pacific (EI),,1982,94.50782
Asia Pacific (EI),,1983,94.059135
Asia Pacific (EI),,1984,93.73913
Asia Pacific (EI),,1985,93.219376
Asia Pacific (EI),,1986,93.138176
Asia Pacific (EI),,1987,92.86191
Asia Pacific (EI),,1988,93.35025
Asia Pacific (EI),,1989,93.261375
Asia Pacific (EI),,1990,93.14049
Asia Pacific (EI),,1991,93.11167
Asia Pacific (EI),,1992,93.35332
Asia Pacific (EI),,1993,93.085434
Asia Pacific (EI),,1994,93.04971
Asia Pacific (EI),,1995,92.69413
Asia Pacific (EI),,1996,92.81198
Asia Pacific (EI),,1997,92.65545
Asia Pacific (EI),,1998,92.23965
Asia Pacific (EI),,1999,92.37373
Asia Pacific (EI),,2000,92.37557
Asia Pacific (EI),,2001,92.37677
Asia Pacific (EI),,2002,92.56961
Asia Pacific (EI),,2003,93.56204
Asia Pacific (EI),,2004,93.28581
Asia Pacific (EI),,2005,93.49114
Asia Pacific (EI),,2006,93.51571
Asia Pacific (EI),,2007,93.85635
Asia Pacific (EI),,2008,93.67204
Asia Pacific (EI),,2009,93.62438
Asia Pacific (EI),,2010,93.491844
Asia Pacific (EI),,2011,94.1924
Asia Pacific (EI),,2012,94.65753
Asia Pacific (EI),,2013,94.45987
Asia Pacific (EI),,2014,93.963806
Asia Pacific (EI),,2015,93.56503
Asia Pacific (EI),,2016,93.03324
Asia Pacific (EI),,2017,92.753975
Asia Pacific (EI),,2018,92.20809
Asia Pacific (EI),,2019,91.689285
Asia Pacific (EI),,2020,91.10879
Asia Pacific (EI),,2021,90.71988
Asia Pacific (EI),,2022,90.27683
Asia Pacific (EI),,2023,90.075264
Asia Pacific (EI),,2024,89.255905
Asia Pacific (EI),,2025,88.411446
Australia,AUS,1965,97.90905
Australia,AUS,1966,98.099144
Australia,AUS,1967,98.14813
Australia,AUS,1968,98.18859
Australia,AUS,1969,98.1132
Australia,AUS,1970,98.00754
Australia,AUS,1971,97.86472
Australia,AUS,1972,97.944824
Australia,AUS,1973,97.93725
Australia,AUS,1974,97.78379
Australia,AUS,1975,97.643585
Australia,AUS,1976,97.83442
Australia,AUS,1977,98.045296
Australia,AUS,1978,97.96755
Australia,AUS,1979,98.09272
Australia,AUS,1980,98.210724
Australia,AUS,1981,98.18316
Australia,AUS,1982,98.26223
Australia,AUS,1983,98.35777
Australia,AUS,1984,98.28969
Australia,AUS,1985,98.23666
Australia,AUS,1986,98.25744
Australia,AUS,1987,98.34896
Australia,AUS,1988,98.26368
Australia,AUS,1989,98.332
Australia,AUS,1990,98.33075
Australia,AUS,1991,98.23928
Australia,AUS,1992,98.25246
Australia,AUS,1993,98.24812
Australia,AUS,1994,98.32842
Australia,AUS,1995,98.3836
Australia,AUS,1996,98.36866
Australia,AUS,1997,98.39674
Australia,AUS,1998,98.4259
Australia,AUS,1999,98.43496
Australia,AUS,2000,98.47999
Australia,AUS,2001,98.52875
Australia,AUS,2002,98.432594
Australia,AUS,2003,98.33579
Australia,AUS,2004,98.17246
Australia,AUS,2005,97.90929
Australia,AUS,2006,97.92249
Australia,AUS,2007,97.97192
Australia,AUS,2008,98.1443
Australia,AUS,2009,98.133156
Australia,AUS,2010,97.985176
Australia,AUS,2011,97.4206
Australia,AUS,2012,97.34286
Australia,AUS,2013,96.98458
Australia,AUS,2014,97.16574
Australia,AUS,2015,97.05623
Australia,AUS,2016,96.71868
Australia,AUS,2017,96.8908
Australia,AUS,2018,96.23233
Australia,AUS,2019,95.99841
Australia,AUS,2020,95.12597
Australia,AUS,2021,94.19348
Australia,AUS,2022,93.75335
Australia,AUS,2023,93.10427
Australia,AUS,2024,92.884605
Australia,AUS,2025,92.11152
Austria,AUT,1965,89.82244
Austria,AUT,1966,89.45858
Austria,AUT,1967,89.3211
Austria,AUT,1968,89.82109
Austria,AUT,1969,91.1643
Austria,AUT,1970,89.980644
Austria,AUT,1971,92.36031
Austria,AUT,1972,92.41753
Austria,AUT,1973,92.124725
Austria,AUT,1974,90.47765
Austria,AUT,1975,89.85265
Austria,AUT,1976,91.79499
Austria,AUT,1977,89.73727
Austria,AUT,1978,90.23388
Austria,AUT,1979,89.485985
Austria,AUT,1980,88.96959
Austria,AUT,1981,87.71769
Austria,AUT,1982,87.17239
Austria,AUT,1983,87.27912
Austria,AUT,1984,89.037605
Austria,AUT,1985,86.83232
Austria,AUT,1986,86.39071
Austria,AUT,1987,85.58948
Austria,AUT,1988,85.194016
Austria,AUT,1989,85.3401
Austria,AUT,1990,87.14186
Austria,AUT,1991,87.77823
Austria,AUT,1992,85.93374
Austria,AUT,1993,85.43767
Austria,AUT,1994,85.90316
Austria,AUT,1995,85.51739
Austria,AUT,1996,87.344315
Austria,AUT,1997,86.65552
Austria,AUT,1998,86.46295
Austria,AUT,1999,85.42449
Austria,AUT,2000,85.127945
Austria,AUT,2001,86.05361
Austria,AUT,2002,86.30208
Austria,AUT,2003,88.70688
Austria,AUT,2004,87.4827
Austria,AUT,2005,87.03698
Austria,AUT,2006,85.90778
Austria,AUT,2007,84.21046
Austria,AUT,2008,83.77862
Austria,AUT,2009,81.68545
Austria,AUT,2010,82.989105
Austria,AUT,2011,83.29906
Austria,AUT,2012,80.087715
Austria,AUT,2013,80.27937
Austria,AUT,2014,79.56023
Austria,AUT,2015,80.67245
Austria,AUT,2016,80.01362
Austria,AUT,2017,80.467255
Austria,AUT,2018,80.417854
Austria,AUT,2019,79.94081
Austria,AUT,2020,78.02359
Austria,AUT,2021,79.586296
Austria,AUT,2022,78.986595
Austria,AUT,2023,75.58204
Austria,AUT,2024,73.411736
Austria,AUT,2025,75.32314
Azerbaijan,AZE,1985,99.43517
Azerbaijan,AZE,1986,99.679886
Azerbaijan,AZE,1987,99.66961
Azerbaijan,AZE,1988,99.71364
Azerbaijan,AZE,1989,99.71922
Azerbaijan,AZE,1990,99.35563
Azerbaijan,AZE,1991,99.287476
Azerbaijan,AZE,1992,99.17179
Azerbaijan,AZE,1993,98.661385
Azerbaijan,AZE,1994,98.90605
Azerbaijan,AZE,1995,99.01271
Azerbaijan,AZE,1996,98.80605
Azerbaijan,AZE,1997,98.60591
Azerbaijan,AZE,1998,98.41158
Azerbaijan,AZE,1999,98.77965
Azerbaijan,AZE,2000,98.81135
Azerbaijan,AZE,2001,98.95675
Azerbaijan,AZE,2002,98.340614
Azerbaijan,AZE,2003,98.11941
Azerbaijan,AZE,2004,98.14744
Azerbaijan,AZE,2005,98.13347
Azerbaijan,AZE,2006,98.42077
Azerbaijan,AZE,2007,98.38911
Azerbaijan,AZE,2008,98.4829
Azerbaijan,AZE,2009,98.16665
Azerbaijan,AZE,2010,97.18212
Azerbaijan,AZE,2011,98.102715
Azerbaijan,AZE,2012,98.76054
Azerbaijan,AZE,2013,98.88297
Azerbaijan,AZE,2014,98.988014
Azerbaijan,AZE,2015,98.8628
Azerbaijan,AZE,2016,98.63197
Azerbaijan,AZE,2017,98.74118
Azerbaijan,AZE,2018,98.765785
Azerbaijan,AZE,2019,98.90139
Azerbaijan,AZE,2020,99.17102
Azerbaijan,AZE,2021,99.12073
Azerbaijan,AZE,2022,99.01146
Azerbaijan,AZE,2023,98.95635
Azerbaijan,AZE,2024,98.08938
Azerbaijan,AZE,2025,98.00593
Bangladesh,BGD,1971,98.66048
Bangladesh,BGD,1972,98.8214
Bangladesh,BGD,1973,98.24241
Bangladesh,BGD,1974,98.80125
Bangladesh,BGD,1975,97.87087
Bangladesh,BGD,1976,97.935326
Bangladesh,BGD,1977,98.22235
Bangladesh,BGD,1978,98.056366
Bangladesh,BGD,1979,97.95086
Bangladesh,BGD,1980,98.26536
Bangladesh,BGD,1981,98.24519
Bangladesh,BGD,1982,98.679886
Bangladesh,BGD,1983,98.29797
Bangladesh,BGD,1984,97.84825
Bangladesh,BGD,1985,98.42188
Bangladesh,BGD,1986,99.12885
Bangladesh,BGD,1987,99.092545
Bangladesh,BGD,1988,98.93289
Bangladesh,BGD,1989,98.64333
Bangladesh,BGD,1990,98.774376
Bangladesh,BGD,1991,98.79624
Bangladesh,BGD,1992,98.954735
Bangladesh,BGD,1993,99.27829
Bangladesh,BGD,1994,99.04867
Bangladesh,BGD,1995,99.650314
Bangladesh,BGD,1996,99.33277
Bangladesh,BGD,1997,99.382744
Bangladesh,BGD,1998,99.301674
Bangladesh,BGD,1999,99.33548
Bangladesh,BGD,2000,99.34997
Bangladesh,BGD,2001,99.28876
Bangladesh,BGD,2002,99.38023
Bangladesh,BGD,2003,99.43032
Bangladesh,BGD,2004,99.49816
Bangladesh,BGD,2005,99.54388
Bangladesh,BGD,2006,99.56358
Bangladesh,BGD,2007,99.55873
Bangladesh,BGD,2008,99.48651
Bangladesh,BGD,2009,99.78346
Bangladesh,BGD,2010,99.6625
Bangladesh,BGD,2011,99.589905
Bangladesh,BGD,2012,99.65483
Bangladesh,BGD,2013,99.658325
Bangladesh,BGD,2014,99.703636
Bangladesh,BGD,2015,99.67125
Bangladesh,BGD,2016,99.6933
Bangladesh,BGD,2017,99.63634
Bangladesh,BGD,2018,99.701515
Bangladesh,BGD,2019,99.7278
Bangladesh,BGD,2020,99.72078
Bangladesh,BGD,2021,99.71525
Bangladesh,BGD,2022,99.71295
Bangladesh,BGD,2023,99.68397
Bangladesh,BGD,2024,99.53364
Bangladesh,BGD,2025,99.53809
Belarus,BLR,1985,99.99511
Belarus,BLR,1986,99.99571
Belarus,BLR,1987,99.995766
Belarus,BLR,1988,99.99583
Belarus,BLR,1989,99.99569
Belarus,BLR,1990,99.995705
Belarus,BLR,1991,99.996124
Belarus,BLR,1992,99.995804
Belarus,BLR,1993,99.99438
Belarus,BLR,1994,99.99326
Belarus,BLR,1995,99.99202
Belarus,BLR,1996,99.993774
Belarus,BLR,1997,99.99191
Belarus,BLR,1998,99.98899
Belarus,BLR,1999,99.992325
Belarus,BLR,2000,99.98941
Belarus,BLR,2001,99.98789
Belarus,BLR,2002,99.988686
Belarus,BLR,2003,99.989
Belarus,BLR,2004,99.98806
Belarus,BLR,2005,99.98697
Belarus,BLR,2006,99.98608
Belarus,BLR,2007,99.97339
Belarus,BLR,2008,99.92557
Belarus,BLR,2009,99.83563
Belarus,BLR,2010,99.77422
Belarus,BLR,2011,99.782936
Belarus,BLR,2012,99.78312
Belarus,BLR,2013,99.77474
Belarus,BLR,2014,99.77627
Belarus,BLR,2015,99.74877
Belarus,BLR,2016,99.73148
Belarus,BLR,2017,99.59588
Belarus,BLR,2018,99.66853
Belarus,BLR,2019,99.611946
Belarus,BLR,2020,99.09216
Belarus,BLR,2021,93.684326
Belarus,BLR,2022,94.57921
Belarus,BLR,2023,87.789604
Belarus,BLR,2024,84.320786
Belarus,BLR,2025,82.78912
Belgium,BEL,1965,99.934044
Belgium,BEL,1966,99.92016
Belgium,BEL,1967,99.87467
Belgium,BEL,1968,99.90777
Belgium,BEL,1969,99.941864
Belgium,BEL,1970,99.92233
Belgium,BEL,1971,99.97467
Belgium,BEL,1972,99.96207
Belgium,BEL,1973,99.86793
Belgium,BEL,1974,99.81542
Belgium,BEL,1975,95.95494
Belgium,BEL,1976,94.43237
Belgium,BEL,1977,93.27488
Belgium,BEL,1978,93.24908
Belgium,BEL,1979,93.97059
Belgium,BEL,1980,93.095245
Belgium,BEL,1981,92.549866
Belgium,BEL,1982,90.731766
Belgium,BEL,1983,85.396095
Belgium,BEL,1984,83.94072
Belgium,BEL,1985,80.87101
Belgium,BEL,1986,78.882614
Belgium,BEL,1987,78.14664
Belgium,BEL,1988,77.997314
Belgium,BEL,1989,79.10019
Belgium,BEL,1990,79.06047
Belgium,BEL,1991,79.67802
Belgium,BEL,1992,79.34794
Belgium,BEL,1993,79.77036
Belgium,BEL,1994,81.327545
Belgium,BEL,1995,81.20361
Belgium,BEL,1996,81.46146
Belgium,BEL,1997,79.948746
Belgium,BEL,1998,80.81729
Belgium,BEL,1999,79.494095
Belgium,BEL,2000,80.14501
Belgium,BEL,2001,80.7255
Belgium,BEL,2002,80.23058
Belgium,BEL,2003,80.92166
Belgium,BEL,2004,80.95004
Belgium,BEL,2005,80.45094
Belgium,BEL,2006,80.607735
Belgium,BEL,2007,79.9712
Belgium,BEL,2008,81.0032
Belgium,BEL,2009,78.283844
Belgium,BEL,2010,78.75319
Belgium,BEL,2011,76.814766
Belgium,BEL,2012,78.69917
Belgium,BEL,2013,78.06448
Belgium,BEL,2014,80.34529
Belgium,BEL,2015,83.519455
Belgium,BEL,2016,77.3114
Belgium,BEL,2017,77.64974
Belgium,BEL,2018,83.0372
Belgium,BEL,2019,77.24863
Belgium,BEL,2020,77.5761
Belgium,BEL,2021,73.706474
Belgium,BEL,2022,74.32273
Belgium,BEL,2023,77.18791
Belgium,BEL,2024,78.285255
Belgium,BEL,2025,80.999146
Brazil,BRA,1965,88.60617
Brazil,BRA,1966,88.571
Brazil,BRA,1967,88.43801
Brazil,BRA,1968,89.59823
Brazil,BRA,1969,89.84198
Brazil,BRA,1970,88.41519
Brazil,BRA,1971,88.46342
Brazil,BRA,1972,88.1746
Brazil,BRA,1973,88.90218
Brazil,BRA,1974,88.731705
Brazil,BRA,1975,88.179214
Brazil,BRA,1976,87.63353
Brazil,BRA,1977,86.35718
Brazil,BRA,1978,85.842705
Brazil,BRA,1979,84.56649
Brazil,BRA,1980,83.01015
Brazil,BRA,1981,82.15794
Brazil,BRA,1982,80.91391
Brazil,BRA,1983,78.14384
Brazil,BRA,1984,76.40075
Brazil,BRA,1985,75.28818
Brazil,BRA,1986,75.854485
Brazil,BRA,1987,75.87647
Brazil,BRA,1988,75.31594
Brazil,BRA,1989,74.540985
Brazil,BRA,1990,74.18676
Brazil,BRA,1991,74.16736
Brazil,BRA,1992,73.88268
Brazil,BRA,1993,74.064575
Brazil,BRA,1994,74.25217
Brazil,BRA,1995,74.18325
Brazil,BRA,1996,74.60557
Brazil,BRA,1997,75.20245
Brazil,BRA,1998,75.42316
Brazil,BRA,1999,75.43533
Brazil,BRA,2000,76.15851
Brazil,BRA,2001,77.11045
Brazil,BRA,2002,75.85965
Brazil,BRA,2003,74.81542
Brazil,BRA,2004,75.01323
Brazil,BRA,2005,74.54736
Brazil,BRA,2006,74.109924
Brazil,BRA,2007,72.96739
Brazil,BRA,2008,72.59873
Brazil,BRA,2009,70.242035
Brazil,BRA,2010,71.03596
Brazil,BRA,2011,71.390465
Brazil,BRA,2012,72.90951
Brazil,BRA,2013,73.66513
Brazil,BRA,2014,73.78282
Brazil,BRA,2015,72.34254
Brazil,BRA,2016,70.24894
Brazil,BRA,2017,70.30212
Brazil,BRA,2018,67.67194
Brazil,BRA,2019,66.57072
Brazil,BRA,2020,64.92185
Brazil,BRA,2021,68.06453
Brazil,BRA,2022,65.383766
Brazil,BRA,2023,64.10935
Brazil,BRA,2024,62.594772
Brazil,BRA,2025,62.31557
Bulgaria,BGR,1965,98.27603
Bulgaria,BGR,1966,98.38725
Bulgaria,BGR,1967,98.6092
Bulgaria,BGR,1968,99.20613
Bulgaria,BGR,1969,98.99215
Bulgaria,BGR,1970,98.951004
Bulgaria,BGR,1971,98.984795
Bulgaria,BGR,1972,99.04867
Bulgaria,BGR,1973,98.873024
Bulgaria,BGR,1974,97.92828
Bulgaria,BGR,1975,96.09494
Bulgaria,BGR,1976,93.45649
Bulgaria,BGR,1977,92.64371
Bulgaria,BGR,1978,93.108154
Bulgaria,BGR,1979,92.958244
Bulgaria,BGR,1980,93.21193
Bulgaria,BGR,1981,90.40522
Bulgaria,BGR,1982,89.37632
Bulgaria,BGR,1983,87.93732
Bulgaria,BGR,1984,87.52671
Bulgaria,BGR,1985,87.45557
Bulgaria,BGR,1986,88.60554
Bulgaria,BGR,1987,88.29833
Bulgaria,BGR,1988,85.47818
Bulgaria,BGR,1989,86.575005
Bulgaria,BGR,1990,85.78304
Bulgaria,BGR,1991,83.8054
Bulgaria,BGR,1992,84.97151
Bulgaria,BGR,1993,83.207855
Bulgaria,BGR,1994,81.19165
Bulgaria,BGR,1995,79.95087
Bulgaria,BGR,1996,78.615776
Bulgaria,BGR,1997,77.85779
Bulgaria,BGR,1998,77.80207
Bulgaria,BGR,1999,76.435844
Bulgaria,BGR,2000,73.24661
Bulgaria,BGR,2001,72.99198
Bulgaria,BGR,2002,70.97535
Bulgaria,BGR,2003,75.27926
Bulgaria,BGR,2004,75.01003
Bulgaria,BGR,2005,73.932365
Bulgaria,BGR,2006,73.48406
Bulgaria,BGR,2007,79.63587
Bulgaria,BGR,2008,77.952515
Bulgaria,BGR,2009,75.11488
Bulgaria,BGR,2010,74.755455
Bulgaria,BGR,2011,76.06752
Bulgaria,BGR,2012,74.28263
Bulgaria,BGR,2013,73.287445
Bulgaria,BGR,2014,72.27094
Bulgaria,BGR,2015,73.47727
Bulgaria,BGR,2016,72.536674
Bulgaria,BGR,2017,74.10237
Bulgaria,BGR,2018,70.366684
Bulgaria,BGR,2019,69.85063
Bulgaria,BGR,2020,67.4212
Bulgaria,BGR,2021,68.97507
Bulgaria,BGR,2022,70.66901
Bulgaria,BGR,2023,66.30334
Bulgaria,BGR,2024,65.87854
Bulgaria,BGR,2025,66.46689
CIS (EI),,1965,98.71155
CIS (EI),,1966,98.63344
CIS (EI),,1967,98.73777
CIS (EI),,1968,98.54763
CIS (EI),,1969,98.4548
CIS (EI),,1970,98.39302
CIS (EI),,1971,98.416916
CIS (EI),,1972,98.38824
CIS (EI),,1973,98.33848
CIS (EI),,1974,98.126854
CIS (EI),,1975,98.07778
CIS (EI),,1976,97.81226
CIS (EI),,1977,97.48549
CIS (EI),,1978,97.36717
CIS (EI),,1979,97.251396
CIS (EI),,1980,96.8873
CIS (EI),,1981,96.63433
CIS (EI),,1982,96.52213
CIS (EI),,1983,96.31256
CIS (EI),,1984,95.61032
CIS (EI),,1985,95.60396
CIS (EI),,1986,95.608055
CIS (EI),,1987,95.20514
CIS (EI),,1988,94.98006
CIS (EI),,1989,95.083565
CIS (EI),,1990,95.38695
CIS (EI),,1991,95.23844
CIS (EI),,1992,94.98125
CIS (EI),,1993,94.49876
CIS (EI),,1994,94.57503
CIS (EI),,1995,94.23739
CIS (EI),,1996,93.910835
CIS (EI),,1997,93.58204
CIS (EI),,1998,93.744804
CIS (EI),,1999,93.09001
CIS (EI),,2000,92.776566
CIS (EI),,2001,92.59452
CIS (EI),,2002,92.52849
CIS (EI),,2003,92.43255
CIS (EI),,2004,92.4802
CIS (EI),,2005,92.35564
CIS (EI),,2006,92.43924
CIS (EI),,2007,92.36213
CIS (EI),,2008,92.51033
CIS (EI),,2009,92.02767
CIS (EI),,2010,92.14532
CIS (EI),,2011,92.45276
CIS (EI),,2012,92.42231
CIS (EI),,2013,92.26733
CIS (EI),,2014,92.14209
CIS (EI),,2015,91.559425
CIS (EI),,2016,91.521324
CIS (EI),,2017,91.381996
CIS (EI),,2018,91.66961
CIS (EI),,2019,91.4495
CIS (EI),,2020,90.7225
CIS (EI),,2021,90.73513
CIS (EI),,2022,91.09981
CIS (EI),,2023,91.11552
CIS (EI),,2024,90.98596
CIS (EI),,2025,90.932526
Canada,CAN,1965,89.76859
Canada,CAN,1966,89.24125
Canada,CAN,1967,89.535576
Canada,CAN,1968,89.9232
Canada,CAN,1969,89.50534
Canada,CAN,1970,89.656876
Canada,CAN,1971,89.10635
Canada,CAN,1972,88.17051
Canada,CAN,1973,87.15006
Canada,CAN,1974,86.66637
Canada,CAN,1975,87.30636
Canada,CAN,1976,86.51175
Canada,CAN,1977,85.62725
Canada,CAN,1978,84.352615
Canada,CAN,1979,83.77929
Canada,CAN,1980,83.37303
Canada,CAN,1981,81.98562
Canada,CAN,1982,82.03028
Canada,CAN,1983,79.91391
Canada,CAN,1984,79.628365
Canada,CAN,1985,78.36281
Canada,CAN,1986,76.76229
Canada,CAN,1987,76.516556
Canada,CAN,1988,77.453995
Canada,CAN,1989,78.966515
Canada,CAN,1990,78.4205
Canada,CAN,1991,76.39018
Canada,CAN,1992,77.14529
Canada,CAN,1993,75.86028
Canada,CAN,1994,74.99995
Canada,CAN,1995,76.31876
Canada,CAN,1996,76.519615
Canada,CAN,1997,77.97383
Canada,CAN,1998,79.52275
Canada,CAN,1999,79.40222
Canada,CAN,2000,79.580246
Canada,CAN,2001,79.83651
Canada,CAN,2002,79.95485
Canada,CAN,2003,80.81376
Canada,CAN,2004,79.60645
Canada,CAN,2005,78.68017
Canada,CAN,2006,78.40679
Canada,CAN,2007,78.9888
Canada,CAN,2008,78.09347
Canada,CAN,2009,77.8208
Canada,CAN,2010,78.5934
Canada,CAN,2011,78.00482
Canada,CAN,2012,77.464226
Canada,CAN,2013,76.96438
Canada,CAN,2014,77.10487
Canada,CAN,2015,77.139755
Canada,CAN,2016,76.579605
Canada,CAN,2017,76.519554
Canada,CAN,2018,77.25027
Canada,CAN,2019,77.278336
Canada,CAN,2020,75.65068
Canada,CAN,2021,76.44413
Canada,CAN,2022,76.82631
Canada,CAN,2023,77.49202
Canada,CAN,2024,78.055084
Canada,CAN,2025,78.05161
Chile,CHL,1965,93.88824
Chile,CHL,1966,94.00447
Chile,CHL,1967,93.99531
Chile,CHL,1968,95.040504
Chile,CHL,1969,94.78226
Chile,CHL,1970,94.70332
Chile,CHL,1971,94.28767
Chile,CHL,1972,93.27112
Chile,CHL,1973,93.21863
Chile,CHL,1974,92.20829
Chile,CHL,1975,91.196625
Chile,CHL,1976,91.16985
Chile,CHL,1977,91.06689
Chile,CHL,1978,91.0287
Chile,CHL,1979,91.310005
Chile,CHL,1980,91.05555
Chile,CHL,1981,90.74028
Chile,CHL,1982,88.78227
Chile,CHL,1983,88.04682
Chile,CHL,1984,88.10389
Chile,CHL,1985,86.77968
Chile,CHL,1986,86.0628
Chile,CHL,1987,85.59131
Chile,CHL,1988,87.579834
Chile,CHL,1989,90.94234
Chile,CHL,1990,91.40773
Chile,CHL,1991,89.08989
Chile,CHL,1992,86.33462
Chile,CHL,1993,86.84947
Chile,CHL,1994,87.69037
Chile,CHL,1995,87.69363
Chile,CHL,1996,89.58319
Chile,CHL,1997,90.059715
Chile,CHL,1998,92.2209
Chile,CHL,1999,93.251884
Chile,CHL,2000,91.38425
Chile,CHL,2001,90.11724
Chile,CHL,2002,89.641235
Chile,CHL,2003,90.064095
Chile,CHL,2004,91.09078
Chile,CHL,2005,89.97733
Chile,CHL,2006,89.741165
Chile,CHL,2007,90.697044
Chile,CHL,2008,89.16718
Chile,CHL,2009,88.48257
Chile,CHL,2010,89.997696
Chile,CHL,2011,90.262184
Chile,CHL,2012,89.42421
Chile,CHL,2013,89.04019
Chile,CHL,2014,89.05519
Chile,CHL,2015,88.035736
Chile,CHL,2016,88.48679
Chile,CHL,2017,87.088585
Chile,CHL,2018,85.2487
Chile,CHL,2019,86.200226
Chile,CHL,2020,84.90347
Chile,CHL,2021,86.01681
Chile,CHL,2022,84.63623
Chile,CHL,2023,81.54988
Chile,CHL,2024,80.15193
Chile,CHL,2025,81.63268
China,CHN,1965,98.519905
China,CHN,1966,98.616516
China,CHN,1967,98.6752
China,CHN,1968,98.44623
China,CHN,1969,98.70757
China,CHN,1970,98.96153
China,CHN,1971,98.9401
China,CHN,1972,98.884674
China,CHN,1973,98.81769
China,CHN,1974,98.69977
China,CHN,1975,98.78694
China,CHN,1976,98.83342
China,CHN,1977,98.88427
China,CHN,1978,99.049446
China,CHN,1979,98.96178
China,CHN,1980,98.764824
China,CHN,1981,98.586754
China,CHN,1982,98.45974
China,CHN,1983,98.315
China,CHN,1984,98.42591
China,CHN,1985,98.45236
China,CHN,1986,98.48942
China,CHN,1987,98.51914
China,CHN,1988,98.49495
China,CHN,1989,98.442955
China,CHN,1990,98.34423
China,CHN,1991,98.45204
China,CHN,1992,98.45158
China,CHN,1993,98.27484
China,CHN,1994,97.79212
China,CHN,1995,97.59558
China,CHN,1996,97.7527
China,CHN,1997,97.65206
China,CHN,1998,97.6421
China,CHN,1999,97.721054
China,CHN,2000,97.517586
China,CHN,2001,97.154396
China,CHN,2002,97.12112
China,CHN,2003,97.19233
China,CHN,2004,97.07521
China,CHN,2005,97.11692
China,CHN,2006,97.12247
China,CHN,2007,97.008156
China,CHN,2008,96.2932
China,CHN,2009,96.38854
China,CHN,2010,96.16373
China,CHN,2011,96.28878
China,CHN,2012,95.59156
China,CHN,2013,95.27353
China,CHN,2014,94.52746
China,CHN,2015,93.9031
China,CHN,2016,93.07005
China,CHN,2017,92.54329
China,CHN,2018,91.939896
China,CHN,2019,91.47514
China,CHN,2020,91.05759
China,CHN,2021,90.5623
China,CHN,2022,90.0905
China,CHN,2023,89.96409
China,CHN,2024,88.71135
China,CHN,2025,87.54564
Colombia,COL,1965,96.09431
Colombia,COL,1966,96.14837
Colombia,COL,1967,95.90827
Colombia,COL,1968,95.58228
Colombia,COL,1969,95.10712
Colombia,COL,1970,95.02192
Colombia,COL,1971,94.62217
Colombia,COL,1972,94.85424
Colombia,COL,1973,94.13572
Colombia,COL,1974,94.03742
Colombia,COL,1975,92.45375
Colombia,COL,1976,92.3786
Colombia,COL,1977,92.50272
Colombia,COL,1978,91.6766
Colombia,COL,1979,91.15712
Colombia,COL,1980,90.68192
Colombia,COL,1981,90.992004
Colombia,COL,1982,90.578896
Colombia,COL,1983,91.0452
Colombia,COL,1984,89.98125
Colombia,COL,1985,89.4994
Colombia,COL,1986,88.23468
Colombia,COL,1987,88.30535
Colombia,COL,1988,87.51637
Colombia,COL,1989,86.97703
Colombia,COL,1990,85.73907
Colombia,COL,1991,86.06831
Colombia,COL,1992,89.6326
Colombia,COL,1993,87.78026
Colombia,COL,1994,86.82709
Colombia,COL,1995,87.1919
Colombia,COL,1996,86.24449
Colombia,COL,1997,88.256645
Colombia,COL,1998,88.68123
Colombia,COL,1999,86.34001
Colombia,COL,2000,87.26505
Colombia,COL,2001,87.029076
Colombia,COL,2002,85.90982
Colombia,COL,2003,85.1661
Colombia,COL,2004,85.10388
Colombia,COL,2005,84.305626
Colombia,COL,2006,85.110634
Colombia,COL,2007,84.73766
Colombia,COL,2008,84.770676
Colombia,COL,2009,85.57728
Colombia,COL,2010,86.03576
Colombia,COL,2011,83.42031
Colombia,COL,2012,84.72218
Colombia,COL,2013,86.25416
Colombia,COL,2014,86.64011
Colombia,COL,2015,86.3993
Colombia,COL,2016,87.07037
Colombia,COL,2017,84.39254
Colombia,COL,2018,84.62174
Colombia,COL,2019,85.39382
Colombia,COL,2020,85.243416
Colombia,COL,2021,83.78766
Colombia,COL,2022,84.37194
Colombia,COL,2023,84.91723
Colombia,COL,2024,85.318855
Colombia,COL,2025,81.39599
Croatia,HRV,1990,95.75906
Croatia,HRV,1991,92.38698
Croatia,HRV,1992,93.93529
Croatia,HRV,1993,93.86493
Croatia,HRV,1994,92.653435
Croatia,HRV,1995,92.55794
Croatia,HRV,1996,89.99399
Croatia,HRV,1997,92.849594
Croatia,HRV,1998,93.04319
Croatia,HRV,1999,91.62111
Croatia,HRV,2000,92.30717
Croatia,HRV,2001,91.80337
Croatia,HRV,2002,93.5268
Croatia,HRV,2003,94.311775
Croatia,HRV,2004,92.05631
Croatia,HRV,2005,92.62857
Croatia,HRV,2006,93.031136
Croatia,HRV,2007,95.20374
Croatia,HRV,2008,93.91236
Croatia,HRV,2009,91.82201
Croatia,HRV,2010,89.79871
Croatia,HRV,2011,93.62065
Croatia,HRV,2012,92.641975
Croatia,HRV,2013,87.66942
Croatia,HRV,2014,86.614006
Croatia,HRV,2015,89.41871
Croatia,HRV,2016,88.62936
Croatia,HRV,2017,90.22192
Croatia,HRV,2018,86.192085
Croatia,HRV,2019,86.13727
Croatia,HRV,2020,84.77545
Croatia,HRV,2021,82.52094
Croatia,HRV,2022,85.02142
Croatia,HRV,2023,83.345314
Croatia,HRV,2024,84.72064
Croatia,HRV,2025,85.63198
Cyprus,CYP,2006,99.99469
Cyprus,CYP,2007,99.95259
Czechia,CZE,1965,99.51943
Czechia,CZE,1966,99.55067
Czechia,CZE,1967,99.58894
Czechia,CZE,1968,99.6956
Czechia,CZE,1969,99.76198
Czechia,CZE,1970,99.6733
Czechia,CZE,1971,99.7809
Czechia,CZE,1972,99.771996
Czechia,CZE,1973,99.8063
Czechia,CZE,1974,99.67669
Czechia,CZE,1975,99.69031
Czechia,CZE,1976,99.76016
Czechia,CZE,1977,99.68366
Czechia,CZE,1978,99.70989
Czechia,CZE,1979,99.639824
Czechia,CZE,1980,99.61065
Czechia,CZE,1981,99.663345
Czechia,CZE,1982,99.7243
Czechia,CZE,1983,99.627365
Czechia,CZE,1984,99.19545
Czechia,CZE,1985,98.578865
Czechia,CZE,1986,96.7756
Czechia,CZE,1987,94.63604
Czechia,CZE,1988,94.20664
Czechia,CZE,1989,93.81696
Czechia,CZE,1990,92.90604
Czechia,CZE,1991,92.47296
Czechia,CZE,1992,92.254555
Czechia,CZE,1993,91.755196
Czechia,CZE,1994,91.17204
Czechia,CZE,1995,91.6526
Czechia,CZE,1996,91.59019
Czechia,CZE,1997,91.39709
Czechia,CZE,1998,90.72704
Czechia,CZE,1999,90.03586
Czechia,CZE,2000,90.46249
Czechia,CZE,2001,89.9181
Czechia,CZE,2002,87.37174
Czechia,CZE,2003,84.20546
Czechia,CZE,2004,84.15085
Czechia,CZE,2005,84.76631
Czechia,CZE,2006,84.157074
Czechia,CZE,2007,83.85914
Czechia,CZE,2008,83.009155
Czechia,CZE,2009,81.257675
Czechia,CZE,2010,81.20616
Czechia,CZE,2011,79.748474
Czechia,CZE,2012,78.07843
Czechia,CZE,2013,76.86514
Czechia,CZE,2014,76.42628
Czechia,CZE,2015,78.11987
Czechia,CZE,2016,79.52207
Czechia,CZE,2017,77.95604
Czechia,CZE,2018,77.09587
Czechia,CZE,2019,76.067535
Czechia,CZE,2020,74.08886
Czechia,CZE,2021,74.87705
Czechia,CZE,2022,74.18174
Czechia,CZE,2023,72.30096
Czechia,CZE,2024,71.30819
Czechia,CZE,2025,70.19163
Denmark,DNK,1983,99.91547
Denmark,DNK,1984,99.91541
Denmark,DNK,1985,99.91261
Denmark,DNK,1986,99.86114
Denmark,DNK,1987,99.81886
Denmark,DNK,1988,99.73215
Denmark,DNK,1989,99.57256
Denmark,DNK,1990,99.36563
Denmark,DNK,1991,99.205315
Denmark,DNK,1992,98.832886
Denmark,DNK,1993,98.57859
Denmark,DNK,1994,98.816475
Denmark,DNK,1995,98.69398
Denmark,DNK,1996,98.691246
Denmark,DNK,1997,98.09964
Denmark,DNK,1998,97.536156
Denmark,DNK,1999,97.05908
Denmark,DNK,2000,96.40209
Denmark,DNK,2001,96.14918
Denmark,DNK,2002,95.33655
Denmark,DNK,2003,94.617386
Denmark,DNK,2004,93.25108
Denmark,DNK,2005,92.61862
Denmark,DNK,2006,93.68295
Denmark,DNK,2007,92.79286
Denmark,DNK,2008,92.571724
Denmark,DNK,2009,91.886826
Denmark,DNK,2010,89.945
Denmark,DNK,2011,87.89097
Denmark,DNK,2012,85.921524
Denmark,DNK,2013,85.8945
Denmark,DNK,2014,83.92204
Denmark,DNK,2015,82.86271
Denmark,DNK,2016,82.75771
Denmark,DNK,2017,78.9872
Denmark,DNK,2018,79.88035
Denmark,DNK,2019,77.43332
Denmark,DNK,2020,73.76624
Denmark,DNK,2021,70.7736
Denmark,DNK,2022,71.14173
Denmark,DNK,2023,70.09147
Denmark,DNK,2024,68.264984
Denmark,DNK,2025,66.05192
Ecuador,ECU,1990,91.63621
Ecuador,ECU,1991,92.1265
Ecuador,ECU,1992,92.7093
Ecuador,ECU,1993,91.361946
Ecuador,ECU,1994,90.77418
Ecuador,ECU,1995,93.01504
Ecuador,ECU,1996,92.13796
Ecuador,ECU,1997,92.288315
Ecuador,ECU,1998,92.37474
Ecuador,ECU,1999,90.793076
Ecuador,ECU,2000,91.04636
Ecuador,ECU,2001,92.07665
Ecuador,ECU,2002,91.78611
Ecuador,ECU,2003,92.25995
Ecuador,ECU,2004,92.60111
Ecuador,ECU,2005,93.34546
Ecuador,ECU,2006,93.40193
Ecuador,ECU,2007,91.76332
Ecuador,ECU,2008,90.343704
Ecuador,ECU,2009,92.56874
Ecuador,ECU,2010,93.288185
Ecuador,ECU,2011,91.71028
Ecuador,ECU,2012,91.377655
Ecuador,ECU,2013,92.5174
Ecuador,ECU,2014,92.39007
Ecuador,ECU,2015,91.186554
Ecuador,ECU,2016,89.05648
Ecuador,ECU,2017,86.44164
Ecuador,ECU,2018,87.00746
Ecuador,ECU,2019,84.49974
Ecuador,ECU,2020,81.8093
Ecuador,ECU,2021,84.10172
Ecuador,ECU,2022,85.66002
Ecuador,ECU,2023,85.92032
Ecuador,ECU,2024,87.28595
Ecuador,ECU,2025,84.83236
Egypt,EGY,1965,98.037704
Egypt,EGY,1966,98.0351
Egypt,EGY,1967,97.50225
Egypt,EGY,1968,96.395256
Egypt,EGY,1969,93.913376
Egypt,EGY,1970,94.29947
Egypt,EGY,1971,93.999825
Egypt,EGY,1972,94.51964
Egypt,EGY,1973,94.17661
Egypt,EGY,1974,93.88768
Egypt,EGY,1975,93.88026
Egypt,EGY,1976,93.98055
Egypt,EGY,1977,93.705696
Egypt,EGY,1978,93.420105
Egypt,EGY,1979,94.25645
Egypt,EGY,1980,94.907394
Egypt,EGY,1981,95.38089
Egypt,EGY,1982,95.777435
Egypt,EGY,1983,96.38611
Egypt,EGY,1984,96.77139
Egypt,EGY,1985,97.05802
Egypt,EGY,1986,97.185326
Egypt,EGY,1987,97.35472
Egypt,EGY,1988,97.43789
Egypt,EGY,1989,97.385796
Egypt,EGY,1990,97.32336
Egypt,EGY,1991,97.36995
Egypt,EGY,1992,97.37579
Egypt,EGY,1993,97.2954
Egypt,EGY,1994,97.26489
Egypt,EGY,1995,97.309074
Egypt,EGY,1996,97.38288
Egypt,EGY,1997,97.4269
Egypt,EGY,1998,97.46034
Egypt,EGY,1999,97.36516
Egypt,EGY,2000,97.36257
Egypt,EGY,2001,97.417244
Egypt,EGY,2002,97.562874
Egypt,EGY,2003,97.86973
Egypt,EGY,2004,97.969955
Egypt,EGY,2005,98.05082
Egypt,EGY,2006,98.11913
Egypt,EGY,2007,98.035194
Egypt,EGY,2008,98.00365
Egypt,EGY,2009,98.226364
Egypt,EGY,2010,98.34381
Egypt,EGY,2011,98.3916
Egypt,EGY,2012,98.44139
Egypt,EGY,2013,98.434166
Egypt,EGY,2014,98.42496
Egypt,EGY,2015,98.35326
Egypt,EGY,2016,98.42304
Egypt,EGY,2017,98.51676
Egypt,EGY,2018,98.42347
Egypt,EGY,2019,98.073166
Egypt,EGY,2020,97.49386
Egypt,EGY,2021,97.514915
Egypt,EGY,2022,97.604866
Egypt,EGY,2023,97.538216
Egypt,EGY,2024,97.41197
Egypt,EGY,2025,96.9054
Estonia,EST,1985,100
Estonia,EST,1986,100
Estonia,EST,1987,100
Estonia,EST,1988,100
Estonia,EST,1989,99.99999
Estonia,EST,1990,100
Estonia,EST,1991,100
Estonia,EST,1992,99.99999
Estonia,EST,1993,99.99999
Estonia,EST,1994,100
Estonia,EST,1995,99.970825
Estonia,EST,1996,99.9771
Estonia,EST,1997,99.962814
Estonia,EST,1998,99.937675
Estonia,EST,1999,99.919205
Estonia,EST,2000,99.68622
Estonia,EST,2001,99.86905
Estonia,EST,2002,99.838585
Estonia,EST,2003,99.839584
Estonia,EST,2004,99.801865
Estonia,EST,2005,99.71838
Estonia,EST,2006,99.65302
Estonia,EST,2007,99.685394
Estonia,EST,2008,99.5159
Estonia,EST,2009,97.91666
Estonia,EST,2010,96.310905
Estonia,EST,2011,96.050125
Estonia,EST,2012,95.04669
Estonia,EST,2013,96.42918
Estonia,EST,2014,95.72215
Estonia,EST,2015,95.01819
Estonia,EST,2016,94.907394
Estonia,EST,2017,94.61807
Estonia,EST,2018,93.572334
Estonia,EST,2019,91.48793
Estonia,EST,2020,87.37938
Estonia,EST,2021,88.29954
Estonia,EST,2022,89.65157
Estonia,EST,2023,89.192986
Estonia,EST,2024,87.554405
Estonia,EST,2025,86.52007
Europe,OWID_EUR,1965,97.447754
Europe,OWID_EUR,1966,97.25824
Europe,OWID_EUR,1967,97.30937
Europe,OWID_EUR,1968,97.244835
Europe,OWID_EUR,1969,97.27422
Europe,OWID_EUR,1970,97.249084
Europe,OWID_EUR,1971,97.22955
Europe,OWID_EUR,1972,97.07559
Europe,OWID_EUR,1973,97.0823
Europe,OWID_EUR,1974,96.74134
Europe,OWID_EUR,1975,96.38243
Europe,OWID_EUR,1976,96.341934
Europe,OWID_EUR,1977,95.734955
Europe,OWID_EUR,1978,95.61576
Europe,OWID_EUR,1979,95.41592
Europe,OWID_EUR,1980,94.92909
Europe,OWID_EUR,1981,93.95127
Europe,OWID_EUR,1982,93.57545
Europe,OWID_EUR,1983,92.89126
Europe,OWID_EUR,1984,91.70581
Europe,OWID_EUR,1985,90.36417
Europe,OWID_EUR,1986,90.11778
Europe,OWID_EUR,1987,89.774155
Europe,OWID_EUR,1988,89.02065
Europe,OWID_EUR,1989,88.84675
Europe,OWID_EUR,1990,88.83561
Europe,OWID_EUR,1991,88.43228
Europe,OWID_EUR,1992,87.84224
Europe,OWID_EUR,1993,86.95758
Europe,OWID_EUR,1994,86.63801
Europe,OWID_EUR,1995,86.29408
Europe,OWID_EUR,1996,85.932144
Europe,OWID_EUR,1997,85.40814
Europe,OWID_EUR,1998,85.42487
Europe,OWID_EUR,1999,85.03884
Europe,OWID_EUR,2000,84.85601
Europe,OWID_EUR,2001,84.598045
Europe,OWID_EUR,2002,84.54192
Europe,OWID_EUR,2003,84.69526
Europe,OWID_EUR,2004,84.398155
Europe,OWID_EUR,2005,84.3109
Europe,OWID_EUR,2006,84.32868
Europe,OWID_EUR,2007,84.32161
Europe,OWID_EUR,2008,83.906944
Europe,OWID_EUR,2009,83.09042
Europe,OWID_EUR,2010,82.95345
Europe,OWID_EUR,2011,82.78021
Europe,OWID_EUR,2012,82.30614
Europe,OWID_EUR,2013,81.81195
Europe,OWID_EUR,2014,80.87162
Europe,OWID_EUR,2015,80.69462
Europe,OWID_EUR,2016,81.00525
Europe,OWID_EUR,2017,81.07826
Europe,OWID_EUR,2018,80.733925
Europe,OWID_EUR,2019,80.231224
Europe,OWID_EUR,2020,79.1325
Europe,OWID_EUR,2021,79.1704
Europe,OWID_EUR,2022,80.30559
Europe,OWID_EUR,2023,79.301704
Europe,OWID_EUR,2024,78.72298
Europe,OWID_EUR,2025,78.64824
Europe (EI),,1965,96.72674
Europe (EI),,1966,96.45045
Europe (EI),,1967,96.450905
Europe (EI),,1968,96.48423
Europe (EI),,1969,96.60515
Europe (EI),,1970,96.61555
Europe (EI),,1971,96.5629
Europe (EI),,1972,96.33439
Europe (EI),,1973,96.38445
Europe (EI),,1974,95.91259
Europe (EI),,1975,95.29349
Europe (EI),,1976,95.41211
Europe (EI),,1977,94.60274
Europe (EI),,1978,94.48359
Europe (EI),,1979,94.23178
Europe (EI),,1980,93.61079
Europe (EI),,1981,92.058304
Europe (EI),,1982,91.403755
Europe (EI),,1983,90.36676
Europe (EI),,1984,88.80592
Europe (EI),,1985,88.4159
Europe (EI),,1986,88.12546
Europe (EI),,1987,87.76924
Europe (EI),,1988,86.73181
Europe (EI),,1989,86.54526
Europe (EI),,1990,86.434135
Europe (EI),,1991,85.943146
Europe (EI),,1992,85.26213
Europe (EI),,1993,84.37853
Europe (EI),,1994,84.11332
Europe (EI),,1995,84.02806
Europe (EI),,1996,83.80476
Europe (EI),,1997,83.40249
Europe (EI),,1998,83.38835
Europe (EI),,1999,83.1073
Europe (EI),,2000,82.99947
Europe (EI),,2001,82.74208
Europe (EI),,2002,82.67857
Europe (EI),,2003,82.91985
Europe (EI),,2004,82.52569
Europe (EI),,2005,82.516075
Europe (EI),,2006,82.46577
Europe (EI),,2007,82.56062
Europe (EI),,2008,81.97375
Europe (EI),,2009,81.12113
Europe (EI),,2010,80.76973
Europe (EI),,2011,80.36258
Europe (EI),,2012,79.73611
Europe (EI),,2013,79.12807
Europe (EI),,2014,77.95119
Europe (EI),,2015,77.92479
Europe (EI),,2016,78.31331
Europe (EI),,2017,78.56775
Europe (EI),,2018,77.77445
Europe (EI),,2019,76.99504
Europe (EI),,2020,75.76938
Europe (EI),,2021,76.055756
Europe (EI),,2022,76.89402
Europe (EI),,2023,75.27836
Europe (EI),,2024,74.4139
Europe (EI),,2025,74.48727
European Union (27),OWID_EU27,1965,97.214455
European Union (27),OWID_EU27,1966,97.027435
European Union (27),OWID_EU27,1967,97.18044
European Union (27),OWID_EU27,1968,97.27992
European Union (27),OWID_EU27,1969,97.41551
European Union (27),OWID_EU27,1970,97.31826
European Union (27),OWID_EU27,1971,97.29099
European Union (27),OWID_EU27,1972,97.065475
European Union (27),OWID_EU27,1973,97.10777
European Union (27),OWID_EU27,1974,96.774284
European Union (27),OWID_EU27,1975,96.03387
European Union (27),OWID_EU27,1976,96.24065
European Union (27),OWID_EU27,1977,95.3066
European Union (27),OWID_EU27,1978,95.09803
European Union (27),OWID_EU27,1979,94.86309
European Union (27),OWID_EU27,1980,94.23173
European Union (27),OWID_EU27,1981,92.4872
European Union (27),OWID_EU27,1982,91.85477
European Union (27),OWID_EU27,1983,90.72719
European Union (27),OWID_EU27,1984,88.916916
European Union (27),OWID_EU27,1985,87.51666
European Union (27),OWID_EU27,1986,86.791504
European Union (27),OWID_EU27,1987,86.41167
European Union (27),OWID_EU27,1988,85.53116
European Union (27),OWID_EU27,1989,85.36283
European Union (27),OWID_EU27,1990,84.89558
European Union (27),OWID_EU27,1991,84.41308
European Union (27),OWID_EU27,1992,83.97264
European Union (27),OWID_EU27,1993,83.352325
European Union (27),OWID_EU27,1994,83.26144
European Union (27),OWID_EU27,1995,83.23831
European Union (27),OWID_EU27,1996,83.07001
European Union (27),OWID_EU27,1997,82.678116
European Union (27),OWID_EU27,1998,82.74561
European Union (27),OWID_EU27,1999,82.3591
European Union (27),OWID_EU27,2000,82.09533
European Union (27),OWID_EU27,2001,81.755775
European Union (27),OWID_EU27,2002,81.74394
European Union (27),OWID_EU27,2003,81.91706
European Union (27),OWID_EU27,2004,81.40947
European Union (27),OWID_EU27,2005,81.4606
European Union (27),OWID_EU27,2006,81.29928
European Union (27),OWID_EU27,2007,81.3223
European Union (27),OWID_EU27,2008,80.51603
European Union (27),OWID_EU27,2009,79.83371
European Union (27),OWID_EU27,2010,79.324615
European Union (27),OWID_EU27,2011,78.89143
European Union (27),OWID_EU27,2012,78.21572
European Union (27),OWID_EU27,2013,77.61045
European Union (27),OWID_EU27,2014,76.35825
European Union (27),OWID_EU27,2015,76.89226
European Union (27),OWID_EU27,2016,77.34879
European Union (27),OWID_EU27,2017,77.84651
European Union (27),OWID_EU27,2018,77.077286
European Union (27),OWID_EU27,2019,76.31001
European Union (27),OWID_EU27,2020,75.01476
European Union (27),OWID_EU27,2021,75.209755
European Union (27),OWID_EU27,2022,76.51239
European Union (27),OWID_EU27,2023,74.348694
European Union (27),OWID_EU27,2024,73.36188
European Union (27),OWID_EU27,2025,73.20397
Finland,FIN,1974,93.06148
Finland,FIN,1975,93.48356
Finland,FIN,1976,95.38561
Finland,FIN,1977,90.54912
Finland,FIN,1978,91.37071
Finland,FIN,1979,87.32717
Finland,FIN,1980,87.25691
Finland,FIN,1981,76.25092
Finland,FIN,1982,73.67574
Finland,FIN,1983,71.91025
Finland,FIN,1984,71.99398
Finland,FIN,1985,73.72804
Finland,FIN,1986,73.99723
Finland,FIN,1987,74.05716
Finland,FIN,1988,74.203545
Finland,FIN,1989,74.98708
Finland,FIN,1990,72.223915
Finland,FIN,1991,71.60011
Finland,FIN,1992,70.92052
Finland,FIN,1993,70.23335
Finland,FIN,1994,72.539055
Finland,FIN,1995,71.00928
Finland,FIN,1996,72.732
Finland,FIN,1997,69.858185
Finland,FIN,1998,67.477066
Finland,FIN,1999,67.71598
Finland,FIN,2000,67.32062
Finland,FIN,2001,69.262856
Finland,FIN,2002,70.328156
Finland,FIN,2003,72.03719
Finland,FIN,2004,69.5058
Finland,FIN,2005,66.69259
Finland,FIN,2006,69.86701
Finland,FIN,2007,68.9341
Finland,FIN,2008,65.84133
Finland,FIN,2009,66.05913
Finland,FIN,2010,67.568474
Finland,FIN,2011,64.68174
Finland,FIN,2012,61.479324
Finland,FIN,2013,61.986282
Finland,FIN,2014,59.928646
Finland,FIN,2015,58.046288
Finland,FIN,2016,59.880283
Finland,FIN,2017,58.138954
Finland,FIN,2018,57.90618
Finland,FIN,2019,56.093716
Finland,FIN,2020,53.09344
Finland,FIN,2021,51.12716
Finland,FIN,2022,49.348198
Finland,FIN,2023,41.710907
Finland,FIN,2024,42.246563
Finland,FIN,2025,41.53377
France,FRA,1965,96.04975
France,FRA,1966,95.47986
France,FRA,1967,96.10437
France,FRA,1968,95.655334
France,FRA,1969,95.77707
France,FRA,1970,95.46112
France,FRA,1971,95.4843
France,FRA,1972,94.92786
France,FRA,1973,95.378525
France,FRA,1974,94.83418
France,FRA,1975,93.765144
France,FRA,1976,95.13037
France,FRA,1977,93.42649
France,FRA,1978,92.329025
France,FRA,1979,91.35167
France,FRA,1980,88.21563
France,FRA,1981,81.772804
France,FRA,1982,80.638626
France,FRA,1983,76.23488
France,FRA,1984,71.0631
France,FRA,1985,68.08106
France,FRA,1986,65.07616
France,FRA,1987,63.932068
France,FRA,1988,62.800182
France,FRA,1989,61.98832
France,FRA,1990,61.168514
France,FRA,1991,61.650345
France,FRA,1992,60.50467
France,FRA,1993,57.571213
France,FRA,1994,57.02721
France,FRA,1995,56.76473
France,FRA,1996,56.744297
France,FRA,1997,56.329586
France,FRA,1998,58.234257
France,FRA,1999,57.532703
France,FRA,2000,56.40793
France,FRA,2001,55.81209
France,FRA,2002,54.908916
France,FRA,2003,55.19729
France,FRA,2004,54.9843
France,FRA,2005,54.794197
France,FRA,2006,54.28963
France,FRA,2007,54.120712
France,FRA,2008,53.608253
France,FRA,2009,54.05686
France,FRA,2010,53.29325
France,FRA,2011,51.256653
France,FRA,2012,51.693623
France,FRA,2013,51.5758
France,FRA,2014,48.493755
France,FRA,2015,49.104675
France,FRA,2016,51.164978
France,FRA,2017,51.97487
France,FRA,2018,49.88218
France,FRA,2019,50.263947
France,FRA,2020,49.138332
France,FRA,2021,49.600082
France,FRA,2022,53.999916
France,FRA,2023,49.00708
France,FRA,2024,45.666214
France,FRA,2025,44.6191
Germany,DEU,1965,99.43605
Germany,DEU,1966,99.37687
Germany,DEU,1967,99.30664
Germany,DEU,1968,99.290855
Germany,DEU,1969,99.15513
Germany,DEU,1970,98.88198
Germany,DEU,1971,99.023705
Germany,DEU,1972,98.79479
Germany,DEU,1973,98.60834
Germany,DEU,1974,98.33472
Germany,DEU,1975,97.49407
Germany,DEU,1976,97.31653
Germany,DEU,1977,96.32273
Germany,DEU,1978,96.23461
Germany,DEU,1979,95.85638
Germany,DEU,1980,95.40682
Germany,DEU,1981,94.51142
Germany,DEU,1982,93.63313
Germany,DEU,1983,93.49628
Germany,DEU,1984,91.818924
Germany,DEU,1985,89.66767
Germany,DEU,1986,90.129456
Germany,DEU,1987,89.3841
Germany,DEU,1988,88.3563
Germany,DEU,1989,87.93317
Germany,DEU,1990,88.445404
Germany,DEU,1991,88.5704
Germany,DEU,1992,87.38576
Germany,DEU,1993,87.70126
Germany,DEU,1994,87.68672
Germany,DEU,1995,87.45658
Germany,DEU,1996,87.36155
Germany,DEU,1997,86.49532
Germany,DEU,1998,86.95254
Germany,DEU,1999,86.01499
Germany,DEU,2000,85.80245
Germany,DEU,2001,85.80929
Germany,DEU,2002,85.79503
Germany,DEU,2003,85.58706
Germany,DEU,2004,84.94235
Germany,DEU,2005,84.483055
Germany,DEU,2006,83.779015
Germany,DEU,2007,84.199615
Germany,DEU,2008,83.52709
Germany,DEU,2009,83.37037
Germany,DEU,2010,83.15135
Germany,DEU,2011,84.33704
Germany,DEU,2012,84.19922
Germany,DEU,2013,84.52037
Germany,DEU,2014,83.31229
Germany,DEU,2015,83.09927
Germany,DEU,2016,83.89805
Germany,DEU,2017,84.12413
Germany,DEU,2018,83.4129
Germany,DEU,2019,82.44044
Germany,DEU,2020,81.36515
Germany,DEU,2021,82.243355
Germany,DEU,2022,83.98101
Germany,DEU,2023,84.55189
Germany,DEU,2024,84.92198
Germany,DEU,2025,84.83469
Greece,GRC,1982,98.14738
Greece,GRC,1983,98.804405
Greece,GRC,1984,98.593864
Greece,GRC,1985,98.69789
Greece,GRC,1986,98.4957
Greece,GRC,1987,98.82479
Greece,GRC,1988,99.056854
Greece,GRC,1989,99.30456
Greece,GRC,1990,99.37613
Greece,GRC,1991,98.90364
Greece,GRC,1992,99.23655
Greece,GRC,1993,99.20814
Greece,GRC,1994,99.11807
Greece,GRC,1995,98.84451
Greece,GRC,1996,98.6043
Greece,GRC,1997,98.79477
Greece,GRC,1998,98.90602
Greece,GRC,1999,98.61837
Greece,GRC,2000,98.86448
Greece,GRC,2001,99.16531
Greece,GRC,2002,98.96334
Greece,GRC,2003,98.42367
Greece,GRC,2004,98.40699
Greece,GRC,2005,98.28473
Greece,GRC,2006,97.87646
Greece,GRC,2007,98.556984
Greece,GRC,2008,98.276306
Greece,GRC,2009,97.51722
Greece,GRC,2010,96.56421
Greece,GRC,2011,97.266884
Greece,GRC,2012,96.38391
Greece,GRC,2013,94.611984
Greece,GRC,2014,94.99692
Greece,GRC,2015,94.016304
Greece,GRC,2016,93.84636
Greece,GRC,2017,94.53855
Greece,GRC,2018,93.71046
Greece,GRC,2019,93.39961
Greece,GRC,2020,91.576225
Greece,GRC,2021,90.39123
Greece,GRC,2022,90.54596
Greece,GRC,2023,90.08359
Greece,GRC,2024,88.7528
Greece,GRC,2025,89.63744
High-income countries,OWID_HIC,1965,97.09026
High-income countries,OWID_HIC,1966,96.999664
High-income countries,OWID_HIC,1967,97.00007
High-income countries,OWID_HIC,1968,97.01684
High-income countries,OWID_HIC,1969,97.027405
High-income countries,OWID_HIC,1970,96.99709
High-income countries,OWID_HIC,1971,96.745926
High-income countries,OWID_HIC,1972,96.51457
High-income countries,OWID_HIC,1973,96.37308
High-income countries,OWID_HIC,1974,95.69737
High-income countries,OWID_HIC,1975,94.93818
High-income countries,OWID_HIC,1976,94.93864
High-income countries,OWID_HIC,1977,94.42187
High-income countries,OWID_HIC,1978,93.88245
High-income countries,OWID_HIC,1979,93.817375
High-income countries,OWID_HIC,1980,93.324684
High-income countries,OWID_HIC,1981,92.39565
High-income countries,OWID_HIC,1982,91.68435
High-income countries,OWID_HIC,1983,90.849556
High-income countries,OWID_HIC,1984,90.04566
High-income countries,OWID_HIC,1985,89.91683
High-income countries,OWID_HIC,1986,89.4482
High-income countries,OWID_HIC,1987,89.11147
High-income countries,OWID_HIC,1988,88.833565
High-income countries,OWID_HIC,1989,88.68283
High-income countries,OWID_HIC,1990,88.30807
High-income countries,OWID_HIC,1991,87.84874
High-income countries,OWID_HIC,1992,87.79005
High-income countries,OWID_HIC,1993,87.35464
High-income countries,OWID_HIC,1994,87.32047
High-income countries,OWID_HIC,1995,86.99684
High-income countries,OWID_HIC,1996,86.97434
High-income countries,OWID_HIC,1997,86.992485
High-income countries,OWID_HIC,1998,86.852776
High-income countries,OWID_HIC,1999,86.59139
High-income countries,OWID_HIC,2000,86.619316
High-income countries,OWID_HIC,2001,86.48108
High-income countries,OWID_HIC,2002,86.38523
High-income countries,OWID_HIC,2003,86.85082
High-income countries,OWID_HIC,2004,86.52534
High-income countries,OWID_HIC,2005,86.44399
High-income countries,OWID_HIC,2006,86.26417
High-income countries,OWID_HIC,2007,86.47263
High-income countries,OWID_HIC,2008,86.15759
High-income countries,OWID_HIC,2009,85.42219
High-income countries,OWID_HIC,2010,85.54444
High-income countries,OWID_HIC,2011,85.77905
High-income countries,OWID_HIC,2012,86.20572
High-income countries,OWID_HIC,2013,85.99418
High-income countries,OWID_HIC,2014,85.67677
High-income countries,OWID_HIC,2015,85.55725
High-income countries,OWID_HIC,2016,85.43633
High-income countries,OWID_HIC,2017,85.38
High-income countries,OWID_HIC,2018,85.28916
High-income countries,OWID_HIC,2019,84.82578
High-income countries,OWID_HIC,2020,83.83184
High-income countries,OWID_HIC,2021,84.072716
High-income countries,OWID_HIC,2022,84.39076
High-income countries,OWID_HIC,2023,83.71329
High-income countries,OWID_HIC,2024,83.30625
High-income countries,OWID_HIC,2025,83.25932
Hong Kong,HKG,1995,100
Hong Kong,HKG,1996,100
Hong Kong,HKG,1997,100
Hong Kong,HKG,1998,100
Hong Kong,HKG,1999,100
Hong Kong,HKG,2000,99.99999
Hong Kong,HKG,2001,100
Hong Kong,HKG,2002,100
Hong Kong,HKG,2003,100
Hong Kong,HKG,2004,100
Hong Kong,HKG,2005,99.99999
Hong Kong,HKG,2006,99.999756
Hong Kong,HKG,2007,99.9997
Hong Kong,HKG,2008,99.99972
Hong Kong,HKG,2009,99.99965
Hong Kong,HKG,2010,99.94928
Hong Kong,HKG,2011,99.86646
Hong Kong,HKG,2012,99.942635
Hong Kong,HKG,2013,99.84262
Hong Kong,HKG,2014,99.852486
Hong Kong,HKG,2015,99.799324
Hong Kong,HKG,2016,99.79829
Hong Kong,HKG,2017,99.79537
Hong Kong,HKG,2018,99.76451
Hong Kong,HKG,2019,99.75651
Hong Kong,HKG,2020,99.49432
Hong Kong,HKG,2021,99.31311
Hong Kong,HKG,2022,99.05815
Hong Kong,HKG,2023,99.08362
Hong Kong,HKG,2024,99.04668
Hong Kong,HKG,2025,98.8476
Hungary,HUN,1965,99.95942
Hungary,HUN,1966,99.9466
Hungary,HUN,1967,99.95412
Hungary,HUN,1968,99.952
Hungary,HUN,1969,99.952156
Hungary,HUN,1970,99.95887
Hungary,HUN,1971,99.95654
Hungary,HUN,1972,99.951775
Hungary,HUN,1973,99.95911
Hungary,HUN,1974,99.96819
Hungary,HUN,1975,99.9395
Hungary,HUN,1976,99.94268
Hungary,HUN,1977,99.95078
Hungary,HUN,1978,99.957375
Hungary,HUN,1979,99.95446
Hungary,HUN,1980,99.96518
Hungary,HUN,1981,99.94721
Hungary,HUN,1982,99.950264
Hungary,HUN,1983,97.56909
Hungary,HUN,1984,96.41512
Hungary,HUN,1985,94.08024
Hungary,HUN,1986,93.196976
Hungary,HUN,1987,90.397255
Hungary,HUN,1988,87.99961
Hungary,HUN,1989,87.284004
Hungary,HUN,1990,87.06441
Hungary,HUN,1991,86.4779
Hungary,HUN,1992,85.224785
Hungary,HUN,1993,85.27522
Hungary,HUN,1994,84.87443
Hungary,HUN,1995,85.292244
Hungary,HUN,1996,85.37263
Hungary,HUN,1997,85.237854
Hungary,HUN,1998,85.40723
Hungary,HUN,1999,85.2513
Hungary,HUN,2000,84.6776
Hungary,HUN,2001,85.113945
Hungary,HUN,2002,85.280525
Hungary,HUN,2003,88.31758
Hungary,HUN,2004,86.81246
Hungary,HUN,2005,84.84004
Hungary,HUN,2006,85.282196
Hungary,HUN,2007,83.43012
Hungary,HUN,2008,82.211624
Hungary,HUN,2009,79.777504
Hungary,HUN,2010,79.78491
Hungary,HUN,2011,79.59553
Hungary,HUN,2012,78.21481
Hungary,HUN,2013,77.461075
Hungary,HUN,2014,76.51211
Hungary,HUN,2015,77.491
Hungary,HUN,2016,77.63947
Hungary,HUN,2017,78.66975
Hungary,HUN,2018,78.845116
Hungary,HUN,2019,78.09818
Hungary,HUN,2020,77.303185
Hungary,HUN,2021,77.74617
Hungary,HUN,2022,76.15945
Hungary,HUN,2023,74.316795
Hungary,HUN,2024,73.14698
Hungary,HUN,2025,72.11178
Iceland,ISL,2007,23.012506
India,IND,1965,96.70638
India,IND,1966,96.65988
India,IND,1967,96.355774
India,IND,1968,96.0439
India,IND,1969,95.73503
India,IND,1970,95.11655
India,IND,1971,95.01805
India,IND,1972,95.44385
India,IND,1973,94.857864
India,IND,1974,95.39487
India,IND,1975,94.840866
India,IND,1976,94.72206
India,IND,1977,94.86016
India,IND,1978,93.768326
India,IND,1979,94.31227
India,IND,1980,94.339806
India,IND,1981,94.60709
India,IND,1982,95.44794
India,IND,1983,95.62647
India,IND,1984,95.2799
India,IND,1985,95.58728
India,IND,1986,95.74681
India,IND,1987,96.189445
India,IND,1988,96.066505
India,IND,1989,96.259895
India,IND,1990,96.04408
India,IND,1991,96.027466
India,IND,1992,96.27939
India,IND,1993,96.35063
India,IND,1994,96.28781
India,IND,1995,96.404854
India,IND,1996,96.684204
India,IND,1997,96.63823
India,IND,1998,96.25368
India,IND,1999,96.23663
India,IND,2000,96.30465
India,IND,2001,96.15167
India,IND,2002,96.34233
India,IND,2003,96.487175
India,IND,2004,95.63681
India,IND,2005,96.14157
India,IND,2006,95.82442
India,IND,2007,95.78336
India,IND,2008,96.15365
India,IND,2009,96.4228
India,IND,2010,96.02069
India,IND,2011,95.18853
India,IND,2012,95.53821
India,IND,2013,95.310555
India,IND,2014,95.25158
India,IND,2015,95.42081
India,IND,2016,95.49776
India,IND,2017,95.44428
India,IND,2018,95.13914
India,IND,2019,94.57153
India,IND,2020,94.10148
India,IND,2021,94.31964
India,IND,2022,93.9014
India,IND,2023,94.21644
India,IND,2024,93.87304
India,IND,2025,92.99307
Indonesia,IDN,1965,97.7451
Indonesia,IDN,1966,97.00546
Indonesia,IDN,1967,96.56948
Indonesia,IDN,1968,95.98393
Indonesia,IDN,1969,96.300095
Indonesia,IDN,1970,95.76251
Indonesia,IDN,1971,98.610085
Indonesia,IDN,1972,98.83297
Indonesia,IDN,1973,98.69087
Indonesia,IDN,1974,98.64533
Indonesia,IDN,1975,98.844185
Indonesia,IDN,1976,99.36063
Indonesia,IDN,1977,99.19348
Indonesia,IDN,1978,99.490875
Indonesia,IDN,1979,99.502716
Indonesia,IDN,1980,99.58158
Indonesia,IDN,1981,99.611305
Indonesia,IDN,1982,99.5839
Indonesia,IDN,1983,99.40735
Indonesia,IDN,1984,99.412285
Indonesia,IDN,1985,99.32121
Indonesia,IDN,1986,98.96954
Indonesia,IDN,1987,98.996124
Indonesia,IDN,1988,98.9547
Indonesia,IDN,1989,98.82083
Indonesia,IDN,1990,97.01903
Indonesia,IDN,1991,97.22739
Indonesia,IDN,1992,97.09684
Indonesia,IDN,1993,97.37529
Indonesia,IDN,1994,96.982124
Indonesia,IDN,1995,96.505165
Indonesia,IDN,1996,96.54362
Indonesia,IDN,1997,96.75412
Indonesia,IDN,1998,95.673744
Indonesia,IDN,1999,95.45433
Indonesia,IDN,2000,95.02158
Indonesia,IDN,2001,94.32123
Indonesia,IDN,2002,94.46555
Indonesia,IDN,2003,94.924286
Indonesia,IDN,2004,94.57867
Indonesia,IDN,2005,94.68306
Indonesia,IDN,2006,94.81592
Indonesia,IDN,2007,94.816444
Indonesia,IDN,2008,94.08354
Indonesia,IDN,2009,93.62312
Indonesia,IDN,2010,93.62948
Indonesia,IDN,2011,94.16158
Indonesia,IDN,2012,94.26017
Indonesia,IDN,2013,93.50365
Indonesia,IDN,2014,93.01295
Indonesia,IDN,2015,93.63239
Indonesia,IDN,2016,92.00052
Indonesia,IDN,2017,91.78023
Indonesia,IDN,2018,89.351685
Indonesia,IDN,2019,88.88058
Indonesia,IDN,2020,86.535614
Indonesia,IDN,2021,86.15206
Indonesia,IDN,2022,87.511696
Indonesia,IDN,2023,86.88792
Indonesia,IDN,2024,87.44992
Indonesia,IDN,2025,88.31945
Iran,IRN,1965,98.169685
Iran,IRN,1966,98.196365
Iran,IRN,1967,98.23631
Iran,IRN,1968,98.2759
Iran,IRN,1969,98.310074
Iran,IRN,1970,98.46188
Iran,IRN,1971,98.49156
Iran,IRN,1972,98.24436
Iran,IRN,1973,98.76784
Iran,IRN,1974,98.804016
Iran,IRN,1975,98.92471
Iran,IRN,1976,98.93136
Iran,IRN,1977,99.02643
Iran,IRN,1978,98.42213
Iran,IRN,1979,98.74067
Iran,IRN,1980,98.58739
Iran,IRN,1981,98.4595
Iran,IRN,1982,98.57077
Iran,IRN,1983,98.82779
Iran,IRN,1984,98.988914
Iran,IRN,1985,99.0672
Iran,IRN,1986,98.80402
Iran,IRN,1987,98.762245
Iran,IRN,1988,98.71845
Iran,IRN,1989,99.04888
Iran,IRN,1990,99.073715
Iran,IRN,1991,99.35496
Iran,IRN,1992,99.036644
Iran,IRN,1993,98.803246
Iran,IRN,1994,99.307106
Iran,IRN,1995,99.20099
Iran,IRN,1996,99.222496
Iran,IRN,1997,99.49416
Iran,IRN,1998,99.38666
Iran,IRN,1999,99.60816
Iran,IRN,2000,99.725174
Iran,IRN,2001,99.719986
Iran,IRN,2002,99.50077
Iran,IRN,2003,99.41294
Iran,IRN,2004,99.33795
Iran,IRN,2005,99.24114
Iran,IRN,2006,99.10664
Iran,IRN,2007,99.18502
Iran,IRN,2008,99.669464
Iran,IRN,2009,99.70616
Iran,IRN,2010,99.5716
Iran,IRN,2011,99.55472
Iran,IRN,2012,99.32396
Iran,IRN,2013,98.9512
Iran,IRN,2014,99.0166
Iran,IRN,2015,99.12335
Iran,IRN,2016,98.78273
Iran,IRN,2017,98.7059
Iran,IRN,2018,98.978325
Iran,IRN,2019,98.31767
Iran,IRN,2020,98.6949
Iran,IRN,2021,99.21353
Iran,IRN,2022,98.97147
Iran,IRN,2023,98.746445
Iran,IRN,2024,98.842606
Iran,IRN,2025,99.138695
Iraq,IRQ,2017,99.62378
Iraq,IRQ,2018,99.64637
Iraq,IRQ,2019,99.20493
Ireland,IRL,1979,99.19181
Ireland,IRL,1980,99.15235
Ireland,IRL,1981,99.10638
Ireland,IRL,1982,99.16163
Ireland,IRL,1983,99.17415
Ireland,IRL,1984,99.26624
Ireland,IRL,1985,99.14467
Ireland,IRL,1986,99.13081
Ireland,IRL,1987,99.36096
Ireland,IRL,1988,99.18093
Ireland,IRL,1989,99.366264
Ireland,IRL,1990,99.3997
Ireland,IRL,1991,99.37338
Ireland,IRL,1992,99.30555
Ireland,IRL,1993,99.3605
Ireland,IRL,1994,99.261925
Ireland,IRL,1995,99.440605
Ireland,IRL,1996,99.401764
Ireland,IRL,1997,99.325035
Ireland,IRL,1998,99.12717
Ireland,IRL,1999,99.19411
Ireland,IRL,2000,99.20128
Ireland,IRL,2001,99.32147
Ireland,IRL,2002,99.131165
Ireland,IRL,2003,99.25244
Ireland,IRL,2004,99.097694
Ireland,IRL,2005,98.865364
Ireland,IRL,2006,98.56268
Ireland,IRL,2007,98.21095
Ireland,IRL,2008,97.558365
Ireland,IRL,2009,96.75012
Ireland,IRL,2010,96.89845
Ireland,IRL,2011,95.50964
Ireland,IRL,2012,95.4694
Ireland,IRL,2013,94.96211
Ireland,IRL,2014,94.24169
Ireland,IRL,2015,93.583626
Ireland,IRL,2016,93.94868
Ireland,IRL,2017,92.6819
Ireland,IRL,2018,91.90715
Ireland,IRL,2019,90.62927
Ireland,IRL,2020,88.73579
Ireland,IRL,2021,90.23507
Ireland,IRL,2022,89.27282
Ireland,IRL,2023,87.804146
Ireland,IRL,2024,87.222626
Ireland,IRL,2025,85.98763
Israel,ISR,1980,100
Israel,ISR,1981,99.99787
Israel,ISR,1982,99.99804
Israel,ISR,1983,99.99902
Israel,ISR,1984,99.998116
Israel,ISR,1985,99.99796
Israel,ISR,1986,99.994194
Israel,ISR,1987,99.99098
Israel,ISR,1988,99.991585
Israel,ISR,1989,99.99758
Israel,ISR,1990,99.99767
Israel,ISR,1991,99.99542
Israel,ISR,1992,99.98106
Israel,ISR,1993,99.98437
Israel,ISR,1994,99.98675
Israel,ISR,1995,99.98719
Israel,ISR,1996,99.98813
Israel,ISR,1997,99.98871
Israel,ISR,1998,99.989265
Israel,ISR,1999,99.98632
Israel,ISR,2000,99.98636
Israel,ISR,2001,99.9912
Israel,ISR,2002,99.93561
Israel,ISR,2003,99.93177
Israel,ISR,2004,99.93305
Israel,ISR,2005,99.90938
Israel,ISR,2006,99.94907
Israel,ISR,2007,99.95548
Israel,ISR,2008,99.94712
Israel,ISR,2009,99.888824
Israel,ISR,2010,99.84628
Israel,ISR,2011,99.7837
Israel,ISR,2012,99.727806
Israel,ISR,2013,99.71956
Israel,ISR,2014,99.54274
Israel,ISR,2015,99.42404
Israel,ISR,2016,99.16315
Israel,ISR,2017,99.1386
Israel,ISR,2018,99.06437
Israel,ISR,2019,98.63714
Israel,ISR,2020,98.13332
Israel,ISR,2021,97.77586
Israel,ISR,2022,97.50759
Israel,ISR,2023,96.65698
Israel,ISR,2024,95.8173
Israel,ISR,2025,94.56493
Italy,ITA,1965,90.819374
Italy,ITA,1966,91.09224
Italy,ITA,1967,92.16041
Italy,ITA,1968,92.81252
Italy,ITA,1969,93.62703
Italy,ITA,1970,93.90903
Italy,ITA,1971,94.32113
Italy,ITA,1972,94.49167
Italy,ITA,1973,95.131134
Italy,ITA,1974,94.97219
Italy,ITA,1975,94.60818
Italy,ITA,1976,95.043045
Italy,ITA,1977,94.34081
Italy,ITA,1978,94.66019
Italy,ITA,1979,95.11468
Italy,ITA,1980,95.010414
Italy,ITA,1981,95.051
Italy,ITA,1982,94.23841
Italy,ITA,1983,94.34348
Italy,ITA,1984,94.088585
Italy,ITA,1985,94.31393
Italy,ITA,1986,94.079
Italy,ITA,1987,95.78119
Italy,ITA,1988,95.7886
Italy,ITA,1989,96.28564
Italy,ITA,1990,96.42227
Italy,ITA,1991,95.9393
Italy,ITA,1992,95.79173
Italy,ITA,1993,95.661514
Italy,ITA,1994,95.55996
Italy,ITA,1995,96.12897
Italy,ITA,1996,95.693634
Italy,ITA,1997,95.67495
Italy,ITA,1998,95.61617
Italy,ITA,1999,95.31098
Italy,ITA,2000,95.231895
Italy,ITA,2001,95.09047
Italy,ITA,2002,95.27805
Italy,ITA,2003,95.169945
Italy,ITA,2004,94.689476
Italy,ITA,2005,95.00759
Italy,ITA,2006,94.762825
Italy,ITA,2007,94.79768
Italy,ITA,2008,93.83569
Italy,ITA,2009,92.363686
Italy,ITA,2010,91.894554
Italy,ITA,2011,91.10066
Italy,ITA,2012,90.07993
Italy,ITA,2013,87.82087
Italy,ITA,2014,86.62404
Italy,ITA,2015,87.35737
Italy,ITA,2016,87.40591
Italy,ITA,2017,87.8281
Italy,ITA,2018,87.108604
Italy,ITA,2019,86.85002
Italy,ITA,2020,85.31129
Italy,ITA,2021,86.44972
Italy,ITA,2022,87.55165
Italy,ITA,2023,86.024796
Italy,ITA,2024,85.11033
Italy,ITA,2025,84.525635
Japan,JPN,1965,95.47552
Japan,JPN,1966,95.78314
Japan,JPN,1967,96.794655
Japan,JPN,1968,96.841644
Japan,JPN,1969,97.2396
Japan,JPN,1970,97.198746
Japan,JPN,1971,96.75958
Japan,JPN,1972,96.83254
Japan,JPN,1973,97.58146
Japan,JPN,1974,96.377396
Japan,JPN,1975,95.89052
Japan,JPN,1976,95.40872
Japan,JPN,1977,95.80332
Japan,JPN,1978,93.93906
Japan,JPN,1979,92.94202
Japan,JPN,1980,91.57776
Japan,JPN,1981,91.06062
Japan,JPN,1982,89.14821
Japan,JPN,1983,88.39831
Japan,JPN,1984,87.69448
Japan,JPN,1985,85.882095
Japan,JPN,1986,85.46106
Japan,JPN,1987,84.657036
Japan,JPN,1988,85.9092
Japan,JPN,1989,85.5443
Japan,JPN,1990,85.891945
Japan,JPN,1991,85.24519
Japan,JPN,1992,85.28527
Japan,JPN,1993,83.568565
Japan,JPN,1994,84.0257
Japan,JPN,1995,82.692764
Japan,JPN,1996,82.481125
Japan,JPN,1997,81.35322
Japan,JPN,1998,80.7473
Japan,JPN,1999,81.59162
Japan,JPN,2000,81.82937
Japan,JPN,2001,81.62743
Japan,JPN,2002,81.88291
Japan,JPN,2003,85.69637
Japan,JPN,2004,83.19019
Japan,JPN,2005,83.26367
Japan,JPN,2006,82.51687
Japan,JPN,2007,83.76715
Japan,JPN,2008,84.84244
Japan,JPN,2009,82.35526
Japan,JPN,2010,82.09384
Japan,JPN,2011,88.09033
Japan,JPN,2012,95.81474
Japan,JPN,2013,95.745964
Japan,JPN,2014,96.16497
Japan,JPN,2015,95.24418
Japan,JPN,2016,94.66607
Japan,JPN,2017,93.79344
Japan,JPN,2018,92.22853
Japan,JPN,2019,90.954834
Japan,JPN,2020,91.15691
Japan,JPN,2021,89.89062
Japan,JPN,2022,90.13198
Japan,JPN,2023,87.770065
Japan,JPN,2024,86.80716
Japan,JPN,2025,85.67848
Kazakhstan,KAZ,1985,99.33694
Kazakhstan,KAZ,1986,99.405914
Kazakhstan,KAZ,1987,99.302155
Kazakhstan,KAZ,1988,99.176765
Kazakhstan,KAZ,1989,99.09008
Kazakhstan,KAZ,1990,99.1283
Kazakhstan,KAZ,1991,98.95401
Kazakhstan,KAZ,1992,99.008286
Kazakhstan,KAZ,1993,98.77519
Kazakhstan,KAZ,1994,98.40705
Kazakhstan,KAZ,1995,98.52821
Kazakhstan,KAZ,1996,98.50085
Kazakhstan,KAZ,1997,98.34206
Kazakhstan,KAZ,1998,98.47772
Kazakhstan,KAZ,1999,98.44744
Kazakhstan,KAZ,2000,97.87863
Kazakhstan,KAZ,2001,97.9824
Kazakhstan,KAZ,2002,97.81522
Kazakhstan,KAZ,2003,98.07618
Kazakhstan,KAZ,2004,98.30551
Kazakhstan,KAZ,2005,98.39669
Kazakhstan,KAZ,2006,98.53171
Kazakhstan,KAZ,2007,98.61019
Kazakhstan,KAZ,2008,98.80054
Kazakhstan,KAZ,2009,98.764244
Kazakhstan,KAZ,2010,98.656166
Kazakhstan,KAZ,2011,98.84092
Kazakhstan,KAZ,2012,98.933784
Kazakhstan,KAZ,2013,98.922935
Kazakhstan,KAZ,2014,98.9036
Kazakhstan,KAZ,2015,98.47584
Kazakhstan,KAZ,2016,98.265434
Kazakhstan,KAZ,2017,98.437584
Kazakhstan,KAZ,2018,98.58538
Kazakhstan,KAZ,2019,98.57705
Kazakhstan,KAZ,2020,98.332886
Kazakhstan,KAZ,2021,98.42966
Kazakhstan,KAZ,2022,98.33388
Kazakhstan,KAZ,2023,98.24233
Kazakhstan,KAZ,2024,97.9453
Kazakhstan,KAZ,2025,98.065865
Kuwait,KWT,2000,100
Kuwait,KWT,2001,100
Kuwait,KWT,2002,99.99999
Kuwait,KWT,2003,100
Kuwait,KWT,2004,99.99999
Kuwait,KWT,2005,100
Kuwait,KWT,2006,99.99999
Kuwait,KWT,2007,100
Kuwait,KWT,2008,100
Kuwait,KWT,2009,100
Kuwait,KWT,2010,99.99999
Kuwait,KWT,2011,100
Kuwait,KWT,2012,100
Kuwait,KWT,2013,99.99996
Kuwait,KWT,2014,99.99926
Kuwait,KWT,2015,99.99891
Kuwait,KWT,2016,99.989525
Kuwait,KWT,2017,99.9886
Kuwait,KWT,2018,99.98775
Kuwait,KWT,2019,99.98431
Kuwait,KWT,2020,99.983376
Kuwait,KWT,2021,99.954025
Kuwait,KWT,2022,99.963326
Kuwait,KWT,2023,99.96581
Kuwait,KWT,2024,99.96879
Kuwait,KWT,2025,99.98068
Latvia,LVA,1985,97.03495
Latvia,LVA,1986,96.76975
Latvia,LVA,1987,95.53709
Latvia,LVA,1988,96.210396
Latvia,LVA,1989,95.37541
Latvia,LVA,1990,94.75152
Latvia,LVA,1991,95.55969
Latvia,LVA,1992,95.43543
Latvia,LVA,1993,94.0289
Latvia,LVA,1994,92.87375
Latvia,LVA,1995,92.70304
Latvia,LVA,1996,95.24242
Latvia,LVA,1997,91.94814
Latvia,LVA,1998,88.56159
Latvia,LVA,1999,91.881546
Latvia,LVA,2000,91.461914
Latvia,LVA,2001,92.03835
Latvia,LVA,2002,93.27694
Latvia,LVA,2003,93.61687
Latvia,LVA,2004,91.8699
Latvia,LVA,2005,91.4274
Latvia,LVA,2006,93.05844
Latvia,LVA,2007,93.18933
Latvia,LVA,2008,92.14564
Latvia,LVA,2009,90.746284
Latvia,LVA,2010,90.676155
Latvia,LVA,2011,90.850204
Latvia,LVA,2012,87.55224
Latvia,LVA,2013,87.77335
Latvia,LVA,2014,88.205414
Latvia,LVA,2015,87.99802
Latvia,LVA,2016,86.88417
Latvia,LVA,2017,82.04286
Latvia,LVA,2018,85.23084
Latvia,LVA,2019,86.73956
Latvia,LVA,2020,83.68913
Latvia,LVA,2021,84.26735
Latvia,LVA,2022,83.13103
Latvia,LVA,2023,80.86134
Latvia,LVA,2024,80.14976
Latvia,LVA,2025,80.10498
Lithuania,LTU,1985,83.97839
Lithuania,LTU,1986,81.934135
Lithuania,LTU,1987,83.95759
Lithuania,LTU,1988,78.81061
Lithuania,LTU,1989,74.70731
Lithuania,LTU,1990,73.794014
Lithuania,LTU,1991,75.21055
Lithuania,LTU,1992,66.557465
Lithuania,LTU,1993,64.24692
Lithuania,LTU,1994,73.46382
Lithuania,LTU,1995,64.132164
Lithuania,LTU,1996,61.418987
Lithuania,LTU,1997,64.05075
Lithuania,LTU,1998,62.157135
Lithuania,LTU,1999,66.05766
Lithuania,LTU,2000,67.46517
Lithuania,LTU,2001,62.26335
Lithuania,LTU,2002,57.013226
Lithuania,LTU,2003,55.17183
Lithuania,LTU,2004,56.638565
Lithuania,LTU,2005,66.97815
Lithuania,LTU,2006,70.5842
Lithuania,LTU,2007,69.27587
Lithuania,LTU,2008,68.61184
Lithuania,LTU,2009,62.94502
Lithuania,LTU,2010,97.33191
Lithuania,LTU,2011,97.08392
Lithuania,LTU,2012,96.520294
Lithuania,LTU,2013,95.23799
Lithuania,LTU,2014,94.84005
Lithuania,LTU,2015,94.55026
Lithuania,LTU,2016,94.19858
Lithuania,LTU,2017,93.3117
Lithuania,LTU,2018,93.818634
Lithuania,LTU,2019,93.429794
Lithuania,LTU,2020,92.57004
Lithuania,LTU,2021,91.799644
Lithuania,LTU,2022,90.43624
Lithuania,LTU,2023,88.24324
Lithuania,LTU,2024,84.95318
Lithuania,LTU,2025,81.718376
Lower-middle-income countries,OWID_LMC,1965,97.303734
Lower-middle-income countries,OWID_LMC,1966,97.30442
Lower-middle-income countries,OWID_LMC,1967,97.05647
Lower-middle-income countries,OWID_LMC,1968,96.66681
Lower-middle-income countries,OWID_LMC,1969,96.21922
Lower-middle-income countries,OWID_LMC,1970,95.79288
Lower-middle-income countries,OWID_LMC,1971,95.49409
Lower-middle-income countries,OWID_LMC,1972,95.68973
Lower-middle-income countries,OWID_LMC,1973,95.41736
Lower-middle-income countries,OWID_LMC,1974,95.60817
Lower-middle-income countries,OWID_LMC,1975,95.15047
Lower-middle-income countries,OWID_LMC,1976,95.04342
Lower-middle-income countries,OWID_LMC,1977,95.08514
Lower-middle-income countries,OWID_LMC,1978,94.37946
Lower-middle-income countries,OWID_LMC,1979,94.76798
Lower-middle-income countries,OWID_LMC,1980,94.97447
Lower-middle-income countries,OWID_LMC,1981,95.17267
Lower-middle-income countries,OWID_LMC,1982,95.691216
Lower-middle-income countries,OWID_LMC,1983,95.68528
Lower-middle-income countries,OWID_LMC,1984,95.454124
Lower-middle-income countries,OWID_LMC,1985,96.08003
Lower-middle-income countries,OWID_LMC,1986,96.171
Lower-middle-income countries,OWID_LMC,1987,96.10233
Lower-middle-income countries,OWID_LMC,1988,95.972336
Lower-middle-income countries,OWID_LMC,1989,96.15499
Lower-middle-income countries,OWID_LMC,1990,96.00712
Lower-middle-income countries,OWID_LMC,1991,95.805725
Lower-middle-income countries,OWID_LMC,1992,95.89422
Lower-middle-income countries,OWID_LMC,1993,95.93324
Lower-middle-income countries,OWID_LMC,1994,95.88121
Lower-middle-income countries,OWID_LMC,1995,96.0347
Lower-middle-income countries,OWID_LMC,1996,96.117714
Lower-middle-income countries,OWID_LMC,1997,96.20462
Lower-middle-income countries,OWID_LMC,1998,95.91293
Lower-middle-income countries,OWID_LMC,1999,95.99337
Lower-middle-income countries,OWID_LMC,2000,96.02936
Lower-middle-income countries,OWID_LMC,2001,95.97364
Lower-middle-income countries,OWID_LMC,2002,96.113884
Lower-middle-income countries,OWID_LMC,2003,96.08581
Lower-middle-income countries,OWID_LMC,2004,95.51979
Lower-middle-income countries,OWID_LMC,2005,95.766045
Lower-middle-income countries,OWID_LMC,2006,95.61988
Lower-middle-income countries,OWID_LMC,2007,95.631485
Lower-middle-income countries,OWID_LMC,2008,95.94183
Lower-middle-income countries,OWID_LMC,2009,96.10744
Lower-middle-income countries,OWID_LMC,2010,95.921844
Lower-middle-income countries,OWID_LMC,2011,95.3682
Lower-middle-income countries,OWID_LMC,2012,95.63047
Lower-middle-income countries,OWID_LMC,2013,95.46365
Lower-middle-income countries,OWID_LMC,2014,95.39384
Lower-middle-income countries,OWID_LMC,2015,95.569046
Lower-middle-income countries,OWID_LMC,2016,95.68536
Lower-middle-income countries,OWID_LMC,2017,95.56433
Lower-middle-income countries,OWID_LMC,2018,95.33264
Lower-middle-income countries,OWID_LMC,2019,94.851585
Lower-middle-income countries,OWID_LMC,2020,94.29758
Lower-middle-income countries,OWID_LMC,2021,94.43414
Lower-middle-income countries,OWID_LMC,2022,93.96951
Lower-middle-income countries,OWID_LMC,2023,94.08102
Lower-middle-income countries,OWID_LMC,2024,93.701324
Lower-middle-income countries,OWID_LMC,2025,92.905
Luxembourg,LUX,1965,99.79245
Luxembourg,LUX,1966,99.80514
Luxembourg,LUX,1967,99.77658
Luxembourg,LUX,1968,99.78907
Luxembourg,LUX,1969,99.82959
Luxembourg,LUX,1970,99.81854
Luxembourg,LUX,1971,99.893486
Luxembourg,LUX,1972,99.87816
Luxembourg,LUX,1973,99.89857
Luxembourg,LUX,1974,99.852325
Luxembourg,LUX,1975,99.84639
Luxembourg,LUX,1976,99.903465
Luxembourg,LUX,1977,99.700195
Luxembourg,LUX,1978,99.70646
Luxembourg,LUX,1979,99.690895
Luxembourg,LUX,1980,99.66049
Luxembourg,LUX,1981,99.55718
Luxembourg,LUX,1982,99.56076
Luxembourg,LUX,1983,99.54436
Luxembourg,LUX,1984,99.54118
Luxembourg,LUX,1985,99.61381
Luxembourg,LUX,1986,99.56166
Luxembourg,LUX,1987,99.43727
Luxembourg,LUX,1988,99.467995
Luxembourg,LUX,1989,99.63507
Luxembourg,LUX,1990,99.70849
Luxembourg,LUX,1991,99.68223
Luxembourg,LUX,1992,99.73521
Luxembourg,LUX,1993,99.72405
Luxembourg,LUX,1994,99.66092
Luxembourg,LUX,1995,99.564354
Luxembourg,LUX,1996,99.69289
Luxembourg,LUX,1997,99.59611
Luxembourg,LUX,1998,99.45716
Luxembourg,LUX,1999,99.537964
Luxembourg,LUX,2000,99.41474
Luxembourg,LUX,2001,99.44371
Luxembourg,LUX,2002,99.524376
Luxembourg,LUX,2003,99.53736
Luxembourg,LUX,2004,99.45292
Luxembourg,LUX,2005,99.420425
Luxembourg,LUX,2006,99.30221
Luxembourg,LUX,2007,98.184456
Luxembourg,LUX,2008,98.11637
Luxembourg,LUX,2009,98.09629
Luxembourg,LUX,2010,98.16602
Luxembourg,LUX,2011,98.01574
Luxembourg,LUX,2012,97.80531
Luxembourg,LUX,2013,97.38489
Luxembourg,LUX,2014,96.73604
Luxembourg,LUX,2015,96.168335
Luxembourg,LUX,2016,95.81727
Luxembourg,LUX,2017,94.887405
Luxembourg,LUX,2018,94.491295
Luxembourg,LUX,2019,93.85591
Luxembourg,LUX,2020,91.483284
Luxembourg,LUX,2021,92.02947
Luxembourg,LUX,2022,91.21409
Luxembourg,LUX,2023,90.44361
Luxembourg,LUX,2024,89.755646
Luxembourg,LUX,2025,90.36173
Malaysia,MYS,1970,97.131996
Malaysia,MYS,1971,97.79302
Malaysia,MYS,1972,97.814964
Malaysia,MYS,1973,98.016426
Malaysia,MYS,1974,98.230736
Malaysia,MYS,1975,98.28812
Malaysia,MYS,1976,98.56135
Malaysia,MYS,1977,99.01087
Malaysia,MYS,1978,99.12662
Malaysia,MYS,1979,99.07197
Malaysia,MYS,1980,98.86257
Malaysia,MYS,1981,98.77862
Malaysia,MYS,1982,98.90492
Malaysia,MYS,1983,98.88967
Malaysia,MYS,1984,97.92976
Malaysia,MYS,1985,97.7093
Malaysia,MYS,1986,97.71832
Malaysia,MYS,1987,97.31301
Malaysia,MYS,1988,97.03764
Malaysia,MYS,1989,97.57831
Malaysia,MYS,1990,98.272415
Malaysia,MYS,1991,98.482285
Malaysia,MYS,1992,98.70969
Malaysia,MYS,1993,98.54277
Malaysia,MYS,1994,98.15326
Malaysia,MYS,1995,98.388214
Malaysia,MYS,1996,98.78955
Malaysia,MYS,1997,99.177376
Malaysia,MYS,1998,99.08428
Malaysia,MYS,1999,98.53259
Malaysia,MYS,2000,98.53986
Malaysia,MYS,2001,98.72865
Malaysia,MYS,2002,98.97638
Malaysia,MYS,2003,99.09825
Malaysia,MYS,2004,99.03825
Malaysia,MYS,2005,99.05286
Malaysia,MYS,2006,99.00419
Malaysia,MYS,2007,99.0305
Malaysia,MYS,2008,98.833275
Malaysia,MYS,2009,98.74632
Malaysia,MYS,2010,98.88879
Malaysia,MYS,2011,98.63937
Malaysia,MYS,2012,98.51815
Malaysia,MYS,2013,98.361206
Malaysia,MYS,2014,98.212524
Malaysia,MYS,2015,98.07471
Malaysia,MYS,2016,97.61372
Malaysia,MYS,2017,97.034874
Malaysia,MYS,2018,96.90059
Malaysia,MYS,2019,96.769135
Malaysia,MYS,2020,96.31837
Malaysia,MYS,2021,96.109215
Malaysia,MYS,2022,95.85697
Malaysia,MYS,2023,95.52536
Malaysia,MYS,2024,95.34133
Malaysia,MYS,2025,95.25908
Mexico,MEX,1965,96.78854
Mexico,MEX,1966,96.520424
Mexico,MEX,1967,96.26529
Mexico,MEX,1968,96.049675
Mexico,MEX,1969,96.19355
Mexico,MEX,1970,95.99512
Mexico,MEX,1971,96.3231
Mexico,MEX,1972,96.463684
Mexico,MEX,1973,96.219185
Mexico,MEX,1974,95.96101
Mexico,MEX,1975,96.425095
Mexico,MEX,1976,96.18625
Mexico,MEX,1977,96.0476
Mexico,MEX,1978,96.93858
Mexico,MEX,1979,96.49321
Mexico,MEX,1980,97.03792
Mexico,MEX,1981,96.43446
Mexico,MEX,1982,96.442665
Mexico,MEX,1983,96.579735
Mexico,MEX,1984,96.378075
Mexico,MEX,1985,95.888435
Mexico,MEX,1986,94.90101
Mexico,MEX,1987,94.387596
Mexico,MEX,1988,93.999016
Mexico,MEX,1989,93.86552
Mexico,MEX,1990,93.65176
Mexico,MEX,1991,93.428345
Mexico,MEX,1992,92.97544
Mexico,MEX,1993,92.69115
Mexico,MEX,1994,93.90521
Mexico,MEX,1995,92.307365
Mexico,MEX,1996,92.35059
Mexico,MEX,1997,92.506996
Mexico,MEX,1998,93.05075
Mexico,MEX,1999,92.44635
Mexico,MEX,2000,92.77134
Mexico,MEX,2001,93.0431
Mexico,MEX,2002,93.40298
Mexico,MEX,2003,93.090164
Mexico,MEX,2004,93.19185
Mexico,MEX,2005,92.69527
Mexico,MEX,2006,93.08692
Mexico,MEX,2007,93.086006
Mexico,MEX,2008,92.91573
Mexico,MEX,2009,93.53647
Mexico,MEX,2010,93.34331
Mexico,MEX,2011,93.27937
Mexico,MEX,2012,93.90951
Mexico,MEX,2013,93.55098
Mexico,MEX,2014,93.02596
Mexico,MEX,2015,93.01486
Mexico,MEX,2016,93.31438
Mexico,MEX,2017,93.62538
Mexico,MEX,2018,93.271355
Mexico,MEX,2019,93.32883
Mexico,MEX,2020,92.18381
Mexico,MEX,2021,92.03672
Mexico,MEX,2022,92.302956
Mexico,MEX,2023,92.93159
Mexico,MEX,2024,92.88851
Mexico,MEX,2025,92.9105
Middle East (EI),,1965,99.56085
Middle East (EI),,1966,99.54147
Middle East (EI),,1967,99.51784
Middle East (EI),,1968,99.50247
Middle East (EI),,1969,99.48199
Middle East (EI),,1970,99.48833
Middle East (EI),,1971,99.50122
Middle East (EI),,1972,99.435616
Middle East (EI),,1973,99.58092
Middle East (EI),,1974,99.49353
Middle East (EI),,1975,99.423485
Middle East (EI),,1976,99.40523
Middle East (EI),,1977,99.41374
Middle East (EI),,1978,99.23266
Middle East (EI),,1979,99.35853
Middle East (EI),,1980,99.33033
Middle East (EI),,1981,99.35053
Middle East (EI),,1982,99.38903
Middle East (EI),,1983,99.465004
Middle East (EI),,1984,99.51986
Middle East (EI),,1985,99.54371
Middle East (EI),,1986,99.53845
Middle East (EI),,1987,99.454636
Middle East (EI),,1988,99.470566
Middle East (EI),,1989,99.55684
Middle East (EI),,1990,99.484085
Middle East (EI),,1991,99.641815
Middle East (EI),,1992,99.46966
Middle East (EI),,1993,99.41923
Middle East (EI),,1994,99.56973
Middle East (EI),,1995,99.52935
Middle East (EI),,1996,99.54259
Middle East (EI),,1997,99.62983
Middle East (EI),,1998,99.610344
Middle East (EI),,1999,99.73753
Middle East (EI),,2000,99.77349
Middle East (EI),,2001,99.76648
Middle East (EI),,2002,99.678856
Middle East (EI),,2003,99.66003
Middle East (EI),,2004,99.60869
Middle East (EI),,2005,99.61638
Middle East (EI),,2006,99.57065
Middle East (EI),,2007,99.61188
Middle East (EI),,2008,99.812645
Middle East (EI),,2009,99.833916
Middle East (EI),,2010,99.77995
Middle East (EI),,2011,99.771645
Middle East (EI),,2012,99.69495
Middle East (EI),,2013,99.58471
Middle East (EI),,2014,99.63358
Middle East (EI),,2015,99.68955
Middle East (EI),,2016,99.5602
Middle East (EI),,2017,99.53328
Middle East (EI),,2018,99.58562
Middle East (EI),,2019,99.28501
Middle East (EI),,2020,99.28186
Middle East (EI),,2021,99.19292
Middle East (EI),,2022,98.793144
Middle East (EI),,2023,98.29068
Middle East (EI),,2024,98.07909
Middle East (EI),,2025,98.02516
Morocco,MAR,1965,92.11679
Morocco,MAR,1966,95.05686
Morocco,MAR,1967,95.91512
Morocco,MAR,1968,95.6607
Morocco,MAR,1969,94.80477
Morocco,MAR,1970,95.14798
Morocco,MAR,1971,94.81323
Morocco,MAR,1972,94.97587
Morocco,MAR,1973,96.72739
Morocco,MAR,1974,96.55538
Morocco,MAR,1975,97.46772
Morocco,MAR,1976,97.71552
Morocco,MAR,1977,97.186676
Morocco,MAR,1978,97.25401
Morocco,MAR,1979,97.24902
Morocco,MAR,1980,97.37937
Morocco,MAR,1981,98.201805
Morocco,MAR,1982,99.04076
Morocco,MAR,1983,99.216995
Morocco,MAR,1984,99.41428
Morocco,MAR,1985,99.244774
Morocco,MAR,1986,99.02982
Morocco,MAR,1987,98.78589
Morocco,MAR,1988,98.69374
Morocco,MAR,1989,98.527664
Morocco,MAR,1990,98.48197
Morocco,MAR,1991,98.493935
Morocco,MAR,1992,98.95096
Morocco,MAR,1993,99.52821
Morocco,MAR,1994,99.18296
Morocco,MAR,1995,99.39658
Morocco,MAR,1996,98.10522
Morocco,MAR,1997,98.058304
Morocco,MAR,1998,98.395256
Morocco,MAR,1999,99.294136
Morocco,MAR,2000,99.32548
Morocco,MAR,2001,99.144394
Morocco,MAR,2002,99.191284
Morocco,MAR,2003,98.708336
Morocco,MAR,2004,98.76695
Morocco,MAR,2005,99.26416
Morocco,MAR,2006,99.282646
Morocco,MAR,2007,99.26678
Morocco,MAR,2008,99.317665
Morocco,MAR,2009,98.26406
Morocco,MAR,2010,97.800606
Morocco,MAR,2011,98.65117
Morocco,MAR,2012,98.84534
Morocco,MAR,2013,98.06835
Morocco,MAR,2014,98.311676
Morocco,MAR,2015,97.93334
Morocco,MAR,2016,97.838974
Morocco,MAR,2017,97.95007
Morocco,MAR,2018,97.19466
Morocco,MAR,2019,97.000626
Morocco,MAR,2020,96.97933
Morocco,MAR,2021,96.97876
Morocco,MAR,2022,97.19751
Morocco,MAR,2023,96.56919
Morocco,MAR,2024,95.699
Morocco,MAR,2025,95.826485
Netherlands,NLD,1965,100
Netherlands,NLD,1966,100
Netherlands,NLD,1967,99.99999
Netherlands,NLD,1968,99.983826
Netherlands,NLD,1969,99.83679
Netherlands,NLD,1970,99.831
Netherlands,NLD,1971,99.82362
Netherlands,NLD,1972,99.87776
Netherlands,NLD,1973,99.60954
Netherlands,NLD,1974,98.783936
Netherlands,NLD,1975,98.477036
Netherlands,NLD,1976,98.399185
Netherlands,NLD,1977,98.42727
Netherlands,NLD,1978,98.22479
Netherlands,NLD,1979,98.50175
Netherlands,NLD,1980,98.18634
Netherlands,NLD,1981,98.26338
Netherlands,NLD,1982,98.35162
Netherlands,NLD,1983,98.494156
Netherlands,NLD,1984,98.58449
Netherlands,NLD,1985,98.40266
Netherlands,NLD,1986,98.3276
Netherlands,NLD,1987,98.536736
Netherlands,NLD,1988,98.453545
Netherlands,NLD,1989,98.316475
Netherlands,NLD,1990,98.62509
Netherlands,NLD,1991,98.701904
Netherlands,NLD,1992,98.54047
Netherlands,NLD,1993,98.477196
Netherlands,NLD,1994,98.446625
Netherlands,NLD,1995,98.43799
Netherlands,NLD,1996,98.38262
Netherlands,NLD,1997,98.814354
Netherlands,NLD,1998,98.358475
Netherlands,NLD,1999,98.279305
Netherlands,NLD,2000,98.18713
Netherlands,NLD,2001,98.13765
Netherlands,NLD,2002,98.00659
Netherlands,NLD,2003,98.081184
Netherlands,NLD,2004,97.92241
Netherlands,NLD,2005,97.34609
Netherlands,NLD,2006,97.39039
Netherlands,NLD,2007,97.1709
Netherlands,NLD,2008,96.83343
Netherlands,NLD,2009,96.335045
Netherlands,NLD,2010,96.54338
Netherlands,NLD,2011,96.11362
Netherlands,NLD,2012,96.051254
Netherlands,NLD,2013,96.50628
Netherlands,NLD,2014,96.1592
Netherlands,NLD,2015,96.07143
Netherlands,NLD,2016,96.13796
Netherlands,NLD,2017,96.03131
Netherlands,NLD,2018,95.49195
Netherlands,NLD,2019,94.51703
Netherlands,NLD,2020,92.3936
Netherlands,NLD,2021,91.373795
Netherlands,NLD,2022,89.59183
Netherlands,NLD,2023,88.87197
Netherlands,NLD,2024,88.472145
Netherlands,NLD,2025,88.00492
New Zealand,NZL,1970,71.81821
New Zealand,NZL,1971,70.58341
New Zealand,NZL,1972,71.413315
New Zealand,NZL,1973,73.101456
New Zealand,NZL,1974,70.06041
New Zealand,NZL,1975,68.33859
New Zealand,NZL,1976,71.6814
New Zealand,NZL,1977,73.95652
New Zealand,NZL,1978,72.1948
New Zealand,NZL,1979,69.62205
New Zealand,NZL,1980,67.61657
New Zealand,NZL,1981,67.67329
New Zealand,NZL,1982,70.806915
New Zealand,NZL,1983,70.107285
New Zealand,NZL,1984,70.53097
New Zealand,NZL,1985,72.51776
New Zealand,NZL,1986,71.80543
New Zealand,NZL,1987,72.401146
New Zealand,NZL,1988,72.514275
New Zealand,NZL,1989,70.99089
New Zealand,NZL,1990,70.09588
New Zealand,NZL,1991,70.16586
New Zealand,NZL,1992,72.130104
New Zealand,NZL,1993,70.2339
New Zealand,NZL,1994,70.645935
New Zealand,NZL,1995,70.68939
New Zealand,NZL,1996,72.47347
New Zealand,NZL,1997,74.45327
New Zealand,NZL,1998,71.62071
New Zealand,NZL,1999,72.74835
New Zealand,NZL,2000,72.242386
New Zealand,NZL,2001,74.59554
New Zealand,NZL,2002,73.60829
New Zealand,NZL,2003,73.962204
New Zealand,NZL,2004,71.782074
New Zealand,NZL,2005,72.26783
New Zealand,NZL,2006,71.477135
New Zealand,NZL,2007,70.45094
New Zealand,NZL,2008,69.11381
New Zealand,NZL,2009,65.10418
New Zealand,NZL,2010,62.26069
New Zealand,NZL,2011,60.956524
New Zealand,NZL,2012,62.11085
New Zealand,NZL,2013,61.285072
New Zealand,NZL,2014,60.45773
New Zealand,NZL,2015,58.964394
New Zealand,NZL,2016,58.20255
New Zealand,NZL,2017,59.422802
New Zealand,NZL,2018,58.787262
New Zealand,NZL,2019,59.674103
New Zealand,NZL,2020,56.602596
New Zealand,NZL,2021,55.485977
New Zealand,NZL,2022,53.281372
New Zealand,NZL,2023,54.928715
New Zealand,NZL,2024,52.443665
New Zealand,NZL,2025,49.536633
North America,OWID_NAM,1965,97.52465
North America,OWID_NAM,1966,97.51493
North America,OWID_NAM,1967,97.36802
North America,OWID_NAM,1968,97.366806
North America,OWID_NAM,1969,97.23193
North America,OWID_NAM,1970,97.17751
North America,OWID_NAM,1971,96.79905
North America,OWID_NAM,1972,96.50117
North America,OWID_NAM,1973,96.04235
North America,OWID_NAM,1974,95.28779
North America,OWID_NAM,1975,94.3747
North America,OWID_NAM,1976,94.29135
North America,OWID_NAM,1977,93.78604
North America,OWID_NAM,1978,93.2034
North America,OWID_NAM,1979,93.42844
North America,OWID_NAM,1980,93.195465
North America,OWID_NAM,1981,92.6401
North America,OWID_NAM,1982,92.043144
North America,OWID_NAM,1983,91.474
North America,OWID_NAM,1984,91.212456
North America,OWID_NAM,1985,90.41883
North America,OWID_NAM,1986,89.7742
North America,OWID_NAM,1987,89.589806
North America,OWID_NAM,1988,89.24204
North America,OWID_NAM,1989,89.152
North America,OWID_NAM,1990,88.3562
North America,OWID_NAM,1991,87.69743
North America,OWID_NAM,1992,87.89823
North America,OWID_NAM,1993,87.88527
North America,OWID_NAM,1994,87.80851
North America,OWID_NAM,1995,87.53196
North America,OWID_NAM,1996,87.712
North America,OWID_NAM,1997,88.357506
North America,OWID_NAM,1998,88.28106
North America,OWID_NAM,1999,87.80197
North America,OWID_NAM,2000,88.008766
North America,OWID_NAM,2001,87.917885
North America,OWID_NAM,2002,87.69063
North America,OWID_NAM,2003,87.85753
North America,OWID_NAM,2004,87.66139
North America,OWID_NAM,2005,87.56431
North America,OWID_NAM,2006,87.23579
North America,OWID_NAM,2007,87.238144
North America,OWID_NAM,2008,86.59087
North America,OWID_NAM,2009,85.88225
North America,OWID_NAM,2010,86.06946
North America,OWID_NAM,2011,85.649635
North America,OWID_NAM,2012,85.56294
North America,OWID_NAM,2013,85.326744
North America,OWID_NAM,2014,85.23398
North America,OWID_NAM,2015,85.06302
North America,OWID_NAM,2016,84.587494
North America,OWID_NAM,2017,84.32272
North America,OWID_NAM,2018,84.70307
North America,OWID_NAM,2019,84.490295
North America,OWID_NAM,2020,83.234
North America,OWID_NAM,2021,83.86293
North America,OWID_NAM,2022,83.86176
North America,OWID_NAM,2023,83.648926
North America,OWID_NAM,2024,83.40376
North America,OWID_NAM,2025,83.46434
North America (EI),,1965,97.54729
North America (EI),,1966,97.53693
North America (EI),,1967,97.386635
North America (EI),,1968,97.38483
North America (EI),,1969,97.248
North America (EI),,1970,97.188515
North America (EI),,1971,96.82091
North America (EI),,1972,96.51162
North America (EI),,1973,96.03888
North America (EI),,1974,95.27119
North America (EI),,1975,94.3457
North America (EI),,1976,94.279015
North America (EI),,1977,93.760895
North America (EI),,1978,93.17258
North America (EI),,1979,93.402596
North America (EI),,1980,93.17144
North America (EI),,1981,92.61246
North America (EI),,1982,92.01809
North America (EI),,1983,91.44087
North America (EI),,1984,91.179405
North America (EI),,1985,90.373314
North America (EI),,1986,89.717255
North America (EI),,1987,89.52955
North America (EI),,1988,89.18
North America (EI),,1989,89.0882
North America (EI),,1990,88.2804
North America (EI),,1991,87.60841
North America (EI),,1992,87.81879
North America (EI),,1993,87.79058
North America (EI),,1994,87.69676
North America (EI),,1995,87.40823
North America (EI),,1996,87.59359
North America (EI),,1997,88.24098
North America (EI),,1998,88.1486
North America (EI),,1999,87.68898
North America (EI),,2000,87.851364
North America (EI),,2001,87.73769
North America (EI),,2002,87.50432
North America (EI),,2003,87.6717
North America (EI),,2004,87.47146
North America (EI),,2005,87.36943
North America (EI),,2006,87.014595
North America (EI),,2007,87.03232
North America (EI),,2008,86.38174
North America (EI),,2009,85.65808
North America (EI),,2010,85.857376
North America (EI),,2011,85.42497
North America (EI),,2012,85.35943
North America (EI),,2013,85.139175
North America (EI),,2014,85.0416
North America (EI),,2015,84.85546
North America (EI),,2016,84.37634
North America (EI),,2017,84.11509
North America (EI),,2018,84.52255
North America (EI),,2019,84.29654
North America (EI),,2020,83.07564
North America (EI),,2021,83.72125
North America (EI),,2022,83.71156
North America (EI),,2023,83.47173
North America (EI),,2024,83.220276
North America (EI),,2025,83.29867
North Macedonia,MKD,1997,96.81442
North Macedonia,MKD,1998,96.59482
North Macedonia,MKD,1999,95.33669
North Macedonia,MKD,2000,95.903076
North Macedonia,MKD,2001,97.74914
North Macedonia,MKD,2002,97.186806
North Macedonia,MKD,2003,95.320946
North Macedonia,MKD,2004,94.85211
North Macedonia,MKD,2005,94.993935
North Macedonia,MKD,2006,94.5254
North Macedonia,MKD,2007,96.74531
North Macedonia,MKD,2008,97.176956
North Macedonia,MKD,2009,95.52374
North Macedonia,MKD,2010,91.76492
North Macedonia,MKD,2011,95.40266
North Macedonia,MKD,2012,96.45701
North Macedonia,MKD,2013,94.1417
North Macedonia,MKD,2014,94.97078
North Macedonia,MKD,2015,92.0472
North Macedonia,MKD,2016,92.12105
North Macedonia,MKD,2017,94.87458
North Macedonia,MKD,2018,92.38651
North Macedonia,MKD,2019,94.9664
North Macedonia,MKD,2020,93.72835
North Macedonia,MKD,2021,93.29352
North Macedonia,MKD,2022,93.935326
North Macedonia,MKD,2023,91.92372
North Macedonia,MKD,2024,90.26527
North Macedonia,MKD,2025,87.01913
Norway,NOR,1977,62.17847
Norway,NOR,1978,62.27089
Norway,NOR,1979,60.5134
Norway,NOR,1980,61.159374
Norway,NOR,1981,57.51233
Norway,NOR,1982,56.868446
Norway,NOR,1983,53.632133
Norway,NOR,1984,54.541378
Norway,NOR,1985,56.441483
Norway,NOR,1986,59.302525
Norway,NOR,1987,57.69107
Norway,NOR,1988,55.906048
Norway,NOR,1989,54.158962
Norway,NOR,1990,53.553642
Norway,NOR,1991,54.800186
Norway,NOR,1992,53.796783
Norway,NOR,1993,54.00028
Norway,NOR,1994,56.93871
Norway,NOR,1995,55.2546
Norway,NOR,1996,61.081432
Norway,NOR,1997,60.46858
Norway,NOR,1998,59.631725
Norway,NOR,1999,58.14848
Norway,NOR,2000,53.66407
Norway,NOR,2001,58.409294
Norway,NOR,2002,56.330353
Norway,NOR,2003,62.39924
Norway,NOR,2004,61.53021
Norway,NOR,2005,55.749466
Norway,NOR,2006,58.96951
Norway,NOR,2007,56.489872
Norway,NOR,2008,54.458965
Norway,NOR,2009,56.363384
Norway,NOR,2010,59.155876
Norway,NOR,2011,58.4219
Norway,NOR,2012,54.295536
Norway,NOR,2013,56.28551
Norway,NOR,2014,54.670856
Norway,NOR,2015,54.03808
Norway,NOR,2016,52.64424
Norway,NOR,2017,53.56806
Norway,NOR,2018,53.55964
Norway,NOR,2019,55.31026
Norway,NOR,2020,50.29546
Norway,NOR,2021,49.48299
Norway,NOR,2022,51.52354
Norway,NOR,2023,49.6093
Norway,NOR,2024,47.33618
Norway,NOR,2025,46.9102
OECD (EI),,1965,97.013985
OECD (EI),,1966,96.91887
OECD (EI),,1967,96.91113
OECD (EI),,1968,96.92318
OECD (EI),,1969,96.932495
OECD (EI),,1970,96.901634
OECD (EI),,1971,96.65205
OECD (EI),,1972,96.42162
OECD (EI),,1973,96.27473
OECD (EI),,1974,95.589874
OECD (EI),,1975,94.830894
OECD (EI),,1976,94.82324
OECD (EI),,1977,94.293274
OECD (EI),,1978,93.761925
OECD (EI),,1979,93.691444
OECD (EI),,1980,93.20695
OECD (EI),,1981,92.269585
OECD (EI),,1982,91.54513
OECD (EI),,1983,90.72969
OECD (EI),,1984,89.90756
OECD (EI),,1985,88.81596
OECD (EI),,1986,88.18524
OECD (EI),,1987,87.85613
OECD (EI),,1988,87.51949
OECD (EI),,1989,87.33916
OECD (EI),,1990,86.84652
OECD (EI),,1991,86.37532
OECD (EI),,1992,86.366554
OECD (EI),,1993,85.972244
OECD (EI),,1994,86.01995
OECD (EI),,1995,85.72693
OECD (EI),,1996,85.81933
OECD (EI),,1997,85.95754
OECD (EI),,1998,85.78181
OECD (EI),,1999,85.54555
OECD (EI),,2000,85.61974
OECD (EI),,2001,85.41725
OECD (EI),,2002,85.305466
OECD (EI),,2003,85.773674
OECD (EI),,2004,85.35284
OECD (EI),,2005,85.254
OECD (EI),,2006,84.98211
OECD (EI),,2007,85.21111
OECD (EI),,2008,84.76716
OECD (EI),,2009,83.95136
OECD (EI),,2010,83.95246
OECD (EI),,2011,84.085815
OECD (EI),,2012,84.54952
OECD (EI),,2013,84.30391
OECD (EI),,2014,83.90041
OECD (EI),,2015,83.68042
OECD (EI),,2016,83.49466
OECD (EI),,2017,83.42198
OECD (EI),,2018,83.30811
OECD (EI),,2019,82.75722
OECD (EI),,2020,81.58343
OECD (EI),,2021,81.939926
OECD (EI),,2022,82.20141
OECD (EI),,2023,81.32417
OECD (EI),,2024,80.74705
OECD (EI),,2025,80.66501
Oceania,OWID_OCE,1965,93.39709
Oceania,OWID_OCE,1966,93.617874
Oceania,OWID_OCE,1967,94.20433
Oceania,OWID_OCE,1968,94.074165
Oceania,OWID_OCE,1969,94.13453
Oceania,OWID_OCE,1970,94.32097
Oceania,OWID_OCE,1971,94.12188
Oceania,OWID_OCE,1972,94.258575
Oceania,OWID_OCE,1973,94.53757
Oceania,OWID_OCE,1974,94.09597
Oceania,OWID_OCE,1975,93.82542
Oceania,OWID_OCE,1976,94.370026
Oceania,OWID_OCE,1977,94.90541
Oceania,OWID_OCE,1978,94.77011
Oceania,OWID_OCE,1979,94.79792
Oceania,OWID_OCE,1980,94.71302
Oceania,OWID_OCE,1981,94.76067
Oceania,OWID_OCE,1982,94.973915
Oceania,OWID_OCE,1983,94.87483
Oceania,OWID_OCE,1984,94.7559
Oceania,OWID_OCE,1985,95.002945
Oceania,OWID_OCE,1986,94.80412
Oceania,OWID_OCE,1987,95.00111
Oceania,OWID_OCE,1988,94.97456
Oceania,OWID_OCE,1989,94.8159
Oceania,OWID_OCE,1990,94.57548
Oceania,OWID_OCE,1991,94.3793
Oceania,OWID_OCE,1992,94.63994
Oceania,OWID_OCE,1993,94.40954
Oceania,OWID_OCE,1994,94.56166
Oceania,OWID_OCE,1995,94.628265
Oceania,OWID_OCE,1996,94.84855
Oceania,OWID_OCE,1997,95.114075
Oceania,OWID_OCE,1998,94.86277
Oceania,OWID_OCE,1999,95.00836
Oceania,OWID_OCE,2000,94.8834
Oceania,OWID_OCE,2001,95.22776
Oceania,OWID_OCE,2002,95.04003
Oceania,OWID_OCE,2003,95.11122
Oceania,OWID_OCE,2004,94.777534
Oceania,OWID_OCE,2005,94.56417
Oceania,OWID_OCE,2006,94.55624
Oceania,OWID_OCE,2007,94.54241
Oceania,OWID_OCE,2008,94.46595
Oceania,OWID_OCE,2009,93.875786
Oceania,OWID_OCE,2010,93.14135
Oceania,OWID_OCE,2011,92.52668
Oceania,OWID_OCE,2012,92.425804
Oceania,OWID_OCE,2013,91.94784
Oceania,OWID_OCE,2014,91.81144
Oceania,OWID_OCE,2015,91.49088
Oceania,OWID_OCE,2016,91.00604
Oceania,OWID_OCE,2017,91.217865
Oceania,OWID_OCE,2018,90.63716
Oceania,OWID_OCE,2019,90.590416
Oceania,OWID_OCE,2020,89.439644
Oceania,OWID_OCE,2021,88.47465
Oceania,OWID_OCE,2022,88.07978
Oceania,OWID_OCE,2023,87.63545
Oceania,OWID_OCE,2024,87.08774
Oceania,OWID_OCE,2025,85.92385
Oman,OMN,1994,100
Oman,OMN,1995,100
Oman,OMN,1996,100
Oman,OMN,1997,100
Oman,OMN,1998,100
Oman,OMN,1999,100
Oman,OMN,2000,100
Oman,OMN,2001,100
Oman,OMN,2002,100
Oman,OMN,2003,100
Oman,OMN,2004,100
Oman,OMN,2005,100
Oman,OMN,2006,99.99999
Oman,OMN,2007,100
Oman,OMN,2008,99.99999
Oman,OMN,2009,100
Oman,OMN,2010,99.99999
Oman,OMN,2011,100
Oman,OMN,2012,100
Oman,OMN,2013,99.99962
Oman,OMN,2014,99.999626
Oman,OMN,2015,99.99891
Oman,OMN,2016,99.99876
Oman,OMN,2017,99.99557
Oman,OMN,2018,99.995834
Oman,OMN,2019,99.99324
Oman,OMN,2020,99.95572
Oman,OMN,2021,99.79718
Oman,OMN,2022,99.535446
Oman,OMN,2023,99.483116
Oman,OMN,2024,99.46262
Oman,OMN,2025,98.945595
Pakistan,PAK,1965,97.181366
Pakistan,PAK,1966,97.20349
Pakistan,PAK,1967,96.99508
Pakistan,PAK,1968,96.807465
Pakistan,PAK,1969,96.63721
Pakistan,PAK,1970,96.995705
Pakistan,PAK,1971,95.601074
Pakistan,PAK,1972,94.33526
Pakistan,PAK,1973,93.841194
Pakistan,PAK,1974,93.85426
Pakistan,PAK,1975,93.20862
Pakistan,PAK,1976,93.12765
Pakistan,PAK,1977,93.1879
Pakistan,PAK,1978,92.59179
Pakistan,PAK,1979,92.97603
Pakistan,PAK,1980,93.35489
Pakistan,PAK,1981,93.3965
Pakistan,PAK,1982,93.21916
Pakistan,PAK,1983,92.508026
Pakistan,PAK,1984,92.60461
Pakistan,PAK,1985,92.6317
Pakistan,PAK,1986,93.21273
Pakistan,PAK,1987,92.39323
Pakistan,PAK,1988,92.66376
Pakistan,PAK,1989,93.10236
Pakistan,PAK,1990,93.25441
Pakistan,PAK,1991,93.21001
Pakistan,PAK,1992,92.82015
Pakistan,PAK,1993,93.05315
Pakistan,PAK,1994,93.290085
Pakistan,PAK,1995,93.35811
Pakistan,PAK,1996,93.369965
Pakistan,PAK,1997,94.87877
Pakistan,PAK,1998,93.77997
Pakistan,PAK,1999,94.96219
Pakistan,PAK,2000,94.83065
Pakistan,PAK,2001,94.0749
Pakistan,PAK,2002,93.8818
Pakistan,PAK,2003,93.398056
Pakistan,PAK,2004,93.54503
Pakistan,PAK,2005,93.43588
Pakistan,PAK,2006,93.92748
Pakistan,PAK,2007,94.134964
Pakistan,PAK,2008,95.127556
Pakistan,PAK,2009,94.751144
Pakistan,PAK,2010,94.619484
Pakistan,PAK,2011,93.927925
Pakistan,PAK,2012,93.783455
Pakistan,PAK,2013,93.8116
Pakistan,PAK,2014,93.56881
Pakistan,PAK,2015,93.922104
Pakistan,PAK,2016,93.61354
Pakistan,PAK,2017,93.264366
Pakistan,PAK,2018,92.98449
Pakistan,PAK,2019,92.171394
Pakistan,PAK,2020,91.34693
Pakistan,PAK,2021,90.45082
Pakistan,PAK,2022,87.398636
Pakistan,PAK,2023,85.45645
Pakistan,PAK,2024,84.36472
Pakistan,PAK,2025,82.43932
Peru,PER,1965,94.73627
Peru,PER,1966,95.41163
Peru,PER,1967,94.90417
Peru,PER,1968,94.60124
Peru,PER,1969,94.11582
Peru,PER,1970,94.59492
Peru,PER,1971,92.61961
Peru,PER,1972,91.35092
Peru,PER,1973,91.91672
Peru,PER,1974,92.318146
Peru,PER,1975,92.43526
Peru,PER,1976,92.23481
Peru,PER,1977,92.0004
Peru,PER,1978,91.849754
Peru,PER,1979,91.69538
Peru,PER,1980,92.19534
Peru,PER,1981,91.489075
Peru,PER,1982,90.83793
Peru,PER,1983,89.706795
Peru,PER,1984,89.53078
Peru,PER,1985,88.24771
Peru,PER,1986,88.40318
Peru,PER,1987,88.63313
Peru,PER,1988,88.8035
Peru,PER,1989,87.471115
Peru,PER,1990,87.42172
Peru,PER,1991,85.77798
Peru,PER,1992,88.03865
Peru,PER,1993,86.49986
Peru,PER,1994,86.60387
Peru,PER,1995,87.62005
Peru,PER,1996,87.66024
Peru,PER,1997,87.43427
Peru,PER,1998,87.32981
Peru,PER,1999,86.89275
Peru,PER,2000,85.60138
Peru,PER,2001,83.8179
Peru,PER,2002,83.66133
Peru,PER,2003,82.82805
Peru,PER,2004,85.44441
Peru,PER,2005,85.31888
Peru,PER,2006,83.33573
Peru,PER,2007,84.94711
Peru,PER,2008,86.53851
Peru,PER,2009,85.76917
Peru,PER,2010,87.15156
Peru,PER,2011,87.639244
Peru,PER,2012,87.203575
Peru,PER,2013,86.80686
Peru,PER,2014,86.73794
Peru,PER,2015,86.803345
Peru,PER,2016,87.927765
Peru,PER,2017,85.60976
Peru,PER,2018,85.134125
Peru,PER,2019,85.245415
Peru,PER,2020,83.25641
Peru,PER,2021,84.73111
Peru,PER,2022,86.06953
Peru,PER,2023,86.244
Peru,PER,2024,85.6556
Peru,PER,2025,84.818985
Philippines,PHL,1994,73.446495
Philippines,PHL,1995,76.71248
Philippines,PHL,1996,76.66104
Philippines,PHL,1997,77.07798
Philippines,PHL,1998,73.38809
Philippines,PHL,1999,68.88989
Philippines,PHL,2000,66.98131
Philippines,PHL,2001,69.19801
Philippines,PHL,2002,69.80685
Philippines,PHL,2003,71.15586
Philippines,PHL,2004,70.48589
Philippines,PHL,2005,71.3853
Philippines,PHL,2006,68.40629
Philippines,PHL,2007,70.349014
Philippines,PHL,2008,69.548
Philippines,PHL,2009,70.49336
Philippines,PHL,2010,72.59943
Philippines,PHL,2011,72.25925
Philippines,PHL,2012,72.02631
Philippines,PHL,2013,74.7836
Philippines,PHL,2014,74.81661
Philippines,PHL,2015,75.31208
Philippines,PHL,2016,76.67239
Philippines,PHL,2017,79.053505
Philippines,PHL,2018,79.28533
Philippines,PHL,2019,79.79605
Philippines,PHL,2020,78.04228
Philippines,PHL,2021,79.5911
Philippines,PHL,2022,79.72407
Philippines,PHL,2023,80.85605
Philippines,PHL,2024,81.45409
Philippines,PHL,2025,80.8692
Poland,POL,1965,99.87411
Poland,POL,1966,99.87191
Poland,POL,1967,99.86579
Poland,POL,1968,99.86877
Poland,POL,1969,99.88608
Poland,POL,1970,99.80194
Poland,POL,1971,99.81546
Poland,POL,1972,99.80748
Poland,POL,1973,99.80482
Poland,POL,1974,99.74854
Poland,POL,1975,99.779884
Poland,POL,1976,99.82847
Poland,POL,1977,99.7935
Poland,POL,1978,99.80442
Poland,POL,1979,99.82211
Poland,POL,1980,99.79206
Poland,POL,1981,99.78038
Poland,POL,1982,99.82787
Poland,POL,1983,99.79855
Poland,POL,1984,99.82856
Poland,POL,1985,99.79114
Poland,POL,1986,99.82294
Poland,POL,1987,99.855415
Poland,POL,1988,99.8636
Poland,POL,1989,99.868996
Poland,POL,1990,99.86629
Poland,POL,1991,99.8559
Poland,POL,1992,99.837814
Poland,POL,1993,99.85281
Poland,POL,1994,99.826836
Poland,POL,1995,99.81307
Poland,POL,1996,99.79943
Poland,POL,1997,99.78566
Poland,POL,1998,99.72495
Poland,POL,1999,99.74079
Poland,POL,2000,99.72616
Poland,POL,2001,99.633575
Poland,POL,2002,99.63337
Poland,POL,2003,99.6589
Poland,POL,2004,99.5197
Poland,POL,2005,99.29419
Poland,POL,2006,99.15752
Poland,POL,2007,98.934586
Poland,POL,2008,98.30475
Poland,POL,2009,97.62634
Poland,POL,2010,97.289764
Poland,POL,2011,96.83526
Poland,POL,2012,95.86245
Poland,POL,2013,96.137634
Poland,POL,2014,95.49974
Poland,POL,2015,95.38572
Poland,POL,2016,96.06616
Poland,POL,2017,96.238045
Poland,POL,2018,96.19651
Poland,POL,2019,95.46283
Poland,POL,2020,94.84164
Poland,POL,2021,95.025475
Poland,POL,2022,94.183655
Poland,POL,2023,92.77981
Poland,POL,2024,91.99343
Poland,POL,2025,91.6688
Portugal,PRT,1996,91.87079
Portugal,PRT,1997,92.72541
Portugal,PRT,1998,93.41021
Portugal,PRT,1999,95.67482
Portugal,PRT,2000,94.03471
Portugal,PRT,2001,92.851265
Portugal,PRT,2002,95.17627
Portugal,PRT,2003,92.23159
Portugal,PRT,2004,94.18784
Portugal,PRT,2005,95.73271
Portugal,PRT,2006,92.35534
Portugal,PRT,2007,91.43648
Portugal,PRT,2008,91.76127
Portugal,PRT,2009,89.711494
Portugal,PRT,2010,84.89497
Portugal,PRT,2011,86.01963
Portugal,PRT,2012,87.36401
Portugal,PRT,2013,83.43849
Portugal,PRT,2014,82.48084
Portugal,PRT,2015,85.644516
Portugal,PRT,2016,83.50629
Portugal,PRT,2017,87.45099
Portugal,PRT,2018,84.31961
Portugal,PRT,2019,84.57664
Portugal,PRT,2020,80.89581
Portugal,PRT,2021,79.719406
Portugal,PRT,2022,81.65826
Portugal,PRT,2023,78.070015
Portugal,PRT,2024,74.733635
Portugal,PRT,2025,75.40865
Qatar,QAT,2005,100
Qatar,QAT,2012,99.99331
Qatar,QAT,2013,99.95132
Qatar,QAT,2014,99.93909
Qatar,QAT,2015,99.93817
Qatar,QAT,2016,99.93513
Qatar,QAT,2017,99.929245
Qatar,QAT,2018,99.92744
Qatar,QAT,2019,99.93745
Qatar,QAT,2020,99.91931
Qatar,QAT,2021,99.9241
Qatar,QAT,2022,99.88066
Qatar,QAT,2023,99.62199
Qatar,QAT,2024,99.618965
Qatar,QAT,2025,99.3744
Romania,ROU,1965,99.63686
Romania,ROU,1966,99.649445
Romania,ROU,1967,99.55116
Romania,ROU,1968,99.55361
Romania,ROU,1969,99.447784
Romania,ROU,1970,99.34995
Romania,ROU,1971,99.0006
Romania,ROU,1972,98.43401
Romania,ROU,1973,98.523254
Romania,ROU,1974,98.34746
Romania,ROU,1975,98.32598
Romania,ROU,1976,98.66327
Romania,ROU,1977,98.5436
Romania,ROU,1978,98.4617
Romania,ROU,1979,98.3862
Romania,ROU,1980,98.212875
Romania,ROU,1981,98.20267
Romania,ROU,1982,98.316376
Romania,ROU,1983,98.57122
Romania,ROU,1984,98.36997
Romania,ROU,1985,98.1576
Romania,ROU,1986,98.47516
Romania,ROU,1987,98.47534
Romania,ROU,1988,98.00921
Romania,ROU,1989,98.16577
Romania,ROU,1990,98.39015
Romania,ROU,1991,97.52274
Romania,ROU,1992,97.77073
Romania,ROU,1993,97.485016
Romania,ROU,1994,97.304306
Romania,ROU,1995,96.728096
Romania,ROU,1996,96.22126
Romania,ROU,1997,93.13814
Romania,ROU,1998,92.15059
Romania,ROU,1999,91.35564
Romania,ROU,2000,92.093094
Romania,ROU,2001,92.344734
Romania,ROU,2002,92.15038
Romania,ROU,2003,93.48149
Romania,ROU,2004,92.24507
Romania,ROU,2005,91.26883
Romania,ROU,2006,91.86291
Romania,ROU,2007,90.60448
Romania,ROU,2008,87.72562
Romania,ROU,2009,85.98291
Romania,ROU,2010,84.35685
Romania,ROU,2011,85.83023
Romania,ROU,2012,85.998436
Romania,ROU,2013,83.11057
Romania,ROU,2014,81.58922
Romania,ROU,2015,81.22384
Romania,ROU,2016,80.9576
Romania,ROU,2017,82.08399
Romania,ROU,2018,81.71601
Romania,ROU,2019,81.68303
Romania,ROU,2020,80.53533
Romania,ROU,2021,81.23928
Romania,ROU,2022,80.73827
Romania,ROU,2023,78.883644
Romania,ROU,2024,80.26724
Romania,ROU,2025,80.13228
Russia,RUS,1985,95.0259
Russia,RUS,1986,94.872375
Russia,RUS,1987,94.456505
Russia,RUS,1988,94.26485
Russia,RUS,1989,94.25376
Russia,RUS,1990,94.61966
Russia,RUS,1991,94.476494
Russia,RUS,1992,94.21224
Russia,RUS,1993,93.77023
Russia,RUS,1994,93.94934
Russia,RUS,1995,93.5165
Russia,RUS,1996,93.19925
Russia,RUS,1997,92.7634
Russia,RUS,1998,92.94598
Russia,RUS,1999,92.198845
Russia,RUS,2000,91.89401
Russia,RUS,2001,91.598785
Russia,RUS,2002,91.554146
Russia,RUS,2003,91.454254
Russia,RUS,2004,91.44068
Russia,RUS,2005,91.287224
Russia,RUS,2006,91.38293
Russia,RUS,2007,91.23632
Russia,RUS,2008,91.35153
Russia,RUS,2009,90.72088
Russia,RUS,2010,90.92908
Russia,RUS,2011,91.194496
Russia,RUS,2012,91.08143
Russia,RUS,2013,90.91094
Russia,RUS,2014,90.73382
Russia,RUS,2015,90.10566
Russia,RUS,2016,90.01603
Russia,RUS,2017,89.822205
Russia,RUS,2018,90.06045
Russia,RUS,2019,89.76249
Russia,RUS,2020,88.81156
Russia,RUS,2021,88.862526
Russia,RUS,2022,89.41025
Russia,RUS,2023,89.725174
Russia,RUS,2024,89.86718
Russia,RUS,2025,89.8233
Saudi Arabia,SAU,1965,100
Saudi Arabia,SAU,1966,100
Saudi Arabia,SAU,1967,100
Saudi Arabia,SAU,1968,100
Saudi Arabia,SAU,1969,100
Saudi Arabia,SAU,1970,99.99999
Saudi Arabia,SAU,1971,100
Saudi Arabia,SAU,1972,99.999985
Saudi Arabia,SAU,1973,100
Saudi Arabia,SAU,1974,100
Saudi Arabia,SAU,1975,100
Saudi Arabia,SAU,1976,99.99999
Saudi Arabia,SAU,1977,100
Saudi Arabia,SAU,1978,100
Saudi Arabia,SAU,1979,100
Saudi Arabia,SAU,1980,100
Saudi Arabia,SAU,1981,99.99999
Saudi Arabia,SAU,1982,99.99999
Saudi Arabia,SAU,1983,100
Saudi Arabia,SAU,1984,99.99999
Saudi Arabia,SAU,1985,100
Saudi Arabia,SAU,1986,100
Saudi Arabia,SAU,1987,100
Saudi Arabia,SAU,1988,100
Saudi Arabia,SAU,1989,100
Saudi Arabia,SAU,1990,100
Saudi Arabia,SAU,1991,100
Saudi Arabia,SAU,1992,100
Saudi Arabia,SAU,1993,100
Saudi Arabia,SAU,1994,100
Saudi Arabia,SAU,1995,100
Saudi Arabia,SAU,1996,100
Saudi Arabia,SAU,1997,99.99999
Saudi Arabia,SAU,1998,99.99999
Saudi Arabia,SAU,1999,99.99999
Saudi Arabia,SAU,2000,100
Saudi Arabia,SAU,2001,100
Saudi Arabia,SAU,2002,100
Saudi Arabia,SAU,2003,100
Saudi Arabia,SAU,2004,100
Saudi Arabia,SAU,2005,100
Saudi Arabia,SAU,2006,100
Saudi Arabia,SAU,2007,100
Saudi Arabia,SAU,2008,99.99997
Saudi Arabia,SAU,2009,99.99998
Saudi Arabia,SAU,2010,99.999825
Saudi Arabia,SAU,2011,99.99979
Saudi Arabia,SAU,2012,99.999054
Saudi Arabia,SAU,2013,99.99844
Saudi Arabia,SAU,2014,99.99843
Saudi Arabia,SAU,2015,99.9985
Saudi Arabia,SAU,2016,99.99856
Saudi Arabia,SAU,2017,99.9978
Saudi Arabia,SAU,2018,99.994705
Saudi Arabia,SAU,2019,99.99284
Saudi Arabia,SAU,2020,99.96824
Saudi Arabia,SAU,2021,99.966446
Saudi Arabia,SAU,2022,99.93573
Saudi Arabia,SAU,2023,99.85147
Saudi Arabia,SAU,2024,99.66258
Saudi Arabia,SAU,2025,99.40821
Singapore,SGP,1992,99.75131
Singapore,SGP,1993,99.77238
Singapore,SGP,1994,99.80098
Singapore,SGP,1995,99.80909
Singapore,SGP,1996,99.810814
Singapore,SGP,1997,99.82013
Singapore,SGP,1998,99.822586
Singapore,SGP,1999,99.82079
Singapore,SGP,2000,99.8324
Singapore,SGP,2001,99.71369
Singapore,SGP,2002,99.70273
Singapore,SGP,2003,99.66974
Singapore,SGP,2004,99.71729
Singapore,SGP,2005,99.733055
Singapore,SGP,2006,99.76022
Singapore,SGP,2007,99.76931
Singapore,SGP,2008,99.77138
Singapore,SGP,2009,99.78451
Singapore,SGP,2010,99.78153
Singapore,SGP,2011,99.7831
Singapore,SGP,2012,99.773384
Singapore,SGP,2013,99.74789
Singapore,SGP,2014,99.7388
Singapore,SGP,2015,99.73131
Singapore,SGP,2016,99.74044
Singapore,SGP,2017,99.75535
Singapore,SGP,2018,99.759315
Singapore,SGP,2019,99.74834
Singapore,SGP,2020,99.74507
Singapore,SGP,2021,99.73807
Singapore,SGP,2022,99.60569
Singapore,SGP,2023,99.641914
Singapore,SGP,2024,99.607445
Singapore,SGP,2025,99.59212
Slovakia,SVK,1965,97.830956
Slovakia,SVK,1966,97.99826
Slovakia,SVK,1967,98.30359
Slovakia,SVK,1968,98.59728
Slovakia,SVK,1969,98.961716
Slovakia,SVK,1970,98.573715
Slovakia,SVK,1971,99.009605
Slovakia,SVK,1972,99.00786
Slovakia,SVK,1973,98.76276
Slovakia,SVK,1974,97.834724
Slovakia,SVK,1975,98.56663
Slovakia,SVK,1976,98.19511
Slovakia,SVK,1977,98.58761
Slovakia,SVK,1978,98.87015
Slovakia,SVK,1979,96.0465
Slovakia,SVK,1980,92.592766
Slovakia,SVK,1981,91.83133
Slovakia,SVK,1982,90.8712
Slovakia,SVK,1983,90.40125
Slovakia,SVK,1984,89.81515
Slovakia,SVK,1985,87.12893
Slovakia,SVK,1986,84.28483
Slovakia,SVK,1987,84.7471
Slovakia,SVK,1988,84.966095
Slovakia,SVK,1989,84.23862
Slovakia,SVK,1990,84.474
Slovakia,SVK,1991,83.25531
Slovakia,SVK,1992,83.00056
Slovakia,SVK,1993,80.87847
Slovakia,SVK,1994,78.47799
Slovakia,SVK,1995,80.5401
Slovakia,SVK,1996,81.15906
Slovakia,SVK,1997,81.376945
Slovakia,SVK,1998,80.39059
Slovakia,SVK,1999,77.92745
Slovakia,SVK,2000,73.44633
Slovakia,SVK,2001,73.86061
Slovakia,SVK,2002,73.09505
Slovakia,SVK,2003,73.680435
Slovakia,SVK,2004,74.04622
Slovakia,SVK,2005,73.422554
Slovakia,SVK,2006,72.20734
Slovakia,SVK,2007,74.01491
Slovakia,SVK,2008,72.955345
Slovakia,SVK,2009,73.77993
Slovakia,SVK,2010,73.896164
Slovakia,SVK,2011,72.20935
Slovakia,SVK,2012,70.51948
Slovakia,SVK,2013,70.23553
Slovakia,SVK,2014,67.85508
Slovakia,SVK,2015,68.6696
Slovakia,SVK,2016,69.212975
Slovakia,SVK,2017,70.35214
Slovakia,SVK,2018,70.86751
Slovakia,SVK,2019,68.41303
Slovakia,SVK,2020,67.37083
Slovakia,SVK,2021,69.22601
Slovakia,SVK,2022,67.39534
Slovakia,SVK,2023,63.853825
Slovakia,SVK,2024,62.10076
Slovakia,SVK,2025,61.979324
Slovenia,SVN,1990,73.799934
Slovenia,SVN,1991,70.81367
Slovenia,SVN,1992,73.937515
Slovenia,SVN,1993,75.65819
Slovenia,SVN,1994,73.418915
Slovenia,SVN,1995,74.53486
Slovenia,SVN,1996,76.09728
Slovenia,SVN,1997,75.83942
Slovenia,SVN,1998,74.92821
Slovenia,SVN,1999,75.27614
Slovenia,SVN,2000,74.41179
Slovenia,SVN,2001,73.74789
Slovenia,SVN,2002,73.435356
Slovenia,SVN,2003,74.823746
Slovenia,SVN,2004,73.36713
Slovenia,SVN,2005,73.13852
Slovenia,SVN,2006,74.33002
Slovenia,SVN,2007,74.13695
Slovenia,SVN,2008,72.636925
Slovenia,SVN,2009,71.16784
Slovenia,SVN,2010,71.619804
Slovenia,SVN,2011,70.45002
Slovenia,SVN,2012,71.05199
Slovenia,SVN,2013,69.98408
Slovenia,SVN,2014,63.952293
Slovenia,SVN,2015,68.19968
Slovenia,SVN,2016,68.88643
Slovenia,SVN,2017,68.24361
Slovenia,SVN,2018,68.7532
Slovenia,SVN,2019,67.75908
Slovenia,SVN,2020,63.20348
Slovenia,SVN,2021,65.62562
Slovenia,SVN,2022,66.58728
Slovenia,SVN,2023,62.76798
Slovenia,SVN,2024,63.165527
Slovenia,SVN,2025,63.18969
South Africa,ZAF,1965,99.989555
South Africa,ZAF,1966,99.9899
South Africa,ZAF,1967,99.99299
South Africa,ZAF,1968,99.99388
South Africa,ZAF,1969,99.99479
South Africa,ZAF,1970,99.994064
South Africa,ZAF,1971,99.97531
South Africa,ZAF,1972,99.82156
South Africa,ZAF,1973,99.80405
South Africa,ZAF,1974,99.78099
South Africa,ZAF,1975,99.796814
South Africa,ZAF,1976,99.67314
South Africa,ZAF,1977,99.66937
South Africa,ZAF,1978,99.672485
South Africa,ZAF,1979,99.810234
South Africa,ZAF,1980,99.84594
South Africa,ZAF,1981,99.77921
South Africa,ZAF,1982,99.87405
South Africa,ZAF,1983,99.92729
South Africa,ZAF,1984,98.60878
South Africa,ZAF,1985,98.170296
South Africa,ZAF,1986,96.95785
South Africa,ZAF,1987,97.85014
South Africa,ZAF,1988,96.63252
South Africa,ZAF,1989,96.33312
South Africa,ZAF,1990,97.414505
South Africa,ZAF,1991,97.08969
South Africa,ZAF,1992,97.1872
South Africa,ZAF,1993,97.84378
South Africa,ZAF,1994,97.15092
South Africa,ZAF,1995,96.891426
South Africa,ZAF,1996,96.73676
South Africa,ZAF,1997,96.4894
South Africa,ZAF,1998,96.19829
South Africa,ZAF,1999,96.60499
South Africa,ZAF,2000,96.459175
South Africa,ZAF,2001,97.01811
South Africa,ZAF,2002,96.52361
South Africa,ZAF,2003,96.59221
South Africa,ZAF,2004,96.620026
South Africa,ZAF,2005,97.21862
South Africa,ZAF,2006,97.52053
South Africa,ZAF,2007,97.26801
South Africa,ZAF,2008,97.09279
South Africa,ZAF,2009,96.9777
South Africa,ZAF,2010,96.96652
South Africa,ZAF,2011,96.83783
South Africa,ZAF,2012,97.06037
South Africa,ZAF,2013,96.80549
South Africa,ZAF,2014,96.634384
South Africa,ZAF,2015,96.791794
South Africa,ZAF,2016,96.13864
South Africa,ZAF,2017,95.84859
South Africa,ZAF,2018,96.697876
South Africa,ZAF,2019,96.165436
South Africa,ZAF,2020,96.1423
South Africa,ZAF,2021,95.75271
South Africa,ZAF,2022,95.64259
South Africa,ZAF,2023,95.909256
South Africa,ZAF,2024,95.98545
South Africa,ZAF,2025,95.2682
South Korea,KOR,1986,87.29692
South Korea,KOR,1987,84.14296
South Korea,KOR,1988,85.81299
South Korea,KOR,1989,84.506966
South Korea,KOR,1990,84.72385
South Korea,KOR,1991,85.831535
South Korea,KOR,1992,87.37644
South Korea,KOR,1993,88.07541
South Korea,KOR,1994,89.010216
South Korea,KOR,1995,88.4424
South Korea,KOR,1996,88.47254
South Korea,KOR,1997,89.025986
South Korea,KOR,1998,86.0019
South Korea,KOR,1999,85.27855
South Korea,KOR,2000,85.29118
South Korea,KOR,2001,85.333115
South Korea,KOR,2002,85.06347
South Korea,KOR,2003,84.19376
South Korea,KOR,2004,84.51284
South Korea,KOR,2005,83.21438
South Korea,KOR,2006,83.31407
South Korea,KOR,2007,84.329254
South Korea,KOR,2008,83.73561
South Korea,KOR,2009,84.13214
South Korea,KOR,2010,85.13432
South Korea,KOR,2011,85.186806
South Korea,KOR,2012,85.650116
South Korea,KOR,2013,86.565636
South Korea,KOR,2014,84.8294
South Korea,KOR,2015,84.17619
South Korea,KOR,2016,84.79418
South Korea,KOR,2017,85.87329
South Korea,KOR,2018,87.09773
South Korea,KOR,2019,85.64268
South Korea,KOR,2020,83.54057
South Korea,KOR,2021,84.15904
South Korea,KOR,2022,82.633385
South Korea,KOR,2023,81.78873
South Korea,KOR,2024,81.212456
South Korea,KOR,2025,81.26977
South and Central America (EI),,1965,96.08014
South and Central America (EI),,1966,95.92925
South and Central America (EI),,1967,95.86853
South and Central America (EI),,1968,95.88178
South and Central America (EI),,1969,95.761024
South and Central America (EI),,1970,95.12089
South and Central America (EI),,1971,94.6298
South and Central America (EI),,1972,94.42759
South and Central America (EI),,1973,94.42604
South and Central America (EI),,1974,93.89003
South and Central America (EI),,1975,93.1977
South and Central America (EI),,1976,92.81809
South and Central America (EI),,1977,92.536545
South and Central America (EI),,1978,91.880035
South and Central America (EI),,1979,91.34709
South and Central America (EI),,1980,90.62836
South and Central America (EI),,1981,90.38882
South and Central America (EI),,1982,89.57484
South and Central America (EI),,1983,88.26314
South and Central America (EI),,1984,87.10474
South and Central America (EI),,1985,85.98294
South and Central America (EI),,1986,85.77444
South and Central America (EI),,1987,85.307915
South and Central America (EI),,1988,85.35735
South and Central America (EI),,1989,85.064926
South and Central America (EI),,1990,84.45748
South and Central America (EI),,1991,84.00526
South and Central America (EI),,1992,84.29344
South and Central America (EI),,1993,83.94315
South and Central America (EI),,1994,84.00241
South and Central America (EI),,1995,84.17095
South and Central America (EI),,1996,84.19836
South and Central America (EI),,1997,84.28305
South and Central America (EI),,1998,84.63215
South and Central America (EI),,1999,84.4087
South and Central America (EI),,2000,84.70357
South and Central America (EI),,2001,85.04978
South and Central America (EI),,2002,84.461945
South and Central America (EI),,2003,83.86596
South and Central America (EI),,2004,84.293686
South and Central America (EI),,2005,84.02966
South and Central America (EI),,2006,84.03396
South and Central America (EI),,2007,83.69374
South and Central America (EI),,2008,83.15389
South and Central America (EI),,2009,82.14387
South and Central America (EI),,2010,82.28946
South and Central America (EI),,2011,82.30495
South and Central America (EI),,2012,82.85536
South and Central America (EI),,2013,82.88617
South and Central America (EI),,2014,82.85985
South and Central America (EI),,2015,82.18279
South and Central America (EI),,2016,81.54248
South and Central America (EI),,2017,80.90743
South and Central America (EI),,2018,79.45611
South and Central America (EI),,2019,78.74513
South and Central America (EI),,2020,76.701164
South and Central America (EI),,2021,78.6182
South and Central America (EI),,2022,77.86035
South and Central America (EI),,2023,76.97463
South and Central America (EI),,2024,75.95408
South and Central America (EI),,2025,75.28535
Spain,ESP,1969,92.307365
Spain,ESP,1970,93.52874
Spain,ESP,1971,92.38703
Spain,ESP,1972,91.07918
Spain,ESP,1973,92.28361
Spain,ESP,1974,92.01578
Spain,ESP,1975,92.8312
Spain,ESP,1976,94.06342
Spain,ESP,1977,91.845825
Spain,ESP,1978,91.32576
Spain,ESP,1979,91.49517
Spain,ESP,1980,94.41508
Spain,ESP,1981,93.87837
Spain,ESP,1982,93.55532
Spain,ESP,1983,92.93408
Spain,ESP,1984,88.18017
Spain,ESP,1985,86.36594
Spain,ESP,1986,84.20994
Spain,ESP,1987,83.435814
Spain,ESP,1988,80.19504
Spain,ESP,1989,81.6337
Spain,ESP,1990,81.3937
Spain,ESP,1991,81.44567
Spain,ESP,1992,83.24043
Spain,ESP,1993,81.91076
Spain,ESP,1994,82.48126
Spain,ESP,1995,83.574196
Spain,ESP,1996,82.133125
Spain,ESP,1997,83.508995
Spain,ESP,1998,83.41896
Spain,ESP,1999,85.08566
Spain,ESP,2000,84.53396
Spain,ESP,2001,83.69575
Spain,ESP,2002,85.25014
Spain,ESP,2003,84.43817
Spain,ESP,2004,85.027596
Spain,ESP,2005,87.07253
Spain,ESP,2006,85.96725
Spain,ESP,2007,86.471695
Spain,ESP,2008,84.75129
Spain,ESP,2009,83.37189
Spain,ESP,2010,79.78085
Spain,ESP,2011,80.73102
Spain,ESP,2012,79.32541
Spain,ESP,2013,78.34771
Spain,ESP,2014,77.88327
Spain,ESP,2015,79.40433
Spain,ESP,2016,78.47646
Spain,ESP,2017,80.19144
Spain,ESP,2018,79.16773
Spain,ESP,2019,78.85938
Spain,ESP,2020,74.4988
Spain,ESP,2021,75.632805
Spain,ESP,2022,76.60223
Spain,ESP,2023,74.11194
Spain,ESP,2024,74.16838
Spain,ESP,2025,74.42343
Sri Lanka,LKA,2007,93.40782
Sweden,SWE,1985,54.955307
Sweden,SWE,1986,54.33782
Sweden,SWE,1987,50.86504
Sweden,SWE,1988,49.049793
Sweden,SWE,1989,48.92434
Sweden,SWE,1990,44.68227
Sweden,SWE,1991,42.631355
Sweden,SWE,1992,44.697395
Sweden,SWE,1993,45.947895
Sweden,SWE,1994,46.57558
Sweden,SWE,1995,46.24533
Sweden,SWE,1996,48.493916
Sweden,SWE,1997,46.31121
Sweden,SWE,1998,45.247887
Sweden,SWE,1999,44.702637
Sweden,SWE,2000,46.40543
Sweden,SWE,2001,43.67645
Sweden,SWE,2002,47.056396
Sweden,SWE,2003,48.744118
Sweden,SWE,2004,44.84101
Sweden,SWE,2005,43.78977
Sweden,SWE,2006,46.20083
Sweden,SWE,2007,44.474953
Sweden,SWE,2008,44.246567
Sweden,SWE,2009,44.71091
Sweden,SWE,2010,44.94156
Sweden,SWE,2011,41.70204
Sweden,SWE,2012,38.75851
Sweden,SWE,2013,38.79762
Sweden,SWE,2014,38.187702
Sweden,SWE,2015,37.74745
Sweden,SWE,2016,37.646057
Sweden,SWE,2017,36.507107
Sweden,SWE,2018,34.833
Sweden,SWE,2019,35.67228
Sweden,SWE,2020,35.840664
Sweden,SWE,2021,36.01485
Sweden,SWE,2022,33.601738
Sweden,SWE,2023,34.689316
Sweden,SWE,2024,36.28461
Sweden,SWE,2025,36.930458
Switzerland,CHE,1968,81.80601
Switzerland,CHE,1969,82.67574
Switzerland,CHE,1970,82.04819
Switzerland,CHE,1971,83.22745
Switzerland,CHE,1972,82.44883
Switzerland,CHE,1973,79.84999
Switzerland,CHE,1974,76.793
Switzerland,CHE,1975,73.94076
Switzerland,CHE,1976,76.687775
Switzerland,CHE,1977,73.64499
Switzerland,CHE,1978,74.85088
Switzerland,CHE,1979,71.30289
Switzerland,CHE,1980,68.3261
Switzerland,CHE,1981,65.61347
Switzerland,CHE,1982,64.4037
Switzerland,CHE,1983,66.059006
Switzerland,CHE,1984,64.96612
Switzerland,CHE,1985,61.91629
Switzerland,CHE,1986,63.44688
Switzerland,CHE,1987,61.561966
Switzerland,CHE,1988,61.430992
Switzerland,CHE,1989,62.110786
Switzerland,CHE,1990,63.18734
Switzerland,CHE,1991,63.675655
Switzerland,CHE,1992,63.437103
Switzerland,CHE,1993,61.569668
Switzerland,CHE,1994,60.814957
Switzerland,CHE,1995,60.03507
Switzerland,CHE,1996,62.14322
Switzerland,CHE,1997,61.656055
Switzerland,CHE,1998,61.802765
Switzerland,CHE,1999,60.86017
Switzerland,CHE,2000,59.96668
Switzerland,CHE,2001,60.3581
Switzerland,CHE,2002,60.136658
Switzerland,CHE,2003,59.738712
Switzerland,CHE,2004,60.781433
Switzerland,CHE,2005,63.78172
Switzerland,CHE,2006,60.714622
Switzerland,CHE,2007,58.85236
Switzerland,CHE,2008,59.72899
Switzerland,CHE,2009,59.056213
Switzerland,CHE,2010,60.438103
Switzerland,CHE,2011,58.807285
Switzerland,CHE,2012,59.00026
Switzerland,CHE,2013,59.193733
Switzerland,CHE,2014,55.64325
Switzerland,CHE,2015,58.723522
Switzerland,CHE,2016,59.7541
Switzerland,CHE,2017,60.588844
Switzerland,CHE,2018,56.729412
Switzerland,CHE,2019,56.07376
Switzerland,CHE,2020,54.093124
Switzerland,CHE,2021,56.200783
Switzerland,CHE,2022,56.59067
Switzerland,CHE,2023,54.287704
Switzerland,CHE,2024,51.955696
Switzerland,CHE,2025,56.619236
Taiwan,TWN,1965,96.03963
Taiwan,TWN,1966,96.207695
Taiwan,TWN,1967,96.584236
Taiwan,TWN,1968,95.555855
Taiwan,TWN,1969,96.71651
Taiwan,TWN,1970,97.19314
Taiwan,TWN,1971,97.60707
Taiwan,TWN,1972,97.352844
Taiwan,TWN,1973,97.90421
Taiwan,TWN,1974,96.91427
Taiwan,TWN,1975,96.86518
Taiwan,TWN,1976,97.94633
Taiwan,TWN,1977,98.12166
Taiwan,TWN,1978,95.19901
Taiwan,TWN,1979,91.83299
Taiwan,TWN,1980,91.05658
Taiwan,TWN,1981,87.08259
Taiwan,TWN,1982,86.12755
Taiwan,TWN,1983,82.58582
Taiwan,TWN,1984,78.99809
Taiwan,TWN,1985,76.203636
Taiwan,TWN,1986,79.36969
Taiwan,TWN,1987,77.15729
Taiwan,TWN,1988,81.006905
Taiwan,TWN,1989,83.24887
Taiwan,TWN,1990,81.553024
Taiwan,TWN,1991,81.90782
Taiwan,TWN,1992,83.076225
Taiwan,TWN,1993,84.26969
Taiwan,TWN,1994,84.792305
Taiwan,TWN,1995,85.506516
Taiwan,TWN,1996,85.150536
Taiwan,TWN,1997,86.407455
Taiwan,TWN,1998,86.80544
Taiwan,TWN,1999,87.13833
Taiwan,TWN,2000,87.79612
Taiwan,TWN,2001,88.90363
Taiwan,TWN,2002,88.40261
Taiwan,TWN,2003,89.008835
Taiwan,TWN,2004,89.267685
Taiwan,TWN,2005,89.19922
Taiwan,TWN,2006,89.4908
Taiwan,TWN,2007,89.63743
Taiwan,TWN,2008,89.250336
Taiwan,TWN,2009,88.79152
Taiwan,TWN,2010,89.4364
Taiwan,TWN,2011,89.25648
Taiwan,TWN,2012,89.39344
Taiwan,TWN,2013,89.30021
Taiwan,TWN,2014,89.49147
Taiwan,TWN,2015,90.78389
Taiwan,TWN,2016,91.71985
Taiwan,TWN,2017,93.82426
Taiwan,TWN,2018,92.65101
Taiwan,TWN,2019,91.22736
Taiwan,TWN,2020,91.16033
Taiwan,TWN,2021,92.27863
Taiwan,TWN,2022,92.35165
Taiwan,TWN,2023,93.127304
Taiwan,TWN,2024,93.889626
Taiwan,TWN,2025,95.74482
Thailand,THA,1981,97.88143
Thailand,THA,1982,97.30457
Thailand,THA,1983,97.670074
Thailand,THA,1984,97.65634
Thailand,THA,1985,97.983826
Thailand,THA,1986,97.11358
Thailand,THA,1987,98.175766
Thailand,THA,1988,98.49317
Thailand,THA,1989,98.078064
Thailand,THA,1990,98.55278
Thailand,THA,1991,98.79409
Thailand,THA,1992,98.99062
Thailand,THA,1993,99.22343
Thailand,THA,1994,99.14891
Thailand,THA,1995,98.832016
Thailand,THA,1996,98.84853
Thailand,THA,1997,98.89812
Thailand,THA,1998,99.092415
Thailand,THA,1999,99.32596
Thailand,THA,2000,98.972786
Thailand,THA,2001,98.95255
Thailand,THA,2002,98.841675
Thailand,THA,2003,98.78008
Thailand,THA,2004,98.82017
Thailand,THA,2005,98.836205
Thailand,THA,2006,98.55726
Thailand,THA,2007,98.40096
Thailand,THA,2008,98.199394
Thailand,THA,2009,98.04684
Thailand,THA,2010,97.99684
Thailand,THA,2011,97.61794
Thailand,THA,2012,97.315445
Thailand,THA,2013,97.04767
Thailand,THA,2014,96.63011
Thailand,THA,2015,95.18109
Thailand,THA,2016,94.61888
Thailand,THA,2017,94.03107
Thailand,THA,2018,93.183395
Thailand,THA,2019,92.4679
Thailand,THA,2020,92.49205
Thailand,THA,2021,92.177185
Thailand,THA,2022,92.012115
Thailand,THA,2023,90.91789
Thailand,THA,2024,91.12589
Thailand,THA,2025,92.173935
Trinidad and Tobago,TTO,1971,99.765114
Trinidad and Tobago,TTO,1972,99.82958
Trinidad and Tobago,TTO,1973,99.85764
Trinidad and Tobago,TTO,1974,99.8726
Trinidad and Tobago,TTO,1975,99.85453
Trinidad and Tobago,TTO,1976,99.89312
Trinidad and Tobago,TTO,1977,99.87565
Trinidad and Tobago,TTO,1978,99.84428
Trinidad and Tobago,TTO,1979,99.823746
Trinidad and Tobago,TTO,1980,99.83568
Trinidad and Tobago,TTO,1981,99.88627
Trinidad and Tobago,TTO,1982,99.908264
Trinidad and Tobago,TTO,1983,99.91643
Trinidad and Tobago,TTO,1984,99.931114
Trinidad and Tobago,TTO,1985,99.91283
Trinidad and Tobago,TTO,1986,99.87178
Trinidad and Tobago,TTO,1987,99.838066
Trinidad and Tobago,TTO,1988,99.87166
Trinidad and Tobago,TTO,1989,99.874374
Trinidad and Tobago,TTO,1990,99.86502
Trinidad and Tobago,TTO,1991,99.890816
Trinidad and Tobago,TTO,1992,99.87622
Trinidad and Tobago,TTO,1993,99.890396
Trinidad and Tobago,TTO,1994,99.8818
Trinidad and Tobago,TTO,1995,99.8876
Trinidad and Tobago,TTO,1996,99.94889
Trinidad and Tobago,TTO,1997,99.94588
Trinidad and Tobago,TTO,1998,99.94668
Trinidad and Tobago,TTO,1999,99.95203
Trinidad and Tobago,TTO,2000,99.94863
Trinidad and Tobago,TTO,2001,99.92997
Trinidad and Tobago,TTO,2002,99.94326
Trinidad and Tobago,TTO,2003,99.97528
Trinidad and Tobago,TTO,2004,99.95741
Trinidad and Tobago,TTO,2005,99.96293
Trinidad and Tobago,TTO,2006,99.96226
Trinidad and Tobago,TTO,2007,99.9725
Trinidad and Tobago,TTO,2008,99.97059
Trinidad and Tobago,TTO,2009,99.97159
Trinidad and Tobago,TTO,2010,99.998116
Trinidad and Tobago,TTO,2011,99.998085
Trinidad and Tobago,TTO,2012,99.99724
Trinidad and Tobago,TTO,2013,99.99728
Trinidad and Tobago,TTO,2014,99.99728
Trinidad and Tobago,TTO,2015,99.99718
Trinidad and Tobago,TTO,2016,99.99681
Trinidad and Tobago,TTO,2017,99.99699
Trinidad and Tobago,TTO,2018,99.99678
Trinidad and Tobago,TTO,2019,99.9968
Trinidad and Tobago,TTO,2020,99.99631
Trinidad and Tobago,TTO,2021,99.996376
Trinidad and Tobago,TTO,2022,99.99639
Trinidad and Tobago,TTO,2023,99.99619
Trinidad and Tobago,TTO,2024,99.99563
Trinidad and Tobago,TTO,2025,99.90252
Turkey,TUR,1982,95.29279
Turkey,TUR,1983,96.42767
Turkey,TUR,1984,95.884254
Turkey,TUR,1985,96.66131
Turkey,TUR,1986,96.90568
Turkey,TUR,1987,95.67223
Turkey,TUR,1988,93.7113
Turkey,TUR,1989,96.155815
Turkey,TUR,1990,95.364006
Turkey,TUR,1991,95.539
Turkey,TUR,1992,95.028564
Turkey,TUR,1993,94.07843
Turkey,TUR,1994,94.51826
Turkey,TUR,1995,94.21734
Turkey,TUR,1996,93.98797
Turkey,TUR,1997,94.33284
Turkey,TUR,1998,94.147125
Turkey,TUR,1999,95.15759
Turkey,TUR,2000,95.99657
Turkey,TUR,2001,96.54326
Turkey,TUR,2002,95.57695
Turkey,TUR,2003,95.66725
Turkey,TUR,2004,94.6711
Turkey,TUR,2005,95.59393
Turkey,TUR,2006,95.5386
Turkey,TUR,2007,96.55151
Turkey,TUR,2008,96.74321
Turkey,TUR,2009,96.22137
Turkey,TUR,2010,94.618034
Turkey,TUR,2011,94.74678
Turkey,TUR,2012,94.276146
Turkey,TUR,2013,93.29289
Turkey,TUR,2014,94.400154
Turkey,TUR,2015,92.01591
Turkey,TUR,2016,91.17004
Turkey,TUR,2017,91.30155
Turkey,TUR,2018,89.89445
Turkey,TUR,2019,87.10014
Turkey,TUR,2020,86.625565
Turkey,TUR,2021,87.67359
Turkey,TUR,2022,86.24534
Turkey,TUR,2023,85.97506
Turkey,TUR,2024,85.399826
Turkey,TUR,2025,85.901405
Turkmenistan,TKM,1985,99.9979
Turkmenistan,TKM,1986,99.99831
Turkmenistan,TKM,1987,99.99831
Turkmenistan,TKM,1988,99.998314
Turkmenistan,TKM,1989,99.99837
Turkmenistan,TKM,1990,99.998085
Turkmenistan,TKM,1991,99.99786
Turkmenistan,TKM,1992,99.99712
Turkmenistan,TKM,1993,99.99585
Turkmenistan,TKM,1994,99.996895
Turkmenistan,TKM,1995,99.99621
Turkmenistan,TKM,1996,99.99675
USSR,OWID_USS,1965,98.71155
USSR,OWID_USS,1966,98.63344
USSR,OWID_USS,1967,98.73777
USSR,OWID_USS,1968,98.54763
USSR,OWID_USS,1969,98.4548
USSR,OWID_USS,1970,98.39302
USSR,OWID_USS,1971,98.416916
USSR,OWID_USS,1972,98.38824
USSR,OWID_USS,1973,98.33848
USSR,OWID_USS,1974,98.126854
USSR,OWID_USS,1975,98.07778
USSR,OWID_USS,1976,97.81226
USSR,OWID_USS,1977,97.48549
USSR,OWID_USS,1978,97.36717
USSR,OWID_USS,1979,97.251396
USSR,OWID_USS,1980,96.8873
USSR,OWID_USS,1981,96.63433
USSR,OWID_USS,1982,96.52213
USSR,OWID_USS,1983,96.31256
USSR,OWID_USS,1984,95.61032
Ukraine,UKR,1985,93.781586
Ukraine,UKR,1986,94.96187
Ukraine,UKR,1987,94.288635
Ukraine,UKR,1988,91.91404
Ukraine,UKR,1989,92.231575
Ukraine,UKR,1990,92.431046
Ukraine,UKR,1991,91.983635
Ukraine,UKR,1992,90.85265
Ukraine,UKR,1993,89.18912
Ukraine,UKR,1994,88.29176
Ukraine,UKR,1995,87.870155
Ukraine,UKR,1996,85.49949
Ukraine,UKR,1997,84.89602
Ukraine,UKR,1998,84.6546
Ukraine,UKR,1999,85.14429
Ukraine,UKR,2000,84.43591
Ukraine,UKR,2001,84.38824
Ukraine,UKR,2002,84.15688
Ukraine,UKR,2003,83.94722
Ukraine,UKR,2004,82.63829
Ukraine,UKR,2005,82.49676
Ukraine,UKR,2006,82.40829
Ukraine,UKR,2007,82.10245
Ukraine,UKR,2008,81.884895
Ukraine,UKR,2009,80.29435
Ukraine,UKR,2010,80.22984
Ukraine,UKR,2011,80.87397
Ukraine,UKR,2012,80.49824
Ukraine,UKR,2013,80.55701
Ukraine,UKR,2014,77.32348
Ukraine,UKR,2015,73.48125
Ukraine,UKR,2016,76.142334
Ukraine,UKR,2017,72.74828
Ukraine,UKR,2018,73.676384
Ukraine,UKR,2019,72.9023
Ukraine,UKR,2020,73.64957
Ukraine,UKR,2021,70.76979
Ukraine,UKR,2022,68.2539
Ukraine,UKR,2023,71.26546
Ukraine,UKR,2024,71.38856
Ukraine,UKR,2025,72.216064
United Arab Emirates,ARE,2001,100
United Arab Emirates,ARE,2002,100
United Arab Emirates,ARE,2003,100
United Arab Emirates,ARE,2004,100
United Arab Emirates,ARE,2005,100
United Arab Emirates,ARE,2006,100
United Arab Emirates,ARE,2007,100
United Arab Emirates,ARE,2008,99.99999
United Arab Emirates,ARE,2009,99.99932
United Arab Emirates,ARE,2010,99.99811
United Arab Emirates,ARE,2011,99.99798
United Arab Emirates,ARE,2012,99.99775
United Arab Emirates,ARE,2013,99.99232
United Arab Emirates,ARE,2014,99.97256
United Arab Emirates,ARE,2015,99.97541
United Arab Emirates,ARE,2016,99.9751
United Arab Emirates,ARE,2017,99.93845
United Arab Emirates,ARE,2018,99.894035
United Arab Emirates,ARE,2019,99.69865
United Arab Emirates,ARE,2020,99.139114
United Arab Emirates,ARE,2021,96.960884
United Arab Emirates,ARE,2022,94.577736
United Arab Emirates,ARE,2023,91.676445
United Arab Emirates,ARE,2024,90.43786
United Arab Emirates,ARE,2025,90.47492
United Kingdom,GBR,1965,97.815025
United Kingdom,GBR,1966,97.16688
United Kingdom,GBR,1967,96.75347
United Kingdom,GBR,1968,96.55131
United Kingdom,GBR,1969,96.33649
United Kingdom,GBR,1970,96.727356
United Kingdom,GBR,1971,96.52949
United Kingdom,GBR,1972,96.36197
United Kingdom,GBR,1973,96.67248
United Kingdom,GBR,1974,95.815414
United Kingdom,GBR,1975,95.98709
United Kingdom,GBR,1976,95.31518
United Kingdom,GBR,1977,94.95636
United Kingdom,GBR,1978,95.31842
United Kingdom,GBR,1979,95.39274
United Kingdom,GBR,1980,95.12103
United Kingdom,GBR,1981,94.836494
United Kingdom,GBR,1982,93.96944
United Kingdom,GBR,1983,93.21036
United Kingdom,GBR,1984,92.674774
United Kingdom,GBR,1985,92.10396
United Kingdom,GBR,1986,92.525894
United Kingdom,GBR,1987,93.01233
United Kingdom,GBR,1988,92.076035
United Kingdom,GBR,1989,91.08954
United Kingdom,GBR,1990,91.78909
United Kingdom,GBR,1991,91.410286
United Kingdom,GBR,1992,90.54846
United Kingdom,GBR,1993,89.201454
United Kingdom,GBR,1994,89.11397
United Kingdom,GBR,1995,89.076
United Kingdom,GBR,1996,88.973854
United Kingdom,GBR,1997,88.29453
United Kingdom,GBR,1998,88.13264
United Kingdom,GBR,1999,88.47369
United Kingdom,GBR,2000,89.67192
United Kingdom,GBR,2001,89.19611
United Kingdom,GBR,2002,89.09751
United Kingdom,GBR,2003,89.102806
United Kingdom,GBR,2004,89.929344
United Kingdom,GBR,2005,89.57357
United Kingdom,GBR,2006,90.02463
United Kingdom,GBR,2007,91.02659
United Kingdom,GBR,2008,91.78155
United Kingdom,GBR,2009,89.349304
United Kingdom,GBR,2010,90.26656
United Kingdom,GBR,2011,88.23081
United Kingdom,GBR,2012,87.886856
United Kingdom,GBR,2013,86.6006
United Kingdom,GBR,2014,85.62929
United Kingdom,GBR,2015,83.46655
United Kingdom,GBR,2016,82.96904
United Kingdom,GBR,2017,82.12239
United Kingdom,GBR,2018,81.68065
United Kingdom,GBR,2019,81.41615
United Kingdom,GBR,2020,79.25963
United Kingdom,GBR,2021,80.77828
United Kingdom,GBR,2022,79.89862
United Kingdom,GBR,2023,79.98399
United Kingdom,GBR,2024,78.92503
United Kingdom,GBR,2025,78.875755
United States,USA,1965,98.20327
United States,USA,1966,98.239426
United States,USA,1967,98.06567
United States,USA,1968,98.043365
United States,USA,1969,97.92705
United States,USA,1970,97.87668
United States,USA,1971,97.51937
United States,USA,1972,97.26838
United States,USA,1973,96.87508
United States,USA,1974,96.10648
United States,USA,1975,94.99311
United States,USA,1976,94.99649
United States,USA,1977,94.525986
United States,USA,1978,93.94162
United States,USA,1979,94.28309
United States,USA,1980,94.0796
United States,USA,1981,93.60285
United States,USA,1982,92.905876
United States,USA,1983,92.45377
United States,USA,1984,92.2022
United States,USA,1985,91.451065
United States,USA,1986,90.92327
United States,USA,1987,90.75473
United States,USA,1988,90.2821
United States,USA,1989,90.00407
United States,USA,1990,89.04094
United States,USA,1991,88.47376
United States,USA,1992,88.67735
United States,USA,1993,88.81985
United States,USA,1994,88.74758
United States,USA,1995,88.38096
United States,USA,1996,88.56005
United States,USA,1997,89.145195
United States,USA,1998,88.80118
United States,USA,1999,88.32736
United States,USA,2000,88.474945
United States,USA,2001,88.30438
United States,USA,2002,88.00221
United States,USA,2003,88.12952
United States,USA,2004,88.01657
United States,USA,2005,88.01806
United States,USA,2006,87.5938
United States,USA,2007,87.56431
United States,USA,2008,86.89277
United States,USA,2009,85.99022
United States,USA,2010,86.14829
United States,USA,2011,85.71166
United States,USA,2012,85.656136
United States,USA,2013,85.49696
United States,USA,2014,85.418304
United States,USA,2015,85.1754
United States,USA,2016,84.61348
United States,USA,2017,84.27372
United States,USA,2018,84.72822
United States,USA,2019,84.46597
United States,USA,2020,83.30921
United States,USA,2021,83.971054
United States,USA,2022,83.87639
United States,USA,2023,83.422676
United States,USA,2024,83.05894
United States,USA,2025,83.17084
Upper-middle-income countries,OWID_UMC,1965,98.39359
Upper-middle-income countries,OWID_UMC,1966,98.3389
Upper-middle-income countries,OWID_UMC,1967,98.39854
Upper-middle-income countries,OWID_UMC,1968,98.21879
Upper-middle-income countries,OWID_UMC,1969,98.19986
Upper-middle-income countries,OWID_UMC,1970,98.128105
Upper-middle-income countries,OWID_UMC,1971,98.179085
Upper-middle-income countries,OWID_UMC,1972,98.1135
Upper-middle-income countries,OWID_UMC,1973,98.050644
Upper-middle-income countries,OWID_UMC,1974,97.818756
Upper-middle-income countries,OWID_UMC,1975,97.77192
Upper-middle-income countries,OWID_UMC,1976,97.57444
Upper-middle-income countries,OWID_UMC,1977,97.37746
Upper-middle-income countries,OWID_UMC,1978,97.30436
Upper-middle-income countries,OWID_UMC,1979,97.10263
Upper-middle-income countries,OWID_UMC,1980,96.73668
Upper-middle-income countries,OWID_UMC,1981,96.44511
Upper-middle-income countries,OWID_UMC,1982,96.31957
Upper-middle-income countries,OWID_UMC,1983,96.10412
Upper-middle-income countries,OWID_UMC,1984,95.56805
Upper-middle-income countries,OWID_UMC,1985,95.47048
Upper-middle-income countries,OWID_UMC,1986,95.59332
Upper-middle-income countries,OWID_UMC,1987,95.54716
Upper-middle-income countries,OWID_UMC,1988,95.10581
Upper-middle-income countries,OWID_UMC,1989,95.17553
Upper-middle-income countries,OWID_UMC,1990,95.04651
Upper-middle-income countries,OWID_UMC,1991,95.07004
Upper-middle-income countries,OWID_UMC,1992,95.057686
Upper-middle-income countries,OWID_UMC,1993,94.80652
Upper-middle-income countries,OWID_UMC,1994,94.63939
Upper-middle-income countries,OWID_UMC,1995,94.393974
Upper-middle-income countries,OWID_UMC,1996,94.37841
Upper-middle-income countries,OWID_UMC,1997,94.331505
Upper-middle-income countries,OWID_UMC,1998,94.20287
Upper-middle-income countries,OWID_UMC,1999,94.2647
Upper-middle-income countries,OWID_UMC,2000,94.17985
Upper-middle-income countries,OWID_UMC,2001,94.20834
Upper-middle-income countries,OWID_UMC,2002,94.214226
Upper-middle-income countries,OWID_UMC,2003,94.42014
Upper-middle-income countries,OWID_UMC,2004,94.51051
Upper-middle-income countries,OWID_UMC,2005,94.708435
Upper-middle-income countries,OWID_UMC,2006,94.76246
Upper-middle-income countries,OWID_UMC,2007,94.751755
Upper-middle-income countries,OWID_UMC,2008,94.28781
Upper-middle-income countries,OWID_UMC,2009,94.29979
Upper-middle-income countries,OWID_UMC,2010,94.12146
Upper-middle-income countries,OWID_UMC,2011,94.26627
Upper-middle-income countries,OWID_UMC,2012,93.92527
Upper-middle-income countries,OWID_UMC,2013,93.6923
Upper-middle-income countries,OWID_UMC,2014,93.18734
Upper-middle-income countries,OWID_UMC,2015,92.647865
Upper-middle-income countries,OWID_UMC,2016,92.03341
Upper-middle-income countries,OWID_UMC,2017,91.634636
Upper-middle-income countries,OWID_UMC,2018,91.10776
Upper-middle-income countries,OWID_UMC,2019,90.66469
Upper-middle-income countries,OWID_UMC,2020,90.219894
Upper-middle-income countries,OWID_UMC,2021,89.9303
Upper-middle-income countries,OWID_UMC,2022,89.58802
Upper-middle-income countries,OWID_UMC,2023,89.449196
Upper-middle-income countries,OWID_UMC,2024,88.54751
Upper-middle-income countries,OWID_UMC,2025,87.80271
Uzbekistan,UZB,1985,98.8074
Uzbekistan,UZB,1986,98.96982
Uzbekistan,UZB,1987,98.53879
Uzbekistan,UZB,1988,98.461945
Uzbekistan,UZB,1989,98.867256
Uzbekistan,UZB,1990,98.687904
Uzbekistan,UZB,1991,98.7947
Uzbekistan,UZB,1992,98.68597
Uzbekistan,UZB,1993,98.51387
Uzbekistan,UZB,1994,98.54563
Uzbekistan,UZB,1995,98.74937
Uzbekistan,UZB,1996,98.719
Uzbekistan,UZB,1997,98.858055
Uzbekistan,UZB,1998,98.86572
Uzbekistan,UZB,1999,99.00354
Uzbekistan,UZB,2000,98.986885
Uzbekistan,UZB,2001,98.96421
Uzbekistan,UZB,2002,98.95813
Uzbekistan,UZB,2003,98.70705
Uzbekistan,UZB,2004,98.81402
Uzbekistan,UZB,2005,98.7343
Uzbekistan,UZB,2006,98.8467
Uzbekistan,UZB,2007,98.795364
Uzbekistan,UZB,2008,99.136284
Uzbekistan,UZB,2009,98.726944
Uzbekistan,UZB,2010,98.37797
Uzbekistan,UZB,2011,98.92639
Uzbekistan,UZB,2012,98.75524
Uzbekistan,UZB,2013,98.78173
Uzbekistan,UZB,2014,98.71455
Uzbekistan,UZB,2015,98.70124
Uzbekistan,UZB,2016,98.600235
Uzbekistan,UZB,2017,98.45383
Uzbekistan,UZB,2018,98.91099
Uzbekistan,UZB,2019,98.83262
Uzbekistan,UZB,2020,99.05551
Uzbekistan,UZB,2021,99.129105
Uzbekistan,UZB,2022,98.977234
Uzbekistan,UZB,2023,98.678
Uzbekistan,UZB,2024,97.744064
Uzbekistan,UZB,2025,97.15563
Venezuela,VEN,1965,99.27491
Venezuela,VEN,1966,99.268005
Venezuela,VEN,1967,99.18451
Venezuela,VEN,1968,98.71921
Venezuela,VEN,1969,98.52404
Venezuela,VEN,1970,98.1039
Venezuela,VEN,1971,97.523705
Venezuela,VEN,1972,97.37646
Venezuela,VEN,1973,97.640564
Venezuela,VEN,1974,97.15022
Venezuela,VEN,1975,96.80432
Venezuela,VEN,1976,96.52028
Venezuela,VEN,1977,96.4021
Venezuela,VEN,1978,96.46281
Venezuela,VEN,1979,96.25053
Venezuela,VEN,1980,96.58924
Venezuela,VEN,1981,96.599915
Venezuela,VEN,1982,96.49921
Venezuela,VEN,1983,95.94652
Venezuela,VEN,1984,95.50952
Venezuela,VEN,1985,95.07064
Venezuela,VEN,1986,94.88649
Venezuela,VEN,1987,93.5805
Venezuela,VEN,1988,93.10964
Venezuela,VEN,1989,93.06985
Venezuela,VEN,1990,93.03757
Venezuela,VEN,1991,91.44202
Venezuela,VEN,1992,91.63501
Venezuela,VEN,1993,91.48749
Venezuela,VEN,1994,91.53682
Venezuela,VEN,1995,91.79046
Venezuela,VEN,1996,91.077324
Venezuela,VEN,1997,91.013725
Venezuela,VEN,1998,90.92687
Venezuela,VEN,1999,90.118385
Venezuela,VEN,2000,90.30911
Venezuela,VEN,2001,91.36408
Venezuela,VEN,2002,91.5146
Venezuela,VEN,2003,90.22094
Venezuela,VEN,2004,89.7713
Venezuela,VEN,2005,89.07381
Venezuela,VEN,2006,89.61203
Venezuela,VEN,2007,89.92187
Venezuela,VEN,2008,89.717865
Venezuela,VEN,2009,89.982544
Venezuela,VEN,2010,90.66107
Venezuela,VEN,2011,90.37163
Venezuela,VEN,2012,91.04182
Venezuela,VEN,2013,90.89639
Venezuela,VEN,2014,90.78412
Venezuela,VEN,2015,91.10007
Venezuela,VEN,2016,91.91334
Venezuela,VEN,2017,90.68227
Venezuela,VEN,2018,89.49596
Venezuela,VEN,2019,88.62861
Venezuela,VEN,2020,83.79957
Venezuela,VEN,2021,86.21241
Venezuela,VEN,2022,87.05043
Venezuela,VEN,2023,87.34165
Venezuela,VEN,2024,87.15975
Venezuela,VEN,2025,86.980286
Vietnam,VNM,1981,97.06382
Vietnam,VNM,1982,97.159424
Vietnam,VNM,1983,97.89893
Vietnam,VNM,1984,97.24351
Vietnam,VNM,1985,97.4864
Vietnam,VNM,1986,97.80426
Vietnam,VNM,1987,98.09209
Vietnam,VNM,1988,97.50248
Vietnam,VNM,1989,94.01958
Vietnam,VNM,1990,91.94097
Vietnam,VNM,1991,90.45076
Vietnam,VNM,1992,89.91174
Vietnam,VNM,1993,90.33198
Vietnam,VNM,1994,89.88254
Vietnam,VNM,1995,90.0586
Vietnam,VNM,1996,90.17937
Vietnam,VNM,1997,91.96655
Vietnam,VNM,1998,93.06117
Vietnam,VNM,1999,91.44968
Vietnam,VNM,2000,92.16309
Vietnam,VNM,2001,91.19259
Vietnam,VNM,2002,92.08219
Vietnam,VNM,2003,92.3848
Vietnam,VNM,2004,94.51243
Vietnam,VNM,2005,95.078125
Vietnam,VNM,2006,93.4215
Vietnam,VNM,2007,93.11367
Vietnam,VNM,2008,93.62427
Vietnam,VNM,2009,92.710526
Vietnam,VNM,2010,94.12922
Vietnam,VNM,2011,92.11505
Vietnam,VNM,2012,89.79254
Vietnam,VNM,2013,89.441216
Vietnam,VNM,2014,89.81615
Vietnam,VNM,2015,91.77062
Vietnam,VNM,2016,91.34799
Vietnam,VNM,2017,88.7344
Vietnam,VNM,2018,90.66518
Vietnam,VNM,2019,93.04727
Vietnam,VNM,2020,91.84327
Vietnam,VNM,2021,88.93325
Vietnam,VNM,2022,87.33026
Vietnam,VNM,2023,89.23728
Vietnam,VNM,2024,89.074486
Vietnam,VNM,2025,88.20796
World,OWID_WRL,1800,100
World,OWID_WRL,1810,100
World,OWID_WRL,1820,100
World,OWID_WRL,1830,100
World,OWID_WRL,1840,100
World,OWID_WRL,1850,100
World,OWID_WRL,1860,100
World,OWID_WRL,1870,100
World,OWID_WRL,1880,100
World,OWID_WRL,1890,99.6493
World,OWID_WRL,1900,99.716194
World,OWID_WRL,1910,99.642395
World,OWID_WRL,1920,99.41918
World,OWID_WRL,1930,98.961555
World,OWID_WRL,1940,98.74559
World,OWID_WRL,1950,98.37339
World,OWID_WRL,1960,97.8265
World,OWID_WRL,1965,97.37177
World,OWID_WRL,1966,97.29316
World,OWID_WRL,1967,97.298615
World,OWID_WRL,1968,97.251884
World,OWID_WRL,1969,97.24065
World,OWID_WRL,1970,97.198494
World,OWID_WRL,1971,97.03788
World,OWID_WRL,1972,96.862144
World,OWID_WRL,1973,96.74957
World,OWID_WRL,1974,96.23673
World,OWID_WRL,1975,95.73717
World,OWID_WRL,1976,95.666565
World,OWID_WRL,1977,95.27994
World,OWID_WRL,1978,94.90769
World,OWID_WRL,1979,94.82251
World,OWID_WRL,1980,94.43026
World,OWID_WRL,1981,93.79184
World,OWID_WRL,1982,93.3778
World,OWID_WRL,1983,92.83296
World,OWID_WRL,1984,92.15211
World,OWID_WRL,1985,91.40088
World,OWID_WRL,1986,91.10661
World,OWID_WRL,1987,90.86539
World,OWID_WRL,1988,90.57788
World,OWID_WRL,1989,90.51631
World,OWID_WRL,1990,90.28174
World,OWID_WRL,1991,89.95521
World,OWID_WRL,1992,89.93158
World,OWID_WRL,1993,89.58504
World,OWID_WRL,1994,89.54429
World,OWID_WRL,1995,89.29878
World,OWID_WRL,1996,89.293495
World,OWID_WRL,1997,89.34866
World,OWID_WRL,1998,89.21904
World,OWID_WRL,1999,89.058685
World,OWID_WRL,2000,89.104324
World,OWID_WRL,2001,89.072754
World,OWID_WRL,2002,89.078156
World,OWID_WRL,2003,89.54132
World,OWID_WRL,2004,89.46685
World,OWID_WRL,2005,89.61695
World,OWID_WRL,2006,89.62172
World,OWID_WRL,2007,89.85516
World,OWID_WRL,2008,89.620056
World,OWID_WRL,2009,89.37196
World,OWID_WRL,2010,89.37208
World,OWID_WRL,2011,89.65273
World,OWID_WRL,2012,89.859116
World,OWID_WRL,2013,89.66311
World,OWID_WRL,2014,89.35676
World,OWID_WRL,2015,89.12546
World,OWID_WRL,2016,88.85268
World,OWID_WRL,2017,88.71525
World,OWID_WRL,2018,88.47473
World,OWID_WRL,2019,88.10021
World,OWID_WRL,2020,87.45399
World,OWID_WRL,2021,87.49417
World,OWID_WRL,2022,87.495514
World,OWID_WRL,2023,87.21529
World,OWID_WRL,2024,86.648926
World,OWID_WRL,2025,86.238434