"Data Source","World Development Indicators",

"Last Updated Date","2026-07-13",

"Country Name","Country Code","Indicator Name","Indicator Code","1960","1961","1962","1963","1964","1965","1966","1967","1968","1969","1970","1971","1972","1973","1974","1975","1976","1977","1978","1979","1980","1981","1982","1983","1984","1985","1986","1987","1988","1989","1990","1991","1992","1993","1994","1995","1996","1997","1998","1999","2000","2001","2002","2003","2004","2005","2006","2007","2008","2009","2010","2011","2012","2013","2014","2015","2016","2017","2018","2019","2020","2021","2022","2023","2024","2025",
"Aruba","ABW","Coal rents (% of GDP)","NY.GDP.COAL.RT.ZS","","","","","","","","","","","","","","","","","","","","","","","","","","","0","0","0","0","0","0","0","0","0","0","0","0","0","0","0","0","0","0","0","0","0","0","0","0","0","0","0","0","0","0","0","0","0","0","0","0","","","","",
"Africa Eastern and Southern","AFE","Coal rents (% of GDP)","NY.GDP.COAL.RT.ZS","","","","","","","","","","","","0.650201255312412","0.654791428231859","0.646852641407139","0.962913017371166","1.88727264684617","2.19291106711122","2.21158983096955","1.95246289279541","1.93525413832714","1.9315992378883","2.85280794091015","3.36557523492593","2.17008721855636","2.14244824246029","2.92129767605344","2.10175345363239","1.25589291406915","1.39691810066128","1.51968779533103","1.38503629867431","1.24660439215703","1.25889595907429","0.993532178148264","1.03608954229711","1.37308031514128","1.21637824731706","1.00082308433342","0.804163989069074","0.547423860259005","0.720265276798836","1.3583004715419","0.853560155298803","0.785952474787823","1.94571347310445","1.35322198687066","1.30802076146868","1.61642842020507","3.30301316049106","1.10231332291293","1.71503460303965","1.97803967851614","1.36294411972433","1.07553038932194","0.798064949754394","0.611266547630711","0.746229943669281","0.914497649277569","1.02596971761092","0.745498243716178","0.630115503977329","1.01078985782128","","","","",
"Afghanistan","AFG","Coal rents (% of GDP)","NY.GDP.COAL.RT.ZS","","","","","","","","","","","","","","","","","","","","","0.0515118681579856","0.0870233499866114","","","","","","","","","","","","","","","","","","","","","0.00465001997676017","0.00747274848408489","0.0165437838421436","0.0109135244434021","0.0112063527032708","0.0770462649096367","0.221132916238516","0.128832445822436","0.215322628919275","0.481711529177581","0.26623044263315","0.237665574938235","0.22737000694477","0.163204860716174","0.249916790607737","0.40234480168601","0.541363923742697","0.334119584032567","0.00700147458719358","0.0193977562950517","","","","",
"Africa Western and Central","AFW","Coal rents (% of GDP)","NY.GDP.COAL.RT.ZS","","","","","","","","","","","","","0.00720329991827081","0.00672194105414292","0.00749531384392591","0.00944291934111109","0.00468966453387829","0.00692683114600666","0.00607458521553731","0.0039377779859643","0.0785619589103135","0.0505372783536133","0.0655928253085579","0.0983826740152394","0.0971759885207009","0.0842511377218345","0.0648747588762813","0.174591122050645","0.17711975316817","0.238648601478026","0.202777258472676","0.187737908706522","0.173858789412543","0.136150729010337","0.11065392671761","0.0902764762339625","0.0742775754780411","0.0684142917707643","0.0564234677101708","0.0869346780165189","0.0902573100909422","0.120849916847805","0.0929256927697363","0.0753985551293442","0.115179322695078","0.135885564256257","0.118940082435407","0.0973344693345909","0.226652350486306","0.114584321042785","0.142948005265597","0.168348868663906","0.0854502326528729","0.053159447794458","0.0371774275217326","0.028139207706263","0.0338083072901482","0.0464710532940209","0.0509611325090529","0.0345335968316099","0.0257586168667714","0.0411785211389611","","","","",
"Angola","AGO","Coal rents (% of GDP)","NY.GDP.COAL.RT.ZS","","","","","","","","","","","","","","","","","","","","","0","0","0","0","0","0","0","0","0","0","0","0","0","0","0","0","0","0","0","0","0","0","0","0","0","0","0","0","0","0","0","0","0","0","0","0","0","0","0","0","0","0","","","","",
"Albania","ALB","Coal rents (% of GDP)","NY.GDP.COAL.RT.ZS","","","","","","","","","","","","","","","","","","","","","","","","","0.368325704185594","0.556625381865033","0.152296785525418","0.048179542902903","0.0768914986372058","0.0909233961034251","0.224522159849684","0.204305952237496","0.0679486013181908","0.00238607117362082","0.00155794767636278","0.00286290828495024","0.00175245195964824","0.000369490505513321","0.000793889768500678","0.000126575495826512","0.00063462371627779","0.00132843174013712","0.000288281866863831","0.000914899138369364","0.00683461126427363","0.00307121885230359","0.00293509452543288","0.00404295611219972","0.0139175166136866","0.000716939372939698","0.00137213315627755","0.000778501153028553","0.000344303375981144","0.000102472015384904","0","0.00598268561789345","0.000391513069921201","0.0175811937920141","0.0379024712234031","0.00880735103673773","0.010128655381407","0.0322572749578343","","","","",
"Andorra","AND","Coal rents (% of GDP)","NY.GDP.COAL.RT.ZS","","","","","","","","","","","","","","","","","","","","","","","","","","","","","","","","","","","","","","","","","","","","","","","","","","","","","","","","","","","","","","","","","","",
"Arab World","ARB","Coal rents (% of GDP)","NY.GDP.COAL.RT.ZS","","","","","","","","","","","","0.00081640782249321","0.00104571120175443","0.00139976874381344","0.00285315132557989","0.00747555108450242","0.00475254389622694","0.00420184806862131","0.00319400065291523","0.00288930255251825","0.0218301555006585","0.0267949838759722","0.0334508775108326","0.0364725929241526","0.0290763190618957","0.0263206983748876","0.0197513713297222","0.0132587269662403","0.00998151314761613","0.0146420085725204","0.01127633728238","0.0145076764340051","0.0123320256829903","0.00948581485899583","0.00683390346770677","0.00891794041315031","0.00910423261338166","0.00837835591598343","0.00888630985405919","0.00579526682972528","0.00481012752987645","0.00615366635098009","0.00654810335607843","0.00524168425310808","0.00583936744717583","0.0100287601298758","0.00967058062450198","0.00588806491126505","0.0158531285607794","0.0105604230687225","0.0118894957820838","0.0132093434429981","0.00577945669398236","0.00408229885036305","0.00336151449945022","0.00245188645327338","0.00232096801012013","0.00327178172507096","0.00284272114300285","0.0021005057221043","0.00163950785200042","0.0021249558253238","","","","",
"United Arab Emirates","ARE","Coal rents (% of GDP)","NY.GDP.COAL.RT.ZS","","","","","","","","","","","","","","","","0","0","0","0","0","0","0","0","0","0","0","0","0","0","0","0","0","0","0","0","0","0","0","0","0","0","0","0","0","0","0","0","0","0","0","0","0","0","0","0","0","0","0","0","0","0","0","","","","",
"Argentina","ARG","Coal rents (% of GDP)","NY.GDP.COAL.RT.ZS","","","","","","","","","","","","0","0","5.45451001655193E-05","0.00215138144404738","0.00941338328263084","0.0119643758535321","0.00954400501006073","0.00598945921408958","0.0079958025301522","0.00698215024959095","0.0162221253207305","0.0166465635535402","0.00617869381949806","0.00562659946595785","0.00502025243824461","0.00160405692017598","0","0.000711841687555627","0.003105357376128","0.00101494097565132","0.00074100817530841","0.000228519779511391","0","0","0.000297086161312322","4.09155974885757E-05","0","0","0","0","0.000105262139048161","0","1.55229412714307E-08","0.000589833612996575","0.00014649815944316","0.000493514077944306","0.00093828300809848","0.00178004516890595","0.000405148913247297","0.000565427392479258","0.000916237380871877","0.000602582816122011","0.000403415290181379","0.000240146435852241","9.86419365883691E-05","8.00634259462361E-05","7.90800456830933E-05","0.000348869953405893","0.000523970165766831","9.62586968364024E-05","0.000157746419195732","","","","",
"Armenia","ARM","Coal rents (% of GDP)","NY.GDP.COAL.RT.ZS","","","","","","","","","","","","","","","","","","","","","","","","","","","","","","","0","0","0","0","0","0","0","0","0","0","0","0","0","0","0","0","0","0","0","0","0","0","0","0","0","0","0","1.46665818859353E-06","2.43835282054823E-06","1.63312356514246E-06","1.48770502333102E-06","2.759777831075E-06","","","","",
"American Samoa","ASM","Coal rents (% of GDP)","NY.GDP.COAL.RT.ZS","","","","","","","","","","","","","","","","","","","","","","","","","","","","","","","","","","","","","","","","","","","0","0","0","0","0","0","0","0","0","0","0","0","0","0","0","0","0","0","0","0","","","","",
"Antigua and Barbuda","ATG","Coal rents (% of GDP)","NY.GDP.COAL.RT.ZS","","","","","","","","","","","","","","","","","","","","","0","0","0","0","0","0","0","0","0","0","0","0","0","0","0","0","0","0","0","0","0","0","0","0","0","0","0","0","0","0","0","0","0","0","0","0","0","0","0","0","0","0","","","","",
"Australia","AUS","Coal rents (% of GDP)","NY.GDP.COAL.RT.ZS","","","","","","","","","","","0.135861104644286","0.1057036939559","0.107817931036259","0.103849655163199","0.29403319600046","1.10757538668422","1.2298431675518","1.29400217126807","1.00881389900051","0.858020342849833","0.840994537059568","1.38263480300504","1.43840584348905","1.19460091036769","0.892541982031882","0.996734887793282","0.604786413751141","0.199458277424828","0.226122705286209","0.315628214490081","0.371730522630293","0.353411435057268","0.258757261664356","0.139803081661993","0.0548026318167938","0.171957307124255","0.111276066385766","0.103289754405005","0.175055580055072","0.10742712955668","0.184104025753703","0.63498237850381","0.402755328418002","0.230063115657696","0.933946347350269","1.00528465592215","1.07281199355498","0.861705552072965","2.95865213970117","1.49919129745478","2.01394646953452","2.3534770034687","1.19179744642538","0.812671152247083","0.752873824759254","0.467415278392218","0.595294475037987","0.778130785108022","0.79660582885988","0.691993900604111","0.544915652209042","0.786459619916648","","","","",
"Austria","AUT","Coal rents (% of GDP)","NY.GDP.COAL.RT.ZS","","","","","","","","","","","0","0.00245134912462368","0.00237528934145309","0.00221020129899631","0.00453750015299986","0.0327027509529406","0.0314880517534944","0.0258553906397475","0.0148123140176083","0.00952480725769667","0.0189885371019289","0.0490770095594218","0.0565606922699493","0.0223364483968497","0.0125056420048415","0.0187483810013569","0.00379891536429127","0.000798353731172658","0.000873345753564737","0.00107829972070801","0.00358143714503986","0.00274034910773822","0.00121855906834936","0.000130239635275604","0.000129468152051776","0.000511301969276774","0.000233081867276575","0.000114286698089811","0.000216698086158728","4.31017610698708E-05","0.000464061351706893","0.0015114146178692","0.000549068760579831","0.000387887474053995","0.000657103641540715","0","0","0","0","0","0","0","0","0","0","0","0","0","0","0","0","0","","","","",
"Azerbaijan","AZE","Coal rents (% of GDP)","NY.GDP.COAL.RT.ZS","","","","","","","","","","","","","","","","","","","","","","","","","","","","","","","0","0","","0","0","0","0","0","0","0","0","0","0","0","0","0","0","0","0","0","0","0","0","0","0","0","0","0","0","0","0","0","","","","",
"Burundi","BDI","Coal rents (% of GDP)","NY.GDP.COAL.RT.ZS","","","","","","","","","","","","","","","","","","","","","0","0","0","0","0","0","0","0","0","0","0","0","0","0","0","0","0","0","0","0","0","0","0","0","0","0","0","0","0","0","0","0","0","0","0","0","0","0","0","0","0","0","","","","",
"Belgium","BEL","Coal rents (% of GDP)","NY.GDP.COAL.RT.ZS","","","","","","","","","","","0.103914070238202","0.109287889565036","0.0810819029751491","0.0598173005823316","0.0949765360110765","0.199802509915643","0.215707270693015","0.18084217510018","0.128705751372925","0.101108937936163","0.100434966241103","0.166290387985566","0.215949360169918","0.158606160194101","0.130387348392295","0.118018411734512","0.0558627595896272","0.0205057825046749","0.00372536653626451","0.000267624168013302","0.00232404069195222","0.0012470566009104","0.000211152948087146","0","0","0","0","0","0","0","0","0","0","0","0","0","0","0","0","0","0","0","0","0","0","0","0","0","0","0","0","0","","","","",
"Benin","BEN","Coal rents (% of GDP)","NY.GDP.COAL.RT.ZS","","","","","","","","","","","","0","0","0","0","0","0","0","0","0","0","0","0","0","0","0","0","0","0","0","0","0","0","0","0","0","0","0","0","0","0","0","0","0","0","0","0","0","0","0","0","0","0","0","0","0","0","0","0","0","0","0","","","","",
"Burkina Faso","BFA","Coal rents (% of GDP)","NY.GDP.COAL.RT.ZS","","","","","","","","","","","","","","","","","","","","","0","0","0","0","0","0","0","0","0","0","0","0","0","0","0","0","0","0","0","0","0","0","0","0","0","0","0","0","0","0","0","0","0","0","0","0","0","0","0","0","0","0","","","","",
"Bangladesh","BGD","Coal rents (% of GDP)","NY.GDP.COAL.RT.ZS","","","","","","","","","","","","0","0","0","0","0","0","0","0","0","0","0","0","0","0","0","0","0","0","0","0","0","0","0","0","0","0","0","0","0","0","0","0","0","0","0.00691360941835017","0.0124673577202567","0.0199079952644518","0.0636567644064419","0.0333654229570058","0.0375672237551005","0.0395969861926023","0.0341521338114773","0.0260913874063632","0.0214685808700036","0.0105820886256824","0.0132346228332281","0.0181189029918176","0.0155150936968582","0.00907068775272057","0.00725364048807305","0.0132526717304666","","","","",
"Bulgaria","BGR","Coal rents (% of GDP)","NY.GDP.COAL.RT.ZS","","","","","","","","","","","","","","","","","","","","","0.478499990963023","0.974165372984558","1.18188731794378","0.588508462498243","0.313229449748101","0.427395617644185","0.123137543630079","0.0294596711311685","0.0523169345500681","0.0697530956652046","0.23038490908711","0.374247644325709","0.266539948764714","0.0272036549607669","0.0385525863719554","0.101534051499835","0.0930147997207232","0.0404969355292273","0.0590828158269289","0.0110017165265266","0.101417887783121","0.334376008911218","0.0960634979265377","0.0827719717576597","0.624654478990527","0.326958692145695","0.309202090108577","0.435744738295089","1.10494843954048","0.321963838214618","0.676778240205424","0.91873863918182","0.372702923222966","0.159088406568224","0.139417174798032","0.115667271860324","0.106692897175964","0.144852465138495","0.135710834308309","0.0885343509010314","0.0586012880990349","0.126365577523338","","","","",
"Bahrain","BHR","Coal rents (% of GDP)","NY.GDP.COAL.RT.ZS","","","","","","","","","","","","","","","","","","","","","0","0","0","0","0","0","0","0","0","0","0","0","0","0","0","0","0","0","0","0","0","0","0","0","0","0","0","0","0","0","0","0","0","0","0","0","0","0","0","0","0","0","","","","",
"Bahamas, The","BHS","Coal rents (% of GDP)","NY.GDP.COAL.RT.ZS","","","","","","","","","","","","","","","","","","","","","0","0","0","0","0","0","0","0","0","0","0","0","0","0","0","0","0","0","0","0","0","0","0","0","0","0","0","0","0","0","0","0","0","0","0","0","0","0","0","0","0","0","","","","",
"Bosnia and Herzegovina","BIH","Coal rents (% of GDP)","NY.GDP.COAL.RT.ZS","","","","","","","","","","","","","","","","","","","","","","","","","","","","","","","","","","","0.0174651080042245","0.0679731123399078","0.0383334772307156","0.039185224023228","0.085860424257097","0.0147906862857682","0.138280003033367","0.448961430454632","0.141291322347015","0.129088331018867","1.02502375676112","0.613757035471359","0.617839638487773","0.816076787678695","2.37666975759293","0.77289496372878","1.41865020328922","1.85949087082502","0.832298329684597","0.389629817927477","0.258107281929994","0.196643861612622","0.235805940272804","0.302151206386166","0.322899368848151","0.219668427336333","0.184004951800987","0.301983937935592","","","","",
"Belarus","BLR","Coal rents (% of GDP)","NY.GDP.COAL.RT.ZS","","","","","","","","","","","","","","","","","","","","","","","","","","","","","","","0","0","0","0","0","0","0","0","0","0","0","0","0","0","0","0","0","0","0","0","0","0","0","0","0","0","0","0","0","0","0","0","","","","",
"Belize","BLZ","Coal rents (% of GDP)","NY.GDP.COAL.RT.ZS","","","","","","","","","","","","","","","","","","","","","0","0","0","0","0","0","0","0","0","0","0","0","0","0","0","0","0","0","0","0","0","0","0","0","0","0","0","0","0","0","0","0","0","0","0","0","0","0","0","0","0","0","","","","",
"Bermuda","BMU","Coal rents (% of GDP)","NY.GDP.COAL.RT.ZS","","","","","","","","","","","","","","","","","","","","","0","0","0","0","0","0","0","0","0","0","0","0","0","0","0","0","0","0","0","0","0","0","0","0","0","0","0","0","0","0","0","0","0","0","0","0","0","0","0","0","0","0","","","","",
"Bolivia","BOL","Coal rents (% of GDP)","NY.GDP.COAL.RT.ZS","","","","","","","","","","","","0","0","0","0","0","0","0","0","0","0","0","0","0","0","0","0","0","0","0","0","0","0","0","0","0","0","0","0","0","0","0","0","0","0","0","0","0","0","0","0","0","0","0","0","0","0","0","0","0","0","0","","","","",
"Brazil","BRA","Coal rents (% of GDP)","NY.GDP.COAL.RT.ZS","","","","","","","","","","","","0.00739199932807612","0.00594533451315925","0.00470888591618114","0.0133093005032934","0.0257281324817585","0.0297089056901109","0.0306955655923164","0.0276920747165437","0.0256372479959672","0.0308320522999571","0.0462258655327928","0.0525098297149989","0.048249916805463","0.0406331226964831","0.0475278896636713","0.0226060664066618","0.0055411028255795","0.00952552159519936","0.0107631357552744","0.0066468832212895","0.00688058974832261","0.00404558320696948","0.000197775450771014","0.000579476761429701","0.00197159421441086","0.00126766169847383","0.000875381832751195","2.05795269019027E-05","1.38945690023312E-05","6.98902048105947E-06","0.00327075169283963","0.000383483940309902","0.000645916030098932","0.0122345324556236","0.00780132134832764","0.00675465218294961","0.00855782820001906","0.0225501741442782","0.00722942828769676","0.0091357537078027","0.0104996113695429","0.009147101698668","0.00935997407166011","0.00677966895333873","0.00659466507714716","0.00639411981654579","0.00543239879503841","0.00693386352998793","0.00577379416810497","0.00613690816198321","0.0143152350634996","","","","",
"Barbados","BRB","Coal rents (% of GDP)","NY.GDP.COAL.RT.ZS","","","","","","","","","","","","","","","","","","","","","0","0","0","0","0","0","0","0","0","0","0","0","0","0","0","0","0","0","0","0","0","0","0","0","0","0","0","0","0","0","0","0","0","0","0","0","0","0","0","0","0","0","","","","",
"Brunei Darussalam","BRN","Coal rents (% of GDP)","NY.GDP.COAL.RT.ZS","","","","","","","","","","","","0","0","0","0","0","0","0","0","","0","0","0","0","0","0","0","0","0","0","0","0","0","0","0","0","0","0","0","0","0","0","0","0","0","0","0","0","0","0","0","0","0","0","0","0","0","0","0","0","0","0","","","","",
"Bhutan","BTN","Coal rents (% of GDP)","NY.GDP.COAL.RT.ZS","","","","","","","","","","","","","","","","","","","","","0.000633268958528461","0.00162153338347637","0.00184646059784211","0.00198158097617908","0.00304615686240623","0.00424788743184192","0.00425736521892819","0.00501961551485944","0.00651415038732661","0.00823708005406089","0.00839937144057017","0.00979470148662169","0.242359976282932","0.143846996595482","0.190908080409126","0.288693595467656","0.231359500990389","0.143033955611796","0.104991590319764","0.0735626936548814","0.0933287461203952","0.227224671131255","0.147715230880035","0.108200870366884","0.112179865529557","0.224305476447453","0.254239630000497","0.28236515513651","0.669018206498215","0.125747038230811","0.269641600488603","0.299775409988227","0.21832837678294","0","0","0","0","0","0","0","0","0","","","","",
"Botswana","BWA","Coal rents (% of GDP)","NY.GDP.COAL.RT.ZS","","","","","","","","","","","","0","0.0186618352166527","0.0388515230798067","0.0887536217577939","0.319311676387826","0.973133937939042","1.09994496800007","0.852349823897253","0.718164477160786","0.820163759120309","1.23600488060464","1.47703894704089","0.753961973463714","0.566675641782598","0.786990979960984","0.54613167949472","0.278122212469247","0.328480809768848","0.364175612291258","0.376737732667406","0.347958133021311","0.339113517040975","0.240960842415644","0.250343875040253","0.323435502252839","0.23380694105271","0.184308507701451","0.166770310280778","0.101000971358316","0.139274596524146","0.252153733387292","0.170687645060931","0.12183171274878","0.346717157221236","0.26837351869852","0.28588666950323","0.32800425160969","0.764905638314842","0.220914121745021","0.430760831584099","0.368466644271236","0.508801284243223","0.40661685146208","0.312542070209993","0.307384412369603","0.279219006721672","0.41284939046878","0.514157744276992","0.326579622734528","0.276198000728634","0.500235146664399","","","","",
"Central African Republic","CAF","Coal rents (% of GDP)","NY.GDP.COAL.RT.ZS","","","","","","","","","","","","","","","","","","","","","0","0","0","0","0","0","0","0","0","0","0","0","0","0","0","0","0","0","0","0","0","0","0","0","0","0","0","0","0","0","0","0","0","0","0","0","0","0","0","0","0","0","","","","",
"Canada","CAN","Coal rents (% of GDP)","NY.GDP.COAL.RT.ZS","","","","","","","","","","","0.0433348274114575","0.0566591579819479","0.0590341706995272","0.0650808504544417","0.107996315967817","0.276727362850915","0.258039127916198","0.27850186292136","0.287550478769541","0.262087037870324","0.277263544413415","0.376629952319113","0.419235112485125","0.287063903271562","0.300918623851284","0.310806449938126","0.219081026212053","0.124808297233776","0.140037714678585","0.176471232681141","0.179973367798056","0.180997900139032","0.138835445422196","0.114565804059871","0.0951296547985666","0.164621094674048","0.171225903313589","0.154495984691372","0.116915908557634","0.0686138022560112","0.0678379849881592","0.111915500607763","0.0859207575484165","0.0703204719569824","0.141081981512294","0.152155931468389","0.153706697524731","0.109096873104644","0.374150835026828","0.198211464291355","0.246577674456861","0.312902433338827","0.165451060942996","0.111210926632906","0.0762774146791335","0.0677434311762043","0.0762147109420282","0.0890428258212832","0.0853870422151225","0.053736494242235","0.0442539359555517","0.0730211132400775","","","","",
"Central Europe and the Baltics","CEB","Coal rents (% of GDP)","NY.GDP.COAL.RT.ZS","","","","","","","","","","","","","","","","","","","","","","","","","","","","0.0706746860817844","0.0913138517662054","0.122984577043382","1.10823347587679","0.899722304460866","0.61633768139169","0.320229256662875","0.194029941492943","0.234782593856354","0.188124760968142","0.157382869138645","0.128857986899526","0.0603136481518175","0.116187824962689","0.278317497245684","0.138758903793427","0.109644616649484","0.475296576363047","0.348489534962718","0.331781023463616","0.298753889035531","0.858647951729065","0.325263911740953","0.517123181477926","0.598714258763478","0.303887370864375","0.138236236400625","0.11356198394394","0.106251385998621","0.114742662028628","0.135262975143173","0.130008157364729","0.0941265917289895","0.0657593664654064","0.113478868525975","","","","",
"Switzerland","CHE","Coal rents (% of GDP)","NY.GDP.COAL.RT.ZS","","","","","","","","","","","","","","","","","","","","","0","0","0","0","0","0","0","0","0","0","0","0","0","0","0","0","0","0","0","0","0","0","0","0","0","0","0","0","0","0","0","0","0","0","0","0","0","0","0","0","0","0","","","","",
"Channel Islands","CHI","Coal rents (% of GDP)","NY.GDP.COAL.RT.ZS","","","","","","","","","","","","","","","","","","","","","","","","","","","","","","","","","","","","","","","","","","","","","","","","","","","","","","","","","","","","","","","","","","",
"Chile","CHL","Coal rents (% of GDP)","NY.GDP.COAL.RT.ZS","","","","","","","","","","","","1.75428797542783E-07","2.56488899074269E-06","0.000639002253560567","0.0262491200162529","0.223367483634975","0.142771724540081","0.111844922123817","0.0668422495479221","0.0388434146987495","0.063445362636141","0.0965916910144665","0.125998565942598","0.0764968910338638","0.0626453939991633","0.0954568103551375","0.0497742889633383","2.94416860399134E-05","0.0153343291888085","0.0355850958232769","0.0388798270131772","0.0319766808501447","0.0104163434648414","0","0","0.00404072218518581","0.000522033807735404","0","0","0","0","0.00137950035539109","0","1.86613613263971E-07","0.00436179509414074","0.00452910146140704","0.00396307707123133","0.00262239345949179","0.017518031560179","0.00413931434107068","0.00803498205936179","0.00946025062745968","0.00677063368138203","0.0209492686777565","0.0242195938381422","0.0152173546318032","0.0133752190489627","0.0156030837579444","0.015765082710182","0.00773911690521945","0.0024227961414755","0.0001519770108825","","","","",
"China","CHN","Coal rents (% of GDP)","NY.GDP.COAL.RT.ZS","","","","","","","","","","","","0.0745389208411057","0.0691535992826392","0.077074228180657","0.711009206486046","2.69280693403666","3.0311520485369","3.08113278502555","3.33590821868904","2.69650761840277","4.550303812533","7.95333965961777","8.72549855637581","4.38935293161726","2.98496212712962","3.04748440074638","1.58663620371161","0.196742361719575","0.914569028426778","1.47842452212878","1.7052386616778","1.34805201595044","0.699208657061324","0.142655939106701","0.0649779012544379","0.455735912219756","0.128660824709202","0.0847831389309089","0.14993960613722","0.0711870233211488","0.146386681969002","0.801896055646553","0.263542850237849","0.220007406138794","2.48180871668287","1.84458902608905","1.8434710833023","2.10209759333344","4.95292742699964","1.70995200685933","2.74101073299239","3.531173681463","1.77837319641686","1.08227721470867","0.795129720884853","0.404630230720423","0.413140466173888","0.53771676055273","0.582602393231466","0.448117054740137","0.359558405712834","0.607568894164746","","","","",
"Cote d'Ivoire","CIV","Coal rents (% of GDP)","NY.GDP.COAL.RT.ZS","","","","","","","","","","","","","","","","","","","0","0","0","0","0","0","0","0","0","0","0","0","0","0","0","0","0","0","0","0","0","0","0","0","0","0","0","0","0","0","0","0","0","0","0","0","0","0","0","0","0","0","0","0","","","","",
"Cameroon","CMR","Coal rents (% of GDP)","NY.GDP.COAL.RT.ZS","","","","","","","","","","","","0","0","0","0","0","0","0","0","0","0","0","0","0","0","0","0","0","0","0","0","0","0","0","0","0","0","0","0","0","0","0","0","0","0","0","0","0","0","0","0","0","0","0","0","0","0","0","0","0","0","0","","","","",
"Congo, Dem. Rep.","COD","Coal rents (% of GDP)","NY.GDP.COAL.RT.ZS","","","","","","","","","","","","0.00730930995701116","0.00850417868117583","0.0083748881903898","0.010636333210213","0.0266903598110773","0.0195194840899775","0.0187303503284891","0.0119255853935333","0.0117680004887757","0.0240384523831925","0.0415887168711392","0.034794904631151","0.0245596664503119","0.029454852344647","0.0360951861014179","0.0243935475390816","0.0191071080738812","0.0211678148404289","0.0250913169805197","0.0259130599458666","0","0","0","0","0","0","0","0","0","0","0","0","0","0","0","0","0","0","0","0","0","0","0","0","0","0","0","0","0","0","0","","","","",
"Congo, Rep.","COG","Coal rents (% of GDP)","NY.GDP.COAL.RT.ZS","","","","","","","","","","","","0","0","0","0","0","0","0","0","0","0","0","0","0","0","0","0","0","0","0","0","0","0","0","0","0","0","0","0","0","0","0","0","0","0","0","0","0","0","0","0","0","0","0","0","0","0","0","0","0","0","0","","","","",
"Colombia","COL","Coal rents (% of GDP)","NY.GDP.COAL.RT.ZS","","","","","","","","","","","","0.0410172348042826","0.0368235493191544","0.0357097536021074","0.134444545082803","0.410758200603752","0.414101377848907","0.347249855431733","0.291940467657637","0.227242710571107","0.227831539620897","0.340147473242694","0.374381410162188","0.253478521180264","0.233149990629555","0.352719780445643","0.223224724725254","0.054428760529238","0.112481137209196","0.282186927995717","0.318211442256867","0.2736211426375","0.155844186701443","0.0342376032108984","0.0153010812605245","0.0932435181074178","0.0320248212890901","0.017596369894562","0.0181023390909199","0.00578561757482169","0.00594743270414655","0.0917148556563016","0.0189143133586352","0.012881055924233","1.06821593565836","0.596433944424005","0.667109273396652","1.00789274631713","2.52115179783189","0.693707471444523","1.27474708918259","1.77817848904041","1.03216023590783","0.731247317458531","0.592321749950267","0.570764338950047","0.708360151216034","0.859687671858285","0.870600652866166","0.666127039502179","0.389999760965154","0.725814104210245","","","","",
"Comoros","COM","Coal rents (% of GDP)","NY.GDP.COAL.RT.ZS","","","","","","","","","","","","","","","","","","","","","0","0","0","0","0","0","0","0","0","0","0","0","0","0","0","0","0","0","0","0","0","0","0","0","0","0","0","0","0","0","0","0","0","0","0","0","0","0","0","0","0","0","","","","",
"Cabo Verde","CPV","Coal rents (% of GDP)","NY.GDP.COAL.RT.ZS","","","","","","","","","","","","","","","","","","","","","","","","","","","","60.3345094673672","59.5161232558082","69.8038632577659","58.8340571455211","55.7330916346419","45.1411282201477","26.8093770604547","28.2075920745909","29.3073905590353","28.8241325799333","27.9261973255657","21.8556292367127","13.9165354661169","17.0506562731343","23.7774303144037","18.6660117494038","13.6465215764818","25.0815325396624","31.6104334488128","30.4031239366484","21.5472166448193","48.7224896766497","21.2095054194917","32.8175245458718","39.6578022158308","24.4650892301952","15.9841772281575","11.3666676890308","8.69712510622088","9.38675264949474","11.6082269487291","13.9398394603711","12.7633265623315","11.0704275823815","17.1799974804718","","","","",
"Costa Rica","CRI","Coal rents (% of GDP)","NY.GDP.COAL.RT.ZS","","","","","","","","","","","","0","0","0","0","0","0","0","0","0","0","0","0","0","0","0","0","0","0","0","0","0","0","0","0","0","0","0","0","0","0","0","0","0","0","0","0","0","0","0","0","0","0","0","0","0","0","0","0","0","0","0","","","","",
"Caribbean small states","CSS","Coal rents (% of GDP)","NY.GDP.COAL.RT.ZS","","","","","","","","","","","","","","","","","","","","","0","0","0","0","0","0","0","0","0","0","0","0","0","0","0","0","0","0","0","0","0","0","0","0","0","0","0","0","0","0","0","0","0","0","0","0","0","0","0","0","0","0","","","","",
"Cuba","CUB","Coal rents (% of GDP)","NY.GDP.COAL.RT.ZS","","","","","","","","","","","","0","0","0","0","0","0","0","0","0","0","0","0","0","0","0","0","0","0","0","0","0","0","0","0","0","0","0","0","0","0","0","0","0","0","0","0","0","0","0","0","0","0","0","0","0","0","0","0","0","0","","","","","",
"Curacao","CUW","Coal rents (% of GDP)","NY.GDP.COAL.RT.ZS","","","","","","","","","","","","","","","","","","","","","","","","","","","","","","","","","","","","","","","","","","","","","","","","","","","","0","0","0","0","0","0","0","0","0","0","0","","","","",
"Cayman Islands","CYM","Coal rents (% of GDP)","NY.GDP.COAL.RT.ZS","","","","","","","","","","","","","","","","","","","","","","","","","","","","","","","","","","","","","","","","","","","","","","","0","0","0","0","0","0","0","0","0","0","0","0","0","0","0","0","","","","",
"Cyprus","CYP","Coal rents (% of GDP)","NY.GDP.COAL.RT.ZS","","","","","","","","","","","","","","","","0","0","0","0","0","0","0","0","0","0","0","0","0","0","0","0","0","0","0","0","0","0","0","0","0","0","0","0","0","0","0","0","0","0","0","0","0","0","0","0","0","0","0","0","0","0","0","","","","",
"Czechia","CZE","Coal rents (% of GDP)","NY.GDP.COAL.RT.ZS","","","","","","","","","","","","","","","","","","","","","","","","","","","","","","","1.37922206335397","1.65795436650295","1.06027906594633","0.490518780016397","0.275756177150651","0.340515672038566","0.281613252541427","0.254172701108037","0.231770769289246","0.105523995491534","0.205842193385371","0.456704658658971","0.224411134093946","0.169331400191245","0.654724081984303","0.540246052284705","0.528275970815551","0.456650977636518","1.3243839026066","0.523809142646871","0.768828148333853","0.873763828516135","0.4337699262957","0.178348044959311","0.146547348893172","0.12546374892164","0.126840441052511","0.143846138961089","0.133105028971712","0.0910332301509012","0.0544222892525117","0.0939363572598997","","","","",
"Germany","DEU","Coal rents (% of GDP)","NY.GDP.COAL.RT.ZS","","","","","","","","","","","0.1324448818893","0.151251262007413","0.115803942679795","0.0955038691361155","0.174816226830244","0.55896621184767","0.593460604614958","0.495381875193311","0.337543864852363","0.270450338164734","0.346845900392086","0.737561064335914","0.82921709781908","0.455561109233494","0.331077274363356","0.367431260276884","0.141787204003675","0.0634452994895365","0.0570128019281002","0.0772510541291143","0.103669326117461","0.0837695366611205","0.0544020079344182","0.031339779487604","0.0172747057193051","0.0235269723717906","0.0213794934341291","0.0190783066795065","0.0171083022879381","0.00920452865166405","0.0156124005348027","0.0363504237141466","0.0212106403442727","0.0155847293701629","0.0694685561161683","0.0608344592567013","0.0574116818103335","0.0592990895293438","0.178039130275431","0.0645513988300187","0.100605224103438","0.114695303797205","0.0548288593405806","0.0237162586929113","0.0188044851044902","0.0146564038255549","0.0142241784029931","0.0179704886289538","0.0181826118494321","0.00953310321583949","0.00663105708293283","0.014480866265137","","","","",
"Djibouti","DJI","Coal rents (% of GDP)","NY.GDP.COAL.RT.ZS","","","","","","","","","","","","","","","","","","","","","","","","","","0","","0","0","0","0","0","0","0","0","0","0","0","0","0","0","0","0","0","0","0","0","0","0","0","0","0","0","0","0","0","0","0","0","0","0","0","","","","",
"Dominica","DMA","Coal rents (% of GDP)","NY.GDP.COAL.RT.ZS","","","","","","","","","","","","","","","","","","","","","0","0","0","0","0","0","0","0","0","0","0","0","0","0","0","0","0","0","0","0","0","0","0","0","0","0","0","0","0","0","0","0","0","0","0","0","0","0","0","0","0","0","","","","",
"Denmark","DNK","Coal rents (% of GDP)","NY.GDP.COAL.RT.ZS","","","","","","","","","","","0","0","0","0","0","0","0","0","0","0","0","0","0","0","0","0","0","0","0","0","0","0","0","0","0","0","0","0","0","0","0","0","0","0","0","0","0","0","0","0","0","0","0","0","0","0","0","0","0","0","0","0","","","","",
"Dominican Republic","DOM","Coal rents (% of GDP)","NY.GDP.COAL.RT.ZS","","","","","","","","","","","","0","0","0","0","0","0","0","0","0","0","0","0","0","0","0","0","0","0","0","0","0","0","0","0","0","0","0","0","0","0","0","0","0","0","0","0","0","0","0","0","0","0","0","0","0","0","0","0","0","0","0","","","","",
"Algeria","DZA","Coal rents (% of GDP)","NY.GDP.COAL.RT.ZS","","","","","","","","","","","","0.00299872487826176","0.00318867495164581","0.00380272847044359","0.00882588142437237","0.0205793059878237","0.00140448269187486","0.000610196618145825","0","0.000246986020013706","0.000177158432469133","0.00020877815635154","0.00124030623916838","0.0015176309464654","0.00117620626237354","0.000920873661338101","0.000336349392570525","0.000288505848988185","0.000154779719589013","0.000204531645958469","0","0","0","0","0","0","0","0","0","0","0","0","0","0","0","0","0","0","0","0","0","0","0","0","0","0","0","0","0","0","0","0","","","","",
"East Asia & Pacific (excluding high income)","EAP","Coal rents (% of GDP)","NY.GDP.COAL.RT.ZS","","","","","","","","","","","","0.0574283381770899","0.0533255241058479","0.0576788056848726","0.489061601675284","1.86810571643789","1.94945201726005","1.95135937108585","1.86513613398935","1.55303679784175","2.40696474245466","4.03136220244087","4.41415043420093","2.38514599823467","1.68122895783498","1.83655118593155","0.933841119289421","0.107784616097731","0.512993078700985","0.85476519761792","0.955327126265256","0.745298946196436","0.389427659218636","0.0771808903962969","0.0393670837872528","0.276837689694452","0.0853234530054029","0.0589404922727452","0.123095148311863","0.0571211742316925","0.121319377992882","0.646307461775285","0.216389560714962","0.181214387956418","1.99649662605847","1.48918780196611","1.50739892250117","1.7829654889784","4.21119747755543","1.49311159723683","2.36723985612729","3.12601851909571","1.5974800026603","0.995915722320061","0.742368193170618","0.384214056375851","0.396317455666444","0.517544367162071","0.569238481356752","0.436645595020686","0.35191806063761","0.603689386916564","","","","",
"Early-demographic dividend","EAR","Coal rents (% of GDP)","NY.GDP.COAL.RT.ZS","","","","","","","","","","","","0.13839363270176","0.139892699096994","0.140182621277638","0.202006418827074","0.427208939515455","0.440995312361274","0.430955620886028","0.357609427100694","0.329816074320432","0.381306361442049","0.54697681696701","0.650804089155798","0.437178750037851","0.380447121243126","0.434831997427466","0.34530425768962","0.251424384129055","0.307533928534741","0.371147553580162","0.346168821636542","0.356408637235203","0.289257560122473","0.185975545051965","0.189008589877603","0.278691385029718","0.23575820197682","0.193780080364319","0.160016662542189","0.106781915729657","0.140303215976643","0.258081549214582","0.178750801604091","0.190132380529141","0.547213478696321","0.409968306052998","0.422317101449955","0.522048361950517","1.10134062716125","0.501624922471058","0.695882997465971","0.887396723294135","0.569502252910042","0.447374257392173","0.365609764589878","0.275381374773646","0.307088761145933","0.386495272105018","0.472867482045124","0.353362863610561","0.302578181364112","0.537798893674938","","","","",
"East Asia & Pacific","EAS","Coal rents (% of GDP)","NY.GDP.COAL.RT.ZS","","","","","","","","","","","","0.0341529158261992","0.0285476274176447","0.0270706101550399","0.166498880929851","0.636400150951874","0.632750559489225","0.601907994688369","0.428630292142649","0.380801440264214","0.58010893378292","0.955929340112493","1.11958935438923","0.620717498351668","0.448612060581314","0.504107130876478","0.201251367009989","0.0264376087042716","0.0823151246245078","0.142152811876704","0.163028457336425","0.1251490737493","0.0700095655922084","0.0174780207976432","0.00832950786364385","0.0526857407442202","0.0222277733100488","0.0184131485578761","0.0370514259862122","0.0177650112833478","0.0357157464486785","0.191744981848762","0.079124926790401","0.0629620550771477","0.630726408381624","0.531101872209293","0.605361623180536","0.769304365191089","2.05407598185121","0.779831729334679","1.26515865712899","1.73496438118981","0.921167768783297","0.627001056547077","0.491294889575434","0.26740328667127","0.274209231001622","0.36670744872341","0.40856062381029","0.319725526722857","0.258686663591085","0.451866069128248","","","","",
"Europe & Central Asia (excluding high income)","ECA","Coal rents (% of GDP)","NY.GDP.COAL.RT.ZS","","","","","","","","","","","0.0681314372295","0.0910380411855537","0.07273894436552","0.0657991730834617","0.104361080085868","0.260306534600585","0.270655728963899","0.234816186474659","0.191797211828026","0.116470834504256","0.203798919738827","0.39255758812641","0.498543320720706","0.295746953016655","0.223146152783371","0.269150408322061","0.112051618009528","","","","0.841418175280978","0.73622185414831","0.581657639211229","0.311093348805876","0.225016629329108","0.201414034162924","0.15157509308548","0.123430449924349","0.121930592168517","0.0696879589986763","0.129384197923653","0.351524588393651","0.202708410636211","0.146027333924186","0.487443073543074","0.383308977413069","0.377589860656394","0.328365972627924","1.10539623479744","0.472283960312315","0.617203174391803","0.734670743947037","0.347179642993595","0.156124919990248","0.126876146669374","0.100333779919314","0.120554041457692","0.159314057360545","0.194291385838608","0.140744696966818","0.116065409425147","0.190656899532473","","","","",
"Europe & Central Asia","ECS","Coal rents (% of GDP)","NY.GDP.COAL.RT.ZS","","","","","","","","","","","0.0523937206240992","0.0598506966762938","0.0448952480417725","0.0388466128586276","0.0680358760008943","0.227056310881875","0.242770296908322","0.208113896468377","0.138456446502705","0.103032260780863","0.130177479821816","0.283578563393801","0.321294454105584","0.164957693293702","0.0991737342602735","0.11859087611277","0.0440832225540648","0.0190226289007485","0.0166989494955917","0.0216210921812067","0.118267833083128","0.0957378257617808","0.0663872055539322","0.038999262108696","0.0230854919959656","0.032248048826473","0.0267053070271385","0.0226677700243403","0.0210428939526162","0.0110987237144775","0.0208907431850706","0.0512605005540386","0.0291672095917325","0.0226102963620291","0.0902266935245522","0.081121918339083","0.0807515386591923","0.0770094939473899","0.262393242763237","0.105649007037454","0.160655537535727","0.185846493465731","0.0987092409067624","0.0451509841581133","0.0384196130940233","0.0370844041991179","0.0428188322618523","0.0574344103642662","0.0637660266510404","0.0505398910423297","0.0379806279313054","0.0674629389582215","","","","",
"Ecuador","ECU","Coal rents (% of GDP)","NY.GDP.COAL.RT.ZS","","","","","","","","","","","","0","0","0","0","0","0","0","0","0","0","0","0","0","0","0","0","0","0","0","0","0","0","0","0","0","0","0","0","0","0","0","0","0","0","0","0","0","0","0","0","0","0","0","0","0","0","0","0","0","0","0","","","","",
"Egypt, Arab Rep.","EGY","Coal rents (% of GDP)","NY.GDP.COAL.RT.ZS","","","","","","","","","","","","0","0","0","0","0","0","0","0","0","0","0","0","0","0","0","0","0","0","0","0","0","0","0","0","0","0","0","0","3.01803216259927E-08","0.000265061368549735","0.000459170936936456","0.000269149941677168","0.000298346274150596","0.00129422341845415","0.000627948550282449","0","0","0","0","0","0","0","0","0","0","0","0","0","0","0","0","","","","",
"Euro area","EMU","Coal rents (% of GDP)","NY.GDP.COAL.RT.ZS","","","","","","","","","","","0.0565754929423171","0.0643670380648367","0.0489025187801067","0.0404697918860903","0.0721435841033431","0.220341224232852","0.237786366161174","0.20310795198297","0.13756997661237","0.107325807027393","0.135253779386821","0.285018376514984","0.324556240486194","0.176820883524539","0.123780807449153","0.136579895979742","0.0515449464112572","0.022175998939684","0.0193741191639565","0.0253249608429355","0.037229715214182","0.0303327989294175","0.0198935938431085","0.0112833059743988","0.00642821483086379","0.00962652177003193","0.007910650064778","0.00649984049487457","0.00600367963633669","0.00295255411935142","0.0058259458065311","0.0144726245627096","0.00733698805203274","0.00542320943253719","0.0267352241037309","0.0210652935206629","0.0198254090326166","0.0221391785940307","0.0637171070692846","0.022232142165231","0.0366301628791806","0.0428800542511831","0.0204187879362167","0.00884454105996517","0.00714698065824537","0.00549852106838193","0.00521827133070759","0.00680429474563914","0.0068050825687462","0.00362420115047465","0.00249724619399341","0.00527289649826552","","","","",
"Eritrea","ERI","Coal rents (% of GDP)","NY.GDP.COAL.RT.ZS","","","","","","","","","","","","","","","","","","","","","","","","","","","","","","","","","0","0","0","0","0","0","0","0","0","0","0","0","0","0","0","0","0","0","0","0","","","","","","","","","","","","","","",
"Spain","ESP","Coal rents (% of GDP)","NY.GDP.COAL.RT.ZS","","","","","","","","","","","0.0184640772240545","0.0206612536046071","0.0164659376045888","0.0126849762995741","0.0219558976048795","0.0837688117030645","0.0920195599277997","0.0954533255544151","0.0612092992262134","0.0432393220642171","0.069905599314364","0.204376181937485","0.260152446606628","0.12848583269734","0.0639842514638827","0.0851015867830807","0.0217990156284057","0.00490719522805429","0.00558730856025944","0.00530480209462955","0.0191756804390406","0.0147466096260703","0.00795099050700883","0.00135226815780914","0.0017711027107828","0.00622411155703108","0.00376975379756269","0.00200030989954175","0.00238919198579522","0.000300627772489264","0.00384465623039873","0.0123799392928752","0.00402490336238764","0.00317110733391803","0.0206753364971601","0.0125934254833309","0.0116704698183558","0.0145400693241205","0.032079273609495","0.0095697382441501","0.0162968550522323","0.0155334692771782","0.0074474408940647","0.00288222461242743","0.00253350841914475","0.00174515115453359","0.00113678966342455","0.00192447586474893","0.00155929573705883","0","0","0","","","","",
"Estonia","EST","Coal rents (% of GDP)","NY.GDP.COAL.RT.ZS","","","","","","","","","","","","","","","","","","","","","","","","","","","","","","","","","","","","0","0","0","0","0","0","0","0","0","0","0","0","0","0","0","0","0","0","0","0","0","0","0","0","0","0","0","","","","",
"Ethiopia","ETH","Coal rents (% of GDP)","NY.GDP.COAL.RT.ZS","","","","","","","","","","","","","","","","","","","","","","0","0","0","0","0","0","0","0","0","0","0","0","0","0","0","0","0","0","0","0","0","0","0","0","0","0","0","0","0.00183769562201587","0.00724499256922988","0.00507727643001671","0","0","0","0","9.90538673681238E-05","0.000130013475187816","0.000148574727905969","0.000104208156503271","8.32489506864312E-05","0.000163832810177573","","","","",
"European Union","EUU","Coal rents (% of GDP)","NY.GDP.COAL.RT.ZS","","","","","","","","","","","0.0520709273810272","0.0593859326783707","0.0451689693242689","0.0374890982735851","0.0669295274370081","0.203523727579557","0.218944242034925","0.187807536861216","0.127849655268411","0.0999484715466672","0.126180251919315","0.265325751592652","0.303329083587074","0.165554401935989","0.115459637814553","0.127203566455192","0.0481312422846024","0.0214053937350358","0.0188790767813352","0.0246984801836353","0.0646694477201783","0.0538804238250707","0.0358477658199812","0.0212066689550251","0.0128600493102517","0.0194565545707809","0.0161617499887144","0.0140405755273316","0.0124238194626556","0.00588146797142398","0.0116840147259979","0.0294130168968614","0.0151842916520805","0.0114792739431269","0.0530941525544436","0.0430538434699897","0.0421161706694023","0.0431013583564761","0.130930675420258","0.0463469742261989","0.0755135282488549","0.0881471687687553","0.0441103911553099","0.0196784785620271","0.0161583546522882","0.0143462298473309","0.0148597174751587","0.018534640046183","0.018578572849538","0.0126735177932952","0.00892157129723512","0.0162826922109292","","","","",
"Finland","FIN","Coal rents (% of GDP)","NY.GDP.COAL.RT.ZS","","","","","","","","","","","0","0","0","0","0","0","0","0","0","0","0","0","0","0","0","0","0","0","0","0","0","0","0","0","0","0","0","0","0","0","0","0","0","0","0","0","0","0","0","0","0","0","0","0","0","0","0","0","0","0","0","0","","","","",
"Fiji","FJI","Coal rents (% of GDP)","NY.GDP.COAL.RT.ZS","","","","","","","","","","","","","","","","","","","","","0","0","0","0","0","0","0","0","0","0","0","0","0","0","0","0","0","0","0","0","0","0","0","0","0","0","0","0","0","0","0","0","0","0","0","0","0","0","0","0","0","0","","","","",
"France","FRA","Coal rents (% of GDP)","NY.GDP.COAL.RT.ZS","","","","","","","","","","","0.0259323930243106","0.0254994097202642","0.0182509907137858","0.0137036416339517","0.023225210383413","0.0703681511657056","0.0756757845307963","0.0663031335343206","0.0401861639845612","0.0288221640729182","0.0328786136014771","0.0717802686678053","0.0798308944141115","0.038800988021632","0.027758656217762","0.0270390133097308","0.00887402356440299","0.00330760028069107","0.00278296023276084","0.00353646051495671","0.0074768965282609","0.00647181741399996","0.003845133652803","0.0020723623097237","0.00108117420102612","0.00148775759207184","0.000806899692355166","0.000361471569462996","0.000339699113868613","3.57387803183947E-05","0.000426768443912514","0.000965349093102791","0.000259166856295448","0.000253270748053223","0.000156053218409265","0","0","0","0","0","0","0","0","0","0","0","0","0","0","0","0","0","","","","",
"Faroe Islands","FRO","Coal rents (% of GDP)","NY.GDP.COAL.RT.ZS","","","","","","","","","","","","","","","","","","","","","","","","","","","","","","","","","","","","","","","0","0","0","0","0","0","0","0","0","0","0","0","0","0","0","","","","","","","","","","","","","",
"Micronesia, Fed. Sts.","FSM","Coal rents (% of GDP)","NY.GDP.COAL.RT.ZS","","","","","","","","","","","","","","","","","","","","","","","","","","","","","","","","","","","","","","","","","","","","","","","","","","","","","","","","","","","","","","","","","","",
"Gabon","GAB","Coal rents (% of GDP)","NY.GDP.COAL.RT.ZS","","","","","","","","","","","","0","0","0","0","0","0","0","0","0","0","0","0","0","0","0","0","0","0","0","0","0","0","0","0","0","0","0","0","0","0","0","0","0","0","0","0","0","0","0","0","0","0","0","0","0","0","0","0","0","0","0","","","","",
"United Kingdom","GBR","Coal rents (% of GDP)","NY.GDP.COAL.RT.ZS","","","","","","","","","","","0.0564456090807977","0.0640940975502289","0.0439582351093886","0.0478447342229616","0.0771862664835504","0.40649975447852","0.443289781648406","0.3801186912381","0.219063986567784","0.131560578451105","0.185591876341148","0.454571115048602","0.502843500533318","0.203979682998197","0.0305086720676565","0.0944965918598527","0.0283571843587255","0.00813686885141994","0.00715262224174215","0.00763689886311324","0.0402448646243077","0.0340665464872984","0.0166228721010401","0.00292299906699936","0.00267833751961321","0.00934838865612124","0.00602372033701633","0.00332664460180943","0.0025806190691435","0.000331750737798025","0.00314835134288216","0.0112116224547952","0.00441136767008997","0.00382339432962882","0.0197997908268176","0.0110054440706098","0.00973239142423483","0.0121864379548783","0.0449803959802397","0.0164405626939319","0.0301037064256683","0.0352096117076459","0.0153165184872093","0.00648468176894561","0.0052536674065257","0.00352343839736992","0.00246186507098933","0.00253441465483765","0.00252814305692617","0.00191572735231576","0.00102332772244258","0.00102273685261212","","","","",
"Georgia","GEO","Coal rents (% of GDP)","NY.GDP.COAL.RT.ZS","","","","","","","","","","","","","","","","","","","","","","","","","","","","","","","0.213229966319535","0.097510227472663","0.00827185266606939","0.0292761908157514","0.00226918169778283","0.00193250805537216","0.000458676836921328","5.44935580177479E-05","0.00030616805024865","8.47783607021113E-05","0.000301396969052128","0.000137796117665673","0.000264013390262402","0.00031723883310585","0.00236289246976374","0.000766385609960404","0.00120556900440972","0.00236057680863553","0.00451781449416897","0.0217972318342895","0.0250953563047041","0.0332575482589091","0.0233677184272699","0.0181311355264407","0.0107347388003137","0.0083686068293395","0.00902249927328646","0.0101367407777307","0.00566788595592728","0.000463779925947917","0.00280760210444329","0.00790127231235254","","","","",
"Ghana","GHA","Coal rents (% of GDP)","NY.GDP.COAL.RT.ZS","","","","","","","","","","","","0","0","0","0","0","0","0","0","0","0","0","0","0","0","0","0","0","0","0","0","0","0","0","0","0","0","0","0","0","0","0","0","0","0","0","0","0","0","0","0","0","0","0","0","0","0","0","0","0","0","0","","","","",
"Gibraltar","GIB","Coal rents (% of GDP)","NY.GDP.COAL.RT.ZS","","","","","","","","","","","","","","","","","","","","","","","","","","","","","","","","","","","","","","","","","","","","","","","","","","","","","","","","","","","","","","","","","","",
"Guinea","GIN","Coal rents (% of GDP)","NY.GDP.COAL.RT.ZS","","","","","","","","","","","","","","","","","","","","","","","","","","","0","0","0","0","0","0","0","0","0","0","0","0","0","0","0","0","0","0","0","0","0","0","0","0","0","0","0","0","0","0","0","0","0","0","0","0","","","","",
"Gambia, The","GMB","Coal rents (% of GDP)","NY.GDP.COAL.RT.ZS","","","","","","","","","","","","","","","","","","","","","0","0","0","0","0","0","0","0","0","0","0","0","0","0","0","0","0","0","0","0","0","0","0","0","0","0","0","0","0","0","0","0","0","0","0","0","0","0","0","0","0","0","","","","",
"Guinea-Bissau","GNB","Coal rents (% of GDP)","NY.GDP.COAL.RT.ZS","","","","","","","","","","","","","","","","","","","","","0","0","0","0","0","0","0","0","0","0","0","0","0","0","0","0","0","0","0","0","0","0","0","0","0","0","0","0","0","0","0","0","0","0","0","0","0","0","0","0","0","0","","","","",
"Equatorial Guinea","GNQ","Coal rents (% of GDP)","NY.GDP.COAL.RT.ZS","","","","","","","","","","","","","","","","","","","","","0","0","0","0","0","0","0","0","0","0","0","0","0","0","0","0","0","0","0","0","0","","","","","0","0","0","0","0","0","0","0","0","0","0","0","0","0","0","0","0","","","","",
"Greece","GRC","Coal rents (% of GDP)","NY.GDP.COAL.RT.ZS","","","","","","","","","","","0","0.00403810240480965","0.00435145452722146","0.00482228225811713","0.0110407474331891","0.108854674405988","0.124743372382007","0.114750933313363","0.0608616513963891","0.0482349005803807","0.0961330080875766","0.257503253050785","0.277646725509973","0.142749279513706","0.0875301491174046","0.141960044253475","0.0377625493591124","0.0122034746400369","0.0170095323011074","0.0240050982983418","0.0680248628648368","0.0577174659573165","0.0309966388958233","0.00370077780877914","0.00465606206698289","0.0199839056976727","0.0104031085930365","0.00489936726740393","0.00987180684418374","0.00198866030782914","0.0197360988211045","0.0649733666395463","0.0197361742314575","0.0152116173513339","0.127732962376609","0.0805162493684375","0.073717516404432","0.107339355782328","0.285542528941994","0.0906402164911169","0.171387580541614","0.226405662397006","0.119942051656813","0.0522774115456617","0.0422593092366313","0.0292114264080917","0.0233002303477616","0.0345671488209172","0.0359092293054869","0.019618445201312","0.0095167351676795","0.0146481346149569","","","","",
"Grenada","GRD","Coal rents (% of GDP)","NY.GDP.COAL.RT.ZS","","","","","","","","","","","","","","","","","","","","","0","0","0","0","0","0","0","0","0","0","0","0","0","0","0","0","0","0","0","0","0","0","0","0","0","0","0","0","0","0","0","0","0","0","0","0","0","0","0","0","0","0","","","","",
"Greenland","GRL","Coal rents (% of GDP)","NY.GDP.COAL.RT.ZS","","","","","","","","","","","","","","","","","","","","","1.37637546634403","0.334467596418842","0","0","0","0","0","0","0","0","0","0","0","0","0","0","0","0","0","0","0","0","0","0","0","0","0","0","0","0","0","0","0","0","0","0","0","0","0","0","0","","","","","",
"Guatemala","GTM","Coal rents (% of GDP)","NY.GDP.COAL.RT.ZS","","","","","","","","","","","","0","0","0","0","0","0","0","0","0","0","0","0","0","0","0","0","0","0","0","0","0","0","0","0","0","0","0","0","0","0","0","0","0","0","0","0","0","0","0","0","0","0","0","0","0","0","0","0","0","0","0","","","","",
"Guam","GUM","Coal rents (% of GDP)","NY.GDP.COAL.RT.ZS","","","","","","","","","","","","","","","","","","","","","","","","","","","","","","","","","","","","","","","","","","","0","0","0","0","0","0","0","0","0","0","0","0","0","0","0","0","0","0","0","0","","","","",
"Guyana","GUY","Coal rents (% of GDP)","NY.GDP.COAL.RT.ZS","","","","","","","","","","","","","","","","","","","","","0","0","0","0","0","0","0","0","0","0","0","0","0","0","0","0","0","0","0","0","0","0","0","0","0","0","0","0","0","0","0","0","0","0","0","0","0","0","0","0","0","0","","","","",
"High income","HIC","Coal rents (% of GDP)","NY.GDP.COAL.RT.ZS","","","","","","","","","","","0.0695449409334869","0.0742885319764739","0.0690535719468375","0.0685526470915041","0.135189223375071","0.351779483150377","0.363843327383753","0.330619832294971","0.229790511799151","0.21261226609401","0.25860556462408","0.417066529821668","0.45758127419447","0.250346693451975","0.195089315840596","0.203352282343832","0.108377725591988","0.0507547338094141","0.0610104726267218","0.0820916956035026","0.112013757241856","0.0957572839199836","0.0702524172844728","0.0368818242479965","0.0294711454961407","0.0709835544536278","0.0746951326824229","0.0731824056571033","0.0690355080975546","0.0517489392102332","0.0620995235524667","0.10825808670497","0.074076129172029","0.0671883727900862","0.160313370987647","0.141287686723457","0.146500155290129","0.129487291233219","0.388936503101414","0.180837426786136","0.260673402299187","0.314222773978292","0.18985779263185","0.134504006065771","0.112160127653738","0.0845905300035659","0.0812695395920265","0.108873210623032","0.116867886929784","0.0851142971678428","0.0589237909962818","0.107732429144605","","","","",
"Hong Kong SAR, China","HKG","Coal rents (% of GDP)","NY.GDP.COAL.RT.ZS","","","","","","","","","","","","0","0","0","0","0","0","0","0","0","0","0","0","0","0","0","0","0","0","0","0","0","0","0","0","0","0","0","0","0","0","0","0","0","0","0","0","0","0","0","0","0","0","0","0","0","0","0","0","0","0","0","","","","",
"Honduras","HND","Coal rents (% of GDP)","NY.GDP.COAL.RT.ZS","","","","","","","","","","","","0","0","0","0","0","0","0","0","0","0","0","0","0","0","0","0","0","0","0","0","0","0","0","0","0","0","0","0","0","0","0","0","0","0","0","0","0","0","0","0","0","0","0","0","0","0","0","0","0","0","0","","","","",
"Heavily indebted poor countries (HIPC)","HPC","Coal rents (% of GDP)","NY.GDP.COAL.RT.ZS","","","","","","","","","","","","","","","","","","","","","0.108205894638822","0.126454491173135","0.149858164171772","0.157735387465548","0.129031009754977","0.116430274401055","0.0731355347317141","0.0490326361117883","0.0360054227786519","0.0514330980161723","0.0506728261797125","0.041720507357042","0.0478847761528894","0.0373314895515922","0.0327644173101005","0.0360838690145101","0.0369630519063156","0.0346659378947098","0.0347772557437099","0.0254779743253464","0.0231182709849953","0.0306812532995367","0.0286204295029079","0.023193626803683","0.0286722158027585","0.0459669945407941","0.0444700410365256","0.0290635658352051","0.0797371382054892","0.0458790065720791","0.0600463952837826","0.12009138635089","0.0967104691412014","0.0721033170118938","0.0615520675520492","0.0466668916400504","0.0508778507969184","0.111499396733361","0.14394217005567","0.0842729087165012","0.0428490176760196","0.0835139180592551","","","","",
"Croatia","HRV","Coal rents (% of GDP)","NY.GDP.COAL.RT.ZS","","","","","","","","","","","","","","","","","","","","","","","","","","","","","","","","","","","","0.000803513456912515","0.000425045738244058","0.000161538656006063","0.000180420269232278","5.9354622043972E-06","0","0","0","0","0","0","0","0","0","0","0","0","0","0","0","0","0","0","0","0","0","0","","","","",
"Haiti","HTI","Coal rents (% of GDP)","NY.GDP.COAL.RT.ZS","","","","","","","","","","","","0","0","0","0","0","0","0","0","0","0","0","0","0","0","0","0","0","0","0","0","0","0","0","0","0","0","0","0","0","0","0","0","0","0","0","0","0","0","0","0","0","0","0","0","0","0","0","0","0","0","0","","","","",
"Hungary","HUN","Coal rents (% of GDP)","NY.GDP.COAL.RT.ZS","","","","","","","","","","","","","","","","","","","","","","","","","","","","","","","","0.105683650973113","0.053194093357405","0.00469816384154091","0.00526948613565827","0.0256208997191564","0.0150804081549205","0.00669989650878711","0.0113772195337846","0.00212204948900554","0.0191863099342225","0.0522983948198923","0.0141056706557935","0.0119578490167246","0.0754748708415126","0.0360951692021791","0.0374665109799343","0.0516011540209868","0.133720721436878","0.0436050495743189","0.0839110518810435","0.0989679723481183","0.0450027231696823","0.0220496152287439","0.0175487828267021","0.0122168490026972","0.0128823695198267","0.013561343875921","0.0126588854529878","0.00790147754146911","0.00654345860081772","0.00936874396198461","","","","",
"IBRD only","IBD","Coal rents (% of GDP)","NY.GDP.COAL.RT.ZS","","","","","","","","","","","","0.10450816932038","0.102433567966131","0.102030522667163","0.263756281148584","0.7896818309379","0.791432027020911","0.790537519620077","0.668731415577429","0.594387801835179","0.803196078598765","1.29011537904799","1.49643709918058","0.910865696029749","0.710500565920073","0.811289421761569","0.479874593879545","0.186217688082133","0.32286049358384","0.441332610885227","0.544576109506761","0.517099602123403","0.370315813307464","0.185950504541893","0.146287642613151","0.260074460515593","0.177979140921943","0.142593665672905","0.139297986428227","0.0900178769810856","0.134803473934153","0.388799856908189","0.198927006293295","0.187525963763646","1.03474558435893","0.764735905007586","0.762215719288233","0.875673558776571","2.14562940716237","0.866041526022657","1.29773944749167","1.6806700553565","0.93026827241958","0.615167481104402","0.487912390857254","0.317443526821011","0.343811196547954","0.436423840003353","0.501623744094698","0.38360289669948","0.318461971407123","0.552266242128103","","","","",
"IDA & IBRD total","IBT","Coal rents (% of GDP)","NY.GDP.COAL.RT.ZS","","","","","","","","","","","","0.0967515908149532","0.095384416050471","0.0962276063891084","0.24199116980829","0.710884431424666","0.716547289610958","0.71832741039816","0.603230270223139","0.53486310770342","0.717549099515506","1.09750472042141","1.28217778963675","0.801431767331805","0.634126360166499","0.72583172731506","0.433333827199552","0.176955798095559","0.29824420813698","0.40798831919045","0.505662116862929","0.474520832248435","0.346611488406769","0.1764422868807","0.139638445016673","0.243849415806549","0.167229546000604","0.134326283003957","0.130005418497439","0.0864167899431298","0.127580327328002","0.363975685375733","0.186674619304206","0.175563459194954","0.958101325494453","0.711403833376583","0.707926740467035","0.815582402840207","1.9974481140809","0.80611800585","1.21106089342748","1.57312067187823","0.871462292740458","0.575385876246072","0.455231696257829","0.295689195933156","0.320456617367913","0.41015219478554","0.471464041652657","0.357886255130732","0.296293452327412","0.517079211209609","","","","",
"IDA total","IDA","Coal rents (% of GDP)","NY.GDP.COAL.RT.ZS","","","","","","","","","","","","0.0355085531174406","0.0355268860204127","0.0403039623988062","0.0497001703996272","0.07855667216723","0.0860510514302948","0.0778307268949152","0.0609162046213174","0.0523294293283466","0.089695459718326","0.0771170645700738","0.0918520176970476","0.0879752797272861","0.078760407520751","0.0827139308256507","0.0662556891363997","0.103968844060475","0.105492330751381","0.129650913941036","0.122263872728356","0.113095737301882","0.108648052869366","0.0763246145326986","0.0648386237980729","0.0712910646891718","0.0590537167710933","0.0499672411328179","0.0424033415571644","0.0419588062166456","0.0433164740442729","0.0677667222760266","0.0498954346543284","0.0426164979118905","0.089209527658355","0.0902786148152601","0.0806259143417642","0.0804866667626232","0.179755113070163","0.0765554139623864","0.104325165343221","0.135523485409156","0.0845450127207403","0.0590854977629921","0.050078641684465","0.0355911567433795","0.0367510073353017","0.0743252529328968","0.084809257813075","0.054768181531185","0.0370515215062678","0.0681626075113951","","","","",
"IDA blend","IDB","Coal rents (% of GDP)","NY.GDP.COAL.RT.ZS","","","","","","","","","","","","0.0675500854260607","0.0601217193989864","0.0738249333918755","0.0904403228460812","0.14451332282989","0.138967354221567","0.127892552078535","0.0989674429208724","0.0825579102642597","0.0872587208798334","0.0627689619219796","0.0742354666077983","0.0604945440543424","0.0599247652418105","0.0772574158984621","0.0713961688274899","0.169046444151272","0.191125496683957","0.236580740879117","0.22051049702064","0.212579326237952","0.190611828045506","0.131857507473642","0.109769896574579","0.106290227115594","0.0803366048207489","0.0664671946162887","0.0535412293003517","0.0700488519497664","0.0718100674633793","0.113591766813316","0.0797478230783888","0.0683111905716802","0.147810363853012","0.13876756532448","0.117050578260031","0.122532309515032","0.245134156656808","0.103517295265768","0.138865323499722","0.159411027488548","0.0863060891081959","0.0592538411479392","0.0498286258108618","0.0350832146794182","0.0345187640229649","0.0686069686897579","0.0661594594919937","0.0483024126675315","0.0400587509672208","0.0691297953383581","","","","",
"Indonesia","IDN","Coal rents (% of GDP)","NY.GDP.COAL.RT.ZS","","","","","","","","","","","","0.00019559164623987","0.000172367279337059","0.000163435219029033","0.00173503578932554","0.00717408491042052","0.00555702825022768","0.00552665123286134","0.00435122965947715","0.00444663146915115","0.00602959113421416","0.0105918312939129","0.0145464899312691","0.00828422266707803","0.0117811256507692","0.026558064649614","0.0186774238076725","0.0035568898016775","0.0196998014331165","0.0547060393673327","0.0638855075706017","0.0650050809303238","0.0614097642633711","0.0166857483346958","0.0163753728726555","0.0928985178801877","0.0492629306815176","0.0313025440840591","0.152844486270778","0.0626538932019992","0.145482052623159","0.548841674832294","0.208241061983986","0.175528949032094","1.44210635007159","1.04941966899745","1.2053764582613","1.75211269953824","3.71627865194879","1.3782379938357","2.0169329921964","3.04471491349847","1.7625357897008","1.3065358403565","1.07149977395183","0.617867776842894","0.656229604029038","0.8515455771592","1.07176983707974","0.800234541340992","0.671878728243518","1.22270966877205","","","","",
"IDA only","IDX","Coal rents (% of GDP)","NY.GDP.COAL.RT.ZS","","","","","","","","","","","","","","","","0.0251145933680943","","","","","0.0925070752833143","0.104522615817851","0.122798401082381","0.125796865740013","0.10065147077393","0.088967872429798","0.0612041658006936","0.0420978612509818","0.0309944141725853","0.0434574411216242","0.0464995682158269","0.0386442601998363","0.036738148860766","0.0267420563423506","0.0204434701992297","0.0252668461397514","0.0264305781696708","0.0246122522900456","0.0249336001448502","0.0178217900956659","0.0166401717639342","0.0243053168192432","0.0209911001645033","0.0174909003366519","0.0282844646409416","0.0389938658438871","0.0397723061925981","0.0346277742663589","0.111470946917051","0.0507669513365997","0.0703979216093998","0.111704372491107","0.0826367088800362","0.0589008668000319","0.0503583901629763","0.0361348094841812","0.0388872000800128","0.0794950185250444","0.101492076174649","0.0615295925394547","0.0341624632490234","0.0672349764117477","","","","",
"Isle of Man","IMN","Coal rents (% of GDP)","NY.GDP.COAL.RT.ZS","","","","","","","","","","","","","","","","","","","","","","","","","","","","","","","","","","","","","","","","","","","","","","","","","","","","","","","","","","","","","","","","","","",
"India","IND","Coal rents (% of GDP)","NY.GDP.COAL.RT.ZS","","","","","","","","","","","","0.214919827055247","0.234750432206207","0.246383678365919","0.469979675603124","1.175098683783","1.2214664870532","1.06095508729809","0.832841678132775","0.755688359757107","0.919847834780402","1.43688473434832","1.56172086170919","0.97660072739886","0.878231542321549","0.878807726618494","0.674957950040659","0.414500895391593","0.525682545113212","0.693099716934956","0.768057500529446","0.974235498640902","0.840500822478065","0.612050715657797","0.573975195576538","0.863764803713199","0.774428518220195","0.663859522737113","0.529120776697301","0.367818969171655","0.493768594747216","0.803917719626811","0.568997608664759","0.573742461427988","1.35785293463509","1.09839598619948","1.10274899573459","1.18900229850656","2.84447501265705","1.38813218734613","1.63399933661428","2.00973994959679","1.48448439843746","1.21260035181289","0.982606993768469","0.767869514330021","0.81269479010056","0.944480460585748","1.16154280861105","0.831651347921673","0.699928572284321","1.28029169863481","","","","",
"Not classified","INX","Coal rents (% of GDP)","NY.GDP.COAL.RT.ZS","","","","","","","","","","","","","","","","","","","","","","","","","","","","","","","","","","","","","","","","","","","","","","","","","","","","","","","","","","","","","","","","","","",
"Ireland","IRL","Coal rents (% of GDP)","NY.GDP.COAL.RT.ZS","","","","","","","","","","","0","5.85617257238479E-05","4.88711284342654E-05","4.69051355815947E-05","0.000123051812673345","0.00478403605491538","0.00457300414895603","0.00335672566559111","0.00045544692006552","0.000915298904034869","0.00229381645406384","0.00767190266235558","0.00720565862191102","0.00261957785897072","0.000814209459364718","0.00133240999007354","0.000153460620504209","1.45140041589358E-05","2.02960815674808E-05","2.70775313048168E-05","0.000247675413941216","8.79002658539598E-06","4.32744429704362E-06","8.3045656009386E-07","1.04626326573123E-06","3.47044118484074E-06","0","0","0","0","0","0","0","0","0","0","0","0","0","0","0","0","0","0","0","0","0","0","0","0","0","0","","","","",
"Iran, Islamic Rep.","IRN","Coal rents (% of GDP)","NY.GDP.COAL.RT.ZS","","","","","","","","","","","","0.010349891716658","0.0123706888059277","0.0141681851161953","0.0192463608870437","0.0424587996189796","0.0419585996413758","0.0355765947131469","0.0268732594998453","0.02447927578259","0.0237816471606177","0.027591347695844","0.0279352557661479","0.0199593465726801","0.0166326788423438","0.0137143797656958","0.00934051269957067","0.00960065426232698","0.0101394527427307","0.011014298426212","0.0118142061866022","","","0.0162224022609168","0.00919304602902566","0.00935568614158531","0.00762702010426342","0.00736754594581021","0.00907259710702086","0.00237000176407814","0.00362533401870033","0.0076052063198428","0.00784399323515275","0.00482869722363294","0.0115248494401764","0.0214272817010313","0.0222124920623487","0.011983461167409","0.0441506050715156","0.019462552224609","0.0177607864327432","0.0223657016252693","0.00931819065710996","0.00681591549931996","0.00469138231406816","0.00314663086804457","0.00372925001610146","0.00630070612047797","0.0108792652293042","0.00989698080163411","0.00843627707892616","0.00939526245305688","","","","",
"Iraq","IRQ","Coal rents (% of GDP)","NY.GDP.COAL.RT.ZS","","","","","","","","","","","","0","0","0","0","0","0","0","0","","0","0","0","0","0","0","0","0","0","0","0","","","","0","0","0","0","0","0","0","0","0","0","0","0","0","0","0","0","0","0","0","0","0","0","0","0","0","0","0","0","","","","",
"Iceland","ISL","Coal rents (% of GDP)","NY.GDP.COAL.RT.ZS","","","","","","","","","","","0","0","0","0","0","0","0","0","0","0","0","0","0","0","0","0","0","0","0","0","0","0","0","0","0","0","0","0","0","0","0","0","0","0","0","0","0","0","0","0","0","0","0","0","0","0","0","0","0","0","0","0","","","","",
"Israel","ISR","Coal rents (% of GDP)","NY.GDP.COAL.RT.ZS","","","","","","","","","","","","","","","","","","","","","","","","","","","","","","","","","","","","0","0","0","0","0","0","0","0","0","0","0","0","0","0","0","0","0","0","0","0","0","0","0","0","0","0","0","","","","",
"Italy","ITA","Coal rents (% of GDP)","NY.GDP.COAL.RT.ZS","","","","","","","","","","","0","0.000117403171180718","7.62999367701444E-05","0.000107891829963917","0.000211989140870661","0.00201397244060721","0.00196969171592369","0.00160034931086151","0.000930726631344771","0.000783618460358493","0.00124618052208677","0.00273152497228649","0.00463880848892826","0.00175184247359195","0.00098765704760666","0.0014677198443251","0.000169423029375902","4.01297930630673E-05","5.86192436582218E-05","7.38210525553221E-05","0.000213250976065633","0.000171649495443069","8.59494157366518E-05","8.59181109020741E-06","4.47799352339986E-06","1.33304471651795E-05","5.50714220953035E-06","3.95683064204356E-06","6.52631970413127E-06","8.10020277874573E-07","9.55690660531109E-07","7.35012042924132E-05","3.23734497505581E-05","4.36295055277936E-05","0.00011467987855159","7.49835019329792E-05","1.64753472770459E-05","0.000174438843729731","0.000384831277270786","7.82261563599532E-05","0.000211731529392601","0.000222534799566464","0.000101850524637561","5.17984459721475E-05","5.873478734035E-05","5.64826682052003E-05","0","0","0","0","0","0","","","","",
"Jamaica","JAM","Coal rents (% of GDP)","NY.GDP.COAL.RT.ZS","","","","","","","","","","","","0","0","0","0","0","0","0","0","0","0","0","0","0","0","0","0","0","0","0","0","0","0","0","0","0","0","0","0","0","0","0","0","0","0","0","0","0","0","0","0","0","0","0","0","0","0","0","0","0","0","0","","","","",
"Jordan","JOR","Coal rents (% of GDP)","NY.GDP.COAL.RT.ZS","","","","","","","","","","","","0","0","0","0","0","0","0","0","0","0","0","0","0","0","0","0","0","0","0","0","0","0","0","0","0","0","0","0","0","0","0","0","0","0","0","0","0","0","0","0","0","0","0","0","0","0","0","0","0","0","0","","","","",
"Japan","JPN","Coal rents (% of GDP)","NY.GDP.COAL.RT.ZS","","","","","","","","","","","0.0197706085370971","0.0120636098667791","0.00715926816627814","0.00533881264083675","0.0173300243875726","0.0501727264722401","0.0567027440033252","0.04641773907934","0.027557868468361","0.0215968084923057","0.0236056769190975","0.0356765097334935","0.0423414929807857","0.0234197183323731","0.0156312008515867","0.0146198074796206","0.00512864576427554","0.000436189502186129","0.00112685755110957","0.00170439562633012","0.00145444816451796","0.0010297508226297","0.000465899288424727","2.76363161036511E-05","2.36450683977734E-05","0.00027887956280974","5.96883614161789E-05","1.91404024602643E-05","6.15213695853278E-05","2.45388959504747E-05","5.00017498872993E-05","0.000409289026105401","4.67064859272552E-05","4.25530588203287E-05","0.000570872179542008","0.000377556029224638","0.000465519876078042","0.000740045469435431","0.00168989576253766","0.000473593601447198","0.000820799341360047","0.001126753484762","0.000681640089152805","0.000673584029783952","0.000611340153897241","0.000356434915133004","0.000362610428641275","0.000506496310013594","0.000406308319759457","0.000235295367441627","0.000195156966489782","0.000357494585802386","","","","",
"Kazakhstan","KAZ","Coal rents (% of GDP)","NY.GDP.COAL.RT.ZS","","","","","","","","","","","","","","","","","","","","","","","","","","","","","","","2.93362908414046","2.87466511018547","2.01112441965847","1.13793527313208","0.765798258775298","1.096277531173","0.877093606571069","0.636442221249353","0.545506070842269","0.283928508306016","0.763275560850573","1.69987911925213","0.838526701281602","0.737882921244197","2.86683924781304","1.88738405653817","1.56920831525736","1.50666818196351","4.76760578272819","1.774081648721","2.44766697370492","2.47402353369514","1.16307150777107","0.539678974748581","0.517573287575169","0.427727747530492","0.687792012117953","0.837979080702583","0.93298984923782","0.65685203992523","0.570036728063378","0.848889916850088","","","","",
"Kenya","KEN","Coal rents (% of GDP)","NY.GDP.COAL.RT.ZS","","","","","","","","","","","","0","0","0","0","0","0","0","0","0","0","0","0","0","0","0","0","0","0","0","0","0","0","0","0","0","0","0","0","0","0","0","0","0","0","0","0","0","0","0","0","0","0","0","0","0","0","0","0","0","0","0","","","","",
"Kyrgyz Republic","KGZ","Coal rents (% of GDP)","NY.GDP.COAL.RT.ZS","","","","","","","","","","","","","","","","","","","","","","","","","","","","","","","0.45606428703714","0.418749623030347","0.163703874963516","0.0207857517245388","0.0169227062138813","0.0402887332114325","0.0195555351289102","0.0119171227264542","0.016510213150811","0.00371996867443088","0.03503197691603","0.119776193517","0.0391165928677559","0.0305895344385065","0.26902172298262","0.115019797922825","0.100806703723948","0.152101434131713","0.427096068416551","0.172862286981781","0.303050305289713","0.416326855099761","0.236331327157742","0.13882888823816","0.151111714831141","0.129856171145207","0.129937189552705","0.154626266886822","0.218169107095955","0.160152432876729","0.172697754818117","0.257836525140979","","","","",
"Cambodia","KHM","Coal rents (% of GDP)","NY.GDP.COAL.RT.ZS","","","","","","","","","","","","","","","","","","","","","","","","","","","","","","","","","","","","0","0","0","0","0","0","0","0","0","0","0","0","0","0","0","0","0","0","0","0","0","0","0.00178386081039408","0.00292704173573828","0.00230289385566912","0.00240951192609204","0.00480544500071724","","","","",
"Kiribati","KIR","Coal rents (% of GDP)","NY.GDP.COAL.RT.ZS","","","","","","","","","","","","","","","","","","","","","0","0","0","0","0","0","0","0","0","0","0","0","0","0","0","0","0","0","0","0","0","0","0","0","0","0","0","0","0","0","0","0","0","0","0","0","0","0","0","0","0","0","","","","",
"St. Kitts and Nevis","KNA","Coal rents (% of GDP)","NY.GDP.COAL.RT.ZS","","","","","","","","","","","","","","","","","","","","","0","0","0","0","0","0","0","0","0","0","0","0","0","0","0","0","0","0","0","0","0","0","0","0","0","0","0","0","0","0","0","0","0","0","0","0","0","0","0","0","0","0","","","","",
"Korea, Rep.","KOR","Coal rents (% of GDP)","NY.GDP.COAL.RT.ZS","","","","","","","","","","","","0.008498855338315","0.00863416298979698","0.0124646978801575","0.160024147419944","0.611783236512105","0.420923323555965","0.351481549971064","0.217843536377056","0.163080658926094","0.303847959413872","0.532445138948635","0.533370300470617","0.231659509685997","0.151205056297403","0.193226358137768","0.0848089460919008","0.00285307474630361","0.0283420176358323","0.0328569945433949","0.0272590874329558","0.0165510745087183","0.00565849796979336","0.000296361004915716","0.000208477824201669","0.00190322670663266","0.000300720950208986","0.000134744388963122","0.00061156393988642","0.000204308915007702","0.0010203696930801","0.00749057493559151","0.000690341283667374","0.000571790932514606","0.00758358462468118","0.00379756362562064","0.00364942166096732","0.00578023391303985","0.015710328504768","0.00491665109229314","0.00667028166354928","0.00866865320454893","0.00481877575087728","0.0028374905082032","0.00204256397687853","0.0011509345645292","0.00123764220447531","0.00136736003257122","0.00116307142139939","0.000847332735118339","0.000675182032437153","0.00109890187258597","","","","",
"Kuwait","KWT","Coal rents (% of GDP)","NY.GDP.COAL.RT.ZS","","","","","","","","","","","","0","0","0","0","0","0","0","0","","0","0","0","0","0","0","0","0","0","0","0","0","0","0","0","0","0","0","0","0","0","0","0","0","0","0","0","0","0","0","0","0","0","0","0","0","0","0","0","0","0","","","","","",
"Latin America & Caribbean (excluding high income)","LAC","Coal rents (% of GDP)","NY.GDP.COAL.RT.ZS","","","","","","","","","","","","0.00829973804135936","0.00720994345047121","0.0066831784034567","0.0170243319568321","0.0419272621392382","0.0451589056379058","0.0471313080034548","0.0393622187624087","0.0339401386255254","0.0312509702356504","0.0417966645815162","0.0543605084268129","0.0466101157027966","0.0388926811849107","0.0458576499750261","0.0290005420601527","0.00972984334190529","0.0130943680638039","0.0246866420814736","0.0268280140487756","0.0217637043605561","0.0130430941596072","0.00340498231850124","0.00215754945049874","0.00886476294757487","0.00442426566839623","0.00290242975916732","0.00186080304472109","0.000586302006502051","0.000641766870606215","0.00866500115610975","0.00227277195505367","0.00257282447951118","0.0807859421338537","0.0507762810334542","0.053832742981141","0.0773089673360357","0.19410458036094","0.0588047947251224","0.0993206205489435","0.143460530575467","0.0864825215457349","0.06345699606723","0.0507179524961673","0.0431768539657408","0.0530545571962327","0.0624045226466786","0.069923505206131","0.051963170180639","0.0318847098434512","0.0613701839967069","","","","",
"Lao PDR","LAO","Coal rents (% of GDP)","NY.GDP.COAL.RT.ZS","","","","","","","","","","","","","","","","","","","","","","","","","0.000188018177411408","0.000438654477348997","0.000550352609848263","1.91502023206251E-05","0.00046289536212962","0.000652626825672606","0.0018303824109783","0.00208737125868765","0.0017546487106307","0.000165065396027695","0.000197180634561493","0.00305415326609464","0.000678560835778018","0.000327941027817584","0.0324937835582029","0.0193122136142919","0.0445899933144997","0.104442091245031","0.0685645442274591","0.0515999609543647","0.297933282046325","0.191304258857786","0.169639597729574","0.433645537959031","0.556859052832542","0.215514625203559","0.397807012077435","0.463089061823866","0.22963196538877","","","","","","","","","","","","","",
"Lebanon","LBN","Coal rents (% of GDP)","NY.GDP.COAL.RT.ZS","","","","","","","","","","","","","","","","","","","","","","","","","","","","","0","0","0","0","0","0","0","0","0","0","0","0","0","0","0","0","0","0","0","0","0","0","0","0","0","0","0","0","0","0","0","0","0","0","","","","",
"Liberia","LBR","Coal rents (% of GDP)","NY.GDP.COAL.RT.ZS","","","","","","","","","","","","","","","","","","","","","","","","","","","","","","","","","","","","","","","","","0","0","0","0","0","0","0","0","0","0","0","0","0","0","0","0","0","0","0","0","0","0","","","","",
"Libya","LBY","Coal rents (% of GDP)","NY.GDP.COAL.RT.ZS","","","","","","","","","","","","","","","","","","","","","","","","","","","","","","","0","0","0","0","0","0","0","0","0","0","0","0","0","0","0","0","0","0","0","0","0","0","0","0","0","0","0","0","0","0","0","0","","","","",
"St. Lucia","LCA","Coal rents (% of GDP)","NY.GDP.COAL.RT.ZS","","","","","","","","","","","","","","","","","","","","","0","0","0","0","0","0","0","0","0","0","0","0","0","0","0","0","0","0","0","0","0","0","0","0","0","0","0","0","0","0","0","0","0","0","0","0","0","0","0","0","0","0","","","","",
"Latin America & Caribbean","LCN","Coal rents (% of GDP)","NY.GDP.COAL.RT.ZS","","","","","","","","","","","","0.00753464284617559","0.00658765461066133","0.00610880487628355","0.0169780412546038","0.044474973435844","0.0463949488974074","0.0477942214051394","0.0390929018174808","0.0330536458206415","0.0307311546122052","0.0418407132198662","0.0530343565147017","0.0446914929500671","0.0371746931255257","0.0441476963110381","0.0276471072357821","0.00882600352318233","0.0123433171834357","0.023549251768852","0.0256257143075803","0.0208033862966375","0.0121744444587454","0.00311031395652974","0.00197945370944239","0.00823596908024736","0.00406268557389472","0.00265108603082745","0.00169608450746781","0.000529159894299423","0.000582749292894221","0.00789101131260683","0.00203565230121424","0.00229457121011722","0.079365192051846","0.0492337337224371","0.0517200063595183","0.0744760765278854","0.185851771557702","0.0551950716642599","0.0935754197191296","0.133996289081021","0.0800305751176009","0.0590495033407967","0.0473658211962621","0.0393389778377744","0.0477893910705187","0.0564016448929773","0.0626226998108913","0.0463035069077075","0.0280971089164365","0.0533301310644618","","","","",
"Least developed countries: UN classification","LDC","Coal rents (% of GDP)","NY.GDP.COAL.RT.ZS","","","","","","","","","","","","","","","","","","","","","0.115836706772318","0.132690215057354","0.158004222691215","0.166739215050147","0.134448735663158","0.114831156262521","0.077178650101703","0.0512697451212823","0.0362542705645137","0.0490120233376609","0.0448097555075114","0.0372155510448534","0.0412172818723438","0.0321147392563893","0.0245887129616097","0.0303167836756187","0.0321378514434081","0.0302350456015628","0.0311803587391288","0.0223359264474727","0.02000017094375","0.0288030770473714","0.0244350660903595","0.0201681376009552","0.0303336141520865","0.042582719685334","0.0434072748082133","0.0362659189233755","0.0879227223661648","0.0461792344220684","0.0614099179087608","0.104891898274978","0.0799625602131572","0.0589605430477844","0.0499182642675388","0.0370325183137454","0.0413066670627452","0.0862369286890192","0.110376337111248","0.0660610053527694","0.0350321223848145","0.0684136675590573","","","","",
"Low income","LIC","Coal rents (% of GDP)","NY.GDP.COAL.RT.ZS","","","","","","","","","","","","","","","","","","","","","0.00637009384262276","0.00859748167468695","0.00825956444224688","0.00685070619881263","0.00615673055747544","0.00799566909735292","0.00561974283046324","0.0042816720859012","0.00538528789261176","0.00632890171416501","0.00463841326557165","0.00276100120363932","0.00332423869376309","0.00235413574506313","0.00263378460096575","0.00416011928420797","0.00359877983200735","0.00259533456299625","0.00199667836163667","0.00136363384566648","0.00172309874380215","0.00272235109084528","0.00214487183112452","0.00250531598060044","0.00550711613380124","0.00294720156561448","0.00348499434431327","0.0061603409515575","0.013665165485461","0.0075145472250263","0.0152525987450611","0.0907432379942132","0.108693117930353","0.0925256718712731","0.0791071933826348","0.0607325996727938","0.0754236688961151","0.18375028305892","0.248860170158432","0.146852332172113","0.0681811887034254","0.149556998362383","","","","",
"Liechtenstein","LIE","Coal rents (% of GDP)","NY.GDP.COAL.RT.ZS","","","","","","","","","","","","","","","","","","","","","","","","","","","","","","","","","","","","","","","","","","","","","","","","","","","","","","","","","","","","","","","","","","",
"Sri Lanka","LKA","Coal rents (% of GDP)","NY.GDP.COAL.RT.ZS","","","","","","","","","","","","0","0","0","0","0","0","0","0","0","0","0","0","0","0","0","0","0","0","0","0","0","0","0","0","0","0","0","0","0","0","0","0","0","0","0","0","0","0","0","0","0","0","0","0","0","0","0","0","0","0","0","","","","",
"Lower middle income","LMC","Coal rents (% of GDP)","NY.GDP.COAL.RT.ZS","","","","","","","","","","","","0.117820025147379","0.127255610063161","0.137286527598858","0.235436210679575","0.523771477326276","0.539928540849275","0.492223711457067","0.381532358666435","0.330089406158595","0.404749714609909","0.514617733033987","0.588108162913838","0.428405378954392","0.393624499351536","0.40451810391174","0.32247791361653","0.214093619731714","0.262143480212967","0.354344097345126","0.383742937296823","0.425590004862047","0.372419791871109","0.260385428650525","0.254961013101694","0.349106306028967","0.301491959862124","0.25499865480588","0.19897402422745","0.164417475163234","0.208804281831126","0.346550458246254","0.253163298488172","0.265004818921704","0.636943111354474","0.514683010096232","0.500296118690007","0.566200087713882","1.1931541738981","0.612555525722962","0.75460897558404","0.932442593676902","0.646722231234267","0.524583550373111","0.439099959511492","0.371606587115121","0.410881033476605","0.51365093541096","0.615015745079753","0.425745698068495","0.351991119829937","0.666313366229815","","","","",
"Low & middle income","LMY","Coal rents (% of GDP)","NY.GDP.COAL.RT.ZS","","","","","","","","","","","","0.0987604548489248","0.0971035673991472","0.0983624806425847","0.245537014616304","0.712792995589099","0.720385148999077","0.724768277008323","0.608538398830364","0.542022499351633","0.733310529367979","1.11912940540193","1.29804520942352","0.811259234797597","0.642439571790579","0.734081293741069","0.439429187262413","0.181799653170119","0.306334888898466","0.419034586353635","0.473218708674156","0.46279361726975","0.330394781191382","0.164110847102585","0.136071880811866","0.24405733953588","0.161849671627422","0.130528404812702","0.124625786354688","0.0833799680077301","0.123094601361339","0.361716199388132","0.181394834551525","0.174134644329713","1.00376918959032","0.739605705303316","0.748343445276514","0.888944733957444","2.14303188333291","0.841774349144618","1.277361408688","1.6947221578216","0.940793693819755","0.630690827304042","0.490601634142016","0.304059960187944","0.326467153748723","0.419389620572103","0.483246707809503","0.36489869256508","0.30293766022725","0.531233211778855","","","","",
"Lesotho","LSO","Coal rents (% of GDP)","NY.GDP.COAL.RT.ZS","","","","","","","","","","","","","","","","","","","","","0","0","0","0","0","0","0","0","0","0","0","0","0","0","0","0","0","0","0","0","0","0","0","0","0","0","0","0","0","0","0","0","0","0","0","0","0","0","0","0","0","0","","","","",
"Late-demographic dividend","LTE","Coal rents (% of GDP)","NY.GDP.COAL.RT.ZS","","","","","","","","","","","","0.0398718050307403","0.0364480423817614","0.0378368196629429","0.295809462845869","1.10003252535625","1.08277176291096","1.07483725094906","0.959115361906774","0.815635116146684","1.18245583756184","2.02031759676452","2.30218941901658","1.41033343732967","1.03591259784447","1.16003103384564","0.555168021886065","0.063410690246072","","0.440984074117228","0.604507255761571","0.501862148927381","0.323600745543771","0.121485334861154","0.0655305400870287","0.183746075050913","0.0880084642759353","0.0646353496999333","0.0864389784977866","0.0483945432999936","0.0901546217813163","0.404104514606666","0.158873293160873","0.132931044136451","1.1767842690196","0.859210628804723","0.843195624697733","0.955547692280954","2.40272488312613","0.937362046853126","1.46337331128252","1.87520056599974","0.992273317642276","0.615017644891988","0.479784548997328","0.289339520987818","0.306646100759599","0.394814086843512","0.437495470785231","0.340099932856499","0.279082479660963","0.480955563727029","","","","",
"Lithuania","LTU","Coal rents (% of GDP)","NY.GDP.COAL.RT.ZS","","","","","","","","","","","","","","","","","","","","","","","","","","","","","","","","","","","","0","0","0","0","0","0","0","0","0","0","0","0","0","0","0","0","0","0","0","0","0","0","0","0","0","0","0","","","","",
"Luxembourg","LUX","Coal rents (% of GDP)","NY.GDP.COAL.RT.ZS","","","","","","","","","","","0","0","0","0","0","0","0","0","0","0","0","0","0","0","0","0","0","0","0","0","0","0","0","0","0","0","0","0","0","0","0","0","0","0","0","0","0","0","0","0","0","0","0","0","0","0","0","0","0","0","0","0","","","","",
"Latvia","LVA","Coal rents (% of GDP)","NY.GDP.COAL.RT.ZS","","","","","","","","","","","","","","","","","","","","","","","","","","","","","","","","","","","","0","0","0","0","0","0","0","0","0","0","0","0","0","0","0","0","0","0","0","0","0","0","0","0","0","0","0","","","","",
"Macao SAR, China","MAC","Coal rents (% of GDP)","NY.GDP.COAL.RT.ZS","","","","","","","","","","","","","","","","","","","","","","","0","0","0","0","0","0","0","0","0","0","0","0","0","0","0","0","0","0","0","0","0","0","0","0","0","0","0","0","0","0","0","0","0","0","0","0","0","0","0","0","","","","",
"St. Martin (French part)","MAF","Coal rents (% of GDP)","NY.GDP.COAL.RT.ZS","","","","","","","","","","","","","","","","","","","","","","","","","","","","","","","","","","","","","","","","","","","","","","","","","","","","","","","","","","","","","","","","","","",
"Morocco","MAR","Coal rents (% of GDP)","NY.GDP.COAL.RT.ZS","","","","","","","","","","","","0.00417043277906172","0.00580781195012161","0.00855515063751626","0.0286587595248518","0.0850926503487122","0.0868776850259206","0.0780202056685723","0.0556154818215503","0.0445948420829154","0.0522300176734273","0.104688254494557","0.11630054432725","0.0671766917524382","0.0574644756626751","0.0645846092132688","0.0277749335226695","0.00566944970667675","0.0109794060579752","0.0132187455389548","0.0147190427436801","0.0136058154924828","0.0100377627250247","0.00157355774394621","0.00176696837667884","0.0118332933823331","0.00551396203314793","0.00214832567135911","0.00173086491005379","1.97664646532024E-07","0.000330792270591261","5.52658321011586E-05","0","0","0.00113018455248217","0.000393674908270451","0.000128482825881006","0","0","0","0","0","0","0","0","0","0","0","0","0","0","0","","","","",
"Monaco","MCO","Coal rents (% of GDP)","NY.GDP.COAL.RT.ZS","","","","","","","","","","","","","","","","","","","","","","","","","","","","","","","","","","","","","","","","","","","","","","","","","","","","","","","","","","","","","","","","","","",
"Moldova","MDA","Coal rents (% of GDP)","NY.GDP.COAL.RT.ZS","","","","","","","","","","","","","","","","","","","","","","","","","","","","","","","","","","","","0","0","0","0","0","0","0","0","0","0","0","0","0","0","0","0","0","0","0","0","0","0","0","0","0","0","0","","","","",
"Madagascar","MDG","Coal rents (% of GDP)","NY.GDP.COAL.RT.ZS","","","","","","","","","","","","","","","","","","","","","0","0","0","0","0","0","0","0","0","0","0","0","0","0","0","0","0","0","0","0","0","0","0","0","0","0","0","0","0","0","0","0.000322260550655754","0.000419342345868383","0.000503807061428649","0.000428259605667876","0.000163962299589566","0.000131585329685599","7.3058283026749E-06","0","0","0","0","","","","",
"Maldives","MDV","Coal rents (% of GDP)","NY.GDP.COAL.RT.ZS","","","","","","","","","","","","","","","","","","","","","0","0","0","0","0","0","0","0","0","0","0","0","0","0","0","0","0","0","0","0","0","0","0","0","0","0","0","0","0","0","0","0","0","0","0","0","0","0","0","0","0","0","","","","",
"Middle East, North Africa, Afghanistan & Pakistan","MEA","Coal rents (% of GDP)","NY.GDP.COAL.RT.ZS","","","","","","","","","","","","0.00710865765030049","0.00770915371853898","0.0087071034780144","0.0111889206734847","0.0234783109178608","0.0193227792099497","0.0175327152899735","0.012830613882449","0.0124243030087987","0.0106949865294013","0.0148357080607541","0.0175597424365367","0.0116723523288528","0.0098822359313677","0.0107840416457329","0.00765105699703967","0.00516954602408121","0.00700296512105212","0.00757233780221649","0.00647595747398008","0.00800404102011559","0.00656648070946452","0.00584167354968857","0.00481078196934321","0.0072111317614867","0.00566774680621709","0.00415383244515712","0.00415058626820019","0.00219603516065195","0.00307093286175713","0.00555254259111486","0.00421699071658883","0.00397941686881039","0.0115036284081175","0.0100723198980733","0.00818781635585836","0.00919156356955163","0.0178884988276223","0.00852310373944047","0.0100932573395076","0.0123365044677864","0.006664148125579","0.00562835706771506","0.00498627043414802","0.00454067611968036","0.00495128418952044","0.0069740890695096","0.00985537831737079","0.00874302161200249","0.00665251765617244","0.0112531268331121","","","","",
"Mexico","MEX","Coal rents (% of GDP)","NY.GDP.COAL.RT.ZS","","","","","","","","","","","","0.0186834182184142","0.0160453060374469","0.0172044546066276","0.0347959638029933","0.0692885004366197","0.0729095749498757","0.0940948500281796","0.0749475789727273","0.0529286509832884","0.031356734801462","0.0295900935287583","0.0556412324912301","0.0696050851614401","0.0520637881211353","0.0433284552851177","0.0457242358883196","0.0247876253640453","0.0162641928972486","0.0230098533410818","0.0282894233064959","0.0195016516298965","0.0108821335962508","0.00454704908737155","0.00358215578852485","0.0108160359365737","0.00946026659704844","0.00654849152208297","0.00383170138096449","0.000955131948884417","0.0010126660789203","0.0069582517531789","0.00261380116904821","0.00418837848129839","0.0273022630858051","0.0295646975447426","0.0355247371379613","0.0352874169588699","0.106680413833219","0.0535139993276361","0.0796871696268284","0.132625302569202","0.0594435226719813","0.0394965314684216","0.0296217542584092","0.0146209134508051","0.02079440539794","0.0246410567158187","0.025196241296921","0.0153902956410095","0.0111313464432547","0.0161205544445626","","","","",
"Marshall Islands","MHL","Coal rents (% of GDP)","NY.GDP.COAL.RT.ZS","","","","","","","","","","","","","","","","","","","","","","","","","","","","","","","","","","","","","","","","","","","","","","","","","","","","","","","","","","","","","","","","","","",
"Middle income","MIC","Coal rents (% of GDP)","NY.GDP.COAL.RT.ZS","","","","","","","","","","","","0.1009309542637","0.0992143952228855","0.100396760396473","0.250853937973257","0.729106368740055","0.736769937941119","0.742166556703899","0.624280376949729","0.55472929047643","0.756318491243768","1.15491132774681","1.3406136922868","0.837962301373241","0.662555516445293","0.755292010790091","0.452226592107513","0.18715774306363","0.315443491711765","0.431784809433438","0.489624721842407","0.482717559599083","0.339578541420125","0.168476612333537","0.139060272062283","0.248277049100188","0.164264655356858","0.132473039512283","0.12652659935569","0.0847041592535364","0.125338418151955","0.368049575901921","0.184940688600409","0.177511481570545","1.02326403247423","0.754381216581326","0.763164435953201","0.906392857420588","2.18575254932526","0.858487124433438","1.30037312884377","1.72176849967788","0.95361475906213","0.638878460070399","0.49701365619521","0.307903285474368","0.330000279442434","0.422563000413317","0.486377520150629","0.367685889818577","0.306014187700376","0.535809228347333","","","","",
"North Macedonia","MKD","Coal rents (% of GDP)","NY.GDP.COAL.RT.ZS","","","","","","","","","","","","","","","","","","","","","","","","","","","","","","","0.00453228765068516","0.00392474577000559","0.00485377907449324","0.000764885317855214","0.00077138104502555","0.00230406637363172","0.00171178224679569","0.00105397322051821","0.00133990176476614","0.000160552269588195","0.00329262426606446","0.00739631772439851","0.00356552995609467","0.00400283710195594","0.0173735329313722","0.011025567729415","0.0120998120637082","0.0156339602417874","0.0436126414299653","0.013458054029194","0.0331827860054843","0.0360413038156159","0.0171110905804179","0.00830353548003651","0.00729713021540102","0.00650151594708905","0.00516706112317016","0.00892012882391739","0.00774298342140328","0.00541957633738037","0.00468025623189221","0.00863232977360442","","","","",
"Mali","MLI","Coal rents (% of GDP)","NY.GDP.COAL.RT.ZS","","","","","","","","","","","","","","","","","","","","","0","0","0","0","0","0","0","0","0","0","0","0","0","0","0","0","0","0","0","0","0","0","0","0","0","0","0","0","0","0","0","0","0","0","0","0","0","0","0","0","0","0","","","","",
"Malta","MLT","Coal rents (% of GDP)","NY.GDP.COAL.RT.ZS","","","","","","","","","","","","0","0","0","0","0","0","0","0","0","0","0","0","0","0","0","0","0","0","0","0","0","0","0","0","0","0","0","0","0","0","0","0","0","0","0","0","0","0","0","0","0","0","0","0","0","0","0","0","0","0","0","","","","",
"Myanmar","MMR","Coal rents (% of GDP)","NY.GDP.COAL.RT.ZS","","","","","","","","","","","","0.000247238967345992","0.000267036448454139","0.000267597887957173","0.00372859497976205","0.0141019665550498","0.0120718049930234","0.0197206081454518","0.0282672042725261","0.0277480397208343","0.0362220151565646","0.0933411494216272","0.105635223060683","0.0537981777731621","0.0472946942606576","0.0603762907828192","0.0283840944600507","0.00268788381516817","0.0125519945522682","0.0166653924148982","0.0193791716375348","0.0167617637668892","0.00784779273065679","0.000846272134489907","0.000704073755236898","0.00226700799579599","0.000887108103585085","0.000460922229452141","0.00114094515118334","0.00220662426595684","0.0113430463493619","0.0758051855856943","0.0152696880925367","0.0194742616801778","0.125285309017504","0.0923815780690894","0.112014025577255","0.150157592059017","0.221707141220914","0.0500972315373049","0.0863703805009912","0.0860236336627246","0.0564573315956754","0.0270369697390516","0.0251479211009174","0.0151772971723697","0.00859612036331026","0.0154298627627981","0.02945886790351","0.0340926780571958","0.0242925112469022","0.0464337290823448","","","","",
"Middle East, North Africa, Afghanistan & Pakistan (excluding high income)","MNA","Coal rents (% of GDP)","NY.GDP.COAL.RT.ZS","","","","","","","","","","","","0.0087753844408914","0.00974426405002039","0.0114192068435653","0.0177824494111677","0.0382228404185991","0.0322573804256503","0.0294448261144022","0.0213339925606355","0.0220704629490561","0.020377332655839","0.0297126093284451","0.0308916341965314","0.0187117281279632","0.0152882346779027","0.0158120423562982","0.0103568331756477","0.0073838102180259","0.010103517794769","0.011272618095812","0.00898653008127352","","0.0125562947787753","0.010028015777785","0.00819084616880005","0.0140289677943917","0.0110171077037799","0.00805602738541054","0.00771563923861377","0.00408064746877482","0.00585868375630009","0.010456767939977","0.00809232805170781","0.00769988826180887","0.0221606240643595","0.0199389467721898","0.0163060001830989","0.0177801110386931","0.0352219966062388","0.0156378385046386","0.0188707383740733","0.0236851481904745","0.0128150263357307","0.0114052726113362","0.010260880071493","0.00906268214439704","0.00969237160928435","0.014073468885325","0.0212287203755738","0.0192547292378766","0.0143807723503358","0.0243446403931357","","","","",
"Montenegro","MNE","Coal rents (% of GDP)","NY.GDP.COAL.RT.ZS","","","","","","","","","","","","","","","","","","","","","","","","","","","","","","","","","","","","","","","","","","","","","","0.297073785239654","0.299594046102001","0.294771011035765","1.05263175865509","0.185900838034728","0.716295403612445","0.815341280214694","0.346822967174017","0.154702162253761","0.123513438750382","0.0968828936467626","0.0819627752980139","0.104326596931278","0.116984497336867","0.0931587848680625","0.0925290326993661","0.14484831357974","","","","",
"Mongolia","MNG","Coal rents (% of GDP)","NY.GDP.COAL.RT.ZS","","","","","","","","","","","","","","","","","","","","","","2.69908559957294","3.17695222834207","1.56022499477599","1.42435124651694","2.38506638220547","1.04042719504451","0.245347751659661","0.735308352913981","0.974382585234438","1.33140561741337","1.36281314259121","1.39189755875274","0.605844740721407","0.486670076692573","1.32299876645301","0.958756541890785","0.588863551790094","1.15958116737135","0.602340309576675","1.51807420998017","3.00881490469291","1.5492838485279","1.16729060084723","4.6182672365583","4.7391317641898","4.45031620926175","4.86481895009341","13.3347576972343","10.9115496083324","19.6438178089225","25.8999299043664","10.0374339886047","5.90532113283819","4.99665662998931","2.37083694914676","4.33446955900433","7.72740017972011","7.86743352891565","6.60165232977836","4.43853996157604","4.89275510557756","","","","",
"Northern Mariana Islands","MNP","Coal rents (% of GDP)","NY.GDP.COAL.RT.ZS","","","","","","","","","","","","","","","","","","","","","","","","","","","","","","","","","","","","","","","","","","","","","","","","","","","","","","","","","","","","","","","","","","",
"Mozambique","MOZ","Coal rents (% of GDP)","NY.GDP.COAL.RT.ZS","","","","","","","","","","","","","","","","","","","","","","","","","","","","","","","","0.0214262708421322","0.0250474503245564","0.0174833234805787","0.0179502130113527","0.0236495073472511","0.00815966962406552","0.00488395488675665","0.00311825014653437","0.00176610533179615","0.00255061991420226","0.00817710494533627","0.00799736131984257","0.00691378312896811","0.00802687987008606","0.0010053602835455","0.0139501342059779","0.0101828236358189","0.0289147181912644","0.0102326758147043","0.0199714393040125","1.60162322953838","1.98801014512389","1.7152478444751","1.49304929686929","1.26833720910738","1.82404678745023","4.57367559928652","5.85840437749124","3.25799776435329","1.81495130833288","3.78124905359831","","","","",
"Mauritania","MRT","Coal rents (% of GDP)","NY.GDP.COAL.RT.ZS","","","","","","","","","","","","","","","","","","","","","7.84600549817757","9.01439324938559","10.572256419977","11.1895497485539","9.86332374257074","9.07545345108703","5.6433590277809","3.74194722053877","2.57454126174617","3.99753187859186","4.47966206817508","2.94997845544948","2.48663631561685","2.40635147046665","1.70891955845009","2.01177712194494","2.30399243012289","2.43573371972698","2.56559086811147","1.93287240542391","2.03141338076991","2.58932160062699","2.73071651595988","2.10232364238981","2.35598406080186","4.08895330007849","3.53662207542126","2.26137529725392","6.4404399840998","4.09870414799325","4.56933510281066","5.02486052168533","2.41583961574517","1.63001628883715","1.4942762150545","1.02486804494166","0.920132418687253","1.25601532337934","1.11226349111224","0.784232241959444","0.513765063076087","0.670017115111406","","","","",
"Mauritius","MUS","Coal rents (% of GDP)","NY.GDP.COAL.RT.ZS","","","","","","","","","","","","","","","","","0","0","0","0","0","0","0","0","0","0","0","0","0","0","0","0","0","0","0","0","0","0","0","0","0","0","0","0","0","0","0","0","0","0","0","0","0","0","0","0","0","0","0","0","0","0","","","","",
"Malawi","MWI","Coal rents (% of GDP)","NY.GDP.COAL.RT.ZS","","","","","","","","","","","","","","","","","","","","","0","0","0","0.0183412104969235","0.0163333977665017","0.0507120470878278","0.0407753314005407","0.0305393412283546","0.0477296499335569","0.0566751951260851","0.0481345202818517","0.0406865455596066","0.0453073592848027","0.0283932637936015","0.051299570173038","0.0599214349060257","0.0346127415910678","0.0246498175419337","0.0280987971206182","0.0209245895180209","0.0385169697693728","0.0419802307583337","0.01756687476736","0.0282565235614179","0.0507704027095983","0.0384324342348724","0.0446080880730234","0.0554261308582828","0.102860825132369","0.0289060472212568","0.0626336908273944","0.0680857990480494","0.0567668631872671","0.0471963118263986","0.0298560004976618","0.0184546431382984","0.0179067532663158","0.0201542594156459","0.0178482861472595","0.0113816426802696","0.00846742409376605","0.0166282857564063","","","","",
"Malaysia","MYS","Coal rents (% of GDP)","NY.GDP.COAL.RT.ZS","","","","","","","","","","","","0","0","0","0","0","0","0","0","0","0","0","0","0","0","0","0","0","0.000226989357884131","0.0017419099331928","0.00162070534818246","0.00213374040297103","0.000383138541225912","0.000120537732661117","3.73902061760798E-05","0.000419746377614641","0.000129362712820368","5.92895687381115E-05","0.000372518057108307","0.00012111242546197","0.00041713945272182","0.0045386605815816","0.000646918237038824","0.000273980909682817","0.00832402812714146","0.00974663026118162","0.0106744057710384","0.0178770495644514","0.0441804095537564","0.0266907484328461","0.0471703338910635","0.0699189725385976","0.0391007523260482","0.0271783392705705","0.0195299738547053","0.0115048278541161","0.0114268952634963","0.0190568093450257","0.0177159930363127","0.016618676675233","0.0143527755858021","0.0252334817053191","","","","",
"North America","NAC","Coal rents (% of GDP)","NY.GDP.COAL.RT.ZS","","","","","","","","","","","0.0892755673753333","0.0997814505812297","0.105421145302363","0.116944546937589","0.234479514122109","0.546787705024763","0.550198059896631","0.521730477753476","0.39244017422291","0.400929018822337","0.510760300608438","0.68836619241429","0.713258827046635","0.376113117426386","0.306526800889762","0.305916821972569","0.200898409733557","0.108975611133121","0.140629972727677","0.180922345413043","0.193764157200441","0.176092147730507","0.137343094466962","0.0695426505430238","0.0655936901945632","0.184141269872092","0.194349802146665","0.180703064167737","0.159185451058102","0.1232781796604","0.135249397687705","0.205981507682631","0.147484148271009","0.148027455789583","0.307247836222614","0.255663841508898","0.265042262593531","0.236805358367015","0.665889681204822","0.317478313501653","0.442067185680462","0.548809544434315","0.344735214857838","0.263012749077917","0.212612577206669","0.147933570484935","0.131459491700907","0.175037558437196","0.189599031934901","0.125716979868153","0.0808353851493777","0.158229999803729","","","","",
"Namibia","NAM","Coal rents (% of GDP)","NY.GDP.COAL.RT.ZS","","","","","","","","","","","","","","","","","","","","","","","","","","","","","","","","0","0","0","0","0","0","0","0","0","0","0","0","0","0","0","0","0","0","0","0","0","0","0","0","0","0","0","0","0","0","0","","","","",
"New Caledonia","NCL","Coal rents (% of GDP)","NY.GDP.COAL.RT.ZS","","","","","","","","","","","","","","","","","","","","","0","0","0","0","0","0","0","0","0","0","0","0","0","0","0","0","0","0","0","0","0","0","0","0","0","0","0","0","0","0","0","0","0","0","0","0","0","0","0","0","0","0","","","","",
"Niger","NER","Coal rents (% of GDP)","NY.GDP.COAL.RT.ZS","","","","","","","","","","","","0","0","0","0","0","0","0","0","0","0.009430022768384","0.0242782019684016","0.0406289176777071","0.0813559633591178","0.0926192859067218","0.106120803235269","0.0509754777378203","0.0415694405124975","0.0488946650668598","0.0670192657175205","0.0397681253143936","0.0421661533025482","0.0311445169125108","0.0290264012485893","0.0480932153000268","0.0638128481220491","0.0566755512021052","0.0427394072165981","0.029727592795103","0.0195684009473752","0.0302576124785667","0.0499647133055402","0.032312520938159","0.0312263490860586","0.108115808400168","0.0565882238700283","0.055007466870775","0.0629841200401747","0.114066529268946","0.0396820694312682","0.0973243501897151","0.107227307110315","0.0645920818469523","0.046299642680483","0.0344822080892499","0.0234772390851172","0.0268755656188016","0.0314688786329333","0.0311126942946068","0.0227923510814171","0.0197947937949763","0.0372529254036624","","","","",
"Nigeria","NGA","Coal rents (% of GDP)","NY.GDP.COAL.RT.ZS","","","","","","","","","","","","0.00793022868123233","0.0117219265339003","0.0111821882623815","0.0110105855196732","0.0142086051239447","0.00661863276090613","0.0100477842829305","0.0105051008095787","0.00659998398688438","0.00702974103769899","0.00268635854401549","0.00154912379499177","0.0013354201688721","0.00202313144204342","0.00416701236403213","0.00445899506161077","0.00337790785878979","0.00257580639995378","0.00353543568477129","0.00327526673981991","0.00389523171810148","0.00310601673429268","0.00124245955946862","0.000957189031828991","0.000845576116333562","0.000254396379405733","0.000239083276669217","0.00020685554912186","0.000172706348923129","4.02063709273317E-05","6.70645190902397E-05","0.000481811735688031","0.000266977305556022","0.000219157225500114","0.000134561625710408","0.000108128509525699","0.000378312484578671","0.000929609635473612","0.000381672579786752","0.000623772030239382","0.00059645877958611","0.000544124425098797","0.000358794263209442","0.000247381085254014","0.000225610780824667","0.000315241982083601","0.000446678960032166","0.000441431572252908","0.000344190170794397","0.000239911775883114","0.000478431638825823","","","","",
"Nicaragua","NIC","Coal rents (% of GDP)","NY.GDP.COAL.RT.ZS","","","","","","","","","","","","0","0","0","0","0","0","0","0","0","0","0","0","0","0","0","0","0","0","0","0","0","0","0","0","0","0","0","0","0","0","0","0","0","0","0","0","0","0","0","0","0","0","0","0","0","0","0","0","0","0","0","","","","",
"Netherlands","NLD","Coal rents (% of GDP)","NY.GDP.COAL.RT.ZS","","","","","","","","","","","0","0.000241044960320481","0.000189317581968762","0.000118943827585796","0.000112008698046078","0","0","0","0","0","0","0","0","0","0","0","0","0","0","0","0","0","0","0","0","0","0","0","0","0","0","0","0","0","0","0","0","0","0","0","0","0","0","0","0","0","0","0","0","0","0","0","","","","",
"Norway","NOR","Coal rents (% of GDP)","NY.GDP.COAL.RT.ZS","","","","","","","","","","","0.00859358139311029","0.00868362752369577","0.00737526121824082","0.00582633699435395","0.0103266122134586","0.0210016639384372","0.0311351071606554","0.0233433422680228","0.0169531788593868","0.0115591874842365","0.00850366349824878","0.0180457759723958","0.0213374909972518","0.0152851666517027","0.0117780493461013","0.009629323250276","0.00441420192785288","0.00294440517788742","4.74613344638537E-05","8.77591678006498E-05","0.00132873776919926","0.00127439120314633","0.00071405491178053","0.000104029547168362","0.000152109595594337","0.000495623070086804","0.000248232897441235","0.000211989827041309","0.000216655716585623","2.69160994134634E-05","0.000686832030019998","0.00670896929352104","0.00292238559202479","0.00374326768837809","0.0245300406476059","0.00738231244883555","0.0112032034829543","0.0262338956782607","0.0621317157696806","0.0172755566331691","0.0213595659401432","0.0163198243427435","0.006773704007227","0.00570000481964688","0.00524468700463925","0.00388044762286498","0.00337660408556927","0.000668385613510448","0.000823626670339424","0.000523832286015022","0.000280973212636927","0.000758175459027536","","","","",
"Nepal","NPL","Coal rents (% of GDP)","NY.GDP.COAL.RT.ZS","","","","","","","","","","","","0","0","0","0","0","0","0","0","0","0","0","0","0","0","0","0","0","0","0","0","0","0","0","0","0","0","0","0","0","0.00361957120700216","0.00308752111307696","0.00260076969635691","0.00235467520986336","0.00488260573259377","0.00477903901273278","0.00784522611567117","0.00664869500481226","0.0123667547612362","0.0061701418760256","0.0078338999279562","0.00764892975300979","0.00573225516585173","0.00495863706649407","0.00434662076737776","0.0033106740353512","0.00369891103745001","0.00455544974333973","0.00505202233372013","0.0038213736882493","0.00323492779599548","0.00606226595390929","","","","",
"Naoero","NRU","Coal rents (% of GDP)","NY.GDP.COAL.RT.ZS","","","","","","","","","","","","","","","","","","","","","","","","","","","","","","","","","","","","","","","","","","","","","","","","","","","","","","","","","","","","","","","","","","",
"New Zealand","NZL","Coal rents (% of GDP)","NY.GDP.COAL.RT.ZS","","","","","","","","","","","","0.00440789653329157","0.00443912707612103","0.00671264928821574","0.0519651607276772","0.181051322109879","0.1788697626675","0.153484558746466","0.0939212651635544","0.0705418197090678","0.126018700137297","0.214182889112231","0.234068534759696","0.139843553026591","0.119095530066355","0.115534466170299","0.0520548495175689","0.0116283113211446","0.0203046936693782","0.0382051188861164","0.0387777276902437","0.0403104817232841","0.0347860463739671","0.0179837783318941","0.00771080754723228","0.02344342103635","0.0167401602660161","0.0138341599598687","0.0213047069092806","0.0125625987987789","0.027335482931185","0.0695684221761093","0.0507879701521111","0.0290566144094623","0.0811835089170043","0.103598332435624","0.12993003806763","0.0709625941558605","0.319784688769179","0.153723685036484","0.20750694875161","0.246103790643507","0.123873930791891","0.0670833164312877","0.0417798979558715","0.0230559013337265","0.0214309623807079","0.028685250841757","0.0353255664680367","0.0277129818164676","0.0194952178038486","0.0306624632958425","","","","",
"OECD members","OED","Coal rents (% of GDP)","NY.GDP.COAL.RT.ZS","","","","","","","","","","","0.0695338599899086","0.0741452140056148","0.0688543026223461","0.0684385984788234","0.136065381923079","0.353718204890264","0.367666621222259","0.335473212416838","0.233061196939999","0.214317148719372","0.262515687112778","0.421711475465925","0.465629565218222","0.255608177885082","0.19885962618493","0.206849191395875","0.110458555499575","0.0514862298484764","0.0616895830081095","0.0832501827434753","0.10023682593455","0.0873190850278587","0.0635898990467337","0.0327202243573863","0.0271621149405554","0.0686301664870791","0.0725195979385472","0.0714265564618857","0.0667032462649533","0.0501929245160759","0.0597534493727272","0.103172212656033","0.070542930912148","0.0644475184367785","0.153165279069677","0.13273801248272","0.139386180330685","0.125538657602547","0.370427343563493","0.171306001134481","0.250951260863149","0.310582535263916","0.189854625509313","0.139113503690573","0.114507109848176","0.0831686128671895","0.0789845597474097","0.105255752111159","0.112167077304941","0.0800532615986806","0.0537371965930227","0.098508537034901","","","","",
"Oman","OMN","Coal rents (% of GDP)","NY.GDP.COAL.RT.ZS","","","","","","","","","","","","0","0","0","0","0","0","0","0","0","0","0","0","0","0","0","0","0","0","0","0","0","0","0","0","0","0","0","0","0","0","0","0","0","0","0","0","0","0","0","0","0","0","0","0","0","0","0","0","0","0","0","","","","",
"Other small states","OSS","Coal rents (% of GDP)","NY.GDP.COAL.RT.ZS","","","","","","","","","","","","0","0","0","0","0","0","0","0","","0.0210786610549633","0.0313164455434359","0.0275802250298582","0.0142455561653497","0.0141399014620117","0.0211881144753903","0.0175055106499052","0.713889533801471","0.733156565491722","0.851844840874124","0.686469079964418","0.642837932259267","0.537424848267116","0.456074088941472","0.379876513836054","0.352218312328894","0.344808444250886","0.327414513974386","0.273928433746136","0.189137147447672","0.212351069407838","0.31084975176365","0.245318765689331","0.189220003423185","0.34289702594404","0.390380419410941","0.385093290599726","0.345073425748392","0.86067548884796","0.391393895394223","0.582591232196809","0.686409613266817","0.401301862637319","0.262811321459757","0.182686815047873","0.132316522537714","0.143129620604841","0.171389765459011","0.204142099503939","0.188804503695903","0.144619055814269","0.215926725452232","","","","",
"Pakistan","PAK","Coal rents (% of GDP)","NY.GDP.COAL.RT.ZS","","","","","","","","","","","","0.0257178191558243","0.0319733408310946","0.0525656005008357","0.0753378044257144","0.13364121854475","0.0939434094047155","0.09692466285582","0.0707574649529701","0.0727138047229611","0.0998071966659108","0.129755808303983","0.137142822366657","0.0805787731268041","0.0673258569826144","0.0918914491823417","0.064461296434731","0.0415602586697357","0.0583833853643481","0.0633928427846024","0.0764821321664448","0.0720894577662194","0.0610634531222653","0.0445875717742327","0.0420669732210625","0.0694993763065574","0.0584266353715166","0.0449434789796401","0.0412898239187601","0.0288989098158679","0.0294023180237195","0.0517410438117924","0.035974556751227","0.035765161747124","0.105631310798181","0.0834562245990744","0.0633889914136207","0.0899951154742049","0.156190732694083","0.0671108211230262","0.0949511696372946","0.0978910040824315","0.0601665816498387","0.0535736323775322","0.0475600073916129","0.0392103536960419","0.0371350757558438","0.0463691812512946","0.0721555292760785","0.0786917241446841","0.0707443480836731","0.121668638591279","","","","",
"Panama","PAN","Coal rents (% of GDP)","NY.GDP.COAL.RT.ZS","","","","","","","","","","","","0","0","0","0","0","0","0","0","0","0","0","0","0","0","0","0","0","0","0","0","0","0","0","0","0","0","0","0","0","0","0","0","0","0","0","0","0","0","0","0","0","0","0","0","0","0","0","0","0","0","0","","","","",
"Peru","PER","Coal rents (% of GDP)","NY.GDP.COAL.RT.ZS","","","","","","","","","","","","0","0","2.28332924737211E-05","0.000710130999010029","0.0016059176636695","0.00149333461986361","0.00216145689425441","0.00199341123488019","0.00154401660779476","0.00373569759856258","0.0127342997380734","0.010472345773119","0.00821250275502925","0.00613635783231343","0.0101802810502172","0.00567791887969627","0","0.00163404092008806","0.00305726768783636","0.00228162545930473","0.00095796209931682","0.00075887310515156","0","0","0.00028809878567212","1.63561303760724E-05","0","0","0","0","6.58831227251724E-05","0","7.11286015901435E-09","0.000790996817941175","0.000813696791413392","0.00195678276615012","0.00334174270741921","0.00988418088587248","0.00561274123872108","0.00287321696448575","0.00643448766502628","0.00469811602699319","0.0032585113220827","0.00276469173330299","0.00262100955245613","0.00301187982222832","0.00413016635399039","0.00323898386325731","0.00197751483316281","0.00124950155217159","0.00249271827303621","","","","",
"Philippines","PHL","Coal rents (% of GDP)","NY.GDP.COAL.RT.ZS","","","","","","","","","","","","0.000101129438713909","0.000117631541582218","0.000172512671972448","0.000961110014884913","0.00602199671693268","0.00610237754377639","0.012807191499746","0.00813165275225454","0.0067083660088738","0.012272114128146","0.0200291123084291","0.034373427081841","0.0358679514752278","0.031485434832471","0.041602247981902","0.0227739169245668","0.00485593728587546","0.0124492147174172","0.0160296774826108","0.0164235262366575","0.0153479087998934","0.0114830159074041","0.003856902212811","0.00309089454297556","0.00908905497443701","0.0041790834456228","0.00226258049209808","0.00560601674172873","0.00246753435803736","0.0075243014100572","0.0160221222310816","0.0108959226384649","0.0115711742241458","0.067532240818793","0.0477348222671089","0.0337449921646886","0.0645624841882037","0.144234555171899","0.0692845741543917","0.141497292534211","0.168097504910434","0.089523293632695","0.0552783685574472","0.0464954919979855","0.0279728252969464","0.0459804255789144","0.063378916996683","0.0696404953218149","0.0549027596736656","0.0455449547968138","0.0944068332804607","","","","",
"Palau","PLW","Coal rents (% of GDP)","NY.GDP.COAL.RT.ZS","","","","","","","","","","","","","","","","","","","","","","","","","","","","","","","","","","","","","","","","","","","","","","","","","","","","","","","","","","","","","","","","","","",
"Papua New Guinea","PNG","Coal rents (% of GDP)","NY.GDP.COAL.RT.ZS","","","","","","","","","","","","","","","","","","","","","0","0","0","0","0","0","0","0","0","0","0","0","0","0","0","0","0","0","0","0","0","0","0","0","0","0","0","0","0","0","0","0","0","0","0","0","0","0","0","0","0","0","","","","",
"Poland","POL","Coal rents (% of GDP)","NY.GDP.COAL.RT.ZS","","","","","","","","","","","","","","","","","","","","","","","","","","","","","","","1.97614239509284","1.34620433940916","0.904135332718223","0.533789517920567","0.317332515081773","0.445422274815314","0.335364780043221","0.28736512391939","0.220098632518271","0.106825150766781","0.182328645236043","0.425432376113189","0.240319506924247","0.206937984031917","0.874452636399812","0.646343231447487","0.607458268480463","0.526973536099691","1.5059062078238","0.584647363043364","0.880482208360642","1.00712315525847","0.537469258136828","0.260062450425264","0.214340467626121","0.209535994376333","0.238184095866543","0.278751933992603","0.271492418074562","0.200889167784234","0.144342767072706","0.246377814021137","","","","",
"Pre-demographic dividend","PRE","Coal rents (% of GDP)","NY.GDP.COAL.RT.ZS","","","","","","","","","","","","","0.016789102220607","0.017315764490427","0.0162904210129815","0.0272728338841916","0.0203649305551025","0.0197211659208931","0.015129794159874","","0.0510414920373412","0.0450706512532718","0.0551423313443277","0.0688799425446923","0.0618682076057389","0.0559187342173265","0.0424764254774038","0.0285658176765401","0.0215770824864825","0.0309287943330097","0.0216006304195609","0.0347494190301184","0.038806494544349","0.0297674405787117","0.021381134221455","0.0186764577888042","0.0169838618343406","0.0151966208172017","0.0148610894326392","0.0175530344433577","0.0148870115475053","0.0202777580961107","0.0179659728474962","0.0150992630531894","0.0172814923550503","0.0252249784725935","0.0227675282537283","0.0147989642819623","0.0387223625650309","0.0241656946405085","0.0294956378705659","0.0563197113510233","0.0426905139123576","0.0326602308953511","0.0278175292175429","0.0237349097769614","0.0293487624355849","0.0666297483188422","0.0830884208092337","0.0420025541016681","0.0235471792943885","0.0475365856907765","","","","",
"Puerto Rico (US)","PRI","Coal rents (% of GDP)","NY.GDP.COAL.RT.ZS","","","","","","","","","","","","","","","","","","","","","0","0","0","0","0","0","0","0","0","0","0","0","0","0","0","0","0","0","0","0","0","0","0","0","0","0","0","0","0","0","0","0","0","0","0","0","0","0","0","0","0","0","","","","",
"Korea, Dem. People's Rep.","PRK","Coal rents (% of GDP)","NY.GDP.COAL.RT.ZS","","","","","","","","","","","","","","","","","","","","","","","","","","","","","","","","","","","","","","","","","","","","","","","","","","","","","","","","","","","","","","","","","","",
"Portugal","PRT","Coal rents (% of GDP)","NY.GDP.COAL.RT.ZS","","","","","","","","","","","0","7.78528946876279E-05","7.89325222382731E-05","6.84205914419255E-05","0.000160226468665613","0.00651254983365362","0.00537154740172328","0.00494512042635369","0.00304842518660833","0.00240910676375175","0.00408095953132812","0.00914507907783","0.00994920947347094","0.00493991351717701","0.00306712489429042","0.00502854192452857","0.00105171234967","0.000298097323420561","0.00034531019491461","0.000465927024367908","0.00136894644448162","0.00109055356172221","0.000433651837049696","4.77823309738546E-05","4.458421667216E-05","0","0","0","0","0","0","0","0","0","0","0","0","0","0","0","0","0","0","0","0","0","0","0","0","0","0","0","","","","",
"Paraguay","PRY","Coal rents (% of GDP)","NY.GDP.COAL.RT.ZS","","","","","","","","","","","","0","0","0","0","0","0","0","0","0","0","0","0","0","0","0","0","0","0","0","0","0","0","0","0","0","0","0","0","0","0","0","0","0","0","0","0","0","0","0","0","0","0","0","0","0","0","0","0","0","0","0","","","","",
"West Bank and Gaza","PSE","Coal rents (% of GDP)","NY.GDP.COAL.RT.ZS","","","","","","","","","","","","","","","","","","","","","","","","","","","","","","","","","","","","","","0","0","0","0","0","0","0","0","0","0","0","0","0","0","0","0","0","0","0","0","0","0","0","0","0","","","","",
"Pacific island small states","PSS","Coal rents (% of GDP)","NY.GDP.COAL.RT.ZS","","","","","","","","","","","","","","","","","","","","","0","0","0","0","0","0","0","0","0","0","0","0","0","0","0","0","0","0","0","0","0","0","0","0","0","0","0","0","0","0","0","0","0","0","0","0","0","0","0","0","0","0","","","","",
"Post-demographic dividend","PST","Coal rents (% of GDP)","NY.GDP.COAL.RT.ZS","","","","","","","","","","","0.0696972649097514","0.0751137288717864","0.0698183738547673","0.0694513119373813","0.138127968474494","0.359076150871786","0.372951083882213","0.339453704547756","0.235313585536409","0.218059137462061","0.268905778074947","0.434937122073088","0.474591711460116","0.258308501535099","0.200843540448448","0.208686433839482","0.110497859856992","0.0515859608721746","0.0619292728772246","0.0833781744698414","0.102719103199028","0.0891572980030366","0.0657347259614559","0.0342953672364622","0.0278969476704681","0.0691107977684559","0.0737714642211359","0.0734360654318964","0.0691312884422009","0.0523788203166448","0.0623178713691321","0.106229303922376","0.073720241901106","0.0669833413525574","0.152126173723281","0.134699109901126","0.141459557633425","0.123431425537773","0.367083746443971","0.173741020709845","0.250669479648935","0.309222401360446","0.190221759731579","0.140123900673205","0.115110429049721","0.0829031285000241","0.0771138685336299","0.103111406476204","0.110019814600167","0.0784141518371134","0.0530628562519214","0.0978785926065455","","","","",
"French Polynesia","PYF","Coal rents (% of GDP)","NY.GDP.COAL.RT.ZS","","","","","","","","","","","","","","","","","","","","","0","0","0","0","0","0","0","0","0","0","0","0","0","0","0","0","0","0","0","0","0","0","0","0","0","0","0","0","0","0","0","0","0","0","0","0","0","0","0","0","0","0","","","","",
"Qatar","QAT","Coal rents (% of GDP)","NY.GDP.COAL.RT.ZS","","","","","","","","","","","","0","0","0","0","0","0","0","0","0","0","0","0","0","0","0","0","0","0","0","0","0","0","0","0","0","0","0","0","0","0","0","0","0","0","0","0","0","0","0","0","0","0","0","0","0","0","0","0","0","0","0","","","","",
"Romania","ROU","Coal rents (% of GDP)","NY.GDP.COAL.RT.ZS","","","","","","","","","","","","","","","","","","","","","","","","","","","","0.101453906666433","0.113504493660965","0.150911364432523","0.245022338915829","0.226773271962699","0.206791541518694","0.0466422353725717","0.0331186648031836","0.0852183515667878","0.0559416788686419","0.0276511100491298","0.0264900194151803","0.00665140352941871","0.0471360430458419","0.148910028910058","0.0473375696093841","0.0427125133532241","0.302346005342054","0.137550843403067","0.131023596989686","0.160288656570398","0.406049107691184","0.138463665594626","0.241667876490204","0.295278539729938","0.127830873583113","0.0455428280245193","0.034718339478214","0.0266754601414304","0.0258870672734479","0.0321491452863581","0.0294045200544209","0.0204076426370487","0.0113713893764254","0.0241444525656809","","","","",
"Russian Federation","RUS","Coal rents (% of GDP)","NY.GDP.COAL.RT.ZS","","","","","","","","","","","","","","","","","","","","","","","","","","","","","","","0.585287943364218","0.457174509678797","0.401995246357121","0.240180748237356","0.163744054907525","0.261275642112783","0.238313684602075","0.184131293814738","0.267635672143723","0.227577992971664","0.267292850766668","0.543231109180164","0.332078896134252","0.257760611118803","0.763856154475936","0.672065787615228","0.558289896787985","0.438320419083283","1.38101613489841","0.7302260729598","0.880991448539494","0.826216078938521","0.43162981739037","0.19902062006838","0.205841953422573","0.29593673861839","0.381520993635713","0.463399759438158","0.540453511939203","0.441616890263136","0.362611722051707","0.612542293942399","","","","",
"Rwanda","RWA","Coal rents (% of GDP)","NY.GDP.COAL.RT.ZS","","","","","","","","","","","","","","","","","","","","","0","0","0","0","0","0","0","0","0","0","0","0","0","0","0","0","0","0","0","0","0","0","0","0","0","0","0","0","0","0","0","0","0","0","0","0","0","0","0","0","0","0","","","","",
"South Asia","SAS","Coal rents (% of GDP)","NY.GDP.COAL.RT.ZS","","","","","","","","","","","","0.182409344216775","0.206272801637633","0.216210357095939","0.400366671557185","0.938576996568672","1.06436358421028","0.943400936787584","0.738123137664318","0.665318301771954","0.813804688559397","1.26021892213447","1.38336081396106","0.874659690237655","0.776437146185917","0.774933818844688","0.599452175919362","0.36910496788425","0.466703127570206","0.61106195273463","0.675913174906096","0.836801937624462","0.726427963680656","0.522846345009685","0.497815966007835","0.747661154686412","0.66376252792054","0.569356167484618","0.452431754330264","0.31738301731571","0.42452685906077","0.693951054574768","0.493673639306853","0.501959162013941","1.19757662945468","0.975550972472648","0.986872695489416","1.07939695799998","2.53610394749594","1.24180452835842","1.46691198620309","1.79383159883479","1.32082740083806","1.06839435074293","0.864148330636148","0.669879813340014","0.697406467376959","0.81591550199192","0.995214989794497","0.711635766840484","0.590974334865515","1.09247285609907","","","","",
"Saudi Arabia","SAU","Coal rents (% of GDP)","NY.GDP.COAL.RT.ZS","","","","","","","","","","","","0","0","0","0","0","0","0","0","0","0","0","0","0","0","0","0","0","0","0","0","0","0","0","0","0","0","0","0","0","0","0","0","0","0","0","0","0","0","0","0","0","0","0","0","0","0","0","0","0","0","0","","","","",
"Sudan","SDN","Coal rents (% of GDP)","NY.GDP.COAL.RT.ZS","","","","","","","","","","","","0","0","0","0","0","0","0","0","0","0","0","0","0","0","0","0","0","0","0","0","0","0","0","0","0","0","0","0","0","0","0","0","0","0","0","0","0","0","0","0","0","0","0","0","0","0","0","0","0","0","0","","","","",
"Senegal","SEN","Coal rents (% of GDP)","NY.GDP.COAL.RT.ZS","","","","","","","","","","","","0","0","0","0","0","0","0","0","0","0","0","0","0","0","0","0","0","0","0","0","0","0","0","0","0","0","0","0","0","0","0","0","0","0","0","0","0","0","0","0","0","0","0","0","0","0","0","0","0","0","0","","","","",
"Singapore","SGP","Coal rents (% of GDP)","NY.GDP.COAL.RT.ZS","","","","","","","","","","","","0","0","0","0","0","0","0","0","0","0","0","0","0","0","0","0","0","0","0","0","0","0","0","0","0","0","0","0","0","0","0","0","0","0","0","0","0","0","0","0","0","0","0","0","0","0","0","0","0","0","0","","","","",
"Solomon Islands","SLB","Coal rents (% of GDP)","NY.GDP.COAL.RT.ZS","","","","","","","","","","","","","","","","","","","","","0","0","0","0","0","0","0","0","0","0","0","0","0","0","0","0","0","0","0","0","0","0","0","0","0","0","0","0","0","0","0","0","0","0","0","0","0","0","0","0","0","0","","","","",
"Sierra Leone","SLE","Coal rents (% of GDP)","NY.GDP.COAL.RT.ZS","","","","","","","","","","","","","","","","","","","","","0","0","0","0","0","0","0","0","0","0","0","0","0","0","0","0","0","0","0","0","0","0","0","0","0","0","0","0","0","0","0","0","0","0","0","0","0","0","0","0","0","0","","","","",
"El Salvador","SLV","Coal rents (% of GDP)","NY.GDP.COAL.RT.ZS","","","","","","","","","","","","0","0","0","0","0","0","0","0","0","0","0","0","0","0","0","0","0","0","0","0","0","0","0","0","0","0","0","0","0","0","0","0","0","0","0","0","0","0","0","0","0","0","0","0","0","0","0","0","0","0","0","","","","",
"San Marino","SMR","Coal rents (% of GDP)","NY.GDP.COAL.RT.ZS","","","","","","","","","","","","","","","","","","","","","","","","","","","","","","","","","","","","","","","","","","","","","","","","","","","","","","","","","","","","","","","","","","",
"Somalia, Fed. Rep.","SOM","Coal rents (% of GDP)","NY.GDP.COAL.RT.ZS","","","","","","","","","","","","","","","","","","","","","0","0","0","0","0","0","0","0","0","0","0","","","","","","","","","","","","","","","","","","","","","","","0","0","0","0","0","0","0","0","0","","","","",
"Serbia","SRB","Coal rents (% of GDP)","NY.GDP.COAL.RT.ZS","","","","","","","","","","","","","","","","","","","","","","","","","","","","","","","","","","","","0.191536069522713","0.0880509121451614","0.0339261544028075","0.0893391624358371","0.0136266441748068","0.380086161152018","0.667174467093844","0.180307652658389","0.15271895942731","1.28070649480875","0.629976776204547","0.594114632707021","0.745993990194135","1.96972891573608","0.596213698310541","1.20333406740157","1.35617409823919","0.606423310734233","0.294236336295419","0.189197922364837","0.182885402088284","0.200469124583999","0.247052965110584","0.232480155594805","0.172809612137558","0.148927174115007","0.235195620780373","","","","",
"Sub-Saharan Africa (excluding high income)","SSA","Coal rents (% of GDP)","NY.GDP.COAL.RT.ZS","","","","","","","","","","","","0.452742008017999","0.439100193489888","0.439665561078573","0.619734558393357","1.1749956600551","1.25597172970874","1.32584211796398","1.14550976491454","1.09723796594273","1.14881736073235","1.28551964836317","1.58242836546732","1.22985693707414","1.26564791191528","1.57874389854679","1.22069905667376","0.832641474628535","0.959385613786979","1.09715900037164","0.988218800881599","0.902563200222301","0.88340079075625","0.68750521255573","0.700854872065645","0.811771375344829","0.648797332837794","0.538581570382181","0.406291708020486","0.385870302175221","0.507252093946631","0.901047402650886","0.546535717493954","0.52236049068497","1.27152993858403","0.886060589777179","0.817415875114546","0.982526268594619","1.92481350848855","0.688089498064433","1.059969716681","1.21294035321373","0.804674387744296","0.602395546718789","0.436376364586617","0.342232006453077","0.41993244762857","0.553611614286125","0.603801886479073","0.387852721275131","0.322970926226564","0.544239225686245","","","","",
"South Sudan","SSD","Coal rents (% of GDP)","NY.GDP.COAL.RT.ZS","","","","","","","","","","","","","","","","","","","","","","","","","","","","","","","","","","","","","","","","","","","","","","","","","","","","","0","0","0","0","","","","","","","","","","",
"Sub-Saharan Africa","SSF","Coal rents (% of GDP)","NY.GDP.COAL.RT.ZS","","","","","","","","","","","","0.452742008017999","0.439100193489888","0.439665561078573","0.619734558393358","1.1749956600551","1.25597172970874","1.32584211796398","1.14550976491454","1.09723796594273","1.14812944852898","1.28495060890615","1.58169483246621","1.22921267377536","1.26486709351135","1.57756761867946","1.21962139141158","0.831865997156203","0.958445108939757","1.09602514159204","0.987166110041718","0.901665430448174","0.882270957181104","0.686553279788049","0.699880276534209","0.810845145107149","0.648141386357948","0.538001749138845","0.405819615192204","0.385225315212999","0.506462898370553","0.899565711788564","0.54561485889435","0.521652849250474","1.26987637333546","0.885007667160029","0.816507091129209","0.981586994371094","1.92334097053464","0.687612207158962","1.05925325540644","1.21215385120477","0.804161791418748","0.601954884586873","0.436057723805082","0.341941002044475","0.419500895774371","0.553055282939856","0.603201281893009","0.387497196626325","0.322735263577216","0.543859583063637","","","","",
"Small states","SST","Coal rents (% of GDP)","NY.GDP.COAL.RT.ZS","","","","","","","","","","","","","","","","","0","0","0","","0.0132997265090655","0.0185934949175704","0.0154010059792053","0.00769036758343837","0.00744080845886671","0.0111189333390707","0.00966644344338096","0.433269869543004","0.454841808115542","0.524981205595981","0.437826871334894","0.413118521279486","0.350752079599418","0.295008716706904","0.24430431806251","0.244925946042202","0.236633120407699","0.214166767937059","0.177099549742079","0.120217990445787","0.129964806226341","0.188057205311245","0.151036286729635","0.121635713485561","0.225450960339406","0.258231721242632","0.252074388134871","0.231442393896684","0.566923127530228","0.259722414134754","0.379847718092096","0.455815739196189","0.259096209033044","0.169979037207235","0.117927198966668","0.08320172917697","0.0937320250197912","0.115144695948923","0.140357335714988","0.129508738705665","0.101365080570975","0.152259885463742","","","","",
"Sao Tome and Principe","STP","Coal rents (% of GDP)","NY.GDP.COAL.RT.ZS","","","","","","","","","","","","","","","","","","","","","","","","","","","","","","","","","","","","","","","","","","0","0","0","0","0","0","0","0","0","0","0","0","0","0","0","0","0","0","0","0","0","","","","",
"Suriname","SUR","Coal rents (% of GDP)","NY.GDP.COAL.RT.ZS","","","","","","","","","","","","","","","","","","","","","","","","","","","","","","","","","","","","","","","","","0","0","0","0","0","0","0","0","0","0","0","0","0","0","0","0","0","0","0","0","0","0","","","","",
"Slovak Republic","SVK","Coal rents (% of GDP)","NY.GDP.COAL.RT.ZS","","","","","","","","","","","","","","","","","","","","","","","","","","","","","","","0.102489741305278","0.0743451292797634","0.0340592354958962","0.00353686597355571","0.00393608099501235","0.0143294277537448","0.00776270103988563","0.00348770993972145","0.00625178300115484","0.0012552448505565","0.0109042669454798","0.033598729963812","0.00936864566598009","0.00657212807816944","0.0512222167853151","0.0237111395220124","0.0195921805750578","0.0259605788731998","0.0772952604119315","0.0268393573979669","0.0468397922200368","0.0514007693903246","0.0216387601585785","0.0109632160952374","0.0089017514545121","0.00561165909190303","0.00568919019658401","0.00705838465857288","0.00615913344524013","0.00438579233881164","0.0025259562095748","0.00515044751380184","","","","",
"Slovenia","SVN","Coal rents (% of GDP)","NY.GDP.COAL.RT.ZS","","","","","","","","","","","","","","","","","","","","","","","","","","","","","","","","","","","","0.0203284097679051","0.0108285599206418","0.00516836142586289","0.00945833568101893","0.00168936562996887","0.0163917600364402","0.0509555107401783","0.0177864077166854","0.0150453316994758","0.125648797600669","0.0764419788031346","0.0756138916344056","0.105199115901079","0.265542987225275","0.0842431123503214","0.172692452920431","0.198688191035297","0.0846941827577808","0.0412122663771344","0.0255015689572061","0.0201511430029735","0.0238351869758312","0.0290558127086212","0.0296353423505825","0.0213962789454941","0.017769657212655","0.0258661890048008","","","","",
"Sweden","SWE","Coal rents (% of GDP)","NY.GDP.COAL.RT.ZS","","","","","","","","","","","0","0","0","5.34899596628433E-07","1.15000100087788E-06","0.000322679983377749","4.31344538744034E-05","6.54331481763206E-06","2.35041034471207E-05","1.4584664569886E-05","5.08663039234364E-05","0.000136938595154585","0.00013699507995757","4.89069024209752E-05","1.51650786854688E-05","3.08496682590041E-05","3.5441122691869E-06","7.81494768483101E-07","7.17313742957238E-07","0","1.11794616192312E-05","2.46260744298986E-05","1.73548144160105E-05","0","0","0","0","0","0","0","0","0","0","0","0","0","0","0","0","0","0","0","0","0","0","0","0","0","0","0","0","0","","","","",
"Eswatini","SWZ","Coal rents (% of GDP)","NY.GDP.COAL.RT.ZS","","","","","","","","","","","","","","","","","","","","","0.776132533512522","1.02026116512738","0.913975886962388","0.418684846546073","0.460725270515158","0.942972208587562","0.605788367460221","0.323418499319877","0.306937044780335","0.379367547614054","0.263047868760782","0.189776596294442","0.12261719465641","0.0472668478569081","0.148574413225218","0.175607464978374","0.121728433425632","0.14793543692964","0.190154080523832","0.139358730283263","0.189353306502732","0.309258466417908","0.293444161299127","0.230948851392131","0.609981752707433","0.390358332774146","0.402830471706429","0.563215649827655","1.24172908912956","0.253220270716695","0.181367359083379","0.208422536147497","0.150205014904108","0.111475552315871","0.0916667255052954","0.0697393884469083","0.110834094905383","0.137972175952829","0.120450164054326","0.0804154048931186","0.0757427100687126","0.13654443934385","","","","",
"Sint Maarten (Dutch part)","SXM","Coal rents (% of GDP)","NY.GDP.COAL.RT.ZS","","","","","","","","","","","","","","","","","","","","","","","","","","","","","","","","","","","","","","","","","","","","","","","","","","","","","","","","","","","","","","","","","","",
"Seychelles","SYC","Coal rents (% of GDP)","NY.GDP.COAL.RT.ZS","","","","","","","","","","","","","","","","","","","","","0","0","0","0","0","0","0","0","0","0","0","0","0","0","0","0","0","0","0","0","0","0","0","0","0","0","0","0","0","0","0","0","0","0","0","0","0","0","0","0","0","0","","","","",
"Syrian Arab Republic","SYR","Coal rents (% of GDP)","NY.GDP.COAL.RT.ZS","","","","","","","","","","","","0","0","0","0","0","0","0","0","0","0","0","0","0","0","0","0","0","0","0","0","0","0","0","0","0","0","0","0","0","0","0","0","0","0","0","0","0","0","0","0","0","0","0","0","0","0","0","0","0","0","","","","","",
"Turks and Caicos Islands","TCA","Coal rents (% of GDP)","NY.GDP.COAL.RT.ZS","","","","","","","","","","","","","","","","","","","","","","","","","","","","","","","","","","","","","","","","","","0","0","0","0","0","0","0","0","0","0","0","0","0","0","0","0","0","0","0","0","0","","","","",
"Chad","TCD","Coal rents (% of GDP)","NY.GDP.COAL.RT.ZS","","","","","","","","","","","","","","","","","","","","","0","0","0","0","0","0","0","0","0","0","0","0","0","0","0","0","0","0","0","0","0","0","0","0","0","0","0","0","0","0","0","0","0","0","0","0","0","0","0","0","0","0","","","","",
"East Asia & Pacific (IDA & IBRD countries)","TEA","Coal rents (% of GDP)","NY.GDP.COAL.RT.ZS","","","","","","","","","","","","0.0574283381770899","0.0533255241058479","0.0576788056848726","0.489061601675284","1.86810571643789","1.94945201726005","1.95135937108585","1.86513613398935","1.55303679784175","2.40696474245466","4.03136220244087","4.41415043420093","2.38514599823467","1.68122895783498","1.83655118593155","0.933841119289421","0.107784616097731","0.512993078700985","0.854765197617921","0.955327126265256","0.745298946196435","0.389427659218635","0.0771808903962969","0.0393670837872528","0.276837689694452","0.0853234530054029","0.0589404922727452","0.123095148311863","0.0571211742316925","0.121319377992882","0.646307461775285","0.216389560714962","0.181214387956418","1.99649662605847","1.48918780196611","1.50739892250117","1.7829654889784","4.21119747755543","1.49311159723683","2.36723985612729","3.12601851909571","1.5974800026603","0.995915722320061","0.742368193170618","0.384214056375851","0.396317455666444","0.517544367162071","0.569238481356751","0.436645595020686","0.35191806063761","0.603689386916564","","","","",
"Europe & Central Asia (IDA & IBRD countries)","TEC","Coal rents (% of GDP)","NY.GDP.COAL.RT.ZS","","","","","","","","","","","0.0681314372295","0.0910380411855537","0.07273894436552","0.0657991730834617","0.104361080085868","0.260306534600585","0.270655728963899","0.234816186474659","0.191797211828026","0.116470834504256","0.265746750611105","0.520407997850741","0.659315730937834","0.358784318504837","0.242948113323052","0.301208067905295","0.114342892341871","","","","0.745090276391368","0.621026177116458","0.509431352143698","0.289006326846047","0.197911967121214","0.249647384582612","0.206163706230998","0.164664889458321","0.173216546296981","0.109273231266323","0.172638531677706","0.413569055929077","0.239759793161868","0.184941392970267","0.629938842825969","0.509875367534514","0.461556271616861","0.386385996660695","1.2188775018239","0.55862377111333","0.734495512220424","0.781865256393348","0.395076626339323","0.180855650832702","0.166497716270193","0.183099294954212","0.224591780489706","0.28802329972394","0.332266176734344","0.261266853339519","0.205668722809854","0.352373586547991","","","","",
"Togo","TGO","Coal rents (% of GDP)","NY.GDP.COAL.RT.ZS","","","","","","","","","","","","0","0","0","0","0","0","0","0","0","0","0","0","0","0","0","0","0","0","0","0","0","0","0","0","0","0","0","0","0","0","0","0","0","0","0","0","0","0","0","0","0","0","0","0","0","0","0","0","0","0","0","","","","",
"Thailand","THA","Coal rents (% of GDP)","NY.GDP.COAL.RT.ZS","","","","","","","","","","","","0.000653587445373936","0.000590257539677411","0.000860136807239142","0.00581975019786521","0.0175983750643347","0.0179280826433774","0.0147103236677135","0.0119741404378955","0.0213412262697496","0.0334477393716811","0.0619457486660168","0.0826207900324641","0.036783130742998","0.028400554440436","0.0849877430670117","0.0440023473668091","0.0117131606390687","0.0264115649299956","0.0433057760065092","0.0560011364092438","0.0519257601754559","0.0341689886984431","0.0108630763740773","0.0108850774414029","0.0377788904739001","0.025233215226093","0.0187374250533438","0.0388887221176765","0.0157577483332737","0.0396739853349757","0.101836945122403","0.0483539849713579","0.0368438185690713","0.164555952608913","0.107852367326969","0.0879878363639183","0.112860184677332","0.246143154793898","0.0902411252496195","0.131009402942346","0.18002944550965","0.0797774473591743","0.0508277078519803","0.0391215139661008","0.0211627843459833","0.0257915731695363","0.0297359600247265","0.0288539920601164","0.0185040812105728","0.015831685103566","0.0335556904365916","","","","",
"Tajikistan","TJK","Coal rents (% of GDP)","NY.GDP.COAL.RT.ZS","","","","","","","","","","","","","","","","","","","","","","","","","","","","","","","0.118678235961059","0.140320585158362","0.0337914219494674","0.0056682258844969","0.00358819542596436","0.00833829925242071","0.00141569855989041","0.000761740364872482","0.000919678833871518","0.000177689990065373","0.00294294614513765","0.00877869537183774","0.00483541716097191","0.0052298866419889","0.0646122163168158","0.0425437852799953","0.0379902658502644","0.0813681426159291","0.208301086324095","0.0658310666164315","0.107495178584937","0.136269463787359","0.105436548204524","0.0672896350707398","0.0964388396761259","0.109017208585225","0.195033027210984","0.311402640399041","0.381540409384853","0.278347271576925","0.250783126023442","0.486026357740751","","","","",
"Turkmenistan","TKM","Coal rents (% of GDP)","NY.GDP.COAL.RT.ZS","","","","","","","","","","","","","","","","","","","","","","","","","","","","","","","0","0","0","0","0","0","0","0","0","0","0","0","0","0","0","0","0","0","0","0","0","0","0","0","0","0","0","0","0","0","","","","","","",
"Latin America & the Caribbean (IDA & IBRD countries)","TLA","Coal rents (% of GDP)","NY.GDP.COAL.RT.ZS","","","","","","","","","","","","0.00782279413918453","0.00685143188387119","0.00633244664517014","0.0175210538569305","0.0460301578186672","0.047958260625373","0.0493021103451841","0.0403872119343961","0.0341239228137438","0.0322070877700755","0.0436839775105333","0.0557097783634459","0.0473975436874532","0.0395292794225467","0.0469970909693906","0.0295549628194454","0.00943180972212733","0.013186506057179","0.0250406885131968","0.0271927074572156","0.0219256990403224","0.0127750234399084","0.00324492286682869","0.00206331943206893","0.00858146524234185","0.00421456729360519","0.00274870256347988","0.00176319229416633","0.000554433508967666","0.000609648389673603","0.00829795991974071","0.00216206526324106","0.00244135282190462","0.0764355104353567","0.0480993250630009","0.0508088365281464","0.072945478516217","0.1839763819546","0.0556734186799375","0.0939306797914577","0.135459081507111","0.0813652242732189","0.0602181620527999","0.048509402181573","0.0407401180623496","0.0496624029706481","0.0584846598860135","0.0651011289970255","0.0482573881722667","0.0294272434476021","0.0547140957420533","","","","",
"Timor-Leste","TLS","Coal rents (% of GDP)","NY.GDP.COAL.RT.ZS","","","","","","","","","","","","","","","","","","","","","","","","","","","","","","","","","","","","","","","","","","","","0","","","","","","","","","","","","0","0","0","0","0","0","0","","","","",
"Middle East, North Africa, Afghanistan & Pakistan (IDA & IBRD)","TMN","Coal rents (% of GDP)","NY.GDP.COAL.RT.ZS","","","","","","","","","","","","0.0087753844408914","0.00974426405002039","0.0114192068435653","0.0177824494111677","0.0382228404185991","0.0322573804256503","0.0294448261144022","0.0213339925606355","0.0220704629490561","0.020377332655839","0.0297126093284451","0.0308916341965314","0.0187117281279632","0.0152882346779027","0.0158120423562982","0.0103568331756477","0.0073838102180259","0.010103517794769","0.011272618095812","0.00898653008127352","","0.0125562947787753","0.010028015777785","0.00819084616880005","0.0140289677943917","0.0110171077037799","0.00812199211346463","0.00778258086838155","0.00411496845341509","0.00590304239142885","0.0105297763126715","0.0081435765938519","0.00774910788480877","0.0222993838523852","0.0200589011712009","0.0163939908355388","0.0178659816925284","0.035398136468132","0.0157272917858743","0.018983552883242","0.0238247402414474","0.0128915715625098","0.0114855443395336","0.0103360557363248","0.00913420309901051","0.00977363072183132","0.0141951032060392","0.0214139259856392","0.0194380614549057","0.014517224485811","0.0245776191298598","","","","",
"Tonga","TON","Coal rents (% of GDP)","NY.GDP.COAL.RT.ZS","","","","","","","","","","","","","","","","","","","","","0","0","0","0","0","0","0","0","0","0","0","0","0","0","0","0","0","0","0","0","0","0","0","0","0","0","0","0","0","0","0","0","0","0","0","0","0","0","0","0","0","0","","","","",
"South Asia (IDA & IBRD)","TSA","Coal rents (% of GDP)","NY.GDP.COAL.RT.ZS","","","","","","","","","","","","0.182409344216775","0.206272801637633","0.216210357095939","0.400366671557185","0.938576996568672","1.06436358421028","0.943400936787584","0.738123137664318","0.665318301771954","0.813804688559397","1.26021892213447","1.38336081396106","0.874659690237655","0.776437146185917","0.774933818844688","0.599452175919362","0.36910496788425","0.466703127570206","0.61106195273463","0.675913174906096","0.836801937624462","0.726427963680656","0.522846345009685","0.497815966007835","0.747661154686412","0.66376252792054","0.569356167484618","0.452431754330264","0.31738301731571","0.42452685906077","0.693951054574768","0.493673639306853","0.501959162013941","1.19757662945468","0.975550972472648","0.986872695489416","1.07939695799998","2.53610394749594","1.24180452835842","1.46691198620309","1.79383159883479","1.32082740083806","1.06839435074293","0.864148330636148","0.669879813340014","0.697406467376959","0.81591550199192","0.995214989794497","0.711635766840484","0.590974334865515","1.09247285609907","","","","",
"Sub-Saharan Africa (IDA & IBRD countries)","TSS","Coal rents (% of GDP)","NY.GDP.COAL.RT.ZS","","","","","","","","","","","","0.452742008017999","0.439100193489888","0.439665561078573","0.619734558393357","1.1749956600551","1.25597172970874","1.32584211796398","1.14550976491454","1.09723796594273","1.14812944852898","1.28495060890615","1.58169483246621","1.22921267377536","1.26486709351135","1.57756761867946","1.21962139141158","0.831865997156203","0.958445108939757","1.09602514159204","0.987166110041718","0.901665430448173","0.882270957181104","0.686553279788049","0.699880276534209","0.810845145107148","0.648141386357947","0.538001749138845","0.405819615192204","0.385225315212999","0.506462898370553","0.899565711788563","0.54561485889435","0.521652849250474","1.26987637333546","0.885007667160029","0.816507091129209","0.981586994371094","1.92334097053464","0.687612207158962","1.05925325540644","1.21215385120477","0.804161791418748","0.601954884586873","0.436057723805082","0.341941002044475","0.419500895774371","0.553055282939856","0.603201281893009","0.387497196626326","0.322735263577216","0.543859583063637","","","","",
"Trinidad and Tobago","TTO","Coal rents (% of GDP)","NY.GDP.COAL.RT.ZS","","","","","","","","","","","","0","0","0","0","0","0","0","0","0","0","0","0","0","0","0","0","0","0","0","0","0","0","0","0","0","0","0","0","0","0","0","0","0","0","0","0","0","0","0","0","0","0","0","0","0","0","0","0","0","0","0","","","","",
"Tunisia","TUN","Coal rents (% of GDP)","NY.GDP.COAL.RT.ZS","","","","","","","","","","","","0","0","0","0","0","0","0","0","0","0","0","0","0","0","0","0","0","0","0","0","0","0","0","0","0","0","0","0","0","0","0","0","0","0","0","0","0","0","0","0","0","0","0","0","0","0","0","0","0","0","0","","","","",
"Turkiye","TUR","Coal rents (% of GDP)","NY.GDP.COAL.RT.ZS","","","","","","","","","","","0.0681314372295","0.0910380411855537","0.07273894436552","0.0657991730834617","0.104361080085868","0.260306534600585","0.270655728963899","0.234816186474659","0.191797211828026","0.116470834504256","0.203798919738827","0.39255758812641","0.498543320720706","0.295746953016655","0.218647349241707","0.261038969147868","0.110936197648833","0.0512860382536795","0.052578850020964","0.0608373431237279","0.0916217434536764","0.0783726973269313","0.0498176354357153","0.013994422181323","0.0152068413552776","0.0300077854751618","0.0200434490531842","0.0105597970523499","0.0104237276966542","0.00286586000907352","0.0163299373783943","0.0669832853392418","0.0208900073928248","0.0158208744072334","0.0910117911446375","0.0518150541094461","0.0609969514288379","0.0884930759300957","0.269621038571002","0.106215923660071","0.153528250747308","0.174773590035299","0.06808750317779","0.0271953145935112","0.0238619620578174","0.0162128322535002","0.0215533089036783","0.0298082732253323","0.0401708928121365","0.0322436421155324","0.0244307938802644","0.0473618807971925","","","","",
"Tuvalu","TUV","Coal rents (% of GDP)","NY.GDP.COAL.RT.ZS","","","","","","","","","","","","","","","","","","","","","","","","","","","","","","","","","","","","","","","","","","","","","","","","","","","","","","","","","","","","","","","","","","",
"Tanzania","TZA","Coal rents (% of GDP)","NY.GDP.COAL.RT.ZS","","","","","","","","","","","","","","","","","","","","","","","","","","","","","0.000917321906647154","0.00136884355052449","0.00199502877585377","0.00167762955007899","0.00164001202202306","0.0129299766354443","0.0132629730127242","0.0155846588866064","0.0142512191253026","0.00474447961024912","0.00345193696389642","0.00378136620545434","0.00549717668500516","0.00934606887320297","0.00594969810073474","0.00439219297956546","0.014496913040245","0.00497847756496167","0.003110711871887","0.00565738638402301","0.00529042247862806","0","0","0.01805561186371","0.010479148520174","0.00789190350160067","0.0152030368795846","0.0118307165544839","0.0136027189325031","0.034308918609216","0.0424699785942398","0.0328970144858054","0.0264007682901917","0.0494009697131187","","","","",
"Uganda","UGA","Coal rents (% of GDP)","NY.GDP.COAL.RT.ZS","","","","","","","","","","","","","","","","","","","","","0","0","0","0","0","0","0","0","0","0","0","0","0","0","0","0","0","0","0","0","0","0","0","0","0","0","0","0","0","0","0","0","0","0","0","0","0","0","0","0","0","0","","","","",
"Ukraine","UKR","Coal rents (% of GDP)","NY.GDP.COAL.RT.ZS","","","","","","","","","","","","","","","","","","","","","","","","","","","","","","","2.13657180930927","1.84875481927352","1.58053869266517","1.04519271285454","0.718369513499318","0.859442508077226","0.756399369208321","0.668786611622587","0.804280677379736","0.655963930489204","0.863746448384337","1.3491572181393","1.0990421338669","0.758042903939249","1.49235996559455","1.59773566982954","1.40052829959985","0.749230266655817","2.71207348602637","1.84257379414677","1.92907582506734","2.35896804287954","1.20347453702198","0.522461268811618","0.468975153427332","0.478722310775197","0.467980707895294","0.418244838789605","0.419208073231986","0.287026111974908","0.178921024438991","0.336999214543813","","","","",
"Upper middle income","UMC","Coal rents (% of GDP)","NY.GDP.COAL.RT.ZS","","","","","","","","","","","","0.0941627812471","0.0888040697640941","0.0882205600156155","0.255872249568794","0.79480524161735","0.798271205942568","0.820399199247446","0.703252181246456","0.630627032435742","0.880065254498009","1.41303282210176","1.64411965540078","0.998205464615314","0.756557052194564","0.880825990206817","0.498137006292154","0.177292198953636","0.335109017286962","0.457230711538095","0.520541070226329","0.500064202445145","0.329991120588499","0.145217266311182","0.110395695533109","0.22246825459705","0.128585904862482","0.100508211187076","0.106143733318156","0.0637103639945176","0.103703882972225","0.373723709930834","0.166674821645254","0.153822567594192","1.1269850343763","0.817134500768913","0.831890302166186","0.995369511686663","2.42538334247701","0.920994748322014","1.4360631572243","1.8993614478685","1.02205048673488","0.66329305908297","0.509710064894552","0.294201454915228","0.31203361588778","0.402490663793873","0.458813925724867","0.354412363666417","0.295586021940606","0.507285603131562","","","","",
"Uruguay","URY","Coal rents (% of GDP)","NY.GDP.COAL.RT.ZS","","","","","","","","","","","","0","0","0","0","0","0","0","0","0","0","0","0","0","0","0","0","0","0","0","0","0","0","0","0","0","0","0","0","0","0","0","0","0","0","0","0","0","0","0","0","0","0","0","0","0","0","0","0","0","0","0","","","","",
"United States","USA","Coal rents (% of GDP)","NY.GDP.COAL.RT.ZS","","","","","","","","","","","0.0930504730401018","0.103468842679978","0.109535916257199","0.121738921139196","0.247653732064636","0.574744110437168","0.582522104452812","0.546537334102934","0.402224837548859","0.413817498064911","0.533324444441067","0.71839034385776","0.741093771758871","0.384582329453282","0.307097108989771","0.305577453466559","0.199445108873838","0.107592275573671","0.140725589232697","0.181418018510338","0.195194426701276","0.175650939654538","0.137242438184298","0.0657598989836537","0.063259918956957","0.185738496629802","0.196220944930443","0.18276604042417","0.162197453946907","0.127171259418751","0.140193028838508","0.212622185194759","0.151822005426027","0.154155845833328","0.321324626345383","0.26507175601934","0.275791896326636","0.249875712879914","0.69687957292833","0.328948122158706","0.46327180553633","0.576151367733925","0.365037619003386","0.279719144616926","0.226671482497904","0.154809825395291","0.135996650509346","0.182332985664659","0.19836963909789","0.131587352107841","0.0836949579138938","0.165541837941739","","","","",
"Uzbekistan","UZB","Coal rents (% of GDP)","NY.GDP.COAL.RT.ZS","","","","","","","","","","","","","","","","","","","","","","","","","","","","","","","0.157135529183624","0.1518936536204","0.0769139777837228","0.00712601811209048","0.00956444350354587","0.0294012701764836","0.0152522795903362","0.00647403880295967","0.0121293297216647","0.00211026815130088","0.0200116320320681","0.0883260370434612","0.0355440621728097","0.0252641418064628","0.283832729250063","0.172720377765279","0.156904350881374","0.210570825809528","0.535634788278614","0.140016075482997","0.177982091255547","0.191200265017751","0.0703808968939064","0.0364243643920352","0.0303130899002915","0.0150647267740631","0.0189339569216539","0.0360593632484536","0.0527463848698131","0.0336816048445821","0.0292509982094504","0.0535648008565471","","","","",
"St. Vincent and the Grenadines","VCT","Coal rents (% of GDP)","NY.GDP.COAL.RT.ZS","","","","","","","","","","","","","","","","","","","","","0","0","0","0","0","0","0","0","0","0","0","0","0","0","0","0","0","0","0","0","0","0","0","0","0","0","0","0","0","0","0","0","0","0","0","0","0","0","0","0","0","0","","","","",
"Venezuela, RB","VEN","Coal rents (% of GDP)","NY.GDP.COAL.RT.ZS","","","","","","","","","","","","0","0","2.32842616360992E-05","0.000679175159013907","0.002953172125871","0.0033199305063225","0.0040954824300811","0.00213871135759582","0.00108182382498292","0.0012237603143741","0.00236161245608935","0.00255854917231677","0.000903253795903301","0.000928475798782455","0.000893012500043023","0.000575645796184147","0","0.00396803816825479","0.0282434303216783","0.029180715245335","0.0244798506849413","0.0131196576874325","0","0","0.0164890672486179","0.00231506594336725","0","0","0","0","0.0116115298305875","0","2.21645152227653E-06","0.150228232770227","0.0742191320000952","0.0643409416368239","0.0841410870915604","0.136321487377968","0.0218573214827694","0.034877436264678","0.0469187916135786","0.0140786873288863","0.00890290964295714","0.00682557967355252","","","","","","","","","","","",
"British Virgin Islands","VGB","Coal rents (% of GDP)","NY.GDP.COAL.RT.ZS","","","","","","","","","","","","","","","","","","","","","","","","","","","","","","","","","","","","","","","","","","","","","","","","","","","","","","","","","","","","","","","","","","",
"Virgin Islands (U.S.)","VIR","Coal rents (% of GDP)","NY.GDP.COAL.RT.ZS","","","","","","","","","","","","","","","","","","","","","","","","","","","","","","","","","","","","","","","","","","","0","5.53610623916158E-05","4.55087436911593","2.303477558914","2.4815703726033","3.8258764076629","9.54949861751269","1.83139190991551","3.45978934522894","4.1047335352688","1.96183734012522","1.34622849772001","0.85274473054265","0.448439817567942","0.440640386181765","0.458057890874122","0.372382849153501","0.247081553705368","0.205447216042101","","","","","",
"Viet Nam","VNM","Coal rents (% of GDP)","NY.GDP.COAL.RT.ZS","","","","","","","","","","","","","","","","","","","","","","","","","","0.438577852226928","0.120870744367508","0.00382282568689957","0.0706230854067252","0.40543862585726","0.409209325977706","0.246689614360395","0.121481178700652","0.00765191829126376","0.0061401820438157","0.0986562406980245","0.0190003298115391","0.00919525460925841","0.0292689792432087","0.0103569542797495","0.0337048058208645","0.271701692376881","0.0744439200669618","0.0647111498589004","1.42759635783827","0.929452444435873","0.994197918869987","1.55869464403608","2.87873849995229","0.932561452102061","1.357809559795","1.71707413642907","0.803270856098302","0.518047231448515","0.383982190620381","0.200612570512455","0.1985839592106","0.239326243334299","0.284155949812884","0.213109891442586","0.164958115590481","0.376818816953012","","","","",
"Vanuatu","VUT","Coal rents (% of GDP)","NY.GDP.COAL.RT.ZS","","","","","","","","","","","","","","","","","","","","","0","0","0","0","0","0","0","0","0","0","0","0","0","0","0","0","0","0","0","0","0","0","0","0","0","0","0","0","0","0","0","0","0","0","0","0","0","0","0","0","0","0","","","","",
"World","WLD","Coal rents (% of GDP)","NY.GDP.COAL.RT.ZS","","","","","","","","","","","0.0695338599899086","0.0782893446958042","0.0735063338289429","0.0734924784325606","0.15545690469387","0.417405761184841","0.427941061472259","0.400928330501444","0.293478636614596","0.2672289681509","0.342324574157347","0.552346681546554","0.619128984513775","0.352606851239327","0.275582834287455","0.298322177381044","0.160255779762678","0.0692442928865046","0.0942450326698363","0.128453874998534","0.164344375434414","0.143684217475462","0.103838220848951","0.0548896922447635","0.0451709905085615","0.0974700121109378","0.0891288247733824","0.0833273734506512","0.0787493055006643","0.0569122454518666","0.0725929198444206","0.152229305050058","0.0922654431371075","0.0852224853301362","0.308647494703642","0.256294540984286","0.272272305186616","0.302444595163466","0.821873941248561","0.353557701264873","0.555515725053814","0.735351564391266","0.428592459651611","0.296610964480876","0.238028333261375","0.159105840539383","0.164015489735323","0.216406276064207","0.243827912954168","0.183304369463083","0.144169680202147","0.260180253179248","","","","",
"Samoa","WSM","Coal rents (% of GDP)","NY.GDP.COAL.RT.ZS","","","","","","","","","","","","","","","","","","","","","","","0","0","0","0","0","0","0","0","0","0","0","0","0","0","0","0","0","0","0","0","0","0","0","0","0","0","0","0","0","0","0","0","0","0","0","0","0","0","0","0","","","","",
"Kosovo","XKX","Coal rents (% of GDP)","NY.GDP.COAL.RT.ZS","","","","","","","","","","","","","","","","","","","","","","","","","","","","","","","","","","","","","","","","","","","","","","","","","3.46974810931307","1.17228835700882","2.09943006832557","2.08041423593308","0.87581895083904","0.422084221324138","0.295749533066664","0.245681401583698","0.278019453016927","0.297313205479888","0.322759346705482","0.248062007101388","0.223207299342125","0.379080525110064","","","","",
"Yemen, Rep.","YEM","Coal rents (% of GDP)","NY.GDP.COAL.RT.ZS","","","","","","","","","","","","","","","","","","","","","","","","","","","","","","","0","0","0","0","0","0","0","0","0","0","0","0","0","0","0","0","0","0","0","0","0","0","0","0","0","0","0","0","0","","","","","","","",
"South Africa","ZAF","Coal rents (% of GDP)","NY.GDP.COAL.RT.ZS","","","","","","","","","","","","0.956267720733522","0.999118206544056","0.9567142872731","1.42395200628118","2.84477924058851","3.43202831135319","3.61339843851778","3.22263648078473","3.04911661575983","3.14451028048052","4.83990017629255","5.9261286453119","3.56972467255541","3.66691446583932","5.59997049976059","3.94891458987247","2.16956691979725","2.55601758553381","2.84395571892917","2.57214267495889","2.37982668132678","1.92635117876769","1.51673418188361","1.54405105332495","2.06186052231608","1.9241560740382","1.61619662100664","1.32809234011002","0.896045282949649","1.27706430854382","2.46569399997578","1.67772715720917","1.35453649718725","3.22676491805827","2.31202263431181","2.39588417432957","3.11780745478716","7.24773931999843","2.33293574382487","3.41376035352968","3.94333344067778","2.88108021254839","2.49703207208547","1.94751834311288","1.49327521761507","1.80360544975257","2.06162694919848","2.2798795325049","1.75865465574997","1.61371270668907","2.44110582623372","","","","",
"Zambia","ZMB","Coal rents (% of GDP)","NY.GDP.COAL.RT.ZS","","","","","","","","","","","","0.172108049577647","0.201609643417902","0.205726991184596","0.223595242133272","0.519858928483688","0.475585727689128","0.493010055753964","0.403760789819133","0.281463372263317","0.365501611312727","0.478456833641457","0.573714532084292","0.330688831538789","0.351470414299134","0.47082919372632","0.539766127684834","0.239690563066536","0.210728095976817","0.182288404362118","0.216095479590034","0.187071038507058","0.216706537030998","0.119969573384027","0.0552950143925616","0.0712241531841928","0.0553428895161234","0.0228886192553501","0.0494283743884752","0.0340713756953788","0.0485167841095833","0.0780233257446906","0.0522863702250223","0.0534393284778969","0.0681266115624081","0.0509403192640637","0.0154837278408601","0.0043651010415675","0.000527261809037224","0.000206887621654018","0.000284656620519031","0.000315343316168428","0.0238959126594908","0.0215837920499144","0.0173226067647872","0.0161176960545101","0.0367635481547346","0.0966563371679943","0.164818813977928","0.11555289649655","0.138990289033945","0.231179863199288","","","","",
"Zimbabwe","ZWE","Coal rents (% of GDP)","NY.GDP.COAL.RT.ZS","","","","","","","","","","","","0.626786775268984","0.470915980058466","0.512103580771674","0.749199398388288","1.22752385370187","1.61764925859685","1.46115154930447","1.38267509859666","1.17147952794317","1.15297624444483","1.2148697902009","1.24515517353954","0.904828105181666","0.91843030823866","1.2856948687494","1.06184108555851","0.959300335741274","0.986163342898541","1.13560392347429","1.28192390448811","1.4293372601029","1.62583471707856","1.11710874342285","0.985143351107846","1.26629610631767","0.89658348202089","0.689043363974202","0.740667231747415","0.561612395176263","0.716746800797967","1.14537893766194","0.8511031997111","0.837018975050425","2.00400191735889","2.2260713097986","2.4998893819836","2.9895097334864","6.30027905069109","1.20077086927504","1.6275437742608","1.75608208990706","1.00943239450643","0.732306145530549","0.977101406302418","0.517085951746671","0.231272872651529","0.605956461595311","0.41609304542906","0.257755009227255","0.207429240150821","0.290130858618712","","","","",
