"Data Source","World Development Indicators",

"Last Updated Date","2026-07-13",

"Country Name","Country Code","Indicator Name","Indicator Code","1960","1961","1962","1963","1964","1965","1966","1967","1968","1969","1970","1971","1972","1973","1974","1975","1976","1977","1978","1979","1980","1981","1982","1983","1984","1985","1986","1987","1988","1989","1990","1991","1992","1993","1994","1995","1996","1997","1998","1999","2000","2001","2002","2003","2004","2005","2006","2007","2008","2009","2010","2011","2012","2013","2014","2015","2016","2017","2018","2019","2020","2021","2022","2023","2024","2025",
"Aruba","ABW","Natural gas rents (% of GDP)","NY.GDP.NGAS.RT.ZS","","","","","","","","","","","","","","","","","","","","","","","","","","","0","0","0","0","0","0","0","0","0","0","0","0","0","0","0","0","0","0","0","0","0","0","0","0","0","0","0","0","0","0","0","0","0","0","0","0","","","","",
"Africa Eastern and Southern","AFE","Natural gas rents (% of GDP)","NY.GDP.NGAS.RT.ZS","","","","","","","","","","","","0","0","0","0","0","0","0","0","0","0.00119176760093531","0.000720253868921435","0.000265417220843125","0.000872028751651459","0.00103786264007573","0.00120950633655586","0.00146872982657318","0.00116971674760827","0.000931563155047932","0.00110446960860027","0.0159590503899719","0.0130050327665456","0.0137451795851211","0.0188536766992031","0.0197033776695401","0.0204133129211374","0.0197755143901995","0.0171458848076586","0.0117720236355505","0.0167147710770919","0.0258467386205443","0.0386152546194005","0.0370044144684682","0.0219873750949312","0.0398560129158653","0.0234597000544963","0.064868112988287","0.0554355113812086","0.0635382274300653","0.0514984603458085","0.0543972390508902","0.0681855828106606","0.0749108258476166","0.0765884256831854","0.0680283529680203","0.0592149012363063","0.051729063857535","0.0820763816805248","0.131963706375788","0.128010815818215","0.104960553370239","0.149822313975773","","","","",
"Afghanistan","AFG","Natural gas rents (% of GDP)","NY.GDP.NGAS.RT.ZS","","","","","","","","","","","0.565894962471447","0.645741697314356","0.741465718591879","0.829717882168702","0.897242371554401","1.33344928055424","1.40510706132468","1.39269094424288","0.849953626105317","0.57616563239498","0.565203899013619","0.111868106068871","","","","","","","","","","","","","","","","","","","","","0.231561307228384","0.036729700085138","0.0283021705785469","0.0230939370293463","0.0175735938615238","0.0140511789653461","0.0162665856535653","0.0102634444245309","0.0403224481935062","0.0451518313015526","0.0464655939898396","0.0341687943179892","0.00462181980835445","0.0021525915335507","0.00213017870477219","0.00193733204041791","0.00151202723141628","0.00152718893968035","0.00134755113216414","0.00195353922210792","","","","",
"Africa Western and Central","AFW","Natural gas rents (% of GDP)","NY.GDP.NGAS.RT.ZS","","","","","","","","","","","","","","0.01204345324127","0.0188016318959377","0.0207791928879465","0.0180274792123008","0.0195677337281217","0.0214123445758702","0.0323570129000873","0.0360747286821277","0.0155146938107064","0.00718912615451862","0.0355317154019716","0.0403273190146479","0.0466537452252167","0.0552640792466124","0.049587021199192","0.0440026704430099","0.0644510608058136","0.0615836157779832","0.073251485650721","0.066965899534571","0.162477210223611","0.184321665314615","0.172536616998666","0.168011242053125","0.166775926733581","0.126626201859737","0.105517357924256","0.303491136149007","0.39606431502022","0.292815107066352","0.426840259726978","0.398438521664508","0.181557336913963","0.49003251878384","0.512038035094325","0.551377935924728","0.407030670116094","0.490067298521684","0.725229092766651","0.745123284566519","0.582412118912158","0.581463691517692","0.494703962594859","0.365041835403397","0.477664368971042","0.685940028391098","0.664901746127826","0.505160752165026","0.862848613717962","","","","",
"Angola","AGO","Natural gas rents (% of GDP)","NY.GDP.NGAS.RT.ZS","","","","","","","","","","","","","","","","","","","","","0.0303698954484592","0.021145838970313","0.00745082956709586","0.0245208531136713","0.0252186249858535","0.020325503782181","0.0294913176962773","0.0250447065518835","0.0209596050513708","0.0227399332838464","0.0795872176902704","0.078435847881649","0.0905957741900589","0.160844205980298","0.221467333218776","0.206519283558313","0.159734205456364","0.158566178380028","0.136441188557766","0.161428826039536","0.196300643661974","0.210594107007388","0.131900390989224","0.135113552616191","0.123797564311738","0.0367077834483982","0.0801485865290752","0.075690352036519","0.0566358779076589","0.0619194883478922","0.0633424630809303","0.0704815977652541","0.0646914683950498","0.0689984474570451","0.0508980853938274","0.0604405605969015","0.158766315983972","0.476162010407452","0.74554243174425","0.814083850645771","0.876758383885871","1.01234906054638","","","","",
"Albania","ALB","Natural gas rents (% of GDP)","NY.GDP.NGAS.RT.ZS","","","","","","","","","","","","","","","","","","","","","","","","","0.480087182712261","0.429410237184159","0.392760293749113","0.207890285277707","0.198466812038451","0.156546254770579","0.199187474772875","0.151694214692069","0.0984135087821083","0.0967423101475636","0.0376780789926274","0.0291496090693974","0.0174110710674192","0.0212292713268089","0.00222643541637826","0.00168005565496385","0.00703462737907052","0.010399353794783","0.0117918086634504","0.00919522316755073","0.0048676691156837","0.00402406818681407","0.00813351635635809","0.0111900092211739","0.00841142402522897","0.00648099662098859","0.00925242566622937","0.0136576272780024","0.0164608412977661","0.0171746839867787","0.0201834576696399","0.019112954317569","0.0139612587019387","0.0188963304814835","0.022458616306127","0.0273613999739918","0.0098718761210861","0.049458339903858","","","","",
"Andorra","AND","Natural gas rents (% of GDP)","NY.GDP.NGAS.RT.ZS","","","","","","","","","","","","","","","","","","","","","","","","","","","","","","","","","","","","","","","","","","","","","","","","","","","","","","","","","","","","","","","","","","",
"Arab World","ARB","Natural gas rents (% of GDP)","NY.GDP.NGAS.RT.ZS","","","","","","","","","","","","0.183295336395563","0.200204718752599","0.189969562603036","0.109619539381104","0.215567960595765","0.195994346367091","0.235156950584861","0.322996114394178","0.53150325086562","0.352772659068827","0.360049488302319","0.160833183924481","0.634479417469297","0.641215469746689","0.675374941648709","0.841077597586094","0.783143202702814","0.857085599120646","0.858274473372236","0.663138181397078","0.903587883315731","0.944463433686143","0.991362843931836","1.02829339482305","1.11851843203428","1.18759251350197","1.27565903854584","1.29605741377314","1.16824403053333","1.39840866688866","1.72497409477134","1.53669696069003","1.38945983396083","1.33742841742861","1.56581131271222","1.59051168709212","1.48138170796646","1.31677518617765","1.60969268584614","1.40810033549132","1.59908550716921","1.60219138977224","1.60093365305366","1.49112164988725","1.26401604448213","1.00022650946056","1.21063938152666","1.77156586952538","1.73353131738784","1.95416063304675","2.7980428299625","","","","",
"United Arab Emirates","ARE","Natural gas rents (% of GDP)","NY.GDP.NGAS.RT.ZS","","","","","","","","","","","","","","","","0.163466506683093","0.148005538855027","0.281350586820016","0.49838179224681","0.641714769412177","0.425602042225653","0.371555229070157","0.131548058305729","0.586418700981653","0.683106149097478","0.95386591130851","1.353966078348","1.41052878408729","1.39749832676632","1.47072835344582","1.28679743521128","1.42278115751413","1.44489185742813","1.34984304373982","1.29651248840557","1.52774715570848","1.60805442765848","1.71580198382946","1.69523548425714","1.48019075248212","1.5402537160529","1.79003505598156","1.59217479022602","1.40024746926002","1.3026745340904","1.39252709986089","1.32306915187906","1.21877202510384","1.04274122887812","1.29504191176003","1.09696752906347","1.17972038186238","1.14944917707313","1.13311451584915","1.02785418598527","0.944063472144973","0.724598673737908","0.82907663794894","1.08759822581719","1.21418377523218","1.47800034393077","1.96089498612487","","","","",
"Argentina","ARG","Natural gas rents (% of GDP)","NY.GDP.NGAS.RT.ZS","","","","","","","","","","","0.0056850188122777","0.00945431127752581","0.00914103941323704","0.00646767115433155","0.0374907502519704","0.103099296421199","0.0988380204642832","0.00681124973798209","0.0162548951741007","0.0850475621025231","0.1966017224325","0.144536391472678","0.0328048780293968","0.161123885827592","0.263237654828575","0.232273336449674","0.169715743996771","0.121268074864062","0.112903764731897","0.257531904139602","0.156002201280318","0.105217488837536","0.0791319167057277","0.101191566049317","0.0832982540170027","0.0810388224069918","0.084701578486069","0.0820948873528113","0.07155227159531","0.145370116357675","0.282821013547511","0.29987415057312","0.646827117703421","0.415641192852899","0.333214519684995","0.518722288899288","0.633332833614627","0.605509596028324","0.513205960913271","0.5753366974209","0.309484878442217","0.538827310390617","0.544036864497816","0.5571291088583","0.535325276913858","0.246808228645021","0.119238339223091","0.132192711472979","0.401322114717452","0.523559339823675","0.298269697229754","0.389397123451652","","","","",
"Armenia","ARM","Natural gas rents (% of GDP)","NY.GDP.NGAS.RT.ZS","","","","","","","","","","","","","","","","","","","","","","","","","","","","","","","0","0","0","0","0","0","0","0","0","0","0","0","0","0","0","0","0","0","0","0","0","0","0","0","0","0","0","0","0","0","0","0","","","","",
"American Samoa","ASM","Natural gas rents (% of GDP)","NY.GDP.NGAS.RT.ZS","","","","","","","","","","","","","","","","","","","","","","","","","","","","","","","","","","","","","","","","","","","0","0","0","0","0","0","0","0","0","0","0","0","0","0","0","0","0","0","0","0","","","","",
"Antigua and Barbuda","ATG","Natural gas rents (% of GDP)","NY.GDP.NGAS.RT.ZS","","","","","","","","","","","","","","","","","","","","","0","0","0","0","0","0","0","0","0","0","0","0","0","0","0","0","0","0","0","0","0","0","0","0","0","0","0","0","0","0","0","0","0","0","0","0","0","0","0","0","0","0","","","","",
"Australia","AUS","Natural gas rents (% of GDP)","NY.GDP.NGAS.RT.ZS","","","","","","","","","","","0","0.00686003374795413","0.0128058512256082","0.0213948240624894","0.0850154188895675","0.148487028720157","0.154832053112199","0.174272027528108","0.20058445557712","0.281864869545654","0.265150130637996","0.11042948868479","0.0374601956530704","0.0865220339234795","0.106744792001129","0.155901793319544","0.261254380890092","0.227429850160488","0.158420224535713","0.14305235926313","0.234861244993648","0.195331450563141","0.229765008586858","0.304404898871275","0.359554422014385","0.364303031664732","0.400710340720103","0.380230933324588","0.311317043471957","0.364771381363961","0.551817752368355","0.562124106792889","0.488247924172099","0.5084006809536","0.448804277256907","0.420182475428722","0.399162747844491","0.355799251990489","0.331366192668345","0.380336796941961","0.358939187120881","0.350838343671304","0.291490714216486","0.331288181046131","0.484066275281438","0.604563395765041","0.587554401448582","0.710596127047236","1.12681291351523","1.33869213675891","1.20573602321749","1.71840640102869","","","","",
"Austria","AUT","Natural gas rents (% of GDP)","NY.GDP.NGAS.RT.ZS","","","","","","","","","","","0.0319014387177766","0.0344382961806929","0.0399211065468103","0.0283507426587602","0.0729745053115962","0.10146099537663","0.0899224642808509","0.084717483814066","0.0772660073577331","0.105028123686583","0.106454014314995","0.0596093656920332","0.025407282413816","0.0399411455495623","0.0443088865734808","0.036381463507797","0.0246173540370213","0.0107382730148726","0.00955732105851988","0.0106851024726083","0.0132315851845866","0.00925396088486185","0.00474489207295092","0.0112578098585122","0.0093096254154672","0.0159218186973434","0.015671415815533","0.0181006482273762","0.00252898556596711","0.00274773748481646","0.0213333873225911","0.0436415765473745","0.0325849066521663","0.0301419304528529","0.0224294750284273","0.0151465240868567","0.0351944312048777","0.0319127148875307","0.0429913930065737","0.0355173563880205","0.0339847636937159","0.0467239804320505","0.055437461757175","0.0416512097457698","0.0263618098266118","0.0216007474240721","0.011656370171843","0.0164285466528456","0.0198917686011633","0.0126697674134977","0.00526918629933914","0.0240584970736946","","","","",
"Azerbaijan","AZE","Natural gas rents (% of GDP)","NY.GDP.NGAS.RT.ZS","","","","","","","","","","","","","","","","","","","","","","","","","","","","","","","2.1786106851534","1.33681556118759","","5.24454400952398","6.28450643062198","5.91670157388794","4.43012286164639","3.41074027833419","0.372016698669466","0.378262974832","2.11438079766029","4.20455862951384","2.61682450573272","2.43611048644021","1.90809402810988","1.14263840609091","1.8870925892626","2.27027277147196","3.53468638543854","2.94720896244255","2.27375001160716","2.96365565662679","3.10607700286362","2.88092982846284","2.21091796655308","2.28675308989615","1.87620937481827","2.22236696678728","3.27586233997117","2.78333521411986","1.59281919627418","8.58674677408325","","","","",
"Burundi","BDI","Natural gas rents (% of GDP)","NY.GDP.NGAS.RT.ZS","","","","","","","","","","","","","","","","","","","","","0","0","0","0","0","0","0","0","0","0","0","0","0","0","0","0","0","0","0","0","0","0","0","0","0","0","0","0","0","0","0","0","0","0","0","0","0","0","0","0","0","0","","","","",
"Belgium","BEL","Natural gas rents (% of GDP)","NY.GDP.NGAS.RT.ZS","","","","","","","","","","","0.000451576881249078","0.000476577417033659","0.000551825229615908","0.000368419032313166","0.0011062969660783","0.00115120589219033","0.000738215183322637","0.000731444191942585","0.000663449923841049","0.000936139303789571","0.00135852622570193","0.000897631549986918","0.000451757421502116","0.000492343174738915","0.00105433335210483","0.00100176517678765","0.000477336068240495","0.000213347377064638","0.000104115883737231","8.6427300856737E-05","9.367750107079E-05","5.51758278534618E-05","1.51644843039528E-05","2.85267405706294E-05","6.13932212724749E-06","2.24846421375341E-06","1.78550722480673E-05","1.60110731010144E-06","0","5.65681240184915E-07","2.36893974858375E-05","0","0","0","0","0","0","0","0","0","0","0","0","0","0","0","0","0","0","3.98584889407065E-05","3.13349862684409E-05","0.000136779184332235","","","","",
"Benin","BEN","Natural gas rents (% of GDP)","NY.GDP.NGAS.RT.ZS","","","","","","","","","","","","0","0","0","0","0","0","0","0","0","0","0","0","0","0","0","0","0","0","0","0","0","0","0","0","0","0","0","0","0","0","0","0","0","0","0","0","0","0","0","0","0","0","0","0","0","0","0","0","0","0","0","","","","",
"Burkina Faso","BFA","Natural gas rents (% of GDP)","NY.GDP.NGAS.RT.ZS","","","","","","","","","","","","","","","","","","","","","0","0","0","0","0","0","0","0","0","0","0","0","0","0","0","0","0","0","0","0","0","0","0","0","0","0","0","0","0","0","0","0","0","0","0","0","0","0","0","0","0","0","","","","",
"Bangladesh","BGD","Natural gas rents (% of GDP)","NY.GDP.NGAS.RT.ZS","","","","","","","","","","","0.0330339937653794","0.0440290756408936","0.0509512418233029","0.0572618178601654","0.0481544193522859","0.029782484073481","0.0989079103942444","0.140857200168227","0.0739726114535406","0.0577942200054973","0.0962085709933433","0.0131906458879545","0","0.0750950598378671","0.0291656501806434","0.0293088680717999","0.136235574827777","0.140821318900844","0.110148061487945","0.211599025279384","0.243919159694319","0.184237103275824","0.21353257645443","0.235350651621975","0.287616429967909","0.324387065016714","0.30375467828582","0.271240317553023","0.316799450658648","0.430095811879651","0.687350827946421","0.699483029772388","0.885287428354618","0.90807195473038","0.981489496063701","1.16332572452017","1.28689068571642","0.783588562995689","0.712400705627762","0.851690938338084","0.898444843866627","1.05122540837567","1.0663245644488","0.781316379861342","0.737053259632387","0.628140947294092","0.490629924530705","0.509162512083424","0.501783630475608","0.516998313075893","0.457007845879687","0.490054814572216","","","","",
"Bulgaria","BGR","Natural gas rents (% of GDP)","NY.GDP.NGAS.RT.ZS","","","","","","","","","","","","","","","","","","","","","0.0385830025588355","0.0198325139261796","0.00558417363846624","0.00796523032670581","0.00620428077910663","0.00253300131896684","0.00181741492981242","0.000534780186776486","0.000441144466320755","0.000385068674887381","0.00108766448555825","0.00103919723454466","0.00216036441347754","0.00843686269085243","0.00761826425255346","0.00628057474377564","0.00777524694144459","0.00778881613251351","0.000637127538308055","0.000624281659353869","0.00252770248586447","0.00750141222220329","0.00432092270735906","0.00290204563592261","0.0431724150903471","0.0463019081658468","0.0873541922780936","0.0440111294416164","0.0431769272049978","0.0026718472138392","0.0111255684572656","0.08909304721064","0.087087212755187","0.0630866311706594","0.0300440667016445","0.0132341573376468","0.00672704231790746","0.00735612441515926","0.00453020891529789","0.00343786072088081","0.0024673666719186","0.00649706344376637","","","","",
"Bahrain","BHR","Natural gas rents (% of GDP)","NY.GDP.NGAS.RT.ZS","","","","","","","","","","","","","","","","","","","","","3.20244574943703","2.5971700268215","1.03177737803352","3.20060069567888","2.79657042832255","3.51916892419728","4.90219489317353","3.71007666541045","3.67440010339245","3.59808818906083","3.82904660505208","3.13278472098241","3.41267086409058","3.5252104984237","3.55162548584872","3.71221281533309","4.02364254148443","4.50420243160282","4.51744251842113","4.13601981051486","3.90509019196928","4.59852838532505","3.81848759632743","3.26282991909153","2.89392654797881","3.45660209335522","3.564943452881","3.2849174428085","3.13396671097874","3.64045864499061","3.1458020023521","3.59618035200711","3.48743064000799","3.66701220157543","3.53944248592437","2.8089852552925","2.01829730710093","2.22156526267298","3.36088505657664","3.51507642806904","4.00801892013274","5.70191051100315","","","","",
"Bahamas, The","BHS","Natural gas rents (% of GDP)","NY.GDP.NGAS.RT.ZS","","","","","","","","","","","","","","","","","","","","","0","0","0","0","0","0","0","0","0","0","0","0","0","0","0","0","0","0","0","0","0","0","0","0","0","0","0","0","0","0","0","0","0","0","0","0","0","0","0","0","0","0","","","","",
"Bosnia and Herzegovina","BIH","Natural gas rents (% of GDP)","NY.GDP.NGAS.RT.ZS","","","","","","","","","","","","","","","","","","","","","","","","","","","","","","","","","","","0","1.17651005107296","0","0","0","0","0","0","0","0","0","0","0","0","0","0","0","0","0","0","0","0","0","0","0","0","0","0","","","","",
"Belarus","BLR","Natural gas rents (% of GDP)","NY.GDP.NGAS.RT.ZS","","","","","","","","","","","","","","","","","","","","","","","","","","","","","","","0.0189812629076474","0.0160697710797241","0.00894817151236693","0.0214436893147621","0.0229701022780913","0.0411715388339053","0.0350657440959967","0.0390816469926832","0.00484618899409632","0.00604219857903767","0.03933433969695","0.0861676897416726","0.0526260096442433","0.0487649039711523","0.0319836035451253","0.0193793483029706","0.033388719470755","0.0249467887705305","0.0333050210480071","0.0285917873832907","0.0224285467978157","0.0346631203472808","0.0327663731609392","0.0314435283411334","0.0190292191065204","0.0205835331969136","0.0138373161215679","0.0149563221222871","0.0224386419719246","0.0145331848819673","0.00744687391133359","0.0393613113787622","","","","",
"Belize","BLZ","Natural gas rents (% of GDP)","NY.GDP.NGAS.RT.ZS","","","","","","","","","","","","","","","","","","","","","0","0","0","0","0","0","0","0","0","0","0","0","0","0","0","0","0","0","0","0","0","0","0","0","0","0","0","0","0","0","0.0124065859554827","0.0203645268625787","0.0153731327815479","0.00591909443495492","0.00728046032130858","0.0037060105918705","0.00155713039584368","0.00159392128370483","0.00306198813875167","0.00247122713963401","0.00122004390763011","0.00165124541611378","","","","",
"Bermuda","BMU","Natural gas rents (% of GDP)","NY.GDP.NGAS.RT.ZS","","","","","","","","","","","","","","","","","","","","","0","0","0","0","0","0","0","0","0","0","0","0","0","0","0","0","0","0","0","0","0","0","0","0","0","0","0","0","0","0","0","0","0","0","0","0","0","0","0","0","0","0","","","","",
"Bolivia","BOL","Natural gas rents (% of GDP)","NY.GDP.NGAS.RT.ZS","","","","","","","","","","","0.00123112675379569","0.00185471055387267","0.0457102012203248","0.0689966230197258","0.322319828565483","0.520078573219649","0.462708264111432","0.0306489103405502","0.0613971732363734","0.384692017980359","1.0520260030591","0.48796664760095","0.112572959783309","0.653856951411134","0.702557158114853","0.762303434066817","0.896835071018122","0.599810821739996","0.536813425888193","0.69739802194161","0.862462574435177","0.618763513014861","0.55581800292962","0.635138288006385","0.53602284659459","0.448012489750806","0.405157180948825","0.385551525773547","0.264054370006603","0.320800790853637","0.772562074092428","1.10433905071583","1.10088698094808","1.02122652481984","1.31796776619707","2.83615706373774","3.55806070652127","3.98560882647042","3.64008440973696","3.30564306364059","2.34929579123048","4.72620152059823","5.04123047708524","5.55829339354152","4.77969194953676","2.33856535298855","0.926800497644539","1.0880253133197","2.2533911778168","2.06571007254961","1.20542213557419","1.85442902804369","","","","",
"Brazil","BRA","Natural gas rents (% of GDP)","NY.GDP.NGAS.RT.ZS","","","","","","","","","","","5.72988785659341E-05","0.000127866098532604","0.000154533174416845","0.00012156693604758","0.00132193064929292","0.00229309381949505","0.00218471923244109","0.000175152724878442","0.000480360072334052","0.00321072495906358","0.00873207221897623","0.00439740919401867","0.00126043263666032","0.0132378576963637","0.0173173264729097","0.0227099114399632","0.0180827250883556","0.0136314009022103","0.0110629251504283","0.0103246181642644","0.0106566895673508","0.0102373707253398","0.0108604225718194","0.0140426313835456","0.00930273797083491","0.00608767711808389","0.00622772149796354","0.00648749797804792","0.00533849423509356","0.0131196169136787","0.021960393735733","0.0258071276939522","0.0267500574610956","0.0202189007331639","0.0186665999783458","0.0264140866308715","0.0305846758078658","0.0293323805781565","0.0335296474727113","0.0319571904244483","0.0208700944797705","0.0453223777417706","0.0585963181642604","0.0705641668851668","0.0682078611571187","0.047972921893605","0.0209459201154779","0.0274701476531574","0.0651681042894358","0.0723668776342963","0.0477663275367818","0.0699944991767358","","","","",
"Barbados","BRB","Natural gas rents (% of GDP)","NY.GDP.NGAS.RT.ZS","","","","","","","","","","","","","","","0.00216068774236679","0.0040562089730967","0.0043350618660234","0.000336404764944236","0.000803445222588396","0.00730957913463162","0.013777775853813","0.00444474199065952","0.000918962661789204","0.00943299610948287","0.0114910175378273","0.0142907374793579","0.01122675529681","0.00656190839943521","0.00617471969054036","0.013754466924589","0.0173272684406591","0.0111427006762364","0.0100748952925411","0.0162671757115085","0.00995586349535196","0.00982382625027421","0.00443448854176744","0.00404720983252866","0.00360613889170984","0.00622203505954288","0.00896097891575056","0.00734113104144535","0.00473724254174462","0.00275362891992784","0.00300567745635726","0.00625743713937694","0.00857159576539462","0.00988158673358167","0.0104550387415471","0.0125651343981811","0.00822346267269738","0.0188275988568033","0.020460383695257","0.023677064362805","0.020579813277069","0.0100989510271568","0.00361863502215179","0.00410479395596152","0.0073250257189182","0.00819049958881362","0.00586257488062622","0.00721641774510882","","","","",
"Brunei Darussalam","BRN","Natural gas rents (% of GDP)","NY.GDP.NGAS.RT.ZS","","","","","","","","","","","0","0.1434037109763","0.320250804180378","1.36882316787776","5.79658443141836","12.3290116966222","14.0583683247057","12.4247642278543","12.4052642416374","","7.04332659085731","3.23321037937806","1.11560819209278","2.60423015587365","3.4487090021513","4.61169886779788","10.7056839953344","8.01741042873201","7.141227784753","7.03299180537517","8.16323415161987","6.59662439137408","6.78004726057027","8.63913819511752","9.90028801313038","10.0563395912067","10.7782742400189","10.9795246369","9.39722485634625","9.5111460455739","11.4211547210859","11.2438208054038","9.41914724852506","11.4097226051516","10.8502219394206","8.85868980707189","6.84285673752605","5.99662049691355","5.58937389908977","6.78152360946728","6.26653837953077","5.36775639944301","4.91811419211934","4.92311523843707","7.35949291695194","11.1648852580271","9.00868081115163","8.75820089006841","11.3983873234199","11.7839298120962","10.2374489601131","13.8577460214654","","","","",
"Bhutan","BTN","Natural gas rents (% of GDP)","NY.GDP.NGAS.RT.ZS","","","","","","","","","","","","","","","","","","","","","0","0","0","0","0","0","0","0","0","0","0","0","0","0","0","0","0","0","0","0","0","0","0","0","0","0","0","0","0","0","0","0","0","0","0","0","0","0","0","0","0","0","","","","",
"Botswana","BWA","Natural gas rents (% of GDP)","NY.GDP.NGAS.RT.ZS","","","","","","","","","","","","0","0","0","0","0","0","0","0","0","0","0","0","0","0","0","0","0","0","0","0","0","0","0","0","0","0","0","0","0","0","0","0","0","0","0","0","0","0","0","0","0","0","0","0","0","0","0","0","0","0","0","","","","",
"Central African Republic","CAF","Natural gas rents (% of GDP)","NY.GDP.NGAS.RT.ZS","","","","","","","","","","","","","","","","","","","","","0","0","0","0","0","0","0","0","0","0","0","0","0","0","0","0","0","0","0","0","0","0","0","0","0","0","0","0","0","0","0","0","0","0","0","0","0","0","0","0","0","0","","","","",
"Canada","CAN","Natural gas rents (% of GDP)","NY.GDP.NGAS.RT.ZS","","","","","","","","","","","0","0.00304858493789551","0.0588189994360263","0.1426426606558","1.21748336294711","1.10373747588184","0.970374757005405","1.10295864524684","1.00869937722993","2.90184676433781","2.56694931882748","1.46667244821244","0.304784526479071","0.98963206288441","1.12473451428459","1.01026569663988","0.215695535730593","0.581851693211679","0.386410049774813","0.396208226919289","0.349427811582374","0.289858797634096","0.599039987027641","0.990733550697472","0.849171344883912","0.596623247023328","1.17352464599299","1.28537701238966","0.948852588336806","1.19673708351473","2.69008812026294","2.24768527470397","1.52405736696144","2.64892897467011","2.36322206157322","3.22083898396214","1.41752853523662","1.1136047676712","1.5731684213923","0.129656375469644","0","0","0","0","0.118317835064536","0","0","0","0.0205383386190184","0","0","0.793958417895896","","","","",
"Central Europe and the Baltics","CEB","Natural gas rents (% of GDP)","NY.GDP.NGAS.RT.ZS","","","","","","","","","","","","","","","","","","","","","","","","","","","","0.603108566870472","0.548425317228326","0.524080200062506","0.277196367323562","0.190712908481982","0.0841866232912107","0.178375484904116","0.139218227019881","0.180650426614081","0.156933323586471","0.155591532375064","0.0173370290121648","0.0172681150691448","0.119464884582632","0.234479455811482","0.154428533184055","0.139935045860311","0.10605721570695","0.0750040389923232","0.149502562377547","0.119740050505912","0.169090781770792","0.141420185778486","0.126812328229523","0.17918418689241","0.192920693012925","0.172431379223866","0.117385475663028","0.0977789411574707","0.0523623197218983","0.0680429439962105","0.0945132856220875","0.0613932125333478","0.028210620197259","0.136102882539311","","","","",
"Switzerland","CHE","Natural gas rents (% of GDP)","NY.GDP.NGAS.RT.ZS","","","","","","","","","","","","","","","","","","","","","0","0","0","0","0","0.00052180167588979","0.000368087542954923","4.63037968362586E-05","2.51750591147481E-05","1.39026769117188E-05","2.41975953514502E-05","1.26354380718431E-05","6.44796022674242E-06","9.96984088687989E-06","4.37153720340599E-06","0","0","0","0","0","0","0","0","0","0","0","0","0","0","0","0","0","0","0","0","0","0","0","0","0","0","0","","","","",
"Channel Islands","CHI","Natural gas rents (% of GDP)","NY.GDP.NGAS.RT.ZS","","","","","","","","","","","","","","","","","","","","","","","","","","","","","","","","","","","","","","","","","","","","","","","","","","","","","","","","","","","","","","","","","","",
"Chile","CHL","Natural gas rents (% of GDP)","NY.GDP.NGAS.RT.ZS","","","","","","","","","","","0.00330830783321806","0.00368457997830759","0.00355018592876416","0.00204283814136285","0.0163020700804943","0.0716004078776441","0.0809842745964913","0.00503328484438227","0.0118442217382171","0.0382826484491269","0.0653228010732039","0.0334080002016052","0.00991716564722387","0.0712456912340203","0.0827549906491545","0.0913946703167388","0.0656320959297065","0.0405633946803494","0.0405319825729947","0.0637259298853554","0.0728562190095789","0.0453311051993622","0.038321853889761","0.0423070875971118","0.0347164019518358","0.0225535114248099","0.0220761655005779","0.0198402199294848","0.0140606516256155","0.025964022680054","0.0492733030540225","0.0562807667278416","0.0437175691931366","0.0255686799154457","0.019692704959145","0.0355430214805236","0.0384461522535262","0.0395838125596647","0.0413250084352478","0.0505988665683244","0.0282523464279479","0.0440500118610045","0.0362681843736354","0.0300928851237097","0.0237423341784095","0.0163761783716805","0.00818465808036596","0.0100470032058539","0.0228131047345746","0.0313384615447608","0.0143455551337787","0.0213598763535539","","","","",
"China","CHN","Natural gas rents (% of GDP)","NY.GDP.NGAS.RT.ZS","","","","","","","","","","","0","0.0054312942933849","0.00920335288272986","0.0146021265650113","0.0854365348821421","0.156379185078558","0.199514391006454","0.197542971292289","0.298356152647044","0.372525341825161","0.322729870295346","0.117879993566964","0.0321590932387949","0.0652670367121731","0.0757826807799267","0.0848619176159509","0.143334745481363","0.141300446141658","0.102787699332707","0.105879097731663","0.137794047610542","0.1124132027329","0.110443553541784","0.131100101339435","0.123497618029488","0.100748559616033","0.11848025821498","0.123887552681035","0.0857852995104412","0.0962944519710737","0.14650852993033","0.134243959482196","0.114450402325318","0.134315827720248","0.156262243265364","0.164824325904146","0.142534786756028","0.125539522363848","0.117610932160963","0.11303728959797","0.114498931303681","0.111272165477375","0.101496660091287","0.0941454766793496","0.125698597465449","0.134795850990954","0.104843531709252","0.106612708521095","0.153295372359551","0.160723457303557","0.135539849767672","0.210524604380993","","","","",
"Cote d'Ivoire","CIV","Natural gas rents (% of GDP)","NY.GDP.NGAS.RT.ZS","","","","","","","","","","","","","","","","","","","","","","","","","","","","","","","","","","","","0.00697783111204245","0.0579435908857458","0.0411475004385256","0.0549598172907061","0.108854679545715","0.21648578432124","0.268183612174263","0.191211922520124","0.161409274386099","0.173819970816715","0.126214192619765","0.407012042239876","0.274487306472778","0.307395693178292","0.245314581949486","0.283475786785777","0.362965532638359","0.393227820298858","0.320411424987291","0.319671081972001","0.261322774444977","0.178681873738581","0.186969561218541","0.253454611297185","0.218403089389861","0.177485744990039","0.309353155239366","","","","",
"Cameroon","CMR","Natural gas rents (% of GDP)","NY.GDP.NGAS.RT.ZS","","","","","","","","","","","","0","0","0","0","0","0","0","0","0","0","0","0","0","0","0","0","0","0","0","0","0","0","0","0","0","0","0","0","0","0","0","0","0","0","0.00212239577712391","0.00585559949313202","0.00493306401080332","0.00527683548042512","0.00447956662499743","0.0529414980109188","0.049940575845557","0.0951680418324432","1.46664435256529E-17","0.122306805074881","0.109547491948903","0.075259562096555","0.0955529946977523","0.356813520977837","0.49071048227931","0.361296047441197","0.584760671391585","","","","",
"Congo, Dem. Rep.","COD","Natural gas rents (% of GDP)","NY.GDP.NGAS.RT.ZS","","","","","","","","","","","","0","0","0","0","0","0","0","0","0","0","0","0","0","0","0","0","0","0","0","0","0","0","0","0","0","0","0","0","0","0","0","0","0","0","0","0.00513769571119614","0.00855333648062325","0.00896323541592904","0.00813765944593777","0.00779976296726188","0.00957307017895588","","","0.000561016888275066","0.00021856597277561","4.59100664006211E-05","4.85414901302104E-05","6.12298906058406E-05","6.04172796864765E-05","0","0","","","","",
"Congo, Rep.","COG","Natural gas rents (% of GDP)","NY.GDP.NGAS.RT.ZS","","","","","","","","","","","","","","","","","","","","","0.0187707325735457","0.0107724316754048","0.00350211059147758","0.0126376939117345","0.0117026531626422","0.0337013691848965","0.0096329814021158","0.0313491024686438","0","0","0","0","0","0","0","0","0","0","0","0","0","0","0","","","0.0373602563649983","0.136515195916912","0.194880093886761","0.232242539355073","0.34102428913248","0.490499136773879","0.749128501169339","0.697104154265071","0.90171887030378","0.491681471556293","0.529950921594635","0.388986974310453","0.435295524625467","0.562029195762642","0.374465630241367","0.238426693941222","0.356926091847818","","","","",
"Colombia","COL","Natural gas rents (% of GDP)","NY.GDP.NGAS.RT.ZS","","","","","","","","","","","0.00519020826125749","0.00807087787730646","0.00943243568113159","0.00807806848050281","0.0520234776352319","0.0801917665400931","0.068185364348838","0.00451675375372787","0.0118828050147876","0.0761920482064286","0.179099352689446","0.107367436318633","0.0211484248551719","0.111165543903119","0.176121214519172","0.190067064115417","0.159059832733703","0.110307064031435","0.0937686628666727","0.113496920436502","0.123827884295904","0.100203101977118","0.0736125390692444","0.0834645375361317","0.0607742835358483","0.0460974047307293","0.0473161137419421","0.0539552977634069","0.0470901919207675","0.064673624416215","0.111515277869386","0.119128827948719","0.0943543415243117","0.0735630238143874","0.0624997059439029","0.100445843787992","0.138003736740983","0.137520220909257","0.153846594070654","0.205016544784415","0.126227349398466","0.235528552582625","0.245199962236551","0.27873333434137","0.249868141338717","0.154268801916413","0.0625158675282947","0.0740134626050438","0.174481375671232","0.19571942392748","0.124980430688447","0.175988272187925","","","","",
"Comoros","COM","Natural gas rents (% of GDP)","NY.GDP.NGAS.RT.ZS","","","","","","","","","","","","","","","","","","","","","0","0","0","0","0","0","0","0","0","0","0","0","0","0","0","0","0","0","0","0","0","0","0","0","0","0","0","0","0","0","0","0","0","0","0","0","0","0","0","0","0","0","","","","",
"Cabo Verde","CPV","Natural gas rents (% of GDP)","NY.GDP.NGAS.RT.ZS","","","","","","","","","","","","","","","","","","","","","","","","","","","","0","0","0","0","0","0","0","0","0","0","0","0","0","0","0","0","0","0","0","0","0","0","0","0","0","0","0","0","0","0","0","0","0","0","0","","","","",
"Costa Rica","CRI","Natural gas rents (% of GDP)","NY.GDP.NGAS.RT.ZS","","","","","","","","","","","","0","0","0","0","0","0","0","0","0","0","0","0","0","0","0","0","0","0","0","0","0","0","0","0","0","0","0","0","0","0","0","0","0","0","0","0","0","0","0","0","0","0","0","0","0","0","0","0","0","0","0","","","","",
"Caribbean small states","CSS","Natural gas rents (% of GDP)","NY.GDP.NGAS.RT.ZS","","","","","","","","","","","","","","","","","","","","","0.451287035253474","0.249671672516854","0.0597382700850847","0.407332666224492","0.661930229772618","0.722640832214962","0.499766353399482","0.333163348395532","0.305171012493825","0.397188884695412","0.514198001469443","0.459774464053858","0.390285736169268","0.55981548711332","0.517348544574327","0.453553552949372","0.491229916667462","0.447073892417029","0.318664122253051","0.540333129191833","1.06641466038595","1.10214846684835","0.936461782338696","0.98481234413028","0.935314467953667","1.77816551246659","2.54069104188603","2.9119802922135","2.84085260177824","3.85979879427954","2.58471275272892","5.24814978131159","5.14324491604852","5.74241780926944","4.58573221456825","2.24812411107788","0.909883315067236","1.20019012072969","2.92727723158656","3.11115266017398","1.71733118362691","1.969728392293","","","","",
"Cuba","CUB","Natural gas rents (% of GDP)","NY.GDP.NGAS.RT.ZS","","","","","","","","","","","","4.05550677629978E-05","4.36007223165934E-05","7.3217325947975E-05","0.000636944886301067","0.000932484307776805","0.00106277367514476","6.1076485891691E-05","7.16925453315475E-05","0.000727747310808193","0.00181723777096565","0.000817706536557044","0.00013214108340938","0.000530899748946152","0.000216736232426941","0.000467044598548079","0.000358345072714666","0.000912911349679252","0.000675613198694074","0.00128453237992717","0.00155192596967594","0.00130122266833691","0.00090760324571844","0.0012210910213554","0.000714945197892624","0.000507590336989694","0.000733563552197042","0.00138670073974656","0.00350494659117249","0.0171150477205305","0.0359991017269573","0.0353626627565963","0.0256172551808774","0.0205500721682942","0.0208004922554342","0.0374885182921214","0.0676605557087799","0.0816960299384737","0.0837279708502994","0.0895315001563061","0.0567309411882793","0.104448229136775","0.105749002098167","0.11276462547149","0.109578029251644","0.0532537527362868","0.0207658045978483","0.0232276417840159","0.0494182663276201","0.0497037958193293","0.02442943653562","","","","","",
"Curacao","CUW","Natural gas rents (% of GDP)","NY.GDP.NGAS.RT.ZS","","","","","","","","","","","","","","","","","","","","","","","","","","","","","","","","","","","","","","","","","","","","","","","","","","","","","","","","","","","","","","","","","","",
"Cayman Islands","CYM","Natural gas rents (% of GDP)","NY.GDP.NGAS.RT.ZS","","","","","","","","","","","","","","","","","","","","","","","","","","","","","","","","","","","","","","","","","","","","","","","0","0","0","0","0","0","0","0","0","0","0","0","0","0","0","0","","","","",
"Cyprus","CYP","Natural gas rents (% of GDP)","NY.GDP.NGAS.RT.ZS","","","","","","","","","","","","","","","","0","0","0","0","0","0","0","0","0","0","0","0","0","0","0","0","0","0","0","0","0","0","0","0","0","0","0","0","0","0","0","0","0","0","0","0","0","0","0","0","0","0","0","0","0","0","0","","","","",
"Czechia","CZE","Natural gas rents (% of GDP)","NY.GDP.NGAS.RT.ZS","","","","","","","","","","","","","","","","","","","","","","","","","","","","","","","0.00979902858914323","0.00975006370855486","0.00301929190442436","0.0077137256412407","0.00649138493574111","0.0099165693864166","0.00782864008694597","0.00823907705433759","0.00103779761232363","0.00107499109474938","0.0074433765801998","0.0104317183351056","0.00612076571062581","0.00626227213298935","0.0057278736002702","0.00404299364304145","0.00757328297226435","0.00715433190801212","0.0101994932672347","0.00930088435824045","0.00920461377488738","0.0120883197213644","0.0157107832668183","0.0146450305832525","0.0108856455416215","0.00866395440407604","0.00434768843866165","0.00566647010243837","0.00759912966037681","0.00499837538789554","0.00239675481758074","0.0121354470762149","","","","",
"Germany","DEU","Natural gas rents (% of GDP)","NY.GDP.NGAS.RT.ZS","","","","","","","","","","","0.013195277381082","0.0181851312326412","0.0252932186413905","0.0176536014915782","0.0526108048811511","0.0640766571146992","0.066077485672098","0.0590340363563727","0.0561883907288788","0.0799569809441844","0.0895680058398233","0.0716609027668853","0.0303470233998994","0.0582971054883015","0.0649529842044162","0.0540104384106968","0.0357618511461658","0.0168555370631806","0.0127619167182813","0.0130481224015465","0.0151879956295033","0.0102149064381137","0.00482431873373937","0.011123366676754","0.0105228588978429","0.0175923556823876","0.0189470243090187","0.0228031670735354","0.00286576444439628","0.00304291799947438","0.0220483201424161","0.0475097973402925","0.033724476268888","0.0304352574071414","0.0218423665324729","0.0181131670399714","0.0400152093967188","0.0359840365971986","0.0529173919215807","0.0405139498565575","0.0311922394814401","0.0425672292934665","0.0416156923735439","0.0357489487062639","0.0189794489646318","0.0150061510096634","0.00893916182229922","0.0107367287094385","0.0124974991112772","0.00822954807304527","0.00375658099524997","0.0176994358454919","","","","",
"Djibouti","DJI","Natural gas rents (% of GDP)","NY.GDP.NGAS.RT.ZS","","","","","","","","","","","","","","","","","","","","","","","","","","0","","0","0","0","0","0","0","0","0","0","0","0","0","0","0","0","0","0","0","0","0","0","0","0","0","0","0","0","0","0","0","0","0","0","0","0","","","","",
"Dominica","DMA","Natural gas rents (% of GDP)","NY.GDP.NGAS.RT.ZS","","","","","","","","","","","","","","","","","","","","","0","0","0","0","0","0","0","0","0","0","0","0","0","0","0","0","0","0","0","0","0","0","0","0","0","0","0","0","0","0","0","0","0","0","0","0","0","0","0","0","0","0","","","","",
"Denmark","DNK","Natural gas rents (% of GDP)","NY.GDP.NGAS.RT.ZS","","","","","","","","","","","0","0","4.32770581244268E-06","5.08652973976002E-06","8.49952790081015E-06","1.78511689654732E-05","1.19665419422539E-05","2.08284339086905E-05","1.62571533351311E-05","2.45625246304542E-05","3.00431030562503E-05","0.00107550357834458","0.000795542231002857","0.00171740558614892","0.0123763256716149","0.0439853697252122","0.0521867697274708","0.0283625046278715","0.0237632494944714","0.0304664427938731","0.0398394595031874","0.0352663761158419","0.0177670734866108","0.0468891876779597","0.0452263810178096","0.0765641753446272","0.0882671193908403","0.127394654835241","0.0158110767882132","0.0157772472253218","0.122725555837185","0.267235206342421","0.18661106349342","0.15791182172375","0.142752210617765","0.127641278622012","0.26476481017211","0.214718019127171","0.383971968799415","0.24866631252569","0.217594784657197","0.250851104600287","0.241906401833698","0.187630867262796","0.126066308813821","0.108895890420425","0.0613042603242628","0.0860977642930863","0.109349577406559","0.0583699793281617","0.0121535304658443","0.0551051312906266","","","","",
"Dominican Republic","DOM","Natural gas rents (% of GDP)","NY.GDP.NGAS.RT.ZS","","","","","","","","","","","","0","0","0","0","0","0","0","0","0","0","0","0","0","0","0","0","0","0","0","0","0","0","0","0","0","0","0","0","0","0","0","0","0","0","0","0","0","0","0","0","0","0","0","0","0","0","0","0","0","0","0","","","","",
"Algeria","DZA","Natural gas rents (% of GDP)","NY.GDP.NGAS.RT.ZS","","","","","","","","","","","0.358861021890254","0.371657470595125","0.367873167972858","0.372261243430178","0.303040385886068","0.609717248630686","0.681423789503275","0.674820744473545","0.962880952877937","1.97790860297454","0.900478303210696","1.38730986945165","0.638993445439797","2.50313855871889","2.10265108325506","1.8783799255847","1.78713221892743","1.71933652244808","2.12536476680144","2.3070478586592","2.40895526473454","3.38576520086077","3.1456829333476","3.05243083677015","3.58109423094658","4.46124812000903","4.63271636138877","5.3278994745028","5.29640841954736","5.50096124701129","6.36143139801464","6.77330448791438","5.62628427786398","4.62266032721416","3.90735998177232","4.62829429535199","4.48809354777683","3.92429679953824","3.31233807885605","3.99167140096935","3.25358685142754","3.27268025363181","3.36687425907052","3.15384901781361","3.0569020902826","2.90603072482324","2.56694843286828","2.96806789859693","4.64378704706283","4.23642792336282","4.83849619936078","7.9957286210892","","","","",
"East Asia & Pacific (excluding high income)","EAP","Natural gas rents (% of GDP)","NY.GDP.NGAS.RT.ZS","","","","","","","","","","","0","0.00585054752687505","0.00879113349952946","0.0140839495525622","0.0748475849895701","0.140211646226295","0.163107255010557","0.184421597070195","0.319871199834083","0.476159092377168","0.417193432896585","0.15679746538043","0.0504145744590024","0.120239843918068","0.182392802894","0.230304505569652","0.392634007576948","0.376048993166282","0.301924704936797","0.326905367787777","0.42404614613947","0.364447096839064","0.368965556852602","0.418400747840982","0.436345607115831","0.380157932351937","0.439312383435771","0.477972654513499","0.384337602104782","0.411417201056729","0.6262456174324","0.546213301655517","0.467801152290426","0.55615418463587","0.583277671149014","0.566034084720659","0.433803633493449","0.346290247369066","0.318662231367709","0.287405211870039","0.280366660538923","0.254404581222472","0.226565915780435","0.20878053552192","0.273258899573213","0.303564240128937","0.224432399561384","0.218395214427757","0.295598731099621","0.294224646866937","0.228357082622258","0.34779822067483","","","","",
"Early-demographic dividend","EAR","Natural gas rents (% of GDP)","NY.GDP.NGAS.RT.ZS","","","","","","","","","","","0.0612927198935905","0.0568995727967573","0.0519646311561461","0.054833478542406","0.0642770012798085","0.133279199918376","0.132081722945457","0.119020198629885","0.144260584265638","0.247523731903813","0.241053537412158","0.159996734826697","0.0608134449537308","0.241785933546736","0.275222695510595","0.286465368492814","0.332196835959765","0.361117587539562","0.345542511608745","0.385379827484018","0.46149181739851","0.375050350736896","0.319278889822047","0.382296241990658","0.392023723387712","0.423340764229518","0.451017578822147","0.456601797877614","0.384271482057436","0.409647842792","0.605587586504613","0.722784429430973","0.691159586473386","0.683805834834476","0.640369153880702","0.716620654106579","0.766004214998106","0.656904547592973","0.706264248331361","0.706490981345575","0.585822517774722","0.726588060601046","0.730288560626301","0.718540874984717","0.679769551356726","0.553349181805299","0.40265804250125","0.453509342643653","0.740780107812691","0.703103595520123","0.652641793086656","0.951443256467603","","","","",
"East Asia & Pacific","EAS","Natural gas rents (% of GDP)","NY.GDP.NGAS.RT.ZS","","","","","","","","","","","0","0.00333900048924484","0.00481867509508374","0.00764677205064387","0.0493740722774865","0.0937599186776369","0.107183170363175","0.106117489650141","0.113166879964829","0.121702422795668","0.155923627843722","0.0589024006926044","0.020804327806232","0.0449327968136431","0.0633062279608875","0.0822734548244182","0.103455710172337","0.0817714190423084","0.0596300544456333","0.0663879074921439","0.0914777232468535","0.0736148325384926","0.0763663534409254","0.0849416341387932","0.0936561818090607","0.0906457827752204","0.120159488675285","0.138939302308886","0.113040880708984","0.1185591496415","0.17901479626922","0.178659015346137","0.1642601892037","0.196925661052026","0.211070442671155","0.219117813572677","0.193295886260078","0.174171087362232","0.174240628661766","0.165676458548204","0.167046305676014","0.1612243291714","0.147409542080412","0.150729431431933","0.204478375666298","0.236556623078195","0.176212310740961","0.183241117677308","0.26056375416928","0.270397239945738","0.217387329771361","0.334191165024803","","","","",
"Europe & Central Asia (excluding high income)","ECA","Natural gas rents (% of GDP)","NY.GDP.NGAS.RT.ZS","","","","","","","","","","","0","1.18826983142512E-05","4.43133705096737E-05","4.5894152307382E-05","0.000141344338174577","0.000254344099309778","0.000666239881244398","0.00071834606140658","0.000842952383778082","0.00143303389997144","0.00203664977586871","0.00107371949419083","0.00082279795465204","0.00249881406713819","0.0157440256119928","0.0136112952035191","0.021648096282594","0.734483868823732","0.561971399971559","0.543612189300725","0.804268597252936","0.511632357581208","0.233208784712808","0.552941475840206","0.533409842951502","0.665828547763724","0.626453084715523","0.586542744299895","0.0705128313539061","0.0823005036689504","0.656505297251423","1.69305858931355","1.09839769598746","0.989787723485383","0.673699579980238","0.48462207405425","0.937699331625312","0.834743022702975","1.34416908430862","0.962775590837916","0.800014361513148","1.17679890713784","1.20720693157276","1.12069553193014","0.859615409741589","0.7303341767163","0.441085546946562","0.589458407482108","0.948536985514508","0.668403906168204","0.243571890907084","1.25320100450454","","","","",
"Europe & Central Asia","ECS","Natural gas rents (% of GDP)","NY.GDP.NGAS.RT.ZS","","","","","","","","","","","0.0225067881267053","0.0327615091369955","0.0482429708019262","0.03587146133567","0.114781479158053","0.148359989626285","0.15823050687156","0.134738734103282","0.12251203014248","0.178239361245244","0.203909478188664","0.14672898645169","0.0657258749798246","0.122152467394585","0.129218543092792","0.117712699742259","0.0858247892841493","0.0641475050633925","0.120000072856232","0.128099461756763","0.175079186001078","0.121398914402052","0.0580841379132172","0.14154271057493","0.126424843446935","0.199929507100851","0.190855489342063","0.207022965347342","0.0266433963769139","0.0268494530523372","0.198227709127633","0.419354721188085","0.296226927370853","0.274328338333203","0.213373452297612","0.172402100759836","0.358792152982843","0.314957966500716","0.535488717010924","0.384711096413206","0.367242712974651","0.520187186866076","0.557272558598396","0.525962808724231","0.355865793709264","0.298579151341083","0.180281247890562","0.245121684136076","0.37414143144629","0.262402274961792","0.118035222836713","0.633140677392382","","","","",
"Ecuador","ECU","Natural gas rents (% of GDP)","NY.GDP.NGAS.RT.ZS","","","","","","","","","","","","0","0","0","0","0","0","0","0","0","0.0101375218864533","0.00321079029176273","0.000780201189631377","0.00738260762559143","0.0111427990182847","0.0107428384838936","0.00756102029051845","0.00390462842207971","0.00540274779068511","0.00619581787537904","0.0102982968745506","0.00603711606692652","0.00556592861236675","0.0065841631489334","0.00475142348545258","0.00460555185678714","0.00461365170345462","0.0034229064339273","0.00264647063143812","0.00547743086631527","0.0149274346317537","0.0125625783754855","0.00525597396512167","0.00528724428841997","0.00534534839599283","0.0137364930608804","0.01848153963096","0.0200087462005954","0.0174278432820981","0.0215040580227175","0.0152411813949828","0.0219014648757271","0.0448272573078322","0.0450469705695697","0.0426715913878213","0.0190291431700831","0.00893255255772126","0.00999933513610049","0.0183213291864609","0.0174551929671252","0.00867627170111582","0.0136026725030243","","","","",
"Egypt, Arab Rep.","EGY","Natural gas rents (% of GDP)","NY.GDP.NGAS.RT.ZS","","","","","","","","","","","0.00632851665798329","0.0057247563299254","0.00526041256876961","0.00393012385602782","0.00483455665488964","0.0061511087335946","0.0412931729767677","0.0565792426337968","0.102349233590231","0.201212659543661","0.303096363786415","0.285272208880706","0.0961436277277545","0.305148314734969","0.319034425647114","0.328040564883275","0.382659569867373","0.379344035914055","0.493447741679613","0.474817424842265","0.510020435747016","0.631507674585289","0.583818838684651","0.630896722018105","0.63844470152896","0.612728283364487","0.632966198090484","0.593986674942503","0.525188376468722","0.559601222853832","0.80988360858388","1.12609010255356","1.1880642465276","1.34012258500625","1.60233568193565","2.33458675802498","2.8202302183493","2.45152200895889","2.18068996423443","2.05000012334665","1.5962103417445","1.89361087079368","1.63298671232615","1.48462315590397","1.15200734272802","0.717587471392014","0.506687001503198","1.04828310066825","1.89151906248592","1.67276468331077","1.27251663281876","2.04572586744071","","","","",
"Euro area","EMU","Natural gas rents (% of GDP)","NY.GDP.NGAS.RT.ZS","","","","","","","","","","","0.0259825979542149","0.0355594546108226","0.0501977894856133","0.0370235376357391","0.116201705796404","0.15100300146898","0.159964751083199","0.130648366859686","0.111339387900059","0.159679525744724","0.184670013805975","0.134098103864294","0.0572343491714001","0.106571956345311","0.113147836871503","0.101528561439415","0.0684778744677918","0.0297442795544674","0.0219384723040496","0.0242389356690538","0.0302354602301811","0.0224044993926532","0.0108959542831251","0.027240208799229","0.0244965445348221","0.0401855677581063","0.0414303002360379","0.04480910516531","0.0054345771277374","0.0050803839112043","0.0365978844514024","0.0786678371265621","0.05360395339102","0.0456479930560355","0.0382645599469921","0.029022538300684","0.0605739117143742","0.052311883414032","0.0912403222257325","0.0655159826587503","0.0656931989577556","0.0880921526207452","0.0964716172433033","0.0918651669574062","0.0535293223753787","0.0368520530505229","0.0215143129560627","0.0251676321138053","0.032170186794867","0.0197595319305729","0.00768498373866847","0.0343329374304914","","","","",
"Eritrea","ERI","Natural gas rents (% of GDP)","NY.GDP.NGAS.RT.ZS","","","","","","","","","","","","","","","","","","","","","","","","","","","","","","","","","0","0","0","0","0","0","0","0","0","0","0","0","0","0","0","0","0","0","0","0","","","","","","","","","","","","","","",
"Spain","ESP","Natural gas rents (% of GDP)","NY.GDP.NGAS.RT.ZS","","","","","","","","","","","","","","","","","","3.88848261360552E-06","4.88625823161857E-06","7.88615122662422E-06","1.24533703622278E-05","9.95206462076343E-06","5.67417452675856E-06","1.29477083148853E-05","0.00200800771441168","0.00271143626610325","0.00275911703051984","0.00223705837505832","0.00209824875313651","0.00337440621222384","0.00351697251709315","0.00234415627447833","0.00104931121933669","0.00145986094568037","0.000434859430962015","0.000330542285826636","0.000167903831537922","0.000646434388373132","5.20928087999325E-05","6.57580839072651E-05","0.000574298800955914","0.00368850471028918","0.00248883250021705","0.00102716767032723","0.00104702109725233","0.00037531638835149","0.000307165423390413","8.33384517777598E-05","0.000121351888769049","8.17275434437884E-05","0.000298892223443581","0.000391085021390051","0.000520506046413033","0.00053947476331586","0.000160927340647908","0.000350962287631232","0.000179721487811782","0.000115964213353521","0.000544366653518052","0.000595043196851536","0.00011369527281599","0.000567219730435266","","","","",
"Estonia","EST","Natural gas rents (% of GDP)","NY.GDP.NGAS.RT.ZS","","","","","","","","","","","","","","","","","","","","","","","","","","","","","","","","","","","","0","0","0","0","0","0","0","0","0","0","0","0","0","0","0","0","0","0","0","0","0","0","0","0","0","0","0","","","","",
"Ethiopia","ETH","Natural gas rents (% of GDP)","NY.GDP.NGAS.RT.ZS","","","","","","","","","","","","","","","","","","","","","","0","0","0","0","0","0","0","0","0","0","0","0","0","0","0","0","0","0","0","0","0","0","0","0","0","0","0","0","0","0","0","0","0","0","0","0","0","0","0","0","0","","","","",
"European Union","EUU","Natural gas rents (% of GDP)","NY.GDP.NGAS.RT.ZS","","","","","","","","","","","0.0237837235051739","0.0326335680352679","0.0461097121488048","0.0341094445442079","0.10716925563705","0.13858335543233","0.146331242281983","0.12080677071373","0.10347201811719","0.148703177593754","0.172278950508429","0.124853838411332","0.0535079203686719","0.0998202991438188","0.105832580801769","0.0956266791943876","0.0652167238782433","0.0371856876505381","0.0279428088091918","0.0297141621437569","0.0362902881191058","0.0267901008742976","0.0127735470937734","0.0319935951830717","0.028370642103111","0.0461658213535958","0.0466266245478306","0.0509050469410456","0.00615539985066023","0.00580164299837291","0.0419367980886786","0.089773573246881","0.0611721607929841","0.0523776166653128","0.0436486948720118","0.033510777935828","0.0696558032442347","0.0593781717981533","0.10200568969022","0.0741678459623837","0.0720021675902207","0.0960890134401435","0.104636540679193","0.0980964726437465","0.0591395857429868","0.0426589336937848","0.0244895087549908","0.0297920433584723","0.0391685475829186","0.024426036348372","0.00974877955329728","0.0449013381956064","","","","",
"Finland","FIN","Natural gas rents (% of GDP)","NY.GDP.NGAS.RT.ZS","","","","","","","","","","","0","0","0","0","0","0","0","0","0","0","0","0","0","0","0","0","0","0","0","0","0","0","0","0","0","0","0","0","0","0","0","0","0","0","0","0","0","0","0","0","0","0","0","0","0","0","0","0","0","0","0","0","","","","",
"Fiji","FJI","Natural gas rents (% of GDP)","NY.GDP.NGAS.RT.ZS","","","","","","","","","","","","","","","","","","","","","0","0","0","0","0","0","0","0","0","0","0","0","0","0","0","0","0","0","0","0","0","0","0","0","0","0","0","0","0","0","0","0","0","0","0","0","0","0","0","0","0","0","","","","",
"France","FRA","Natural gas rents (% of GDP)","NY.GDP.NGAS.RT.ZS","","","","","","","","","","","0.0116931337362529","0.0136729723767105","0.0159847230465609","0.0101774035351232","0.0300156276294667","0.0338164225250199","0.0330267029957607","0.0328480631994955","0.02975084480954","0.0405887549620628","0.0472023714286134","0.0331222305442564","0.0150138300492797","0.027667257395432","0.0276535697177136","0.0205613835271485","0.0117198116485572","0.00471309240882132","0.00313417780044232","0.00321046557292606","0.00394148996959664","0.00317459935170697","0.00148817014468617","0.00365223740021154","0.00343133820325486","0.00525536362150254","0.00434477544223779","0.00459270407376759","0.000500524447339392","0.000446997784798246","0.00299506579058074","0.00635783621055011","0.00423334274640622","0.00332236455310995","0.00220834809870801","0.00148807022362251","0.0036644600177254","0.00285427992345928","0.00416381388602014","0.00300131454498394","0.00232971591807025","0.00258651823404283","0.00258288830322511","0.0015493248242741","4.71876516832952E-05","6.2380326009974E-05","3.44487325405203E-05","3.58235354425169E-05","2.92489749702571E-05","3.84726110560525E-05","2.13920330256276E-05","0.000137795686740901","","","","",
"Faroe Islands","FRO","Natural gas rents (% of GDP)","NY.GDP.NGAS.RT.ZS","","","","","","","","","","","","","","","","","","","","","","","","","","","","","","","","","","","","","","","0","0","0","0","0","0","0","0","0","0","0","0","0","0","0","0","0","0","0","0","0","0","0","0","","","","",
"Micronesia, Fed. Sts.","FSM","Natural gas rents (% of GDP)","NY.GDP.NGAS.RT.ZS","","","","","","","","","","","","","","","","","","","","","","","","0","","","0","0","0","0","0","0","0","0","0","0","0","0","0","0","0","0","0","0","0","0","0","0","0","0","0","0","0","0","0","0","0","0","0","0","0","0","","","","",
"Gabon","GAB","Natural gas rents (% of GDP)","NY.GDP.NGAS.RT.ZS","","","","","","","","","","","","0.0729745996576622","0.0767827109192282","0.217246336942356","0.254222804570779","0.0929586169586449","0.0208980806032129","0.0221654231398875","0.0186075260774481","0.0178281909512055","0.00817580241071907","0.0238837171376428","0.0146973134163849","0.0379419858522738","0.0148229468178702","0.0201487710883589","0.027750584554608","0.022874519446905","0.0245639978336662","0.0281316252317075","0.030291023051845","0.0295025310435679","0.0247733543202475","0.0416942826191052","0.0438562774657988","0.0566811587339681","0.0484586602713025","0.0529871241663387","0.0424388915850032","0.0472763797891524","0.0772762340975762","0.09276544922341","0.0866644650501961","0.0827014890693919","0.071282162957338","0.03261862995654","0.0921095672170826","0.0792230139390131","0.0879977934357384","0.128111970359723","0.160031176391066","0.209107750132104","0.235863079960661","0.21205622538129","0.286832079981206","0.259727579161708","0.180381369327729","0.183250931989039","0.249185395988878","0.24178434717823","0.210349223877747","0.268524525122843","","","","",
"United Kingdom","GBR","Natural gas rents (% of GDP)","NY.GDP.NGAS.RT.ZS","","","","","","","","","","","0.0215102849390893","0.0396288249599441","0.069056556704709","0.0543149684919987","0.193250694070333","0.251084261482557","0.28990533168912","0.27165564800563","0.221740237637805","0.287370799914419","0.281028368656335","0.192756868660754","0.0965944704534917","0.182281821696475","0.187512895089207","0.180288938060924","0.155521445608748","0.0693471580108446","0.0482441606655183","0.0495166513229391","0.0731797092545278","0.0567727275988582","0.0286257821232236","0.0837477499789455","0.0806664164223917","0.13682766412971","0.148571663911289","0.139662354509984","0.0178393478053867","0.0189209042663947","0.143159542076019","0.297829106442769","0.206006587502172","0.193694812254787","0.137032225524508","0.101098531314747","0.1916673407739","0.157083452753946","0.290604342207015","0.21024175622231","0.185444706515816","0.21217311952712","0.188795515518294","0.168648172977962","0.107032122022792","0.0887900272749926","0.0591498968196775","0.0834976128885108","0.121001218593834","0.0814119494544672","0.0426953236208568","0.171321922432051","","","","",
"Georgia","GEO","Natural gas rents (% of GDP)","NY.GDP.NGAS.RT.ZS","","","","","","","","","","","","","","","","","","","","","","","","","","","","","","","0.0381017277239562","0.0241402913631279","0.00298041750926725","0.0237986256785616","0.0277387965334912","0.0518247361575106","0.0409601332370218","0.0385783731048794","0.00491408316614681","0.00618264102238407","0.0385298028858873","0.0779174527885292","0.0123022588031075","0.0172691487585388","0.0118766934189795","0.00604947779088453","0.00759003365059613","0.0132568469096932","0.0202837342135218","0.0131980726611481","0.00577977936232572","0.0043344189232363","0.00465045700091088","0.00390374824798235","0.00116103156662281","0.0009795273753292","0.000419645174209565","0.000457111098952564","0.000551322820805318","0.000359932677767289","0.000228184554611074","0.00944731283149515","","","","",
"Ghana","GHA","Natural gas rents (% of GDP)","NY.GDP.NGAS.RT.ZS","","","","","","","","","","","","0","0","0","0","0","0","0","0.00076189177668979","0.00668586908178727","0.0141202393073763","0.0120972460784494","0.00583606495696708","0.0215965583769507","0.0230031217507868","0.0259642185284212","0.0284411922859789","0.029086236885933","0.0216246663434604","0.0214761467646061","0.0198569221508545","0.0130702941404352","0.0105191331166339","0.0120597201958917","0.0118627002269436","0.00989214342259157","0.00825867738687865","0.00549941209630857","0.00244791744602994","0.00184083725169293","0.00340464034265789","0.002410052736807","0.00131058431729122","0.000787539446014188","0.000475023426221951","0.000143120735300706","0.000145279902744134","7.92739903368085E-05","5.81339801429368E-05","3.64079578230191E-05","1.95888832346768E-05","1.57190646075533E-05","1.1657271689343E-05","7.10418690304822E-06","7.87670786871886E-06","0.0841913549188799","0.0451266748124126","0.0717217647016315","0.113151065000438","0.165145728819346","0.198011638333066","0.371360442634513","","","","",
"Gibraltar","GIB","Natural gas rents (% of GDP)","NY.GDP.NGAS.RT.ZS","","","","","","","","","","","","","","","","","","","","","","","","","","","","","","","","","","","","","","","","","","","","","","","","","","","","","","","","","","","","","","","","","","",
"Guinea","GIN","Natural gas rents (% of GDP)","NY.GDP.NGAS.RT.ZS","","","","","","","","","","","","","","","","","","","","","","","","","","","0","0","0","0","0","0","0","0","0","0","0","0","0","0","0","0","0","0","0","0","0","0","0","0","0","0","0","0","0","0","0","0","0","0","0","0","","","","",
"Gambia, The","GMB","Natural gas rents (% of GDP)","NY.GDP.NGAS.RT.ZS","","","","","","","","","","","","","","","","","","","","","0","0","0","0","0","0","0","0","0","0","0","0","0","0","0","0","0","0","0","0","0","0","0","0","0","0","0","0","0","0","0","0","0","0","0","0","0","0","0","0","0","0","","","","",
"Guinea-Bissau","GNB","Natural gas rents (% of GDP)","NY.GDP.NGAS.RT.ZS","","","","","","","","","","","","","","","","","","","","","0","0","0","0","0","0","0","0","0","0","0","0","0","0","0","0","0","0","0","0","0","0","0","0","0","0","0","0","0","0","0","0","0","0","0","0","0","0","0","0","0","0","","","","",
"Equatorial Guinea","GNQ","Natural gas rents (% of GDP)","NY.GDP.NGAS.RT.ZS","","","","","","","","","","","","","","","","","","","","","0","0","0","0","0","0","0","0","0","0","0","0","0","0","0","0","0","0","0.0847954344553001","0.0586454288412632","0.0926276422557398","","","","","0.339171438571116","0.817082839693709","1.36522658762627","2.28124170671599","2.70304389691587","2.87867275035343","3.40190695668927","3.59654715458514","3.89363267396189","3.71720499957102","3.96755999067266","3.3292341665039","3.92567796997632","5.43066594009262","4.67462374102181","3.7137787424555","6.63018966086863","","","","",
"Greece","GRC","Natural gas rents (% of GDP)","NY.GDP.NGAS.RT.ZS","","","","","","","","","","","0","0","0","0","0","0","0","0","0","0","0","0.00256568799704839","0.00211074851620691","0.00387769519148079","0.00438068596209893","0.00377563952015838","0.00443767628321559","0.00228459793155968","0.00208130964726916","0.00215612210505599","0.00280592743552792","0.00183096680600622","0.00081309867505816","0.00143185422995878","0.000663573077726312","0.000965662229836479","0.000920224850337659","0.000983567916714096","0.000114207402901628","7.05108951369995E-06","0.000881466557518289","0.00171117129151837","0.00120308424726531","0.000732413030283095","0.000504020419079048","0.000265494258703677","0.000763233512187261","0.000573729336406396","0.00061886331448716","0.000375454974547942","0.000244380112904776","0.000332761523759976","0.000437339513417393","0.000365759061744577","0.000248381610195361","0.000191334316860886","0.000235022779438803","0.000298132044822254","0.000629431983903693","0.000340760437508138","0.000128253821992861","0.000385174877812254","","","","",
"Grenada","GRD","Natural gas rents (% of GDP)","NY.GDP.NGAS.RT.ZS","","","","","","","","","","","","","","","","","","","","","0","0","0","0","0","0","0","0","0","0","0","0","0","0","0","0","0","0","0","0","0","0","0","0","0","0","0","0","0","0","0","0","0","0","0","0","0","0","0","0","0","0","","","","",
"Greenland","GRL","Natural gas rents (% of GDP)","NY.GDP.NGAS.RT.ZS","","","","","","","","","","","","","","","","","","","","","0","0","0","0","0","0","0","0","0","0","0","0","0","0","0","0","0","0","0","0","0","0","0","0","0","0","0","0","0","0","0","0","0","0","0","0","0","0","0","0","0","","","","","",
"Guatemala","GTM","Natural gas rents (% of GDP)","NY.GDP.NGAS.RT.ZS","","","","","","","","","","","","0","0","0","0","0","0","0","0","0","0","0","0","0","0","0","0","0","0","0","0.00164383304863836","0.00105478492843398","0.000898505299902895","0.00113257957095821","0.00086050381949905","0.000728082143765514","0.00070444021559524","0.000616894882761323","0","0","0","0","0","0","0","0","0","0","0","0","0","0","0","0","0","0","0","0","0.00816419321079943","0.011848495306506","5.23901249052368E-05","7.67031869670674E-05","","","","",
"Guam","GUM","Natural gas rents (% of GDP)","NY.GDP.NGAS.RT.ZS","","","","","","","","","","","","","","","","","","","","","","","","","","","","","","","","","","","","","","","","","","","0","0","0","0","0","0","0","0","0","0","0","0","0","0","0","0","0","0","0","0","","","","",
"Guyana","GUY","Natural gas rents (% of GDP)","NY.GDP.NGAS.RT.ZS","","","","","","","","","","","","","","","","","","","","","0","0","0","0","0","0","0","0","0","0","0","0","0","0","0","0","0","0","0","0","0","0","0","0","0","0","0","0","0","0","0","0","0","0","0","0","0","0","0","0","0","0","","","","",
"High income","HIC","Natural gas rents (% of GDP)","NY.GDP.NGAS.RT.ZS","","","","","","","","","","","0.00891687060866106","0.0154260382913843","0.0430026692667325","0.0659805189336344","0.503717626000729","0.439038306568869","0.424722557926357","0.405197201979052","0.339633336625541","0.804352137977529","0.758468399979617","0.484921217204188","0.112812622869092","0.329810995415437","0.367473433166655","0.29637165984071","0.099982183849718","0.149496797743331","0.129463393098968","0.136997792397579","0.145532407707666","0.109608394876201","0.120574331203175","0.191546323008217","0.161350200065935","0.155000420722558","0.216153241175453","0.241510448186074","0.13140753320614","0.153513593205584","0.383083409776918","0.411965899073108","0.288433975781132","0.422574415166657","0.375063251090415","0.47683595318689","0.360604764099691","0.319408437212172","0.49041654264124","0.225800683341964","0.196471062141611","0.272905075100466","0.280934178727508","0.2783958336743","0.232967550500518","0.172770658369272","0.114455505261218","0.147423963257984","0.232373195600905","0.191472724989382","0.14071183937139","0.530028637433154","","","","",
"Hong Kong SAR, China","HKG","Natural gas rents (% of GDP)","NY.GDP.NGAS.RT.ZS","","","","","","","","","","","","0","0","0","0","0","0","0","0","0","0","0","0","0","0","0","0","0","0","0","0","0","0","0","0","0","0","0","0","0","0","0","0","0","0","0","0","0","0","0","0","0","0","0","0","0","0","0","0","0","0","0","","","","",
"Honduras","HND","Natural gas rents (% of GDP)","NY.GDP.NGAS.RT.ZS","","","","","","","","","","","","0","0","0","0","0","0","0","0","0","0","0","0","0","0","0","0","0","0","0","0","0","0","0","0","0","0","0","0","0","0","0","0","0","0","0","0","0","0","0","0","0","0","0","0","0","0","0","0","0","0","0","","","","",
"Heavily indebted poor countries (HIPC)","HPC","Natural gas rents (% of GDP)","NY.GDP.NGAS.RT.ZS","","","","","","","","","","","","","","","","","","","","","0.0599205092858487","0.0331308983010892","0.00751868537750117","0.0432414171914229","0.0526934482589889","","0.0376838181458589","0.0260139259358037","0.0210471369766208","0.0270090781102938","0.0295758080234346","0.0208007489202632","0.0264716773739925","0.0297258904285901","0.0308098307403015","0.0238268183048709","0.0283632070010999","0.0251861898148783","0.0211884912084013","0.0297793776088267","0.0579643088662414","0.0799526776332895","0.0699780693266077","0.0572245871759032","0.0916241338127941","0.129308015050136","0.220843321910583","0.208559001349916","0.21596546818462","0.198825261620337","0.183621682901086","0.3223806866698","0.390153709285492","0.403317316020106","0.341210930037759","0.215269557969818","0.11625110858928","0.147382883193648","0.271165322097199","0.255164582179636","0.16523239868603","0.270355496380554","","","","",
"Croatia","HRV","Natural gas rents (% of GDP)","NY.GDP.NGAS.RT.ZS","","","","","","","","","","","","","","","","","","","","","","","","","","","","","","","","","","","","0.1894052870781","0.157528095724954","0.160086250604738","0.0160340237876244","0.0196126156772976","0.176674487364417","0.396410593313288","0.241271445951601","0.214753155142564","0.159234241412183","0.12906463895286","0.304770836075399","0.345824936878855","0.449762185799552","0.337104007943048","0.423248920946002","0.590019896003995","0.559782333488413","0.435741263753703","0.289997413757728","0.267533069090353","0.133193976413268","0.156560711183931","0.197945973157546","0.101877299594189","0.0454518090024755","0.183195535140786","","","","",
"Haiti","HTI","Natural gas rents (% of GDP)","NY.GDP.NGAS.RT.ZS","","","","","","","","","","","","0","0","0","0","0","0","0","0","0","0","0","0","0","0","0","0","0","0","0","0","0","0","0","0","0","0","0","0","0","0","0","0","0","0","0","0","0","0","0","0","0","0","0","0","0","0","0","0","0","0","0","","","","",
"Hungary","HUN","Natural gas rents (% of GDP)","NY.GDP.NGAS.RT.ZS","","","","","","","","","","","","","","","","","","","","","","","","","","","","","","","","0.156257551687089","0.0699331231267322","0.162450173673011","0.141505811715979","0.245794464649354","0.22374127913164","0.22284218728269","0.0249294073234583","0.0213763332762533","0.142487534392444","0.267388003452291","0.152761215429543","0.128149226812928","0.0960545268105603","0.0740605991548407","0.165374759201741","0.118621852638408","0.19062178582944","0.185291348587861","0.161341756883863","0.218340509701528","0.210554293296234","0.171355533980433","0.109591060858095","0.0869853116424986","0.0526022251623318","0.0647926312972239","0.0962650379943429","0.0592550312448023","0.0304507621680197","0.130992934287711","","","","",
"IBRD only","IBD","Natural gas rents (% of GDP)","NY.GDP.NGAS.RT.ZS","","","","","","","","","","","0.0286035231308062","0.0318518369583686","0.0308603037959875","0.033494166574507","0.0566250081877041","0.116968223191843","0.119723687455641","0.102467338262313","0.134031101873499","0.222340190105453","0.203007937668369","0.123144716070336","0.0433104811076256","0.176363559418774","0.205588296147254","0.212490439816939","0.239281167649368","0.275844211440933","0.37913004962256","0.401458345961874","0.513290870041181","0.412214913467206","0.283897607746337","0.431853301046997","0.400540053966885","0.499213245941626","0.482441764406149","0.48875704277006","0.248233818544941","0.289730508549356","0.582526701796651","0.824706168824648","0.688253655129115","0.696442691688352","0.603730204575008","0.567080261605146","0.725067448551505","0.609057887529458","0.765149567141776","0.615502778859212","0.506585490079653","0.637088021617423","0.618003235587513","0.588676152771146","0.498195770577188","0.422668398571399","0.289201338229792","0.331940597975495","0.525138264368866","0.458633839100711","0.338883565686314","0.735138345698033","","","","",
"IDA & IBRD total","IBT","Natural gas rents (% of GDP)","NY.GDP.NGAS.RT.ZS","","","","","","","","","","","0.0340951647167403","0.034521328884825","0.0320438380242011","0.0346416762495471","0.0557053490967307","0.111284593923934","0.115360393674237","0.100897527949521","0.127051297027775","0.206032886111554","0.18892431199155","0.106773152505967","0.0376644181206851","0.159636605446687","0.185348355264558","0.192665644293047","0.222803219530422","0.255809872884226","0.351613217578446","0.377368812066487","0.495436580465395","0.392019899547978","0.276049224704097","0.422068115281843","0.396221732257472","0.492280824936415","0.473451011233183","0.47905397606675","0.244224207405017","0.288756727822078","0.587479756523194","0.834534562200608","0.698954355714597","0.71470868596877","0.624874412407529","0.583404704363549","0.744342902420798","0.621613486064093","0.774757141911888","0.623889314031322","0.52343808648763","0.660212075651477","0.642181213464272","0.606218065741703","0.517062798687768","0.442763960197466","0.305613200651189","0.35034982927212","0.544268104414225","0.480056547284403","0.355604515769801","0.755651067571839","","","","",
"IDA total","IDA","Natural gas rents (% of GDP)","NY.GDP.NGAS.RT.ZS","","","","","","","","","","","","0.0557175435904725","0.0421628553699198","0.0457883899424583","0.0475265065332121","0.0653408337982837","0.0783661560273469","0.0868811366137459","0.0655873880643985","0.0652725569170662","0.0808394302830011","0.0178401924530911","0.00552109791063777","0.0478125882924403","0.0340271978863832","0.0393811102316014","0.088356305945553","0.0870559753881113","0.066937978614762","0.118961686451948","0.314194839264261","0.216117055808064","0.194666234993978","0.31657063160598","0.346919481614128","0.418560676746655","0.382999850323633","0.380096915166757","0.206468053574664","0.276747019873536","0.64530601234263","0.952146144265607","0.818781928782837","0.919510504099729","0.866823781496281","0.774046388686549","0.967738768184809","0.775648261013175","0.892937003388338","0.726267697642363","0.739152648773593","0.970088482662851","0.971926468447851","0.837248835851386","0.750339943037346","0.68214483239664","0.504036652481315","0.587266557256478","0.790488627313068","0.731364982203469","0.550181857150531","1.01622840878789","","","","",
"IDA blend","IDB","Natural gas rents (% of GDP)","NY.GDP.NGAS.RT.ZS","","","","","","","","","","","0.128241377663281","0.11157460433381","0.0784635470369237","0.090547247522323","0.0827409740399822","0.111373328519786","0.108703465671825","0.125754824242134","0.0909136213542164","0.0812248730129289","0.114705631229958","0.0201559663339327","0.0058003012665662","0.0653302129338484","0.0467845965647324","0.0533246128446645","0.126750226158336","0.124084442257094","0.0969254942366147","0.187326243676103","0.619915919068411","0.414767880823574","0.317781848044607","0.567921620480473","0.564473317503488","0.635896597775094","0.546649598650088","0.5527260189746","0.251518324498271","0.406925540715675","1.03275788389272","1.58401414198808","1.26598556273677","1.37620601008578","1.25172665115116","1.0206305587283","1.39620836994281","1.14693317913101","1.42773349098133","1.13769161717293","1.09697118875613","1.45510844196214","1.42372536435798","1.20052794900443","1.03092678113519","0.972275532440387","0.70838328672974","0.873327471449944","1.24288921088966","1.05515536219416","0.791712052657202","1.64669438670238","","","","",
"Indonesia","IDN","Natural gas rents (% of GDP)","NY.GDP.NGAS.RT.ZS","","","","","","","","","","","0","0.0218386196954709","0.0204738201846601","0.0335673049563523","0.105710282959583","0.207092214656156","0.179794955356035","0.330367278050082","0.645340037851775","1.31978895371394","1.06830042992693","0.385648743860634","0.125456591268231","0.321315238489513","0.532740906583284","0.745326166972091","1.28218369792078","1.26455961185341","1.04179964711547","1.0907572513496","1.38580549937515","1.15930174347296","1.20772489133411","1.20069622435657","1.38533796181107","1.26584699782308","1.38532510289728","1.55002266015724","2.48987291889479","2.02933071336877","2.6651584403675","2.42410664166284","1.90319344354046","2.09426406086845","2.11069450964371","1.92387174642882","1.32448590617292","1.03226061871438","0.995657110106886","0.945944802344101","0.826445929259323","0.73781080558996","0.652294226994824","0.636686032705509","0.850564550857553","0.960955966326089","0.63934334627299","0.591523999755219","0.859660703628191","0.738467377908887","0.546809531246824","0.841191137887917","","","","",
"IDA only","IDX","Natural gas rents (% of GDP)","NY.GDP.NGAS.RT.ZS","","","","","","","","","","","","","","","","0.0286117129120112","","","","","0.0443175103414784","0.0135222630353745","0.00504098122506806","0.0244153596085863","0.0197089369662419","0.0239918237381643","0.052950920101708","0.0541416437289622","0.0424464670062109","0.067471507089222","0.0933843859100457","0.0758899973381008","0.0934337641412969","0.107904307985888","0.142895659933132","0.131113206019908","0.13065062400976","0.113350127633746","0.135451491412584","0.16418940386078","0.282019702168394","0.349510771876849","0.383128670230793","0.475397038945885","0.46952363908747","0.511769319682897","0.484088898648456","0.368246232635704","0.331201217493952","0.330684247779321","0.385944031024799","0.484012857813672","0.462376418297127","0.426272410596949","0.438155209676569","0.373976553966547","0.310287630534851","0.325291467847665","0.38275852025848","0.396041607678378","0.3203675835154","0.416620683054025","","","","",
"Isle of Man","IMN","Natural gas rents (% of GDP)","NY.GDP.NGAS.RT.ZS","","","","","","","","","","","","","","","","","","","","","","","","","","","","","","","","","","","","","","","","","","","","","","","","","","","","","","","","","","","","","","","","","","",
"India","IND","Natural gas rents (% of GDP)","NY.GDP.NGAS.RT.ZS","","","","","","","","","","","0.0110940139052685","0.00899261961781063","0.00756710462572132","0.0065348043642884","0.00823681923292569","0.0142727370565399","0.0190834897963209","0.0196461197769277","0.0138545098208999","0.00973994696701704","0.0104937561134681","0.00182679958938375","0","0.00919171338008786","0.00364468090862312","0.00413947241022387","0.0207657011170945","0.0229408449044183","0.0214264241224863","0.0429217411571215","0.0589599448213109","0.0566541437443828","0.0605820955045563","0.0708383202492168","0.0784761639704613","0.089499415436711","0.0972584774015403","0.0892682372576617","0.10469366755713","0.121431810155186","0.174908287833233","0.15302460449569","0.228575727565643","0.212533349770852","0.203889436106983","0.220626603025343","0.198610657575394","0.0988812569418624","0.100824736385287","0.139884600408234","0.158053469617224","0.171410338885456","0.150297037032533","0.0935065065834165","0.0844638547070627","0.0689196343932162","0.0607616430187198","0.0616444207974507","0.0660238912587392","0.0702256864350301","0.0675142930826255","0.0774937091732812","","","","",
"Not classified","INX","Natural gas rents (% of GDP)","NY.GDP.NGAS.RT.ZS","","","","","","","","","","","","","","","","","","","","","","","","","","","","","","","","","","","","","","","","","","","","","","","","","","","","","","","","","","","","","","","","","","",
"Ireland","IRL","Natural gas rents (% of GDP)","NY.GDP.NGAS.RT.ZS","","","","","","","","","","","0","0","0","0","0","0","0","0","0.0207593922002571","0.0966471756756314","0.177458361719344","0.186256182098404","0.122424733506468","0.236264398514679","0.258102179192962","0.236199255047858","0.120689089289117","0.0534146322003406","0.050987078852207","0.0592952603947291","0.0755327182727983","0.0543885357449183","0.0254447308383767","0.0689214043025995","0.0624864792751415","0.0980042733029527","0.0829130553548741","0.0721733385265073","0.00638659339368771","0.00446014577197632","0.0259955943827088","0.0349499355452399","0.0231005716218551","0.0157877797428726","0.0149647349404642","0.00826253481639906","0.014972766197026","0.00988304055043219","0.0201072486080353","0.0113752250890897","0.0100749846678646","0.0120338455814485","0.0122032013631626","0.0104244823517415","0.00548798967243366","0.00307385221390157","0.0393859966960348","0.0556548017143667","0.075032558976219","0.0392733650290757","0.0140574923991153","0.0510779344974277","","","","",
"Iran, Islamic Rep.","IRN","Natural gas rents (% of GDP)","NY.GDP.NGAS.RT.ZS","","","","","","","","","","","0.593952766268505","0.639270070093413","0.495709239772993","0.451799824779658","0.219838236393895","0.585498844401855","0.464939481792818","0.480033789990037","0.496080537716456","0.492009633243413","0.245804219222402","0.166530200351988","0.0608692800830312","0.184307601304682","0.243522659378682","0.266466712686652","0.219388372194074","0.317270813576148","0.440674775374641","0.488652569892774","0.547879742496481","","","1.20206625307342","1.31815705988469","1.17406917330279","1.16892188051012","1.53703282056056","1.56906693817168","1.66822362541216","2.30162442963997","2.44405372220749","2.3496161139381","2.05072226747438","1.83655471628029","2.44636854647738","2.45659210122043","1.99708594942742","1.8467989298903","2.28085971648197","1.8610874879457","1.91739971657899","2.01887057952724","2.7187141958893","2.97411018568107","2.62955318037995","1.91831819745209","2.33627116072101","5.80900087982186","6.82201707137804","8.49623367431377","8.80888556489953","","","","",
"Iraq","IRQ","Natural gas rents (% of GDP)","NY.GDP.NGAS.RT.ZS","","","","","","","","","","","0.140467113995769","0.152995955718538","0.172658306086737","0.179956895303151","0.0842665516495748","0.192402880379284","0.188588175524992","0.15666995427776","0.160730816409457","","0.0794612523644647","0.0484628181406476","0.0173651452096035","0.0411019067420095","0.0353745156821463","0.0482361329268779","0.0989249460865372","0.174961230988976","0.241395295598101","0.259434082424289","0.0651834988369527","","","","2.36494145515911","0.788428190008421","1.08692306964952","0.547208662489783","0.495158321201736","0.283315868177146","0.27271767012468","0.358458660866","0.288807298247214","0.275320664273337","0.113034701108404","0.155363126583441","0.16643949845663","0.282231021341203","0.300021661461576","0.388347267110813","0.301812816732089","0.251799618876453","0.222359214768549","0.236599620839355","0.245416179697298","0.240804420123799","0.250135507025277","0.2755088548352","0.378532047680893","0.374622752289475","0.378195592280203","0.65552292508507","","","","",
"Iceland","ISL","Natural gas rents (% of GDP)","NY.GDP.NGAS.RT.ZS","","","","","","","","","","","0","0","0","0","0","0","0","0","0","0","0","0","0","0","0","0","0","0","0","0","0","0","0","0","0","0","0","0","0","0","0","0","0","0","0","0","0","0","0","0","0","0","0","0","0","0","0","0","0","0","0","0","","","","",
"Israel","ISR","Natural gas rents (% of GDP)","NY.GDP.NGAS.RT.ZS","","","","","","","","","","","","","","","","","","","","","","","","","","","","","","","","","","","","0.000732653253343525","0.000464014467084341","0.000503239956668579","0.00032969934905168","0.000274752063606896","0.00029815222454106","0.000338032974265271","0.000286459252574505","0.000263213576971853","0.0349354284996114","0.0589531000944453","0.0871372208920479","0.0931813605943948","0.102676351582405","0.084927621419111","0.0857921824744703","0.128582797004934","0.0787009145372555","0.157385100412775","0.166664593681174","0.140168999644038","0.110801914968535","0.127388100686779","0.199534286961076","0.181189344161981","0.264595241567274","0.429728212550477","","","","",
"Italy","ITA","Natural gas rents (% of GDP)","NY.GDP.NGAS.RT.ZS","","","","","","","","","","","0.0284698321720816","0.0331587064110995","0.0417981171616128","0.0307561607006634","0.0852484948490926","0.104242613120003","0.118709502291246","0.0921376982072173","0.0818900196861245","0.107256591889935","0.111391023541726","0.0904590425225796","0.0439309132857637","0.0661909679456151","0.0708471616776757","0.0644669470204754","0.0516173706735184","0.0220024513265612","0.0178771537618967","0.0187086157848379","0.0235916325757824","0.0159429301152163","0.00834599118246881","0.0249241501126475","0.0247347384179311","0.0423469185783285","0.0358435332527692","0.0394231885944635","0.00496412889014047","0.00451822321643958","0.0319380983477865","0.0613333422247091","0.0406753020713446","0.0340885965309502","0.0245576717192482","0.0189293064983278","0.0366454074969274","0.0294703780119245","0.0468292126121431","0.0313263165175021","0.0304157429260632","0.04369127308513","0.0512327603307674","0.0440399256821377","0.0288024323353822","0.0237498688184848","0.0118200048088784","0.0150296363210049","0.0222242166809606","0.0141520951150301","0.00622413506819306","0.0250363768484909","","","","",
"Jamaica","JAM","Natural gas rents (% of GDP)","NY.GDP.NGAS.RT.ZS","","","","","","","","","","","","0","0","0","0","0","0","0","0","0","0","0","0","0","0","0","0","0","0","0","0","0","0","0","0","0","0","0","0","0","0","0","0","0","0","0","0","0","0","0","0","0","0","0","0","0","0","0","0","0","0","0","","","","",
"Jordan","JOR","Natural gas rents (% of GDP)","NY.GDP.NGAS.RT.ZS","","","","","","","","","","","","0","0","0","0","0","0","0","0","0","0","0","0","0","0","0","0","0","0","0.0396519537008865","0.0890155368705709","0.0789616592699017","0.0672728590429935","0.0784283276003653","0.123796552766576","0.127703678205661","0.131619732152259","0.14155028414318","0.122037702446029","0.107510393464204","0.130141927520723","0.133126604248854","0.0976042661274351","0.10016253005555","0.0976611039613213","0.0937984539525814","0.0914684925633778","0.0743417462084469","0.0544049657924836","0.0547930139717532","0.0384695756931186","0.0442667153964485","0.0384050242726986","0.0331897702669935","0.0256345153298793","0.0187836188652648","0.0116876948660108","0.0129980377272639","0.0187199775746881","0.0185237744871921","0.0290878371057246","0.0430035744363791","","","","",
"Japan","JPN","Natural gas rents (% of GDP)","NY.GDP.NGAS.RT.ZS","","","","","","","","","","","0","0.00154618255193938","0.00177110892334163","0.00213929147733243","0.00923802705645735","0.0142011040013604","0.0136175128323395","0.011669753356186","0.00892964154661278","0.0110453000525285","0.00933647937827438","0.00340225684177568","0.00120108671674754","0.00225268448397544","0.00279808859312526","0.00351498835713871","0.00346790295529805","0.00256995076630249","0.00171626692256598","0.00184351264425094","0.00261202696224037","0.0020085707084924","0.00196853054626595","0.00210784821541515","0.00215477315571022","0.00198078776497317","0.00258804150575508","0.00306615169719149","0.00241313674506246","0.00236082315459327","0.00369930150871287","0.00380596647727958","0.00383013510323391","0.0046100667539936","0.00509652850459121","0.00558074730272261","0.00574036497154262","0.0062030779159016","0.00611778431800943","0.00547499338509241","0.00516616597454298","0.00529772776545463","0.00481474366689706","0.00477629875702611","0.00629210489956957","0.00750712083911439","0.00501932854790931","0.00554715562444122","0.00711272313263549","0.00645252953430339","0.00484052103940813","0.00880700355707987","","","","",
"Kazakhstan","KAZ","Natural gas rents (% of GDP)","NY.GDP.NGAS.RT.ZS","","","","","","","","","","","","","","","","","","","","","","","","","","","","","","","0.429330812608874","0.271796550002248","0.17650844905504","0.346635577768425","0.249050709376049","0.512015620779939","0.42354948713628","0.623717397764218","0.0735055918357742","0.0799213839146512","0.958298497963215","1.90816103683919","1.68494211935026","1.55520091837354","0.904874674279211","0.707456812413737","1.05583158575305","0.885350833081291","1.65333030135486","1.49618947932301","1.00856330578242","1.21331613739192","1.20333132239427","1.0538090594977","0.80881514404493","0.789640342060327","0.670873241173054","0.86064865819105","1.38519233067748","0.925016309467418","0.43856903709156","2.04396250834782","","","","",
"Kenya","KEN","Natural gas rents (% of GDP)","NY.GDP.NGAS.RT.ZS","","","","","","","","","","","","0","0","0","0","0","0","0","0","0","0","0","0","0","0","0","0","0","0","0","0","0","0","0","0","0","0","0","0","0","0","0","0","0","0","0","0","0","0","0","0","0","0","0","0","0","0","0","0","0","0","0","","","","",
"Kyrgyz Republic","KGZ","Natural gas rents (% of GDP)","NY.GDP.NGAS.RT.ZS","","","","","","","","","","","","","","","","","","","","","","","","","","","","","","","0.0626850052273232","0.0395058718147468","0.0233967691972826","0.0239351605376438","0.0247106774040708","0.0452527003605958","0.027946100086444","0.0233567487880218","0.00246494999438476","0.00236563047390629","0.0183743993584071","0.0433044312245958","0.020217360910022","0.048675322575388","0.0400876318612614","0.0314911142930956","0.0532136005561311","0.0294386056493686","0.0495559616786454","0.0255451846363182","0.0181811955533565","0.0175896749006956","0.0526690838341321","0.0361147069496845","0.00401334764246336","0.0027051725159668","0.00111232377736502","0.00123629973598906","0.00161084908379671","0.000931624750778577","0.000458878964953331","0.00208054760142869","","","","",
"Cambodia","KHM","Natural gas rents (% of GDP)","NY.GDP.NGAS.RT.ZS","","","","","","","","","","","","","","","","","","","","","","","","","","","","","","","","","","0","0","0","0","0","0","0","0","0","0","0","0","0","0","0","0","0","0","0","0","0","0","0","0","0","0","0","0","0","","","","",
"Kiribati","KIR","Natural gas rents (% of GDP)","NY.GDP.NGAS.RT.ZS","","","","","","","","","","","","","","","","","","","","","0","0","0","0","0","0","0","0","0","0","0","0","0","0","0","0","0","0","0","0","0","0","0","0","0","0","0","0","0","0","0","0","0","0","0","0","0","0","0","0","0","0","","","","",
"St. Kitts and Nevis","KNA","Natural gas rents (% of GDP)","NY.GDP.NGAS.RT.ZS","","","","","","","","","","","","","","","","","","","","","0","0","0","0","0","0","0","0","0","0","0","0","0","0","0","0","0","0","0","0","0","0","0","0","0","0","0","0","0","0","0","0","0","0","0","0","0","0","0","0","0","0","","","","",
"Korea, Rep.","KOR","Natural gas rents (% of GDP)","NY.GDP.NGAS.RT.ZS","","","","","","","","","","","","0","0","0","0","0","0","0","0","0","0","0","0","0","0","0","0","0","0","0","0","0","0","0","0","0","0","0","0","0","0","0","0","0","0.00134458483003077","0.0045793537016514","0.00290594297346217","0.00253355126596425","0.00314333646957568","0.00351772852790063","0.00360500780438836","0.00297918053953984","0.00272061616121548","0.00283286914887899","0.00225698216815479","0.00162378207382868","0.00133201099970313","0.00264782344988136","0.00407766664331777","0.00496990830543458","0.00434773092204482","0.00519896806845811","","","","",
"Kuwait","KWT","Natural gas rents (% of GDP)","NY.GDP.NGAS.RT.ZS","","","","","","","","","","","","0.851886053989745","0.960219165266502","0.856837949307764","0.36045628919285","0.675496613229674","0.67497944117705","0.820943882893687","0.907278932238488","","0.795505600311114","0.604190546249378","0.209023065553326","0.75934314966126","0.705521794993585","0.672722451864901","0.97547862887433","0.572766397853557","0.904233295924451","0.897716819238469","0.651183249820197","0.215928765430964","0.674504339045983","1.03684391592237","1.12128773466077","1.10347928796571","1.04256872930367","1.14732100198997","1.27688989600101","0.955691240167222","1.07488964584328","1.29022077016935","0.928084779806332","0.81882112644548","0.76931436633299","0.821700960754246","0.742307369022942","0.618508798827339","0.568940384456548","0.735530245929982","0.635329840794475","0.700397270610481","0.731563944664216","0.784396720958018","0.731307332394645","0.864578423168116","0.690322593013416","0.748172347211654","1.10292151862869","1.18290776369048","1.70268520321554","","","","","",
"Latin America & Caribbean (excluding high income)","LAC","Natural gas rents (% of GDP)","NY.GDP.NGAS.RT.ZS","","","","","","","","","","","0.00626814333554357","0.00837945352061833","0.00832294356054628","0.00698143761840641","0.0409486976370376","0.071245219329647","0.0641795112080972","0.00467889272843424","0.0113098775600155","0.0714423216530028","0.162490718800199","0.0922432199707202","0.0226669356056498","0.143005992688844","0.176266953726356","0.161508680922974","0.131894333584929","0.0927853212995722","0.0765862298386614","0.0880851181702617","0.101400790240544","0.0788687099795503","0.0650374624518507","0.0727996977331339","0.0557031640157002","0.0473291578398355","0.0495095949097153","0.0475744570858644","0.0391562535750251","0.0668531343207632","0.115212914139828","0.11643212646811","0.109297669706427","0.0860201694146047","0.0792390058552183","0.125049195612123","0.158993191658884","0.16652235837588","0.159716217252465","0.191633512931024","0.108183115479144","0.217530004804033","0.235558688132255","0.248912025622604","0.220501673171544","0.124290133267473","0.0542191031870972","0.0639556063673374","0.15112527726374","0.162133392821246","0.0973182151179201","0.139797230434628","","","","",
"Lao PDR","LAO","Natural gas rents (% of GDP)","NY.GDP.NGAS.RT.ZS","","","","","","","","","","","","","","","","","","","","","","","","","0","0","0","0","0","0","0","0","0","0","0","0","0","0","0","0","0","0","0","0","0","0","0","0","0","0","0","0","0","0","0","0","0","0","0","0","0","0","","","","",
"Lebanon","LBN","Natural gas rents (% of GDP)","NY.GDP.NGAS.RT.ZS","","","","","","","","","","","","","","","","","","","","","","","","","","","","","0","0","0","0","0","0","0","0","0","0","0","0","0","0","0","0","0","0","0","0","0","0","0","0","0","0","0","0","0","0","0","0","0","0","","","","",
"Liberia","LBR","Natural gas rents (% of GDP)","NY.GDP.NGAS.RT.ZS","","","","","","","","","","","","","","","","","","","","","","","","","","","","","","","","","","","","","","","","","0","0","0","0","0","0","0","0","0","0","0","0","0","0","0","0","0","0","0","0","0","0","","","","",
"Libya","LBY","Natural gas rents (% of GDP)","NY.GDP.NGAS.RT.ZS","","","","","","","","","","","","","","","","","","","","","","","","","","","","","","","0.639022421010983","0.582906557798307","0.545295583652784","0.592186420751276","0.670784940101143","0.802673310614926","0.812675513880029","0.804050121832851","0.814525728604263","0.462370901257643","0.64878145322726","0.858452679296687","1.17058840670198","0.820892853183124","1.02085475369624","1.28973568533705","1.33425165972172","1.41426530663488","1.21083129603755","1.77360153552263","1.39408948599556","1.15243299574461","1.42580825881716","1.88859809428919","2.28817061051005","1.86281114357274","1.37802629270615","1.13858543021991","1.54108781216236","1.68853062615573","2.16630490857925","4.58022937363502","","","","",
"St. Lucia","LCA","Natural gas rents (% of GDP)","NY.GDP.NGAS.RT.ZS","","","","","","","","","","","","","","","","","","","","","0","0","0","0","0","0","0","0","0","0","0","0","0","0","0","0","0","0","0","0","0","0","0","0","0","0","0","0","0","0","0","0","0","0","0","0","0","0","0","0","0","0","","","","",
"Latin America & Caribbean","LCN","Natural gas rents (% of GDP)","NY.GDP.NGAS.RT.ZS","","","","","","","","","","","0.00608760519444295","0.00787541271446123","0.00825465340356792","0.00678093051076472","0.0403383794412169","0.0719346777873152","0.0655293393092193","0.00476692146442833","0.0115090293470256","0.0712640072689208","0.156045588909888","0.088596131977174","0.0220584445459766","0.139894108352109","0.175121647336101","0.162913004212419","0.129419646837515","0.0903176060994816","0.0751022580194983","0.0871630698573992","0.100963275943622","0.0785275923162181","0.0645154252654223","0.0729358421644658","0.0565026996579844","0.0477005320848568","0.0500537770657454","0.0481112557977428","0.0391591025533384","0.0672994207530655","0.118079988480472","0.120070143936536","0.11208389665194","0.0920907269149873","0.0845145423934032","0.137074922200944","0.17746710733908","0.18827475470536","0.181864697379753","0.218060097695856","0.124993058315428","0.24873748651661","0.265258263603836","0.283308812537676","0.247836508224433","0.1383600268846","0.0587600276113286","0.0700641974962244","0.166989576660152","0.180193756208693","0.105608699930632","0.146601671109946","","","","",
"Least developed countries: UN classification","LDC","Natural gas rents (% of GDP)","NY.GDP.NGAS.RT.ZS","","","","","","","","","","","","","","","","","","","","","0.0385936245187179","0.0109766344380255","0.00389519403546846","0.024235420958084","0.0192906648931002","0.0281065974116224","0.0634461040094537","0.0614816993746661","0.04365541605414","0.0673637767204987","0.0821954964025283","0.0633629322584067","0.0917770547107777","0.112135104595513","0.164631620491995","0.155432176633202","0.149882314399997","0.126400548163502","0.152571524716321","0.189734222986969","0.326455223201115","0.414636200907237","0.441013238527143","0.549857722411681","0.537831733135468","0.564785496854807","0.538150487428407","0.406179713672026","0.361985332425217","0.368258136502157","0.434583902497484","0.48129075132813","0.449550301694529","0.424479438758407","0.439292806397943","0.488601740978513","0.40966848609698","0.44228884593466","0.537191720307508","0.537872117348766","0.437573565553698","0.596244817794702","","","","",
"Low income","LIC","Natural gas rents (% of GDP)","NY.GDP.NGAS.RT.ZS","","","","","","","","","","","","","","","","","","","","","0.0277028187923399","0.00988993290969396","0.0038807910816528","0.011921279067515","0.0107885812747061","0.00505878871291366","0.0062427625311529","0.00856138284600115","0.0122071664944393","0.0176986499289156","0.0603074083500158","0.0603447381910444","0.080885772136099","0.0922370830750856","0.124150685464575","0.0754744573697719","0.0612254154978571","0.0631923511583196","0.0685213160139331","0.0675042442597734","0.0737592528031547","0.0803015767714294","0.0754727845050439","0.0580773501347363","0.09000147182084","0.0729110415321369","0.12814825023767","0.103125964148512","0.108417001504335","0.126900511451235","0.232128828318535","0.491290736906683","0.481812916117406","0.552409770760586","0.416445081224314","0.188143479113706","0.115155642281818","0.142144920888839","0.211706963735526","0.187083295649602","0.159479678248137","0.144202996891613","","","","",
"Liechtenstein","LIE","Natural gas rents (% of GDP)","NY.GDP.NGAS.RT.ZS","","","","","","","","","","","","","","","","","","","","","","","","","","","","","","","","","","","","","","","","","","","","","","","","","","","","","","","","","","","","","","","","","","",
"Sri Lanka","LKA","Natural gas rents (% of GDP)","NY.GDP.NGAS.RT.ZS","","","","","","","","","","","","0","0","0","0","0","0","0","0","0","0","0","0","0","0","0","0","0","0","0","0","0","0","0","0","0","0","0","0","0","0","0","0","0","0","0","0","0","0","0","0","0","0","0","0","0","0","0","0","0","0","0","","","","",
"Lower middle income","LMC","Natural gas rents (% of GDP)","NY.GDP.NGAS.RT.ZS","","","","","","","","","","","0.0374725049479344","0.0326209703217497","0.027332130665886","0.0280590992490801","0.0496068000119897","0.0749166067272438","0.0832873574261447","0.0531960821617383","0.0459663704855727","0.0791833174020102","0.130826055209607","0.0584695317323719","0.0162793718853736","0.0924079010975745","0.101939875062394","0.100988661893297","0.124873168112991","0.109053251166236","0.093267422276334","0.140571974841203","0.254669902663542","0.212435493694372","0.181881684389976","0.266643041741851","0.267034837595268","0.302852567277995","0.297579718866708","0.291945412062388","0.199318281121398","0.239822900495026","0.472251240756452","0.607536023354196","0.591516679414566","0.615669725560874","0.583357774904275","0.601557251818996","0.714497442110104","0.551882111907763","0.622144294667439","0.544247936330441","0.49232995183734","0.647281482885286","0.637361385094524","0.559626427222925","0.490373193439876","0.423638527029472","0.303675452729218","0.356188129972054","0.511371754120432","0.492069824437897","0.393773970425596","0.66065259744045","","","","",
"Low & middle income","LMY","Natural gas rents (% of GDP)","NY.GDP.NGAS.RT.ZS","","","","","","","","","","","0.0348771896177771","0.0351383686424962","0.0323772457973602","0.0352430187737919","0.0556981125383836","0.110332481730391","0.114423105608628","0.101888243845613","0.128048555942912","0.207214045941408","0.190673724902508","0.107798698016742","0.0379720825902248","0.159310503481231","0.183546700492142","0.190642684152907","0.223557065334615","0.246566309245971","0.221398243489088","0.240294636465368","0.29927395808477","0.249313742688988","0.21706952519521","0.277866703048513","0.271399834635638","0.279149129204341","0.302408824823834","0.314568890983967","0.240544093134524","0.284498037309339","0.450811739095909","0.516706467807966","0.468758567890364","0.486546357975476","0.466382064284313","0.484032107198562","0.500286470553021","0.421883427281146","0.448899651244597","0.417516698866739","0.356569493554125","0.420855240308886","0.416311217154115","0.390822229332264","0.384664795838348","0.34218353435502","0.248697999525095","0.269806002229937","0.412884336539644","0.398526734124747","0.328894001486675","0.515442985020493","","","","",
"Lesotho","LSO","Natural gas rents (% of GDP)","NY.GDP.NGAS.RT.ZS","","","","","","","","","","","","","","","","","","","","","0","0","0","0","0","0","0","0","0","0","0","0","0","0","0","0","0","0","0","0","0","0","0","0","0","0","0","0","0","0","0","0","0","0","0","0","0","0","0","0","0","0","","","","",
"Late-demographic dividend","LTE","Natural gas rents (% of GDP)","NY.GDP.NGAS.RT.ZS","","","","","","","","","","","0.00528544547311034","0.0239534662501036","0.0292007966482455","0.0300974507570826","0.0945496314353819","0.181535355558264","0.208235880787736","0.201980545559529","0.251810067755654","0.206177601858761","0.30292537889026","0.152076149095309","0.0521889753305342","0.173986817493656","0.205463765180548","0.22435408943239","0.281437880318907","0.278008101573651","0.473463687348115","0.486834361740031","0.675288804076523","0.516127997853056","0.347405411918945","0.574511725547859","0.500237389594599","0.627551269018267","0.574753703681402","0.592640833114688","0.237703405918414","0.2781417319923","0.663382369615548","1.01814306370353","0.784934320518115","0.79488194131217","0.683833098688548","0.596228242940528","0.810277777790507","0.675193997419137","0.871703948898081","0.666234504792525","0.569073167196422","0.709454917064162","0.684650528154065","0.646089621988717","0.528620056892956","0.460909737434967","0.31396618233038","0.358613194646993","0.538088302455358","0.464510753761485","0.335186039220111","0.794198917225983","","","","",
"Lithuania","LTU","Natural gas rents (% of GDP)","NY.GDP.NGAS.RT.ZS","","","","","","","","","","","","","","","","","","","","","","","","","","","","","","","","","","","","0","0","0","0","0","0","0","0","0","0","0","0","0","0","0","0","0","0","0","0","0","0","0","0","0","0","0","","","","",
"Luxembourg","LUX","Natural gas rents (% of GDP)","NY.GDP.NGAS.RT.ZS","","","","","","","","","","","0","0","0","0","0","0","0","0","0","0","0","0","0","0","0","0","0","0","0","0","0","0","0","0","0","0","0","0","0","0","0","0","0","0","0","0","0","0","0","0","0","0","0","0","0","0","0","0","0","0","0","0","","","","",
"Latvia","LVA","Natural gas rents (% of GDP)","NY.GDP.NGAS.RT.ZS","","","","","","","","","","","","","","","","","","","","","","","","","","","","","","","","","","","","0","0","0","0","0","0","0","0","0","0","0","0","0","0","0","0","0","0","0","0","0","0","0","0","0","0","0","","","","",
"Macao SAR, China","MAC","Natural gas rents (% of GDP)","NY.GDP.NGAS.RT.ZS","","","","","","","","","","","","","","","","","","","","","","","0","0","0","0","0","0","0","0","0","0","0","0","0","0","0","0","0","0","0","0","0","0","0","0","0","0","0","0","0","0","0","0","0","0","0","0","0","0","0","0","","","","",
"St. Martin (French part)","MAF","Natural gas rents (% of GDP)","NY.GDP.NGAS.RT.ZS","","","","","","","","","","","","","","","","","","","","","","","","","","","","","","","","","","","","","","","","","","","","","","","","","","","","","","","","","","","","","","","","","","",
"Morocco","MAR","Natural gas rents (% of GDP)","NY.GDP.NGAS.RT.ZS","","","","","","","","","","","","0.00771668433030834","0.00852751779574607","0.00875949171774635","0.00872944192518142","0.0126956610602682","0.0134592627278407","0.0155671723540861","0.0141901535487706","0.0172749520505173","0.010332351179635","0.0139193628379737","0.00499670138987009","0.0174130758156611","0.0170260184672975","0.0183396494961845","0.0146263683811256","0.00934502739658403","0.0082529784687435","0.00582312780565467","0.00523124323172785","0.00299617230372828","0.00180439593780061","0.00196484969933424","0.0017956976477896","0.0011164140323233","0.00140103228702109","0.00303058581085036","0.00289315747347079","0.00321518148818825","0.00505601668451482","0.00552667805533819","0.0042865136108573","0.00323575842559893","0.00439367389605553","0.00357718072559544","0.00538870749098225","0.0052266946835513","0.00384882894495432","0.00327045529676437","0.00368849162524083","0.00487176434039505","0.00690409560270985","0.00794804306675751","0.00687828870476931","0.004323679359373","0.00295472045218195","0.00340502839948628","0.00539924272695324","0.00587225251769356","0.00631929775199296","0.00921346590687334","","","","",
"Monaco","MCO","Natural gas rents (% of GDP)","NY.GDP.NGAS.RT.ZS","","","","","","","","","","","","","","","","","","","","","","","","","","","","","","","","","","","","","","","","","","","","","","","","","","","","","","","","","","","","","","","","","","",
"Moldova","MDA","Natural gas rents (% of GDP)","NY.GDP.NGAS.RT.ZS","","","","","","","","","","","","","","","","","","","","","","","","","","","","","","","","","","","","0.000316526156963835","0.000294769689736225","0.000239481600331087","3.55152502530395E-05","4.61158902682422E-05","0.000285725649604128","0.000481167467549749","0.00032394599072994","0.00023710532933596","0.000279690183575359","0.000207022589008672","0.0954620566988178","0.00016207200152596","0.000267087056866113","0.000335684408541058","8.82226050062812E-05","7.48602823163864E-05","0.000151449004696691","0.000136316341731475","7.29195979032618E-05","6.62200174007279E-05","5.04397625609019E-05","5.84473503480182E-05","7.31336242755443E-05","3.54706880923648E-05","1.97113564430777E-06","6.08786635979016E-05","","","","",
"Madagascar","MDG","Natural gas rents (% of GDP)","NY.GDP.NGAS.RT.ZS","","","","","","","","","","","","","","","","","","","","","0","0","0","0","0","0","0","0","0","0","0","0","0","0","0","0","0","0","0","0","0","0","0","0","0","0","0","0","0","0","0","0","0","0","0","0","0","0","0","0","0","0","","","","",
"Maldives","MDV","Natural gas rents (% of GDP)","NY.GDP.NGAS.RT.ZS","","","","","","","","","","","","","","","","","","","","","0","0","0","0","0","0","0","0","0","0","0","0","0","0","0","0","0","0","0","0","0","0","0","0","0","0","0","0","0","0","0","0","0","0","0","0","0","0","0","0","0","0","","","","",
"Middle East, North Africa, Afghanistan & Pakistan","MEA","Natural gas rents (% of GDP)","NY.GDP.NGAS.RT.ZS","","","","","","","","","","","0.287440736500081","0.300394176350434","0.278475539193459","0.286218403382754","0.155486115698451","0.326143771008701","0.283786971015289","0.318725593195983","0.37077807852142","0.516140480619087","0.343020339291107","0.317351958113525","0.132314545562339","0.49826162478532","0.511384483117979","0.528938792933095","0.610929960873688","0.65863567100733","0.740398758639215","0.781668163909565","0.665803818053114","0.935204782687211","0.901229019382321","0.973802505711539","1.03431197201491","0.941917349006693","0.988388083954999","1.10044181831896","1.11621529766615","1.06678128100902","1.29707688078211","1.56086999145256","1.45930192260429","1.34096288796204","1.31069198662538","1.59165122689605","1.61444705677514","1.43374966812149","1.28696584565847","1.57203611529902","1.37332622874259","1.53352019454312","1.54721570074319","1.59225132891755","1.52371055028973","1.28516714326294","1.0093251809742","1.21110000852365","1.94065268488871","1.94617999841162","2.17588425561973","2.95037442613291","","","","",
"Mexico","MEX","Natural gas rents (% of GDP)","NY.GDP.NGAS.RT.ZS","","","","","","","","","","","0.0105625266256379","0.0148118073352325","0.0142064173532853","0.0124796723483394","0.0740095234314541","0.116208483701958","0.110302974016346","0.00941152732402315","0.0223707765461534","0.140166279255852","0.265099522207148","0.135305680957537","0.0440092299798919","0.277599325978629","0.257987746631972","0.235690402544524","0.254156712015351","0.174430515106447","0.125497498007817","0.120228583290821","0.135611120942481","0.091267496824553","0.0689974712150937","0.0651451163398049","0.0551058768829018","0.069034214647323","0.070416169468437","0.0633338264961717","0.0496443227603013","0.064072214671326","0.101366224193813","0.0922107414251373","0.0725730429832139","0.0614333225948134","0.0603358045511139","0.107040373383792","0.150480549487065","0.177822600392634","0.187206346731322","0.301071991179704","0.152145470781719","0.291352067275173","0.292312698627022","0.294655512434139","0.253327765301614","0.130969772345063","0.0555286615814859","0.0594559535085476","0.120301873913526","0.117422243869392","0.0700656490052309","0.0909613894136","","","","",
"Marshall Islands","MHL","Natural gas rents (% of GDP)","NY.GDP.NGAS.RT.ZS","","","","","","","","","","","","","","","","","","","","","","","","","","","","","","","","","","","","","","","","","","","","","","","","","","","","","","","","","","","","","","","","","","",
"Middle income","MIC","Natural gas rents (% of GDP)","NY.GDP.NGAS.RT.ZS","","","","","","","","","","","0.0350683497116107","0.0359408864673016","0.0331135391332397","0.0360062569228971","0.056930967799189","0.11213863011489","0.116334767850635","0.103601648808066","0.130589322085167","0.211101585035573","0.195760013409659","0.11091203696167","0.0390792333354013","0.164143394206337","0.188931794547896","0.196004574905451","0.229943106483914","0.253504056786096","0.227466402008984","0.246894557462003","0.307623717199518","0.257489003148182","0.220876784590115","0.282847507470352","0.274667625348738","0.28269296011029","0.306044730274211","0.318352899047915","0.243190491879919","0.287975756477828","0.4577450809952","0.524281627963131","0.476410874828629","0.494843211317564","0.473629622321714","0.492165668557","0.507579620616846","0.428097021017529","0.455642103046465","0.423267500413123","0.358811440484883","0.419682440950838","0.415401737464341","0.388638111164787","0.384178946687088","0.344574846179846","0.250545399884452","0.271375414318167","0.415380973850658","0.401184114420438","0.331075504399734","0.519817021298449","","","","",
"North Macedonia","MKD","Natural gas rents (% of GDP)","NY.GDP.NGAS.RT.ZS","","","","","","","","","","","","","","","","","","","","","","","","","","","","","","","","","0","0","0","0","0","0","0","0","0","0","0","0","0","0","0","0","0","0","0","0","0","0","0","0","0","0","0","0","0","0","","","","",
"Mali","MLI","Natural gas rents (% of GDP)","NY.GDP.NGAS.RT.ZS","","","","","","","","","","","","","","","","","","","","","0","0","0","0","0","0","0","0","0","0","0","0","0","0","0","0","0","0","0","0","0","0","0","0","0","0","0","0","0","0","0","0","0","0","0","0","0","0","0","0","0","0","","","","",
"Malta","MLT","Natural gas rents (% of GDP)","NY.GDP.NGAS.RT.ZS","","","","","","","","","","","","0","0","0","0","0","0","0","0","0","0","0","0","0","0","0","0","0","0","0","0","0","0","0","0","0","0","0","0","0","0","0","0","0","0","0","0","0","0","0","0","0","0","0","0","0","0","0","0","0","0","0","","","","",
"Myanmar","MMR","Natural gas rents (% of GDP)","NY.GDP.NGAS.RT.ZS","","","","","","","","","","","0","0.00340964365580216","0.00479216546563338","0.00863126414699231","0.248961701761117","0.418057485142357","0.59711740253125","0.595076315874945","0.869950878413593","1.22188078012097","1.32964302722091","0.578193355283371","0.212616872648731","0.465055774250168","0.763598019921835","1.22757981174292","2.1285482288347","2.15688269138271","1.73739210176829","1.6543337699345","1.82653976993328","1.39571769216191","1.43038034440844","1.44373876503733","1.56439719898042","1.46070698160384","1.4103675273612","1.4074117440653","1.44765762205338","1.27486861904363","3.2424384672353","6.67584865927321","7.0882670077694","8.04869867586634","8.14214332520292","9.26676467372353","7.11993514076936","5.5796017245025","3.82889756804556","2.68196178358611","2.39365031149079","1.83559798767907","1.6427752400454","1.59345178892816","2.48423798053391","3.15576965417731","2.61215166075448","2.58866845782587","3.24961569445266","3.23186360116772","2.16427590306573","4.39650989335516","","","","",
"Middle East, North Africa, Afghanistan & Pakistan (excluding high income)","MNA","Natural gas rents (% of GDP)","NY.GDP.NGAS.RT.ZS","","","","","","","","","","","0.289975822201723","0.279051036478858","0.246122941927785","0.275394250393825","0.177737055605144","0.391640799607382","0.359140235560381","0.372712234142495","0.401228379212055","0.617308232094163","0.301072438655078","0.322534801933098","0.127939353250007","0.483178061868536","0.453225454314017","0.438023433415369","0.435280194031293","0.511025611084017","0.593525276455574","0.646876479707787","0.538822882770277","","0.833134170564416","0.904731025266456","0.968926614655169","1.0178157877441","1.083910979369","1.21734926840207","1.18376838330016","1.18102652060039","1.47840528799359","1.72737836627253","1.66715764344934","1.55184196793869","1.48191037825613","1.87803812219255","1.89600802727266","1.56905118648332","1.39575248551901","1.63842164876035","1.3977691798884","1.528735781597","1.53090867836888","1.60619579232297","1.57489130266949","1.26091206895094","1.00868144369039","1.28905566517222","2.30802118311054","2.33468082760113","2.50594759435923","3.44991206566108","","","","",
"Montenegro","MNE","Natural gas rents (% of GDP)","NY.GDP.NGAS.RT.ZS","","","","","","","","","","","","","","","","","","","","","","","","","","","","","","","","","","","","","","","","","","","","","","0","0","0","0","0","0","0","0","0","0","0","0","0","0","0","0","0","","","","",
"Mongolia","MNG","Natural gas rents (% of GDP)","NY.GDP.NGAS.RT.ZS","","","","","","","","","","","","","","","","","","","","","","0","0","0","0","0","0","0","0","0","0","0","0","0","0","0","0","0","0","0","0","0","0","0","0","0","0","0","0","0","0","0","0","0","0","0","0","0","0","0","0","0","","","","",
"Northern Mariana Islands","MNP","Natural gas rents (% of GDP)","NY.GDP.NGAS.RT.ZS","","","","","","","","","","","","","","","","","","","","","","","","","","","","","","","","","","","","","","","","","","","0","0","0","0","0","0","0","0","0","0","0","0","0","0","0","0","0","0","","","","","","",
"Mozambique","MOZ","Natural gas rents (% of GDP)","NY.GDP.NGAS.RT.ZS","","","","","","","","","","","","","","","","","","","","","","","","","","","","","","","","0","7.8975268717056E-05","9.58458672240097E-05","9.9102686734565E-05","0.000240967016585059","0.000190428759618507","0.000180662829301023","0.000160685544428399","0.000195249849625632","0.000570471054454014","0.000900031540372012","0.00158881967528373","0.00163856411454619","0.701308197114022","0.558866557971731","1.82989350547793","1.56645133238839","1.80233550297769","1.58858003406097","2.06799636870009","2.46277284263354","2.50717835565139","2.50355833068363","2.49412068073804","2.13938758840339","1.97200900578106","2.16082066537561","3.03979938526507","2.70158116067819","2.16476507105305","3.56569180210999","","","","",
"Mauritania","MRT","Natural gas rents (% of GDP)","NY.GDP.NGAS.RT.ZS","","","","","","","","","","","","","","","","","","","","","0","0","0","0","0","0","0","0","0","0","0","0","0","0","0","0","0","0","0","0","0","0","0","0","0","0","0","0","0","0","0","0","0","0","0","0","0","0","0","0","0","0","","","","",
"Mauritius","MUS","Natural gas rents (% of GDP)","NY.GDP.NGAS.RT.ZS","","","","","","","","","","","","","","","","","0","0","0","0","0","0","0","0","0","0","0","0","0","0","0","0","0","0","0","0","0","0","0","0","0","0","0","0","0","0","0","0","0","0","0","0","0","0","0","0","0","0","0","0","0","0","","","","",
"Malawi","MWI","Natural gas rents (% of GDP)","NY.GDP.NGAS.RT.ZS","","","","","","","","","","","","","","","","","","","","","0","0","0","0","0","0","0","0","0","0","0","0","0","0","0","0","0","0","0","0","0","0","0","0","0","0","0","0","0","0","0","0","0","0","0","0","0","0","0","0","0","0","","","","",
"Malaysia","MYS","Natural gas rents (% of GDP)","NY.GDP.NGAS.RT.ZS","","","","","","","","","","","0","0.00261412892299766","0.00459465482844411","0.00473305642449985","0.0385051314013889","0.0836616511255468","0.0882625779244373","0.0636902778285379","0.434831494546686","0.586069737089136","0.439435645227137","0.152255294841169","0.060286981701395","0.259133722152286","0.45310942230313","0.695948968714012","1.63186582579791","1.33299935379474","1.05149750689059","1.15218347556655","1.35111267167773","1.20305301686435","1.12888881154376","1.27057779115455","1.37033221835892","1.32399421350459","1.73836802829887","2.07195524134305","2.07084121911673","2.13223667818743","3.29597588490104","2.9945164708919","2.47122884853955","2.97162062750446","3.45269384358654","3.40113242923192","2.655793721263","2.14793890756065","2.0355192417994","2.13948778482423","1.83057086618171","1.79059723598374","1.68402080313272","1.68061798005116","2.11733139913897","2.76972655209539","2.02024347199899","2.06070771057807","2.61106308483195","2.55969990465384","1.97988206097094","3.34718425272374","","","","",
"North America","NAC","Natural gas rents (% of GDP)","NY.GDP.NGAS.RT.ZS","","","","","","","","","","","0","0.00259648203580616","0.04653377025785","0.110604721269027","1.0433955232226","0.860199459967858","0.798345844655686","0.809279976629566","0.704559160174629","1.91473839287377","1.80326458081093","1.04610379809592","0.19709592528045","0.617654908123699","0.661199606274423","0.502269508894582","0.108584955948663","0.301768454730616","0.197481140027775","0.203626307851352","0.1781145504266","0.140156313369474","0.246835783695783","0.360393144828623","0.285565814506946","0.188874165737505","0.364697318472836","0.390194435520349","0.259441889504284","0.315358075231476","0.722205423997993","0.58281383247793","0.382096822858837","0.760158289207818","0.708323261305969","0.996945331794466","0.472542814153942","0.41050828756226","0.648463408169901","0.0523788444435629","0","0","0","0","0.0584387114682569","0","0","0","0.00913825120656667","0","0","0.396928644220293","","","","",
"Namibia","NAM","Natural gas rents (% of GDP)","NY.GDP.NGAS.RT.ZS","","","","","","","","","","","","","","","","","","","","","","","","","","","","","","","0","0","0","0","0","0","0","0","0","0","0","0","0","0","0","0","0","0","0","0","0","0","0","0","0","0","0","0","0","0","0","0","","","","",
"New Caledonia","NCL","Natural gas rents (% of GDP)","NY.GDP.NGAS.RT.ZS","","","","","","","","","","","","","","","","","","","","","0","0","0","0","0","0","0","0","0","0","0","0","0","0","0","0","0","0","0","0","0","0","0","0","0","0","0","0","0","0","0","0","0","0","0","0","0","0","0","0","0","0","","","","",
"Niger","NER","Natural gas rents (% of GDP)","NY.GDP.NGAS.RT.ZS","","","","","","","","","","","","0","0","0","0","0","0","0","0","0","0","0","0","0","0","0","0","0","0","0","0","0","0","0","0","0","0","0","0","0","0","0","0","0","0","0","0","0","0","0","0","0","0","0","0","0","0","0","0.0248077115644434","0.0250536967376847","0.0176684406437786","0.0303136934860688","","","","",
"Nigeria","NGA","Natural gas rents (% of GDP)","NY.GDP.NGAS.RT.ZS","","","","","","","","","","","0.00208508256630795","0.00671693176391896","0.00716100037018957","0.00924858392194453","0.0113766519795778","0.0234721950220156","0.0233358572708917","0.0262406106550305","0.0305895349798055","0.0454401447389477","0.0538457908356116","0.0176209808221895","0.00819506033196371","0.0441564474264562","0.0546480218244979","0.0638219422615765","0.0945316609664455","0.0893088359011094","0.0838523306835196","0.130982245242775","0.122506743855576","0.142400654945907","0.141771493467997","0.334653528360017","0.284984593313852","0.249609362907884","0.229376543029772","0.222939191897664","0.165376593030192","0.207621907106723","0.564094593247378","0.726754459284971","0.501989566605627","0.778807998966763","0.689215296398891","0.287750139206183","0.732425679471773","0.757101200988554","0.749813672501435","0.522028083602619","0.620085796949933","0.95137055258512","0.944828584323691","0.707231138877851","0.706958402345768","0.606650567592808","0.482590199613052","0.679652469225142","0.968367262124034","0.855086670258244","0.66919749440088","1.16400248668311","","","","",
"Nicaragua","NIC","Natural gas rents (% of GDP)","NY.GDP.NGAS.RT.ZS","","","","","","","","","","","","0","0","0","0","0","0","0","0","0","0","0","0","0","0","0","0","0","0","0","0","0","0","0","0","0","0","0","0","0","0","0","0","0","0","0","0","0","0","0","0","0","0","0","0","0","0","0","0","0","0","0","","","","",
"Netherlands","NLD","Natural gas rents (% of GDP)","NY.GDP.NGAS.RT.ZS","","","","","","","","","","","0.187627040682771","0.278792121900835","0.41998433826706","0.32010954808458","0.987235252309747","1.35461366298042","1.39336920206056","1.20957920658852","0.982390383284719","1.50851733165945","1.84751073298612","1.33474372870246","0.546036473708636","1.0457734474145","1.12244317438002","1.07198897537057","0.712019364121164","0.307356225751946","0.224200461485898","0.264955256621157","0.340615242694369","0.265578115721853","0.127838977285178","0.299076540262906","0.256842367989298","0.405396325147202","0.443242674406277","0.459155377773329","0.0544001863523158","0.0483883755868226","0.343533262762868","0.747341370036793","0.505350536423084","0.430352698895937","0.395244249969581","0.294878106120457","0.607059769493383","0.52120335320914","0.963753121969128","0.686149183988494","0.728762153920343","0.967144018557186","1.07545709194109","1.06858270146467","0.625839472123598","0.409802071791948","0.229978465875855","0.257105896754391","0.320392140389771","0.192462763398317","0.0687746204407482","0.312284681581925","","","","",
"Norway","NOR","Natural gas rents (% of GDP)","NY.GDP.NGAS.RT.ZS","","","","","","","","","","","0","0.00663671202410214","0.0120437777051807","0.0103010553990721","0.0340969301208647","0.0497926836736527","0.0559944256632773","0.103535714300614","0.538091717127153","1.15047994855836","1.70771948751378","1.14126304889567","0.524774829435701","0.941380474785597","0.988565263283021","0.835484394039454","0.738810424576747","0.340335534988503","0.280333591557995","0.306398919121662","0.371596575304196","0.257283968549398","0.136496728960407","0.308154036854618","0.305296079703074","0.489092475439507","0.587601100844924","0.723471313949213","0.0993953934597692","0.0995255032194957","0.679904114559037","1.48859968754872","1.24076789974642","1.29552036796538","1.08040519257243","0.820750880317894","1.64947339703","1.50336052705427","2.61547062464106","2.31051856857528","1.91715331956751","2.41175101682902","2.79793704881972","2.53697378296224","1.90179376677279","1.95702125326246","1.2124850625234","1.65858536349106","2.37284790629379","1.68596945226407","0.91000200178554","3.94366899283053","","","","",
"Nepal","NPL","Natural gas rents (% of GDP)","NY.GDP.NGAS.RT.ZS","","","","","","","","","","","","0","0","0","0","0","0","0","0","0","0","0","0","0","0","0","0","0","0","0","0","0","0","0","0","0","0","0","0","0","0","0","0","0","0","0","0","0","0","0","0","0","0","0","0","0","0","0","0","0","0","0","","","","",
"Naoero","NRU","Natural gas rents (% of GDP)","NY.GDP.NGAS.RT.ZS","","","","","","","","","","","","","","","","","","","","","","","","","","","","","","","","","","","","","","","","","","","","","","","","","","","","","","0","0","0","0","0","0","0","0","0","","","","",
"New Zealand","NZL","Natural gas rents (% of GDP)","NY.GDP.NGAS.RT.ZS","","","","","","","","","","","","0.00229869618043702","0.00646858629649697","0.00891514554619644","0.0437873081927048","0.0921510902050902","0.215317914390993","0.301504599527084","0.269013048653246","0.226473492472121","0.181890009083689","0.0887253866558758","0.0536539427581969","0.116551917638465","0.214608451802994","0.308269125077081","0.462484518445445","0.295920548148611","0.239771517692074","0.282874952365328","0.363191075660817","0.351734092859848","0.413470498241587","0.422783529280981","0.378063285137816","0.321191744567059","0.390643652760791","0.459082598431121","0.346477610957549","0.422735774189358","0.772533985252861","0.723273881016931","0.483237932251309","0.350848212212797","0.308753759135773","0.262193836171953","0.245663011673657","0.211060317270213","0.226628534151768","0.250322841303481","0.2438841728747","0.212996832549146","0.212958954478484","0.203838462621952","0.279204464595017","0.318725269522909","0.229710795872046","0.215964024290082","0.277834411287836","0.295210632582245","0.231004223323853","0.294661482258359","","","","",
"OECD members","OED","Natural gas rents (% of GDP)","NY.GDP.NGAS.RT.ZS","","","","","","","","","","","0.00818551198751659","0.0135849166588029","0.0404512770491478","0.0631002017011682","0.495876124857297","0.426501213050817","0.412414048343858","0.391862342511714","0.325228523809507","0.794089976560287","0.750231004993437","0.477512127079752","0.109841573582781","0.322677924991665","0.358091322269392","0.284491280516355","0.0853147259714886","0.135056612883364","0.0877498494836962","0.0935795113749527","0.0863608855760099","0.0660809289614532","0.0941660868982663","0.145000104523529","0.117646321963256","0.0908461872921517","0.155989423401331","0.176771042326119","0.108076846693985","0.131401126980293","0.322242451422622","0.301810739614773","0.203302644753684","0.339683195440496","0.303813032153753","0.411019844170315","0.240860448680184","0.207198030390249","0.321134481816233","0.0926889545565558","0.06530649269354","0.0861019329178112","0.0893862193013235","0.0875416499978159","0.0901739572890629","0.0566467666426804","0.0373956223408574","0.0482571956882816","0.0774357940687647","0.0650962471551834","0.0469070132279828","0.279225791783485","","","","",
"Oman","OMN","Natural gas rents (% of GDP)","NY.GDP.NGAS.RT.ZS","","","","","","","","","","","0","0","0","0","0","0","0","0","0.23498775034632","0.458544199828265","0.434286927638439","0.36229868426439","0.16642461298414","0.597694624787102","0.442334343051872","0.439876654080647","0.817997164850998","0.770711851931452","0.668620482774323","0.793328439356494","0.708664530666467","0.760529501298545","0.719331540260705","0.897222149934688","0.979676155525534","0.968902504651822","0.943907685845744","1.1738087030327","1.73317242646012","1.17793947306719","1.95544231164374","3.37433221536619","3.00081952390751","2.83911460251647","2.88939866107243","3.43896048338828","3.83739990543483","3.56690047305781","2.58617896745128","3.44253307350361","2.58478670992998","2.70638988975639","2.79525403477041","2.80564328885222","2.61536016043644","2.20871236883756","1.7770747170444","2.04633987256907","3.3045927232868","3.36669233100504","3.89069264786266","5.67148047353265","","","","",
"Other small states","OSS","Natural gas rents (% of GDP)","NY.GDP.NGAS.RT.ZS","","","","","","","","","","","","0.0245079816514039","0.060442719379203","0.300394954603901","3.1534273119677","6.25958316745815","6.50667515498313","5.60376628109736","5.36186057989445","","3.80943125063408","1.62806840983232","0.559073451121412","1.26321475483691","1.63027856138364","2.00103402473642","2.87760905282499","1.95692621650185","1.4891584206258","1.57677120205273","1.84435862291231","1.47671168235736","1.41125318101597","1.84543088754321","2.07389067752939","1.86053548081748","1.93292276779261","2.00031978988423","1.21661735214886","1.33688565167987","1.667263455637","1.52558922205238","1.21200370062831","1.3265766491265","1.28607064735325","1.11183540303083","0.924961364979","0.714608580113009","0.728455129313778","0.768957384964336","0.780707214588576","0.789756432962751","0.761649252717851","0.696507919935357","0.951146951516703","1.93041544443278","1.22172470205277","1.09988152940664","1.46741141036409","1.4286481294794","1.32070096844107","1.76615585892665","","","","",
"Pakistan","PAK","Natural gas rents (% of GDP)","NY.GDP.NGAS.RT.ZS","","","","","","","","","","","0.286084047244452","0.256187583986445","0.223796411618444","0.393186468442781","0.366706510099092","0.43282495606401","0.432364255395891","0.464722313261185","0.287720587005888","0.238632114969691","0.414832880392151","0.0553337518960539","0","0.201296467417763","0.0695721981156022","0.0745551722313354","0.314974530767547","0.316268972292343","0.211963220932514","0.425579591293374","0.509832489039669","0.355867740506191","0.369116333039283","0.37357897201113","0.462961152344449","0.488320152686289","0.539939108577813","0.516996203835465","0.590611201508659","0.822703961461551","1.06406108831938","1.10586200793431","1.38103962241738","1.42372959467998","1.53358885408368","1.74837050193472","1.58009187746378","0.910234348934176","0.816351312264696","1.02766760910678","1.06533599428264","1.15135968525352","1.16061935619345","0.810320846360073","0.804257582672484","0.640277340950594","0.529799379684657","0.578433998743213","0.592895257258281","0.705622138819343","0.715021946350587","0.736337565284813","","","","",
"Panama","PAN","Natural gas rents (% of GDP)","NY.GDP.NGAS.RT.ZS","","","","","","","","","","","","0","0","0","0","0","0","0","0","0","0","0","0","0","0","0","0","0","0","0","0","0","0","0","0","0","0","0","0","0","0","0","0","0","0","0","0","0","0","0","0","0","0","0","0","0","0","0","0","0","0","0","","","","",
"Peru","PER","Natural gas rents (% of GDP)","NY.GDP.NGAS.RT.ZS","","","","","","","","","","","0.000642751536019782","0.00113835030821747","0.00132608852656927","0.00132488275373685","0.00948974124361463","0.017799056417098","0.0224965714119768","0.0022099065112185","0.00743359099500796","0.0479367194060331","0.133330907712036","0.0833635366521819","0.0164195247777956","0.112035743733411","0.123245675912431","0.130806971951338","0.12406302837034","0.0650634926498974","0.0717714917859841","0.0560116823328013","0.0282259554538611","0.0170001791952997","0.0141706816635769","0.0343792790208076","0.0235705341051369","0.0163479111443391","0.0170270415573997","0.00397868325178119","0.00547045713211852","0.00879072668112017","0.0128404214528288","0.0136618526548523","0.0120529488613556","0.0101218305766864","0.014819540128034","0.0455535327521676","0.0620325376535218","0.0969856042215098","0.125348633260744","0.130444390715236","0.157433236068114","0.47607012128038","0.468935749806255","0.504613783048346","0.482495638298715","0.252767387549924","0.119359528240305","0.134357001744173","0.297824249758661","0.325180505319842","0.178951972137191","0.258002993482149","","","","",
"Philippines","PHL","Natural gas rents (% of GDP)","NY.GDP.NGAS.RT.ZS","","","","","","","","","","","","0","0","0","0","0","0","0","0","0","0","0","0","0","0","0","0","0","0","0","0","0","0","0","0.000319990550549376","0.0002779402958468","0.000489693392506525","0.000310929319328116","0.000482582077103747","0.000355184812512003","0.000840741103020849","0.0107019940170264","0.109402120912428","0.203637427054306","0.198664386952604","0.234305446036162","0.164000003440187","0.154454254234892","0.154156135874608","0.154336054863015","0.135702232896107","0.144806874906116","0.119117794440186","0.0990805691189983","0.131768950998499","0.13169808513133","0.10602405844169","0.105639145946104","0.166364708759932","0.153193275613716","0.115070223869134","0.156099110143511","","","","",
"Palau","PLW","Natural gas rents (% of GDP)","NY.GDP.NGAS.RT.ZS","","","","","","","","","","","","","","","","","","","","","","","","","","","","","","","","","","","","","","","","","","","","","","","","","","","","","","","","","","","","","","","","","","",
"Papua New Guinea","PNG","Natural gas rents (% of GDP)","NY.GDP.NGAS.RT.ZS","","","","","","","","","","","","","","","","","","","","","0","0","0","0","0","0","0","0","0","0","0.0859585575691142","0.0611671871071438","0.0571055310042285","0.0610081727895186","0.0675842186367791","0.0960955847491219","0.142366093181278","0.131282218642344","0.14288503154503","0.151746045571037","0.245727169392993","0.309445269409677","0.276285278534893","0.2712926589633","0.259537194188596","0.246725853729445","0.120639617794781","0.0947961865374602","0.0955224826288264","0.0949891028567753","0.082654095456029","0.0756884883830316","0.053034038226872","0.0519952379140586","2.68508035101574","6.24715048464434","5.09675442660281","5.08750323001255","6.33134746755824","7.06589944245783","5.95976828593876","9.13965766574147","","","","",
"Poland","POL","Natural gas rents (% of GDP)","NY.GDP.NGAS.RT.ZS","","","","","","","","","","","","","","","","","","","","","","","","","","","","","","","0.0716669583829853","0.0438614768403348","0.020335897897736","0.0570573484635839","0.0454954102384608","0.0671005274935716","0.0568249170385154","0.0630760420279643","0.0076147441657696","0.00729350612919087","0.0522971648633047","0.106139238526915","0.0786090314640388","0.0792732257402106","0.0650540141879174","0.0456447637979442","0.0904545761308149","0.0753472556324657","0.104042762263623","0.0888019526839617","0.0740776597756864","0.107566552009593","0.121012078064414","0.111601125490911","0.0743317862351285","0.0613923434078407","0.0357887237693169","0.0439980215053745","0.0620713643428421","0.0420603621099536","0.0205391007038032","0.100227855236231","","","","",
"Pre-demographic dividend","PRE","Natural gas rents (% of GDP)","NY.GDP.NGAS.RT.ZS","","","","","","","","","","","","","","0.0253516313459119","0.0200731241739429","0.0461194445117584","0.0497419048080916","0.0439662125813206","0.0475979420460162","","0.0405053843227451","0.0176037848805391","0.00757398690187101","0.0297812266427959","0.0312183801320021","0.0383835582066251","0.0549808433404547","0.0742728908419895","0.0891783165244212","0.103993599001676","0.0526070409529637","0.0454023179223557","0.0519632527332792","0.122089975660895","0.191596910369729","0.172801025970064","0.17196091736853","0.162187255299664","0.1276265925121","0.110356994989736","0.212736295419818","0.283349201073219","0.212030087263793","0.289620250114131","0.276690493410611","0.139468234421068","0.354883399238933","0.36760916249654","0.392295902917246","0.311629827981983","0.353705298658867","0.487700236217785","0.503445407434967","0.419252398097496","0.405862602798079","0.414870221801407","0.325257267144032","0.407402321459631","0.589967926785193","0.576980716993953","0.468560086608905","0.767484553975814","","","","",
"Puerto Rico (US)","PRI","Natural gas rents (% of GDP)","NY.GDP.NGAS.RT.ZS","","","","","","","","","","","","","","","","","","","","","0","0","0","0","0","0","0","0","0","0","0","0","0","0","0","0","0","0","0","0","0","0","0","0","0","0","0","0","0","0","0","0","0","0","0","0","0","0","0","0","0","0","","","","",
"Korea, Dem. People's Rep.","PRK","Natural gas rents (% of GDP)","NY.GDP.NGAS.RT.ZS","","","","","","","","","","","","","","","","","","","","","","","","","","","","","","","","","","","","","","","","","","","","","","","","","","","","","","","","","","","","","","","","","","",
"Portugal","PRT","Natural gas rents (% of GDP)","NY.GDP.NGAS.RT.ZS","","","","","","","","","","","0","0","0","0","0","0","0","0","0","0","0","0","0","0","0","0","0","0","0","0","0","0","0","0","0","0","0","0","0","0","0","0","0","0","0","0","0","0","0","0","0","0","0","0","0","0","0","0","0","0","0","0","","","","",
"Paraguay","PRY","Natural gas rents (% of GDP)","NY.GDP.NGAS.RT.ZS","","","","","","","","","","","","0","0","0","0","0","0","0","0","0","0","0","0","0","0","0","0","0","0","0","0","0","0","0","0","0","0","0","0","0","0","0","0","0","0","0","0","0","0","0","0","0","0","0","0","0","0","0","0","0","0","0","","","","",
"West Bank and Gaza","PSE","Natural gas rents (% of GDP)","NY.GDP.NGAS.RT.ZS","","","","","","","","","","","","","","","","","","","","","","","","","","","","","","","","","","","","","","","","","","","","","","","","","","","","","","","","","","","","","","","","","","",
"Pacific island small states","PSS","Natural gas rents (% of GDP)","NY.GDP.NGAS.RT.ZS","","","","","","","","","","","","","","","","","","","","","0","0","0","0","0","0","0","0","0","0","0","0","0","0","0","0","0","0","0","0","0","0","0","0","0","0","0","0","0","0","0","0","0","0","0","0","0","0","0","0","0","0","","","","",
"Post-demographic dividend","PST","Natural gas rents (% of GDP)","NY.GDP.NGAS.RT.ZS","","","","","","","","","","","0.00826179646628616","0.0136765850372323","0.0412824155337133","0.0646298200992563","0.509748822301277","0.437394700175409","0.422711598029047","0.402698486824366","0.333873431729598","0.816923007873699","0.767640848578362","0.491569514234597","0.111584170584418","0.324353857221582","0.360405575659645","0.285523825880819","0.0829007136903173","0.136379847085892","0.0884535878281245","0.0942010748538014","0.0872316245847998","0.0667344164794236","0.0953997802636981","0.148505608039104","0.120214809986371","0.0936002475166038","0.161076841682641","0.183409046204978","0.111515377358839","0.135365859959505","0.335312866180673","0.315382424857912","0.212306297858373","0.35519593225495","0.317783169363196","0.430375480602554","0.251600974217395","0.215910581097434","0.338625571813679","0.0923545837488246","0.0667088485146808","0.0851777779998985","0.0886518301772817","0.0858376605770724","0.0886493393637162","0.0568393389685321","0.038156781529809","0.0496172361003724","0.0784688582595791","0.0647112175582602","0.0458672314951646","0.29278294720145","","","","",
"French Polynesia","PYF","Natural gas rents (% of GDP)","NY.GDP.NGAS.RT.ZS","","","","","","","","","","","","","","","","","","","","","0","0","0","0","0","0","0","0","0","0","0","0","0","0","0","0","0","0","0","0","0","0","0","0","0","0","0","0","0","0","0","0","0","0","0","0","0","0","0","0","0","0","","","","",
"Qatar","QAT","Natural gas rents (% of GDP)","NY.GDP.NGAS.RT.ZS","","","","","","","","","","","2.1441583160666","1.61627352043725","1.60158928875346","1.49014725165755","0.432222660377401","1.22661949938007","0.518300936913564","0.816618790416206","0.804074345282742","2.69582274966558","1.96191112206189","1.38903745974287","0.712559649671324","2.62766165960392","2.56422955112082","2.47950525819219","3.43037459912289","2.7067185159601","2.60307747343438","2.50621301497617","2.50003392551172","3.09939488413303","2.78135944026471","3.23904351806882","3.4491470626364","3.5046340742533","3.58192022129042","4.2250114124786","5.23208291455393","5.41184949514692","5.8049734481771","7.15223785160177","6.07035853153518","5.12871457863623","5.07734420990481","5.44352090574478","4.95980535473162","4.89547281730169","4.32386730680106","6.07315860076268","5.82722775061414","6.77128125187135","6.7671639000861","6.70372963647687","6.15888218994419","6.03394269918749","4.82010069228067","5.35908283407917","7.70831016537843","7.86548262532752","9.63014041427711","12.0112545642563","","","","",
"Romania","ROU","Natural gas rents (% of GDP)","NY.GDP.NGAS.RT.ZS","","","","","","","","","","","","","","","","","","","","","","","","","","","","1.05310844000135","0.860247928086543","0.798825937215444","1.16827504136058","0.975804176363073","0.525400307600594","1.06512653033891","0.80169379758028","1.16255246782124","1.08021855713211","1.05007718028031","0.109495919951228","0.1244469910258","0.800310156362475","1.54852812299773","1.00878753147777","0.862627148393439","0.584918699286346","0.354487682531617","0.629281730062376","0.438713383746894","0.631334600169183","0.545113760093543","0.483676559163372","0.659254438284072","0.743533575959798","0.682228898080954","0.471981769489163","0.392792284292433","0.198912810370521","0.266555154371857","0.367013896608261","0.238741949260169","0.105530553930276","0.530624056118085","","","","",
"Russian Federation","RUS","Natural gas rents (% of GDP)","NY.GDP.NGAS.RT.ZS","","","","","","","","","","","","","","","","","","","","","","","","","","","","","0.937852541769293","1.10695717052832","1.7721032955856","1.28449222848941","0.755606174542978","1.71898786190779","1.80713998715345","3.27402902079779","3.01657028458803","3.00765731529941","0.604675750621871","0.821322846506518","4.1520862923239","7.44451981829648","5.10909236952929","4.66262486735643","3.07700843859375","2.09070756907338","3.71352780552611","2.88422228176728","4.15561654866874","3.50581589927238","2.8068678510359","3.41958000572264","3.18608357236399","3.05775631125077","2.31599937992039","2.50292237351811","1.63670203160983","1.96827097946533","3.18408544311332","2.19179127550364","1.11948785487127","5.85907379530895","","","","",
"Rwanda","RWA","Natural gas rents (% of GDP)","NY.GDP.NGAS.RT.ZS","","","","","","","","","","","","","","","","","","","","","0","0","0","0","0","0","0","0","0","0","0.00010246544146525","9.87044339511962E-05","0.000102754200015841","0.000154813496904337","0.000429035228666986","0.000290884475308475","0.000286088934884309","0.000241921247142092","0.000675471284317255","0.00114310521270062","0.00214392847221249","0.00153409409040837","0.000180882581648916","0.000559030521486931","0.000840273465818637","0.000438677656249053","0.0011751627322132","0.000926905769033414","0.000899591899718833","0.000761136576901177","0.000676428261564786","0.00246988913052572","0.00332307322524699","0.0034056614494191","0.00491116159881413","0.0208868684461887","0.02382024508965","0.0273775740346356","0.0463394536508861","0.0394278230414972","0.0289606341966977","0.0509828455510816","","","","",
"South Asia","SAS","Natural gas rents (% of GDP)","NY.GDP.NGAS.RT.ZS","","","","","","","","","","","0.0138567328894506","0.012488149573831","0.0105885209942257","0.0104861938423276","0.0121740426880355","0.0160980048667674","0.0251179956129116","0.0274194561391914","0.0186206858331297","0.0137519076585171","0.0175696896004344","0.00281292037766546","0","0.013658368904006","0.00552180869529561","0.00612650820058039","0.0290236925725738","0.0313476631279083","0.0277856338232994","0.0559778167291979","0.0730172874321135","0.0667985724594488","0.0726469703516564","0.0843725183574827","0.0937776291682925","0.10700863819","0.114105763310151","0.103528522002301","0.121633589128298","0.14622595545835","0.217656832355646","0.199181235332151","0.27985037617237","0.264524569881821","0.25926696704274","0.283228213219072","0.265370210404885","0.136121493603877","0.138164786355111","0.182963249480021","0.197026567798219","0.218838025616566","0.20255077973071","0.137754022837621","0.12899315195211","0.110812897328301","0.100608886033497","0.10175899892113","0.107509344685665","0.114726635001342","0.110787167501011","0.120913108418466","","","","",
"Saudi Arabia","SAU","Natural gas rents (% of GDP)","NY.GDP.NGAS.RT.ZS","","","","","","","","","","","0.177717023288752","0.107453703513631","0.107596435634286","0.082759299928388","0.0368175581388104","0.0818349042986915","0.0652789095603888","0.0970183907679663","0.143011015417534","0.19910755032849","0.175741063857884","0.157153288805082","0.0770788552767199","0.270680528718936","0.404850650428934","0.464103234671404","0.794911813013319","0.754309968862473","0.811759249427067","0.75237748778517","0.76397168107964","0.682669446311753","0.685297987231163","0.773608396246902","0.8551740297686","0.871700807357614","0.889193075017178","0.923736449968715","1.00191561592737","0.851995279435896","0.998843715023241","1.24338083100153","1.09369419273788","0.981911882856783","0.958424224616402","1.05365154740854","1.06551704434779","1.0139541488802","0.919659531970458","1.11612931255224","0.933726326116803","0.986593617537963","0.997298930703395","1.00992809301707","0.964006595598744","0.841619086055516","0.683364774046233","0.803215172603651","1.10731401057809","1.07981796945695","1.2777495582411","1.715848461975","","","","",
"Sudan","SDN","Natural gas rents (% of GDP)","NY.GDP.NGAS.RT.ZS","","","","","","","","","","","","0","0","0","0","0","0","0","0","0","0","0","0","0","0","0","0","0","0","0","0","0","0","0","0","0","0","0","0","0","0","0","0","0","0","0","0","0","0","0","0","0","0","0","0","0","0","0","0","0","0","0","","","","",
"Senegal","SEN","Natural gas rents (% of GDP)","NY.GDP.NGAS.RT.ZS","","","","","","","","","","","","0","0","0","0","0","0","0","0","0","0","0","0","0","0","0","0.00109206577105985","0.000802423207103617","0.000793448099439621","0.000983037524203007","0.00107702292247593","0.00100417363145345","0.000909327023966115","0.00391089461173643","0.0123570515051294","0.0143071692621602","0.0174080286094272","0.0125036362250003","0.00831392878696401","0.00950309046635061","0.000126094662309987","0.00035895264960964","0.00148505993579933","0.00476030660627898","0.00523336971489626","0.00268250241708205","0.00606887784835724","0.00377181456884807","0.00261809827399312","0.00596179667543955","0.00940247583466957","0.0197850926236519","0.0212573626003178","0.0193208661484993","0.0152501972623905","0.00799530091098317","0.00461921847587483","0.00438609604403223","0.00418374805141234","0.00543690367509351","0.00344852043974388","0.00259884853020802","","","","",
"Singapore","SGP","Natural gas rents (% of GDP)","NY.GDP.NGAS.RT.ZS","","","","","","","","","","","","0","0","0","0","0","0","0","0","0","0","0","0","0","0","0","0","0","0","0","0","0","0","0","0","0","0","0","0","0","0","0","0","0","0","0","0","0","0","0","0","0","0","0","0","0","0","0","0","0","0","0","","","","",
"Solomon Islands","SLB","Natural gas rents (% of GDP)","NY.GDP.NGAS.RT.ZS","","","","","","","","","","","","","","","","","","","","","0","0","0","0","0","0","0","0","0","0","0","0","0","0","0","0","0","0","0","0","0","0","0","0","0","0","0","0","0","0","0","0","0","0","0","0","0","0","0","0","0","0","","","","",
"Sierra Leone","SLE","Natural gas rents (% of GDP)","NY.GDP.NGAS.RT.ZS","","","","","","","","","","","","","","","","","","","","","","","","","","","","","","","","","","","","","","","","","","","","","","","","","","","","","","","","","","","","","","","","","","",
"El Salvador","SLV","Natural gas rents (% of GDP)","NY.GDP.NGAS.RT.ZS","","","","","","","","","","","","0","0","0","0","0","0","0","0","0","0","0","0","0","0","0","0","0","0","0","0","0","0","0","0","0","0","0","0","0","0","0","0","0","0","0","0","0","0","0","0","0","0","0","0","0","0","0","0","0","0","0","","","","",
"San Marino","SMR","Natural gas rents (% of GDP)","NY.GDP.NGAS.RT.ZS","","","","","","","","","","","","","","","","","","","","","","","","","","","","","","","","","","","","","","","","","","","","","","","","","","","","","","","","","","","","","","","","","","",
"Somalia, Fed. Rep.","SOM","Natural gas rents (% of GDP)","NY.GDP.NGAS.RT.ZS","","","","","","","","","","","","","","","","","","","","","0","0","0","0","0","0","0","0","0","0","0","","","","","","","","","","","","","","","","","","","","","","","0","0","0","0","0","0","0","0","0","","","","",
"Serbia","SRB","Natural gas rents (% of GDP)","NY.GDP.NGAS.RT.ZS","","","","","","","","","","","","","","","","","","","","","","","","","","","","","","","","","","","","0.117146261770044","0.0646451025366397","0.0607975385581407","0.0143214237984465","0.0101282259290125","0.155676752650817","0.194580351731074","0.0614026504358946","0.0471253269258943","0.0350931615188001","0.0318367581904063","0.0666669962598812","0.0524474312654164","0.0797398435489287","0.0656187640385259","0.0650552472058194","0.116728343146514","0.142271504595546","0.123419277420797","0.0916939120491321","0.082663006792981","0.0464410927292416","0.0555773475209731","0.0776448789031451","0.0495486966264631","0.0227812082960578","0.0971253332700918","","","","",
"Sub-Saharan Africa (excluding high income)","SSA","Natural gas rents (% of GDP)","NY.GDP.NGAS.RT.ZS","","","","","","","","","","","","0.00168843702431715","0.00203079025965045","0.00384098573845826","0.00668359026526812","0.00779131531227264","0.00765349094201818","0.00779229542367401","0.00811092025437444","0.0129400224514878","0.015043645961289","0.00882903370558397","0.00392469998614973","0.0161107971304231","0.0172041231127764","0.0219473375401098","0.0235663376546409","0.019020355004486","0.0153781557359084","0.0205812275206657","0.0302633623394098","0.0314866643033734","0.0310812819418637","0.0672817205360076","0.0769547107227117","0.0870290449308781","0.0934901758568872","0.0914012156731879","0.0729784228936177","0.0479768552798242","0.119978567126741","0.170463156188853","0.140135964075805","0.17019361631108","0.170175000463701","0.0840658832547806","0.240040470656438","0.245629299505133","0.281662011650744","0.200242237173436","0.235545075960622","0.345348380655443","0.372182851414061","0.314576315440203","0.311440567163435","0.259625089623258","0.194942050056841","0.246246771541281","0.37141948079332","0.397868512734662","0.308034167143635","0.492288072978944","","","","",
"South Sudan","SSD","Natural gas rents (% of GDP)","NY.GDP.NGAS.RT.ZS","","","","","","","","","","","","","","","","","","","","","","","","","","","","","","","","","","","","","","","","","","","","","","","","","","","","","0","0","0","0","","","","","","","","","","",
"Sub-Saharan Africa","SSF","Natural gas rents (% of GDP)","NY.GDP.NGAS.RT.ZS","","","","","","","","","","","","0.00168843702431715","0.00203079025965045","0.00384098573845827","0.00668359026526813","0.00779131531227264","0.00765349094201818","0.00779229542367401","0.00811092025437444","0.0129400224514878","0.0150342324049426","0.00882502196724122","0.00392283187904762","0.016102129602818","0.0171931767405238","0.0219304361203475","0.0235446992225225","0.0190019456480381","0.0153625056152742","0.0205592077820819","0.0302303483749502","0.0314544376493573","0.0310401822162385","0.0671854372697474","0.0768449791089649","0.0869295621028935","0.0933954870763203","0.091302665180655","0.0728935227512661","0.0478965257771828","0.119791618749489","0.170181669368269","0.139898807600072","0.169960682157404","0.169951451421543","0.0839656762342302","0.239772700802036","0.245393723667229","0.281445830096629","0.200102890754588","0.235385396170163","0.345123779160981","0.371940639301937","0.314340717288995","0.311212230583274","0.259403433752724","0.194740912211485","0.245998458638614","0.371048707190143","0.397502636316341","0.307808607216695","0.491943511392581","","","","",
"Small states","SST","Natural gas rents (% of GDP)","NY.GDP.NGAS.RT.ZS","","","","","","","","","","","","","","","","","4.62272322260078","3.88592443056581","3.76030650699374","","2.49601879537756","1.03277281597274","0.327675651114141","0.832775893610511","1.12162707205296","1.33769406491124","1.73574271788382","1.26953023069198","0.998202283704836","1.09007910232719","1.32559803989356","1.08035394510099","1.02731239220696","1.34685360391692","1.46809101699391","1.39152905161253","1.43502255622275","1.42081659688714","0.872913236421596","1.0127045578751","1.38736357444156","1.31186346940314","1.06778179367465","1.16371680844208","1.12707384054311","1.26778839860484","1.3908395569794","1.33891246692716","1.35505860734779","1.67512937237602","1.31527689971935","2.09082235973027","2.11168901825383","2.2475475134758","2.04461045729561","1.9461716095688","1.07065271583712","1.0767591577196","1.79246960567834","1.8210946389548","1.3659666303213","1.75263909780377","","","","",
"Sao Tome and Principe","STP","Natural gas rents (% of GDP)","NY.GDP.NGAS.RT.ZS","","","","","","","","","","","","","","","","","","","","","","","","","","","","","","","","","","","","","","","","","","0","0","0","0","0","0","0","0","0","0","0","0","0","0","0","0","0","0","0","0","0","","","","",
"Suriname","SUR","Natural gas rents (% of GDP)","NY.GDP.NGAS.RT.ZS","","","","","","","","","","","","","","","","","","","","","0","0","0","0","0","0","0","0","0","0","0","0","0","0","0","0","0","0","0","0","0","0.0088000500514565","0.00502510473211313","0.00314292556142868","0.00259232773732333","0.00434836752071831","0.004588553096066","0.00560098747178887","0.00562867252367857","0.00559849754758138","0.00347379559881753","0.00722009941861965","0.00690641151904793","0.00768155481017302","0.00688355150663509","0.00330640376556208","0.00233689561096421","0.00317085396129406","0.00737873336980985","0.00846646242140979","0.00684154892246027","0.0114578354460793","","","","",
"Slovak Republic","SVK","Natural gas rents (% of GDP)","NY.GDP.NGAS.RT.ZS","","","","","","","","","","","","","","","","","","","","","","","","","","","","","","","0.05275906360157","0.0230251727425651","0.0102656547698441","0.0198246010845898","0.0179473022866676","0.0307966363609679","0.0250953694647095","0.0251842167096787","0.00274145550194506","0.00214917489765114","0.0123527678853131","0.0284041624044545","0.0180339708315129","0.0169668404135207","0.0104427357183609","0.00723470556375164","0.019978118315044","0.0104156861286163","0.0130329314947467","0.0104113495244654","0.00924302961176918","0.0150694280939769","0.0206197380233814","0.0158850726127309","0.00888752082001614","0.00696154312905245","0.00403037409052397","0.00802554613133259","0.00770050802356496","0.00713310792373767","0.00185795706821786","0.00854206904967972","","","","",
"Slovenia","SVN","Natural gas rents (% of GDP)","NY.GDP.NGAS.RT.ZS","","","","","","","","","","","","","","","","","","","","","","","","","","","","","","","","","","","","0.00219589970935814","0.00150084034222837","0.00155896826400785","0.000126784868234381","8.58891412788655E-05","0.000809250348491629","0.00143395279994485","0.000962959737562981","0.000690223236519698","0.00053054118328902","0.000341738356664261","0.000699832324920846","0.000445193354303452","0.000695814396507105","0.000541628719834564","0.00118709277855289","0.000488447837896098","0.000566360193355465","0.000802152375153317","0.000554815127529413","0.000475917167612332","0.00045244252600592","0.000971459799265994","0.00265106875634064","0.000791062139069916","0.000309524314650989","0.00143387827318925","","","","",
"Sweden","SWE","Natural gas rents (% of GDP)","NY.GDP.NGAS.RT.ZS","","","","","","","","","","","0","0","0","0","0","0","0","0","0","0","0","0","0","0","0","0","0","0","0","0","0","0","0","0","0","0","0","0","0","0","0","0","0","0","0","0","0","0","0","0","0","0","0","0","0","0","0","0","0","0","0","0","","","","",
"Eswatini","SWZ","Natural gas rents (% of GDP)","NY.GDP.NGAS.RT.ZS","","","","","","","","","","","","","","","","","","","","","0","0","0","0","0","0","0","0","0","0","0","0","0","0","0","0","0","0","0","0","0","0","0","0","0","0","0","0","0","0","0","0","0","0","0","0","0","0","0","0","0","0","","","","",
"Sint Maarten (Dutch part)","SXM","Natural gas rents (% of GDP)","NY.GDP.NGAS.RT.ZS","","","","","","","","","","","","","","","","","","","","","","","","","","","","","","","","","","","","","","","","","","","","","","","","","","","","","","","","","","","","","","","","","","",
"Seychelles","SYC","Natural gas rents (% of GDP)","NY.GDP.NGAS.RT.ZS","","","","","","","","","","","","","","","","","","","","","0","0","0","0","0","0","0","0","0","0","0","0","0","0","0","0","0","0","0","0","0","0","0","0","0","0","0","0","0","0","0","0","0","0","0","0","0","0","0","0","0","0","","","","",
"Syrian Arab Republic","SYR","Natural gas rents (% of GDP)","NY.GDP.NGAS.RT.ZS","","","","","","","","","","","0","0","0","0","0","0.110176911061907","0.0999947253453612","0.117434044146612","0.116714433486016","0.157583049483535","0.120746067422329","0.0418489988572949","0.015747859388655","0.0438120145475615","0.0389254547573918","0.0188696092298042","0.0302527458694018","0.0508802813585206","0.0834178586346553","0.14125071301687","0.360407226944227","0.357725837663305","0.294257757808473","0.28413289010584","0.250971342156214","0.185361198615347","0.2286211077537","0.255767536456045","0.282578526409711","0.271984500428486","0.316939048157981","0.302685305856379","0.302584914619139","0.278268172734875","0.261697893974132","0.243289229404521","0.244769083877966","0.208110443917523","0.177136328257636","0.194996151328667","0.219467459099197","0.921556688835187","1.21586112609928","2.06076023244341","1.78816109480561","1.51664453933771","1.30377150544308","1.19779659055655","1.45527201835553","1.28568177450559","2.33049215153531","","","","","",
"Turks and Caicos Islands","TCA","Natural gas rents (% of GDP)","NY.GDP.NGAS.RT.ZS","","","","","","","","","","","","","","","","","","","","","","","","","","","","","","","","","","","","","","","","","","0","0","0","0","0","0","0","0","0","0","0","0","0","0","0","0","0","0","0","0","0","","","","",
"Chad","TCD","Natural gas rents (% of GDP)","NY.GDP.NGAS.RT.ZS","","","","","","","","","","","","","","","","","","","","","0","0","0","0","0","0","0","0","0","0","0","0","0","0","0","0","0","0","0","0","0","0","0","0","0","0","0","0","0","0","0","0","0","0","0","0","0","0","0","0","0.00367854634251894","0.013490946600622","","","","",
"East Asia & Pacific (IDA & IBRD countries)","TEA","Natural gas rents (% of GDP)","NY.GDP.NGAS.RT.ZS","","","","","","","","","","","0","0.00585054752687505","0.00879113349952946","0.0140839495525622","0.0748475849895701","0.140211646226295","0.163107255010557","0.184421597070195","0.319871199834083","0.476159092377168","0.417193432896585","0.15679746538043","0.0504145744590024","0.120239843918068","0.182392802894","0.230304505569652","0.392634007576948","0.376048993166282","0.301924704936797","0.326905367787777","0.42404614613947","0.364447096839064","0.368965556852602","0.418400747840982","0.43634560711583","0.380157932351937","0.439312383435771","0.477972654513499","0.384337602104782","0.411417201056729","0.6262456174324","0.546213301655517","0.467801152290425","0.55615418463587","0.583277671149014","0.566034084720658","0.433803633493449","0.346290247369066","0.318662231367709","0.287405211870039","0.280366660538923","0.254404581222472","0.226565915780435","0.208778897608551","0.273256813368838","0.30356233636759","0.224430816284646","0.218393632440099","0.295596437261466","0.294222540322431","0.22835548146041","0.347795772381282","","","","",
"Europe & Central Asia (IDA & IBRD countries)","TEC","Natural gas rents (% of GDP)","NY.GDP.NGAS.RT.ZS","","","","","","","","","","","0","1.18826983142512E-05","4.43133705096737E-05","4.5894152307382E-05","0.000141344338174577","0.000254344099309778","0.000666239881244398","0.00071834606140658","0.000842952383778082","0.00143303389997144","0.0102782167676119","0.00519732240409548","0.00194302122104029","0.00367584201823426","0.0136470147664261","0.011367030270411","0.0175494280493995","0.69516563483345","0.825238224657236","0.915117777679943","1.27178643572936","0.901492674432941","0.486352074077537","1.08194957021161","1.1018111899415","1.61735573013945","1.45316768195172","1.43684234694037","0.210700407046507","0.241487712560974","1.53938995012138","3.23194954048836","2.21063093830979","2.04418065933226","1.4233191095407","0.99944811720166","1.89253902954331","1.52896691284357","2.28930941791801","1.78352585213942","1.50700105357155","2.03276378665137","1.98927642822321","1.87754198404244","1.37738144951834","1.27236291562571","0.798194491403279","1.03669790376748","1.66513057571404","1.15063706654019","0.529083183812079","2.82794127337896","","","","",
"Togo","TGO","Natural gas rents (% of GDP)","NY.GDP.NGAS.RT.ZS","","","","","","","","","","","","0","0","0","0","0","0","0","0","0","0","0","0","0","0","0","0","0","0","0","0","0","0","0","0","0","0","0","0","0","0","0","0","0","0","0","0","0","0","0","0","0","0","0","0","0","0","0","0","0","0","0","","","","",
"Thailand","THA","Natural gas rents (% of GDP)","NY.GDP.NGAS.RT.ZS","","","","","","","","","","","0","0","0","0","0","0","0","0","0","0","0","0.0153795498028067","0.0215291533707685","0.0477760783685262","0.0888161280662401","0.188638737212488","0.254893401524591","0.266457824321674","0.21663113855748","0.204369623751815","0.249744851223849","0.224722297368653","0.229012991913058","0.262412377140147","0.290985678665476","0.276167198070395","0.350365205446619","0.539955160295128","0.562424657089437","0.605655584869871","0.99488283784735","0.925077140569247","0.762297559806926","0.893375521627429","0.938004279981584","0.91076699997037","0.710630622575337","0.613973903264137","0.693431593342433","0.643700115109854","0.671954379420834","0.611077945620696","0.651357695835709","0.653181573962076","0.911946344345926","0.902161446047801","0.627532636140883","0.552732935145776","0.71765709497686","0.700466145845722","0.543937782887483","0.939553101701137","","","","",
"Tajikistan","TJK","Natural gas rents (% of GDP)","NY.GDP.NGAS.RT.ZS","","","","","","","","","","","","","","","","","","","","","","","","","","","","","","","0.245461164162692","0.28071707096217","0.0251100175961889","0.038944567824051","0.0266003297428213","0.0698627836175062","0.0627872589507447","0.0996840320864752","0.0134157175820725","0.0158957769990364","0.0914729859877723","0.193213990239822","0.05365227247548","0.0885959717666604","0.0578619435039931","0.0459221665736546","0.0736062135566721","0.032368940223179","0.0627381712148385","0.0585409622594694","0.049856903124005","0.0307790333350719","0.0218974409095776","0.0168700383004247","0.031210224913698","0.0175908036386464","0.0140810763423515","0.0324362754535535","0.0658682090762832","0.0519023694772061","0.0309684488157527","0.171084791793257","","","","",
"Turkmenistan","TKM","Natural gas rents (% of GDP)","NY.GDP.NGAS.RT.ZS","","","","","","","","","","","","","","","","","","","","","","","","","","","","35.0774254555549","23.1682614474906","26.4777974814329","38.1948209582931","23.6347338350186","9.70585230583617","24.677795374246","16.3380941906672","28.3259964450915","32.6758365783035","23.5922993575762","1.49915543442281","2.62882151574485","28.8052994112694","55.0087709271248","34.3293247239732","30.9012594581728","23.5927753799222","18.2592836501092","32.0004828721463","29.1790627036662","34.8737412958034","12.6608257043539","13.0365514101396","20.2142716527897","18.7387438033312","16.3792738401097","11.3460551548795","10.5831552386189","6.00228092118605","7.45503774698666","11.5296473840406","7.64579312393199","","","","","","",
"Latin America & the Caribbean (IDA & IBRD countries)","TLA","Natural gas rents (% of GDP)","NY.GDP.NGAS.RT.ZS","","","","","","","","","","","0.00608760519444294","0.00817504527933894","0.00858343340410676","0.00702649815815517","0.0416070503318064","0.0744147788708294","0.0676992760098915","0.00491522596217224","0.0118873151774838","0.0735454426221373","0.163483369567657","0.0924757861113489","0.0231663699834805","0.148336359648818","0.186192890203867","0.173399634694936","0.138327213730817","0.0964788667103698","0.0802033979543902","0.092642845910342","0.107091773929224","0.0827341899830688","0.0676807357662381","0.0760728347503648","0.0588839092985625","0.0496924854500952","0.0519151145530328","0.0498661332670266","0.0406673228456079","0.0702699399288639","0.123033554143194","0.125743935193014","0.118597776496134","0.0976092729673829","0.0891683430288363","0.143654638284091","0.185122023465838","0.19533752013465","0.187854442737016","0.225995017597031","0.128653070646192","0.255532717607032","0.272691907275745","0.29132881477649","0.254870926774557","0.143432449074335","0.0610593994289661","0.0725952839351353","0.173301614245236","0.187463284628029","0.110694691618073","0.150326789732836","","","","",
"Timor-Leste","TLS","Natural gas rents (% of GDP)","NY.GDP.NGAS.RT.ZS","","","","","","","","","","","","","","","","","","","","","","","","","","","","","","","","","","","","","","","","","","","","0","","","","","","","","","","","","54.9035548013805","31.7471782643786","31.3550190725644","48.1395183547075","32.2080214709969","31.4935640709367","29.3788715937531","","","","",
"Middle East, North Africa, Afghanistan & Pakistan (IDA & IBRD)","TMN","Natural gas rents (% of GDP)","NY.GDP.NGAS.RT.ZS","","","","","","","","","","","0.289975822201723","0.279051036478858","0.246122941927785","0.275394250393825","0.177737055605144","0.391640799607382","0.35914023556038","0.372712234142495","0.401228379212055","0.617308232094163","0.301072438655078","0.322534801933098","0.127939353250007","0.483178061868536","0.453225454314017","0.438023433415369","0.435280194031293","0.511025611084017","0.593525276455574","0.646876479707787","0.538822882770277","","0.833134170564415","0.904731025266456","0.968926614655169","1.0178157877441","1.083910979369","1.21734926840207","1.18376838330016","1.18102652060039","1.47840528799359","1.72737836627253","1.66715764344934","1.55184196793869","1.48191037825613","1.87803812219255","1.89600802727266","1.56905118648332","1.39575248551901","1.63842164876035","1.3977691798884","1.528735781597","1.53090867836888","1.60619579232297","1.57489130266949","1.26091206895094","1.00868144369039","1.28905566517222","2.30802118311054","2.33468082760113","2.50594759435923","3.44991206566108","","","","",
"Tonga","TON","Natural gas rents (% of GDP)","NY.GDP.NGAS.RT.ZS","","","","","","","","","","","","","","","","","","","","","0","0","0","0","0","0","0","0","0","0","0","0","0","0","0","0","0","0","0","0","0","0","0","0","0","0","0","0","0","0","0","0","0","0","0","0","0","0","0","0","0","0","","","","",
"South Asia (IDA & IBRD)","TSA","Natural gas rents (% of GDP)","NY.GDP.NGAS.RT.ZS","","","","","","","","","","","0.0138567328894506","0.012488149573831","0.0105885209942257","0.0104861938423276","0.0121740426880355","0.0160980048667674","0.0251179956129116","0.0274194561391914","0.0186206858331297","0.0137519076585171","0.0175696896004344","0.00281292037766546","0","0.013658368904006","0.00552180869529561","0.00612650820058039","0.0290236925725738","0.0313476631279083","0.0277856338232994","0.0559778167291979","0.0730172874321135","0.0667985724594488","0.0726469703516564","0.0843725183574827","0.0937776291682925","0.10700863819","0.114105763310151","0.103528522002301","0.121633589128298","0.14622595545835","0.217656832355646","0.199181235332151","0.27985037617237","0.264524569881821","0.25926696704274","0.283228213219072","0.265370210404885","0.136121493603877","0.138164786355111","0.182963249480021","0.197026567798219","0.218838025616566","0.20255077973071","0.137754022837621","0.12899315195211","0.110812897328301","0.100608886033497","0.10175899892113","0.107509344685665","0.114726635001342","0.110787167501011","0.120913108418466","","","","",
"Sub-Saharan Africa (IDA & IBRD countries)","TSS","Natural gas rents (% of GDP)","NY.GDP.NGAS.RT.ZS","","","","","","","","","","","","0.00168843702431715","0.00203079025965045","0.00384098573845827","0.00668359026526812","0.00779131531227264","0.00765349094201818","0.00779229542367401","0.00811092025437444","0.0129400224514878","0.0150342324049426","0.00882502196724122","0.00392283187904762","0.016102129602818","0.0171931767405238","0.0219304361203475","0.0235446992225225","0.0190019456480381","0.0153625056152742","0.0205592077820819","0.0302303483749502","0.0314544376493573","0.0310401822162385","0.0671854372697474","0.0768449791089649","0.0869295621028935","0.0933954870763203","0.091302665180655","0.0728935227512661","0.0478965257771828","0.119791618749489","0.170181669368269","0.139898807600072","0.169960682157404","0.169951451421543","0.0839656762342302","0.239772700802036","0.245393723667229","0.281445830096629","0.200102890754588","0.235385396170163","0.345123779160981","0.371940639301937","0.314340717288995","0.311212230583274","0.259403433752724","0.194740912211485","0.245998458638615","0.371048707190143","0.397502636316341","0.307808607216695","0.491943511392581","","","","",
"Trinidad and Tobago","TTO","Natural gas rents (% of GDP)","NY.GDP.NGAS.RT.ZS","","","","","","","","","","","0.00738985735901074","0.0109917596114109","0.0873096123598612","0.0682106020335483","0.296274941034618","0.421542190449993","0.45496991835851","0.0315894358864919","0.0787204095511784","0.44848943245949","0.784883814689822","0.426980170070862","0.0974168892508651","0.690474610798764","1.16612545916778","1.34877000857305","1.22364988092933","0.854189026416529","0.862466177351588","1.15184127625465","1.37027101299972","1.20384806307992","1.0183039178995","1.64916315328289","1.54263993868097","1.33483319065797","1.44315146510097","1.56242998764938","1.13952718203698","1.85374826650399","3.34791429564949","3.30683344360185","2.88169357636383","2.66348882364855","2.36518324540915","4.25076767239782","6.12814812345329","6.68974803356777","5.83750090698681","9.64203595057167","6.15581814921932","11.699135017833","11.3897470587304","12.4709238479791","9.97338093351379","5.23561682641395","2.23549470018448","3.01281216994103","7.50401786552981","8.23659935274206","4.38267376233176","5.09452537557754","","","","",
"Tunisia","TUN","Natural gas rents (% of GDP)","NY.GDP.NGAS.RT.ZS","","","","","","","","","","","0.123129314322068","0.137621604601247","0.156716135660847","0.156395762554286","0.126101965297509","0.191387297539175","0.201101980080812","0.206977033299091","0.194142955047072","0.225100278429631","0.140740155399833","0.134610218046519","0.0595200451392078","0.175409954863708","0.156513668014086","0.135454573702938","0.136241594900856","0.0991272609861777","0.0898707880840895","0.0901214819093223","0.077827792614973","0.0521038206147924","0.0667369148861861","0.0683268751244419","0.0634952871073838","0.0559094648997611","0.142407984533904","0.284079753579198","0.28758241584181","0.259413813220188","0.361382132616902","0.457939517042706","0.357072478190354","0.309246533605607","0.306609417741814","0.399210558815731","0.399209536359326","0.319954538590018","0.37588783467175","0.433746795352291","0.344709194218594","0.401895741504081","0.408148119994012","0.377752029966356","0.423423922784946","0.273682848307775","0.200869985868404","0.236433459699936","0.349896451978522","0.308497305696956","0.303269986625323","0.490998034663024","","","","",
"Turkiye","TUR","Natural gas rents (% of GDP)","NY.GDP.NGAS.RT.ZS","","","","","","","","","","","0","1.18826983142512E-05","4.43133705096737E-05","4.5894152307382E-05","0.000141344338174577","0.000254344099309778","0.000666239881244398","0.00071834606140658","0.000842952383778082","0.00143303389997144","0.00203664977586871","0.00107371949419083","0.00082279795465204","0.00249881406713819","0.00135502509826089","0.00187904670549223","0.0113624861905771","0.00335716697863026","0.000954093705038254","0.0015090965987559","0.00206223586853295","0.00140895763440889","0.000693697155140426","0.00137627418611021","0.00183034200527921","0.00238638560193092","0.00243005197422621","0.0030869842900994","0.000498822883301683","0.000828969896496573","0.00457174516912643","0.00622398720429633","0.00498223321338877","0.00615261685241545","0.00523895731523814","0.00453462995252325","0.00955265456367318","0.00898256462761152","0.0143865495451754","0.00860049948655527","0.00645924834469729","0.0100431107294415","0.00842871898329215","0.00639026156802496","0.00416164956058869","0.00265766995514825","0.00150977307815817","0.00201762233420955","0.00428488563235785","0.0033684737362644","0.00167305173317492","0.00748181207735284","","","","",
"Tuvalu","TUV","Natural gas rents (% of GDP)","NY.GDP.NGAS.RT.ZS","","","","","","","","","","","","","","","","","","","","","","","","","","","","","","","0","0","0","0","0","0","0","0","0","0","0","0","0","0","0","0","0","0","0","0","0","0","0","0","0","0","0","0","0","0","0","0","","","","",
"Tanzania","TZA","Natural gas rents (% of GDP)","NY.GDP.NGAS.RT.ZS","","","","","","","","","","","","","","","","","","","","","","","","","","","","","0","0","0","0","0","0","0","0","0","0","0","0","0","0","0","0","0.0274931382987407","0.0458836863030524","0.165461735035215","0.143202560221599","0.146624246080538","0.141555701163361","0.168958230297154","0.147129405103243","0.1543339847838","0.139651250540847","0.106190378675112","0.0958189291565574","0.0828972587378178","0.0996973020864147","0.197788905211452","0.185559026652075","0.125414392830039","0.223340416897822","","","","",
"Uganda","UGA","Natural gas rents (% of GDP)","NY.GDP.NGAS.RT.ZS","","","","","","","","","","","","","","","","","","","","","0","0","0","0","0","0","0","0","0","0","0","0","0","0","0","0","0","0","0","0","0","0","0","0","0","0","0","0","0","0","0","0","0","0","0","0","0","0","0","0","0","0","","","","",
"Ukraine","UKR","Natural gas rents (% of GDP)","NY.GDP.NGAS.RT.ZS","","","","","","","","","","","","","","","","","","","","","","","","","","","","0.496950139661843","0.343253967157225","0.313435589659731","0.457655548938322","0.327869967316772","0.156482811154507","0.365816258661968","0.424451038594338","0.873828939135118","0.93888289899763","0.902935129010198","0.133262624449728","0.1688299313581","1.14885003502459","2.00013758712954","1.38139303823453","1.3208144998747","0.874680879938456","0.565133000615534","1.01163949753159","0.786052400938078","1.14737308736752","1.278878300454","0.945147583014386","1.23771380213352","1.20575144270603","1.20490526300508","1.17134594315961","1.20086792163998","0.739114578198655","0.869406676082544","1.22232291954122","0.718231983949118","0.329769533969389","1.36437357344945","","","","",
"Upper middle income","UMC","Natural gas rents (% of GDP)","NY.GDP.NGAS.RT.ZS","","","","","","","","","","","0.0340447950083787","0.0372682570125011","0.0352539541095285","0.0386211823695423","0.0593085415998109","0.124009927647299","0.126629236375143","0.119336058784906","0.157375537019909","0.254456397040895","0.218115470216336","0.131741257656561","0.0481508398991503","0.191846592881627","0.218926250308264","0.229565993629213","0.266506527338368","0.303486889428746","0.274120376934256","0.279827821792414","0.322938495207683","0.270985624327346","0.232079731910762","0.286898552543914","0.276541662803622","0.277534082720371","0.308245026958206","0.325217624299595","0.255487642712825","0.300604357406231","0.453999147155444","0.502384013310608","0.445684244988246","0.462309232075621","0.444341019681003","0.463606944369385","0.45361580548175","0.395792193715743","0.415544223643603","0.392598088420747","0.32570162723695","0.368615995415184","0.366046806690142","0.352126563490875","0.360901915487823","0.327567728532818","0.238742126027778","0.252682719197862","0.394805843875251","0.380400481865326","0.316845931566363","0.489032243006671","","","","",
"Uruguay","URY","Natural gas rents (% of GDP)","NY.GDP.NGAS.RT.ZS","","","","","","","","","","","","0","0","0","0","0","0","0","0","0","0","0","0","0","0","0","0","0","0","0","0","0","0","0","0","0","0","0","0","0","0","0","0","0","0","0","0","0","0","0","0","0","0","0","0","0","0","0","0","0","0","0","","","","",
"United States","USA","Natural gas rents (% of GDP)","NY.GDP.NGAS.RT.ZS","","","","","","","","","","","0","0.00255782266571012","0.0454440051971043","0.107643076024198","1.02526290817853","0.834988622080964","0.779312812908034","0.779327725533135","0.676187358589122","1.82310670000573","1.73021092303789","1.00605281950038","0.187008816496244","0.582812921655813","0.620408255950344","0.459517748823951","0.099748388635223","0.276862781681907","0.179156248622811","0.18431805922785","0.161037648738278","0.125303136591617","0.214792748649505","0.307270497360323","0.240785235961574","0.156582984239874","0.301639931615311","0.321971098127724","0.211303030343375","0.25338309838657","0.579475920941945","0.466751378646037","0.302755619486716","0.612792290539168","0.569511287090411","0.797236904730241","0.382513454180692","0.339351155793805","0.551540732489892","0.0450657683061133","0","0","0","0","0.0523192680969993","0","0","0","0.00818925823914368","0","0","0.363207721748918","","","","",
"Uzbekistan","UZB","Natural gas rents (% of GDP)","NY.GDP.NGAS.RT.ZS","","","","","","","","","","","","","","","","","","","","","","","","","","","","","","","4.82786716694025","2.98310942862483","1.79627303783983","4.15944088282499","4.30130653782493","7.82798715575388","7.22864796010283","7.56461013695163","1.08190143918471","0.940519568054424","7.45483715071037","19.2375600474741","15.5837533463076","16.3929079886423","12.4022223973696","8.92774487104872","16.8322525714706","13.8895336856133","19.8143323526962","11.9048370778636","7.30039301916179","9.11244807652977","8.62348030793224","8.31707283634849","5.41544208670451","3.57728670528244","2.11753304648124","4.10458310863666","8.4367746464968","5.07447370101394","2.06722663890198","11.0412650689481","","","","",
"St. Vincent and the Grenadines","VCT","Natural gas rents (% of GDP)","NY.GDP.NGAS.RT.ZS","","","","","","","","","","","","","","","","","","","","","0","0","0","0","0","0","0","0","0","0","0","0","0","0","0","0","0","0","0","0","0","0","0","0","0","0","0","0","0","0","0","0","0","0","0","0","0","0","0","0","0","0","","","","",
"Venezuela, RB","VEN","Natural gas rents (% of GDP)","NY.GDP.NGAS.RT.ZS","","","","","","","","","","","0.0221370999607284","0.0347657629542569","0.0347966008003465","0.0333148869118583","0.166026571081001","0.277868294731859","0.250621441153781","0.0175900508342194","0.0381185769565808","0.239270669213099","0.502397076823419","0.269057008977634","0.0593193014721485","0.321512877718524","0.458495277113724","0.430841028316452","0.374914979872589","0.352194351676579","0.241125957435017","0.450309223788971","0.589527278171202","0.445770141075725","0.352497341735256","0.458932426262348","0.430721441622802","0.301335331109423","0.385285716754203","0.321044159074458","0.239125734808664","0.283966808667976","0.450042899866886","0.39389596845671","0.485477997520281","0.382225897512285","0.282061313688956","0.360365920832308","0.415380969310995","0.404644901272761","0.299641057955094","0.301357412680844","0.193269710628376","0.542388149685457","0.501629536802643","0.542256254471641","0.377759593557882","","","","","","","","","","","",
"British Virgin Islands","VGB","Natural gas rents (% of GDP)","NY.GDP.NGAS.RT.ZS","","","","","","","","","","","","","","","","","","","","","","","","","","","","","","","","","","","","","","","","","","","","","","","","","","","","","","","","","","","","","","","","","","",
"Virgin Islands (U.S.)","VIR","Natural gas rents (% of GDP)","NY.GDP.NGAS.RT.ZS","","","","","","","","","","","","","","","","","","","","","","","","","","","","","","","","","","","","","","","","","","","0","0","0","0","0","0","0","0","0","0","0","0","0","0","0","0","0","0","0","","","","","",
"Viet Nam","VNM","Natural gas rents (% of GDP)","NY.GDP.NGAS.RT.ZS","","","","","","","","","","","","","","","","","","","","","","","","","","0.0047127406158542","0.00407404057323303","0.00256583104264377","0.00234468071873021","0.012448122153879","0.0196970870910082","0.019978849108465","0.0612690430513439","0.0644856479916332","0.0591653921620877","0.0281114362787644","0.0544804664709272","0.0957508180463169","0.115708332859875","0.174791285743312","0.308186745265021","0.334655161102383","0.325384146459247","0.359617720346491","0.632871823685399","0.777553231191598","0.651803798316593","0.542522638408329","0.495591047514565","0.476843399378323","0.442109704259686","0.377816460476658","0.352929785663553","0.329556289592129","0.418562328391343","0.466993735594374","0.316021208374894","0.279611337213359","0.383369129367597","0.35996993743116","0.247961395343541","0.32730836109362","","","","",
"Vanuatu","VUT","Natural gas rents (% of GDP)","NY.GDP.NGAS.RT.ZS","","","","","","","","","","","","","","","","","","","","","0","0","0","0","0","0","0","0","0","0","0","0","0","0","0","0","0","0","0","0","0","0","0","0","0","0","0","0","0","0","0","0","0","0","0","0","0","0","0","0","0","0","","","","",
"World","WLD","Natural gas rents (% of GDP)","NY.GDP.NGAS.RT.ZS","","","","","","","","","","","0.0127945537771777","0.0186967741951851","0.0412883074310912","0.0607956737627149","0.419835938334552","0.378065749397725","0.367856985131826","0.351124610486406","0.304248315666115","0.705909235597597","0.65878951343679","0.412491278868617","0.0984711191619024","0.298812464273195","0.334470291448606","0.277501768441048","0.119284860329659","0.163478764398757","0.141837653649716","0.151188095274537","0.167731595358089","0.127770227073013","0.132994740940869","0.203739040186401","0.177538898220247","0.173999776653438","0.230438396336583","0.254428477757891","0.150468225977773","0.174881998478383","0.39472731477906","0.430122741269538","0.318973233189644","0.433348732680641","0.391103273444897","0.478218239128103","0.389776754630681","0.342733018251889","0.480175163426994","0.275873054401591","0.2428761618965","0.318017548766884","0.323915256039568","0.315083369635242","0.283410753632093","0.230281219366671","0.159751102696065","0.189773759463452","0.294888940029812","0.264130037119778","0.20644831362381","0.524778865374974","","","","",
"Samoa","WSM","Natural gas rents (% of GDP)","NY.GDP.NGAS.RT.ZS","","","","","","","","","","","","","","","","","","","","","","","0","0","0","0","0","0","0","0","0","0","0","0","0","0","0","0","0","0","0","0","0","0","0","0","0","0","0","0","0","0","0","0","0","0","0","0","0","0","0","0","","","","",
"Kosovo","XKX","Natural gas rents (% of GDP)","NY.GDP.NGAS.RT.ZS","","","","","","","","","","","","","","","","","","","","","","","","","","","","","","","","","","","","","","","","","","","","","","","","","0","0","0","0","0","0","0","0","0","0","0","0","0","0","","","","",
"Yemen, Rep.","YEM","Natural gas rents (% of GDP)","NY.GDP.NGAS.RT.ZS","","","","","","","","","","","","","","","","","","","","","","","","","","","","","","","0.174279068674549","0.204139559585809","0.1783744892723","0.222483863863661","0.299836564433594","0.313436630816802","0.249749470215075","0.22287932921921","0.222015641497304","0.172609581345397","0.173347842113806","0.187195088402522","0.119427739621182","0.0830008009874186","0.0586059833261406","0.0467874589438686","0.0329439969514385","0.0191707105432845","0.00755931381034597","0.34401913744873","1.33046245575943","2.49897249768798","1.77261923895263","2.44022059158672","1.91026799289135","0.316743824319049","0.000212589998147195","","","","","","","","","",
"South Africa","ZAF","Natural gas rents (% of GDP)","NY.GDP.NGAS.RT.ZS","","","","","","","","","","","","0","0","0","0","0","0","0","0","0","0","0","0","0","0","0","0","0","0","0","0.0241857482170879","0.0198166992619238","0.0169064426726626","0.02363633777699","0.0240091871291434","0.0249750349553005","0.0248546338599652","0.0212465392304957","0.0142127603418161","0.0217574376135546","0.0354527651649018","0.0582858333591496","0.0573805452482398","0.0248359282535279","0.0308634066428721","0.0157824265033382","0.0386656043598197","0.0318507821013102","0.0369575315044166","0.0236270625725225","0.0258569340158521","0.0305636496199449","0.0288936847412477","0.0312421227606922","0.0255744432147647","0.0232937993610495","0.015336308509032","0.012735718818607","0.0227641504019782","0.0251931123610767","0.020767257947969","0.0293827523467257","","","","",
"Zambia","ZMB","Natural gas rents (% of GDP)","NY.GDP.NGAS.RT.ZS","","","","","","","","","","","","0","0","0","0","0","0","0","0","0","0","0","0","0","0","0","0","0","0","0","0","0","0","0","0","0","0","0","0","0","0","0","0","0","0","0","0","0","0","0","0","0","0","0","0","0","0","0","0","0","0","0","","","","",
"Zimbabwe","ZWE","Natural gas rents (% of GDP)","NY.GDP.NGAS.RT.ZS","","","","","","","","","","","","0","0","0","0","0","0","0","0","0","0","0","0","0","0","0","0","0","0","0","0","0","0","0","0","0","0","0","0","0","0","0","0","0","0","0","0","0","0","0","0","0","0","0","0","0","0","0","0","0","0","0","","","","",
