iso3,country,Year,oil_rents_pct_gdp,coal_rents_pct_gdp,gas_rents_pct_gdp,total_fossil_rents_pct_gdp
ABW,Aruba,1960,,,,
ABW,Aruba,1961,,,,
ABW,Aruba,1962,,,,
ABW,Aruba,1963,,,,
ABW,Aruba,1964,,,,
ABW,Aruba,1965,,,,
ABW,Aruba,1966,,,,
ABW,Aruba,1967,,,,
ABW,Aruba,1968,,,,
ABW,Aruba,1969,,,,
ABW,Aruba,1970,,,,
ABW,Aruba,1971,,,,
ABW,Aruba,1972,,,,
ABW,Aruba,1973,,,,
ABW,Aruba,1974,,,,
ABW,Aruba,1975,,,,
ABW,Aruba,1976,,,,
ABW,Aruba,1977,,,,
ABW,Aruba,1978,,,,
ABW,Aruba,1979,,,,
ABW,Aruba,1980,,,,
ABW,Aruba,1981,,,,
ABW,Aruba,1982,,,,
ABW,Aruba,1983,,,,
ABW,Aruba,1984,,,,
ABW,Aruba,1985,,,,
ABW,Aruba,1986,0.0,0.0,0.0,0.0
ABW,Aruba,1987,0.0,0.0,0.0,0.0
ABW,Aruba,1988,0.0,0.0,0.0,0.0
ABW,Aruba,1989,0.0,0.0,0.0,0.0
ABW,Aruba,1990,0.0,0.0,0.0,0.0
ABW,Aruba,1991,0.0,0.0,0.0,0.0
ABW,Aruba,1992,0.0,0.0,0.0,0.0
ABW,Aruba,1993,0.0,0.0,0.0,0.0
ABW,Aruba,1994,0.0,0.0,0.0,0.0
ABW,Aruba,1995,0.0,0.0,0.0,0.0
ABW,Aruba,1996,0.0,0.0,0.0,0.0
ABW,Aruba,1997,0.0,0.0,0.0,0.0
ABW,Aruba,1998,0.0,0.0,0.0,0.0
ABW,Aruba,1999,0.0,0.0,0.0,0.0
ABW,Aruba,2000,0.0009594888861472,0.0,0.0,0.0009594888861472
ABW,Aruba,2001,0.000698232167894,0.0,0.0,0.000698232167894
ABW,Aruba,2002,0.0007207029193188,0.0,0.0,0.0007207029193188
ABW,Aruba,2003,0.0007606510865598,0.0,0.0,0.0007606510865598
ABW,Aruba,2004,0.0009061665960825,0.0,0.0,0.0009061665960825
ABW,Aruba,2005,0.0013140529343261,0.0,0.0,0.0013140529343261
ABW,Aruba,2006,0.0015257728032441,0.0,0.0,0.0015257728032441
ABW,Aruba,2007,0.0015397398572783,0.0,0.0,0.0015397398572783
ABW,Aruba,2008,0.001956400084591,0.0,0.0,0.001956400084591
ABW,Aruba,2009,0.0010942970473633,0.0,0.0,0.0010942970473633
ABW,Aruba,2010,0.0015696065369167,0.0,0.0,0.0015696065369167
ABW,Aruba,2011,0.0019268976544637,0.0,0.0,0.0019268976544637
ABW,Aruba,2012,0.001490306298153,0.0,0.0,0.001490306298153
ABW,Aruba,2013,0.0,0.0,0.0,0.0
ABW,Aruba,2014,0.0,0.0,0.0,0.0
ABW,Aruba,2015,0.0,0.0,0.0,0.0
ABW,Aruba,2016,0.0,0.0,0.0,0.0
ABW,Aruba,2017,0.0,0.0,0.0,0.0
ABW,Aruba,2018,0.0,0.0,0.0,0.0
ABW,Aruba,2019,0.0,0.0,0.0,0.0
ABW,Aruba,2020,0.0,0.0,0.0,0.0
ABW,Aruba,2021,0.0,0.0,0.0,0.0
ABW,Aruba,2022,,,,
ABW,Aruba,2023,,,,
ABW,Aruba,2024,,,,
ABW,Aruba,2025,,,,
AFG,Afghanistan,1960,,,,
AFG,Afghanistan,1961,,,,
AFG,Afghanistan,1962,,,,
AFG,Afghanistan,1963,,,,
AFG,Afghanistan,1964,,,,
AFG,Afghanistan,1965,,,,
AFG,Afghanistan,1966,,,,
AFG,Afghanistan,1967,,,,
AFG,Afghanistan,1968,,,,
AFG,Afghanistan,1969,,,,
AFG,Afghanistan,1970,0.0265662947026768,,0.565894962471447,0.5924612571741238
AFG,Afghanistan,1971,0.0453108139131106,,0.645741697314356,0.6910525112274667
AFG,Afghanistan,1972,0.0557663770385733,,0.741465718591879,0.7972320956304524
AFG,Afghanistan,1973,0.07633415678642,,0.829717882168702,0.906052038955122
AFG,Afghanistan,1974,0.427935476827928,,0.897242371554401,1.3251778483823289
AFG,Afghanistan,1975,0.520410843483266,,1.33344928055424,1.853860124037506
AFG,Afghanistan,1976,0.646363012764153,,1.40510706132468,2.051470074088833
AFG,Afghanistan,1977,0.687944963914268,,1.39269094424288,2.080635908157148
AFG,Afghanistan,1978,0.644109079334453,,0.849953626105317,1.4940627054397702
AFG,Afghanistan,1979,1.29349953039045,,0.57616563239498,1.86966516278543
AFG,Afghanistan,1980,1.35005887806414,0.0515118681579856,0.565203899013619,1.9667746452357446
AFG,Afghanistan,1981,1.35474939888996,0.0870233499866114,0.111868106068871,1.5536408549454424
AFG,Afghanistan,1982,,,,
AFG,Afghanistan,1983,,,,
AFG,Afghanistan,1984,,,,
AFG,Afghanistan,1985,,,,
AFG,Afghanistan,1986,,,,
AFG,Afghanistan,1987,,,,
AFG,Afghanistan,1988,,,,
AFG,Afghanistan,1989,,,,
AFG,Afghanistan,1990,,,,
AFG,Afghanistan,1991,,,,
AFG,Afghanistan,1992,,,,
AFG,Afghanistan,1993,,,,
AFG,Afghanistan,1994,,,,
AFG,Afghanistan,1995,,,,
AFG,Afghanistan,1996,,,,
AFG,Afghanistan,1997,,,,
AFG,Afghanistan,1998,,,,
AFG,Afghanistan,1999,,,,
AFG,Afghanistan,2000,,,,
AFG,Afghanistan,2001,,,,
AFG,Afghanistan,2002,0.030789275783499,0.0046500199767601,0.231561307228384,0.2670006029886431
AFG,Afghanistan,2003,0.0256328025661278,0.0074727484840848,0.036729700085138,0.0698352511353506
AFG,Afghanistan,2004,0.0256051597697051,0.0165437838421436,0.0283021705785469,0.0704511141903956
AFG,Afghanistan,2005,0.0258476198749782,0.0109135244434021,0.0230939370293463,0.0598550813477266
AFG,Afghanistan,2006,0.0214070372585048,0.0112063527032708,0.0175735938615238,0.050186983823299405
AFG,Afghanistan,2007,0.0144464639818204,0.0770462649096367,0.0140511789653461,0.1055439078568032
AFG,Afghanistan,2008,0.015736313879498,0.221132916238516,0.0162665856535653,0.2531358157715793
AFG,Afghanistan,2009,0.0052417380028876,0.128832445822436,0.0102634444245309,0.1443376282498545
AFG,Afghanistan,2010,0.0051494556486691,0.215322628919275,0.0403224481935062,0.2607945327614503
AFG,Afghanistan,2011,0.0066023954370691,0.481711529177581,0.0451518313015526,0.5334657559162027
AFG,Afghanistan,2012,0.109823883946021,0.26623044263315,0.0464655939898396,0.42251992056901055
AFG,Afghanistan,2013,0.0672901618424767,0.237665574938235,0.0341687943179892,0.3391245310987009
AFG,Afghanistan,2014,0.0407438655716957,0.22737000694477,0.0046218198083544,0.2727356923248201
AFG,Afghanistan,2015,0.0136357996041316,0.163204860716174,0.0021525915335507,0.1789932518538563
AFG,Afghanistan,2016,0.0094450804292938,0.249916790607737,0.0021301787047721,0.2614920497418029
AFG,Afghanistan,2017,0.0134270806666745,0.40234480168601,0.0019373320404179,0.4177092143931024
AFG,Afghanistan,2018,0.018854416706035,0.541363923742697,0.0015120272314162,0.5617303676801483
AFG,Afghanistan,2019,0.0127772897517024,0.334119584032567,0.0015271889396803,0.34842406272394966
AFG,Afghanistan,2020,0.0051776190588676,0.0070014745871935,0.0013475511321641,0.013526644778225199
AFG,Afghanistan,2021,0.0178695056581909,0.0193977562950517,0.0019535392221079,0.0392208011753505
AFG,Afghanistan,2022,,,,
AFG,Afghanistan,2023,,,,
AFG,Afghanistan,2024,,,,
AFG,Afghanistan,2025,,,,
AGO,Angola,1960,,,,
AGO,Angola,1961,,,,
AGO,Angola,1962,,,,
AGO,Angola,1963,,,,
AGO,Angola,1964,,,,
AGO,Angola,1965,,,,
AGO,Angola,1966,,,,
AGO,Angola,1967,,,,
AGO,Angola,1968,,,,
AGO,Angola,1969,,,,
AGO,Angola,1970,,,,
AGO,Angola,1971,,,,
AGO,Angola,1972,,,,
AGO,Angola,1973,,,,
AGO,Angola,1974,,,,
AGO,Angola,1975,,,,
AGO,Angola,1976,,,,
AGO,Angola,1977,,,,
AGO,Angola,1978,,,,
AGO,Angola,1979,,,,
AGO,Angola,1980,19.5416106844043,0.0,0.0303698954484592,19.57198057985276
AGO,Angola,1981,10.426247111977,0.0,0.021145838970313,10.447392950947313
AGO,Angola,1982,4.09463309036246,0.0,0.0074508295670958,4.102083919929555
AGO,Angola,1983,11.21929927694,0.0,0.0245208531136713,11.24382013005367
AGO,Angola,1984,14.0994665560488,0.0,0.0252186249858535,14.124685181034653
AGO,Angola,1985,14.1586246957292,0.0,0.020325503782181,14.17895019951138
AGO,Angola,1986,6.31853106919339,0.0,0.0294913176962773,6.348022386889667
AGO,Angola,1987,15.1707819484774,0.0,0.0250447065518835,15.195826655029283
AGO,Angola,1988,14.4045947596654,0.0,0.0209596050513708,14.42555436471677
AGO,Angola,1989,21.882605469383,0.0,0.0227399332838464,21.90534540266685
AGO,Angola,1990,28.0268256543238,0.0,0.0795872176902704,28.106412872014072
AGO,Angola,1991,16.8761491015161,0.0,0.078435847881649,16.95458494939775
AGO,Angola,1992,27.0256548842449,0.0,0.0905957741900589,27.11625065843496
AGO,Angola,1993,34.5185265508012,0.0,0.160844205980298,34.679370756781495
AGO,Angola,1994,40.5755094827092,0.0,0.221467333218776,40.79697681592798
AGO,Angola,1995,41.0188156720936,0.0,0.206519283558313,41.22533495565192
AGO,Angola,1996,39.0741439653244,0.0,0.159734205456364,39.23387817078077
AGO,Angola,1997,37.3490232506807,0.0,0.158566178380028,37.50758942906073
AGO,Angola,1998,21.7476800076135,0.0,0.136441188557766,21.884121196171265
AGO,Angola,1999,38.5242698405316,0.0,0.161428826039536,38.685698666571135
AGO,Angola,2000,57.5134839616206,0.0,0.196300643661974,57.70978460528257
AGO,Angola,2001,42.5915766791073,0.0,0.210594107007388,42.80217078611469
AGO,Angola,2002,31.7610292464785,0.0,0.131900390989224,31.892929637467724
AGO,Angola,2003,27.1162657537214,0.0,0.135113552616191,27.25137930633759
AGO,Angola,2004,32.9626955078503,0.0,0.123797564311738,33.086493072162035
AGO,Angola,2005,42.2206783158613,0.0,0.0367077834483982,42.2573860993097
AGO,Angola,2006,40.2786520912475,0.0,0.0801485865290752,40.35880067777658
AGO,Angola,2007,45.3976036521592,0.0,0.075690352036519,45.473294004195715
AGO,Angola,2008,52.1013581243545,0.0,0.0566358779076589,52.15799400226216
AGO,Angola,2009,29.7782995191992,0.0,0.0619194883478922,29.840219007547095
AGO,Angola,2010,37.7085091832735,0.0,0.0633424630809303,37.77185164635443
AGO,Angola,2011,38.6184358197859,0.0,0.0704815977652541,38.68891741755115
AGO,Angola,2012,34.3328389540912,0.0,0.0646914683950498,34.39753042248625
AGO,Angola,2013,29.0014846107501,0.0,0.0689984474570451,29.070483058207145
AGO,Angola,2014,21.736607448329,0.0,0.0508980853938274,21.78750553372283
AGO,Angola,2015,12.7187303090272,0.0,0.0604405605969015,12.779170869624101
AGO,Angola,2016,19.7483988340046,0.0,0.158766315983972,19.907165149988572
AGO,Angola,2017,24.7110060055382,0.0,0.476162010407452,25.18716801594565
AGO,Angola,2018,30.7304027285905,0.0,0.74554243174425,31.475945160334753
AGO,Angola,2019,27.504828641196,0.0,0.814083850645771,28.318912491841772
AGO,Angola,2020,18.5719595053837,0.0,0.876758383885871,19.44871788926957
AGO,Angola,2021,28.2744398825844,0.0,1.01234906054638,29.28678894313078
AGO,Angola,2022,,,,
AGO,Angola,2023,,,,
AGO,Angola,2024,,,,
AGO,Angola,2025,,,,
ALB,Albania,1960,,,,
ALB,Albania,1961,,,,
ALB,Albania,1962,,,,
ALB,Albania,1963,,,,
ALB,Albania,1964,,,,
ALB,Albania,1965,,,,
ALB,Albania,1966,,,,
ALB,Albania,1967,,,,
ALB,Albania,1968,,,,
ALB,Albania,1969,,,,
ALB,Albania,1970,,,,
ALB,Albania,1971,,,,
ALB,Albania,1972,,,,
ALB,Albania,1973,,,,
ALB,Albania,1974,,,,
ALB,Albania,1975,,,,
ALB,Albania,1976,,,,
ALB,Albania,1977,,,,
ALB,Albania,1978,,,,
ALB,Albania,1979,,,,
ALB,Albania,1980,,,,
ALB,Albania,1981,,,,
ALB,Albania,1982,,,,
ALB,Albania,1983,,,,
ALB,Albania,1984,5.79911357215572,0.368325704185594,0.480087182712261,6.647526459053575
ALB,Albania,1985,5.35720713662887,0.556625381865033,0.429410237184159,6.343242755678062
ALB,Albania,1986,1.94987076169298,0.152296785525418,0.392760293749113,2.494927840967511
ALB,Albania,1987,3.1040802885248,0.048179542902903,0.207890285277707,3.3601501167054098
ALB,Albania,1988,2.37853926219519,0.0768914986372058,0.198466812038451,2.653897572870847
ALB,Albania,1989,3.34558789124586,0.0909233961034251,0.156546254770579,3.593057542119864
ALB,Albania,1990,4.8458773941323,0.224522159849684,0.199187474772875,5.2695870287548585
ALB,Albania,1991,3.61748146583453,0.204305952237496,0.151694214692069,3.973481632764095
ALB,Albania,1992,4.67814330470611,0.0679486013181908,0.0984135087821083,4.8445054148064095
ALB,Albania,1993,2.64923826281687,0.0023860711736208,0.0967423101475636,2.7483666441380543
ALB,Albania,1994,1.52228488071084,0.0015579476763627,0.0376780789926274,1.5615209073798302
ALB,Albania,1995,1.15951602844704,0.0028629082849502,0.0291496090693974,1.1915285458013878
ALB,Albania,1996,1.16070259405485,0.0017524519596482,0.0174110710674192,1.1798661170819174
ALB,Albania,1997,1.08835644606329,0.0003694905055133,0.0212292713268089,1.1099552078956123
ALB,Albania,1998,0.233494630433512,0.0007938897685006,0.0022264354163782,0.2365149556183908
ALB,Albania,1999,0.494725403679998,0.0001265754958265,0.0016800556549638,0.49653203483078834
ALB,Albania,2000,1.07150056484779,0.0006346237162777,0.0070346273790705,1.0791698159431382
ALB,Albania,2001,0.699922137592021,0.0013284317401371,0.010399353794783,0.7116499231269411
ALB,Albania,2002,0.687177627386246,0.0002882818668638,0.0117918086634504,0.6992577179165602
ALB,Albania,2003,0.692722774590139,0.0009148991383693,0.0091952231675507,0.702832896896059
ALB,Albania,2004,0.793153163005221,0.0068346112642736,0.0048676691156837,0.8048554433851783
ALB,Albania,2005,1.02095374629243,0.0030712188523035,0.004024068186814,1.0280490333315475
ALB,Albania,2006,1.19244921679704,0.0029350945254328,0.008133516356358,1.2035178276788308
ALB,Albania,2007,1.24943402811758,0.0040429561121997,0.0111900092211739,1.2646669934509536
ALB,Albania,2008,1.60465469310703,0.0139175166136866,0.0084114240252289,1.6269836337459456
ALB,Albania,2009,0.923660115710382,0.0007169393729396,0.0064809966209885,0.9308580517043101
ALB,Albania,2010,1.30954317181467,0.0013721331562775,0.0092524256662293,1.3201677306371766
ALB,Albania,2011,2.4548890851063,0.0007785011530285,0.0136576272780024,2.4693252135373305
ALB,Albania,2012,2.86635104305394,0.0003443033759811,0.0164608412977661,2.883156187727687
ALB,Albania,2013,3.03392407525612,0.0001024720153849,0.0171746839867787,3.0512012312582835
ALB,Albania,2014,3.12207615711342,0.0,0.0201834576696399,3.1422596147830597
ALB,Albania,2015,1.45260618469079,0.0059826856178934,0.019112954317569,1.4777018246262525
ALB,Albania,2016,0.884410718287188,0.0003915130699212,0.0139612587019387,0.8987634900590479
ALB,Albania,2017,1.12614227560188,0.0175811937920141,0.0188963304814835,1.1626197998753776
ALB,Albania,2018,1.46983381887842,0.0379024712234031,0.022458616306127,1.5301949064079499
ALB,Albania,2019,1.42437109584124,0.0088073510367377,0.0273613999739918,1.4605398468519697
ALB,Albania,2020,0.582225701330423,0.010128655381407,0.0098718761210861,0.602226232832916
ALB,Albania,2021,1.04218369204761,0.0322572749578343,0.049458339903858,1.1238993069093022
ALB,Albania,2022,,,,
ALB,Albania,2023,,,,
ALB,Albania,2024,,,,
ALB,Albania,2025,,,,
AND,Andorra,1960,,,,
AND,Andorra,1961,,,,
AND,Andorra,1962,,,,
AND,Andorra,1963,,,,
AND,Andorra,1964,,,,
AND,Andorra,1965,,,,
AND,Andorra,1966,,,,
AND,Andorra,1967,,,,
AND,Andorra,1968,,,,
AND,Andorra,1969,,,,
AND,Andorra,1970,,,,
AND,Andorra,1971,,,,
AND,Andorra,1972,,,,
AND,Andorra,1973,,,,
AND,Andorra,1974,,,,
AND,Andorra,1975,,,,
AND,Andorra,1976,,,,
AND,Andorra,1977,,,,
AND,Andorra,1978,,,,
AND,Andorra,1979,,,,
AND,Andorra,1980,,,,
AND,Andorra,1981,,,,
AND,Andorra,1982,,,,
AND,Andorra,1983,,,,
AND,Andorra,1984,,,,
AND,Andorra,1985,,,,
AND,Andorra,1986,,,,
AND,Andorra,1987,,,,
AND,Andorra,1988,,,,
AND,Andorra,1989,,,,
AND,Andorra,1990,,,,
AND,Andorra,1991,,,,
AND,Andorra,1992,,,,
AND,Andorra,1993,,,,
AND,Andorra,1994,,,,
AND,Andorra,1995,,,,
AND,Andorra,1996,,,,
AND,Andorra,1997,,,,
AND,Andorra,1998,,,,
AND,Andorra,1999,,,,
AND,Andorra,2000,,,,
AND,Andorra,2001,,,,
AND,Andorra,2002,,,,
AND,Andorra,2003,,,,
AND,Andorra,2004,,,,
AND,Andorra,2005,,,,
AND,Andorra,2006,,,,
AND,Andorra,2007,,,,
AND,Andorra,2008,,,,
AND,Andorra,2009,,,,
AND,Andorra,2010,,,,
AND,Andorra,2011,,,,
AND,Andorra,2012,,,,
AND,Andorra,2013,,,,
AND,Andorra,2014,,,,
AND,Andorra,2015,,,,
AND,Andorra,2016,,,,
AND,Andorra,2017,,,,
AND,Andorra,2018,,,,
AND,Andorra,2019,,,,
AND,Andorra,2020,,,,
AND,Andorra,2021,,,,
AND,Andorra,2022,,,,
AND,Andorra,2023,,,,
AND,Andorra,2024,,,,
AND,Andorra,2025,,,,
ARE,United Arab Emirates,1960,,,,
ARE,United Arab Emirates,1961,,,,
ARE,United Arab Emirates,1962,,,,
ARE,United Arab Emirates,1963,,,,
ARE,United Arab Emirates,1964,,,,
ARE,United Arab Emirates,1965,,,,
ARE,United Arab Emirates,1966,,,,
ARE,United Arab Emirates,1967,,,,
ARE,United Arab Emirates,1968,,,,
ARE,United Arab Emirates,1969,,,,
ARE,United Arab Emirates,1970,,,,
ARE,United Arab Emirates,1971,,,,
ARE,United Arab Emirates,1972,,,,
ARE,United Arab Emirates,1973,,,,
ARE,United Arab Emirates,1974,,,,
ARE,United Arab Emirates,1975,37.4179603088941,0.0,0.163466506683093,37.581426815577196
ARE,United Arab Emirates,1976,36.8782876103444,0.0,0.148005538855027,37.026293149199425
ARE,United Arab Emirates,1977,30.8690345782272,0.0,0.281350586820016,31.150385165047215
ARE,United Arab Emirates,1978,31.4520067178137,0.0,0.49838179224681,31.95038851006051
ARE,United Arab Emirates,1979,56.0299307985901,0.0,0.641714769412177,56.671645568002276
ARE,United Arab Emirates,1980,41.9017222889892,0.0,0.425602042225653,42.327324331214854
ARE,United Arab Emirates,1981,33.037027439471,0.0,0.371555229070157,33.40858266854115
ARE,United Arab Emirates,1982,22.8797386280149,0.0,0.131548058305729,23.011286686320627
ARE,United Arab Emirates,1983,23.6932140726226,0.0,0.586418700981653,24.279632773604252
ARE,United Arab Emirates,1984,25.7520260229299,0.0,0.683106149097478,26.43513217202738
ARE,United Arab Emirates,1985,23.7113309073601,0.0,0.95386591130851,24.665196818668612
ARE,United Arab Emirates,1986,17.0122917735774,0.0,1.353966078348,18.3662578519254
ARE,United Arab Emirates,1987,22.8978256173288,0.0,1.41052878408729,24.30835440141609
ARE,United Arab Emirates,1988,20.3567774890166,0.0,1.39749832676632,21.754275815782922
ARE,United Arab Emirates,1989,28.6130173334727,0.0,1.47072835344582,30.083745686918522
ARE,United Arab Emirates,1990,35.3156119922356,0.0,1.28679743521128,36.60240942744688
ARE,United Arab Emirates,1991,23.5124336664395,0.0,1.42278115751413,24.93521482395363
ARE,United Arab Emirates,1992,23.314265622308,0.0,1.44489185742813,24.75915747973613
ARE,United Arab Emirates,1993,20.8005002641545,0.0,1.34984304373982,22.15034330789432
ARE,United Arab Emirates,1994,16.966789757447,0.0,1.29651248840557,18.26330224585257
ARE,United Arab Emirates,1995,16.3473463917171,0.0,1.52774715570848,17.87509354742558
ARE,United Arab Emirates,1996,19.1112827067212,0.0,1.60805442765848,20.719337134379682
ARE,United Arab Emirates,1997,16.9646090621951,0.0,1.71580198382946,18.68041104602456
ARE,United Arab Emirates,1998,10.8323014620584,0.0,1.69523548425714,12.52753694631554
ARE,United Arab Emirates,1999,13.3744382605246,0.0,1.48019075248212,14.85462901300672
ARE,United Arab Emirates,2000,20.8440561536495,0.0,1.5402537160529,22.3843098697024
ARE,United Arab Emirates,2001,15.8062390008792,0.0,1.79003505598156,17.59627405686076
ARE,United Arab Emirates,2002,14.6453240587361,0.0,1.59217479022602,16.237498848962122
ARE,United Arab Emirates,2003,17.8057010079321,0.0,1.40024746926002,19.20594847719212
ARE,United Arab Emirates,2004,20.9182068452778,0.0,1.3026745340904,22.2208813793682
ARE,United Arab Emirates,2005,23.9417369873026,0.0,1.39252709986089,25.33426408716349
ARE,United Arab Emirates,2006,25.8820272214672,0.0,1.32306915187906,27.20509637334626
ARE,United Arab Emirates,2007,23.7183455650517,0.0,1.21877202510384,24.937117590155538
ARE,United Arab Emirates,2008,26.67204274176,0.0,1.04274122887812,27.71478397063812
ARE,United Arab Emirates,2009,18.418263242659,0.0,1.29504191176003,19.71330515441903
ARE,United Arab Emirates,2010,22.6797378677807,0.0,1.09696752906347,23.776705396844168
ARE,United Arab Emirates,2011,28.5990789001782,0.0,1.17972038186238,29.77879928204058
ARE,United Arab Emirates,2012,27.0648520266069,0.0,1.14944917707313,28.21430120368003
ARE,United Arab Emirates,2013,26.2480640478396,0.0,1.13311451584915,27.38117856368875
ARE,United Arab Emirates,2014,22.9458647037024,0.0,1.02785418598527,23.97371888968767
ARE,United Arab Emirates,2015,13.1025344354216,0.0,0.944063472144973,14.046597907566573
ARE,United Arab Emirates,2016,11.0807563620506,0.0,0.724598673737908,11.805355035788509
ARE,United Arab Emirates,2017,13.4985731745503,0.0,0.82907663794894,14.32764981249924
ARE,United Arab Emirates,2018,17.0989945007163,0.0,1.08759822581719,18.18659272653349
ARE,United Arab Emirates,2019,15.681591549088,0.0,1.21418377523218,16.89577532432018
ARE,United Arab Emirates,2020,10.4940977026696,0.0,1.47800034393077,11.97209804660037
ARE,United Arab Emirates,2021,15.6730945329946,0.0,1.96089498612487,17.63398951911947
ARE,United Arab Emirates,2022,,,,
ARE,United Arab Emirates,2023,,,,
ARE,United Arab Emirates,2024,,,,
ARE,United Arab Emirates,2025,,,,
ARG,Argentina,1960,,,,
ARG,Argentina,1961,,,,
ARG,Argentina,1962,,,,
ARG,Argentina,1963,,,,
ARG,Argentina,1964,,,,
ARG,Argentina,1965,,,,
ARG,Argentina,1966,,,,
ARG,Argentina,1967,,,,
ARG,Argentina,1968,,,,
ARG,Argentina,1969,,,,
ARG,Argentina,1970,0.183779149216649,,0.0056850188122777,0.1894641680289267
ARG,Argentina,1971,0.312886775004762,0.0,0.0094543112775258,0.32234108628228775
ARG,Argentina,1972,0.359047343543258,0.0,0.009141039413237,0.36818838295649503
ARG,Argentina,1973,0.412805282018559,5.45451001655193e-05,0.0064676711543315,0.419327498273056
ARG,Argentina,1974,1.65885773770647,0.0021513814440473,0.0374907502519704,1.6984998694024875
ARG,Argentina,1975,2.11889964582298,0.0094133832826308,0.103099296421199,2.2314123255268097
ARG,Argentina,1976,2.35967093826561,0.0119643758535321,0.0988380204642832,2.4704733345834256
ARG,Argentina,1977,1.93385257138462,0.0095440050100607,0.006811249737982,1.9502078261326627
ARG,Argentina,1978,2.19019719332059,0.0059894592140895,0.0162548951741007,2.21244154770878
ARG,Argentina,1979,5.02863549439409,0.0079958025301522,0.0850475621025231,5.121678859026765
ARG,Argentina,1980,5.84241226408529,0.0069821502495909,0.1966017224325,6.045996136767381
ARG,Argentina,1981,4.79626652315171,0.0162221253207305,0.144536391472678,4.957025039945118
ARG,Argentina,1982,2.64858284193801,0.0166465635535402,0.0328048780293968,2.698034283520947
ARG,Argentina,1983,2.93199669852781,0.006178693819498,0.161123885827592,3.0992992781749003
ARG,Argentina,1984,3.68570761843442,0.0056265994659578,0.263237654828575,3.9545718727289527
ARG,Argentina,1985,3.00657445804799,0.0050202524382446,0.232273336449674,3.2438680469359085
ARG,Argentina,1986,0.97146283280127,0.0016040569201759,0.169715743996771,1.1427826337182168
ARG,Argentina,1987,1.54851052425753,0.0,0.121268074864062,1.669778599121592
ARG,Argentina,1988,1.07039410413757,0.0007118416875556,0.112903764731897,1.1840097105570226
ARG,Argentina,1989,2.73924507290797,0.003105357376128,0.257531904139602,2.9998823344237
ARG,Argentina,1990,2.18272104761879,0.0010149409756513,0.156002201280318,2.3397381898747596
ARG,Argentina,1991,0.893993392718008,0.0007410081753084,0.105217488837536,0.9999518897308525
ARG,Argentina,1992,0.911490169536768,0.0002285197795113,0.0791319167057277,0.990850606022007
ARG,Argentina,1993,0.90189290799156,0.0,0.101191566049317,1.003084474040877
ARG,Argentina,1994,0.882210245002207,0.0,0.0832982540170027,0.9655084990192098
ARG,Argentina,1995,1.11368338221007,0.0002970861613123,0.0810388224069918,1.195019290778374
ARG,Argentina,1996,1.42093287722449,4.09155974885757e-05,0.084701578486069,1.5056753713080475
ARG,Argentina,1997,1.27158678591403,0.0,0.0820948873528113,1.3536816732668413
ARG,Argentina,1998,0.67625546126761,0.0,0.07155227159531,0.74780773286292
ARG,Argentina,1999,1.18222911614852,0.0,0.145370116357675,1.3275992325061952
ARG,Argentina,2000,2.03921231896402,0.0,0.282821013547511,2.322033332511531
ARG,Argentina,2001,1.57828961704899,0.0001052621390481,0.29987415057312,1.878269029761158
ARG,Argentina,2002,4.58801102253871,0.0,0.646827117703421,5.234838140242132
ARG,Argentina,2003,3.79526357487009,1.55229412714307e-08,0.415641192852899,4.2109047832459305
ARG,Argentina,2004,3.62815045579444,0.0005898336129965,0.333214519684995,3.9619548090924317
ARG,Argentina,2005,4.36083044381745,0.0001464981594431,0.518722288899288,4.879699230876182
ARG,Argentina,2006,4.49089064691066,0.0004935140779443,0.633332833614627,5.124716994603232
ARG,Argentina,2007,3.70577772027876,0.0009382830080984,0.605509596028324,4.312225599315182
ARG,Argentina,2008,4.03900096602208,0.0017800451689059,0.513205960913271,4.553986972104257
ARG,Argentina,2009,2.12453488071178,0.0004051489132472,0.5753366974209,2.700276727045927
ARG,Argentina,2010,2.30522041977185,0.0005654273924792,0.309484878442217,2.615270725606546
ARG,Argentina,2011,2.74533146547491,0.0009162373808718,0.538827310390617,3.285075013246399
ARG,Argentina,2012,2.55649872416885,0.000602582816122,0.544036864497816,3.1011381714827877
ARG,Argentina,2013,2.25387298647688,0.0004034152901813,0.5571291088583,2.8114055106253613
ARG,Argentina,2014,2.09270565105548,0.0002401464358522,0.535325276913858,2.62827107440519
ARG,Argentina,2015,0.693912054976671,9.86419365883691e-05,0.246808228645021,0.9408189255582804
ARG,Argentina,2016,0.549552011638029,8.00634259462361e-05,0.119238339223091,0.6688704142870663
ARG,Argentina,2017,0.663565866238942,7.90800456830933e-05,0.132192711472979,0.7958376577576041
ARG,Argentina,2018,1.31095340723836,0.0003488699534058,0.401322114717452,1.7126243919092177
ARG,Argentina,2019,1.29099565501431,0.0005239701657668,0.523559339823675,1.8150789650037518
ARG,Argentina,2020,0.677055565819106,9.62586968364024e-05,0.298269697229754,0.9754215217456963
ARG,Argentina,2021,1.54438228879011,0.0001577464191957,0.389397123451652,1.9339371586609577
ARG,Argentina,2022,,,,
ARG,Argentina,2023,,,,
ARG,Argentina,2024,,,,
ARG,Argentina,2025,,,,
ARM,Armenia,1960,,,,
ARM,Armenia,1961,,,,
ARM,Armenia,1962,,,,
ARM,Armenia,1963,,,,
ARM,Armenia,1964,,,,
ARM,Armenia,1965,,,,
ARM,Armenia,1966,,,,
ARM,Armenia,1967,,,,
ARM,Armenia,1968,,,,
ARM,Armenia,1969,,,,
ARM,Armenia,1970,,,,
ARM,Armenia,1971,,,,
ARM,Armenia,1972,,,,
ARM,Armenia,1973,,,,
ARM,Armenia,1974,,,,
ARM,Armenia,1975,,,,
ARM,Armenia,1976,,,,
ARM,Armenia,1977,,,,
ARM,Armenia,1978,,,,
ARM,Armenia,1979,,,,
ARM,Armenia,1980,,,,
ARM,Armenia,1981,,,,
ARM,Armenia,1982,,,,
ARM,Armenia,1983,,,,
ARM,Armenia,1984,,,,
ARM,Armenia,1985,,,,
ARM,Armenia,1986,,,,
ARM,Armenia,1987,,,,
ARM,Armenia,1988,,,,
ARM,Armenia,1989,,,,
ARM,Armenia,1990,0.0,0.0,0.0,0.0
ARM,Armenia,1991,0.0,0.0,0.0,0.0
ARM,Armenia,1992,0.0,0.0,0.0,0.0
ARM,Armenia,1993,0.0,0.0,0.0,0.0
ARM,Armenia,1994,0.0,0.0,0.0,0.0
ARM,Armenia,1995,0.0,0.0,0.0,0.0
ARM,Armenia,1996,0.0,0.0,0.0,0.0
ARM,Armenia,1997,0.0,0.0,0.0,0.0
ARM,Armenia,1998,0.0,0.0,0.0,0.0
ARM,Armenia,1999,0.0,0.0,0.0,0.0
ARM,Armenia,2000,0.0,0.0,0.0,0.0
ARM,Armenia,2001,0.0,0.0,0.0,0.0
ARM,Armenia,2002,0.0,0.0,0.0,0.0
ARM,Armenia,2003,0.0,0.0,0.0,0.0
ARM,Armenia,2004,0.0,0.0,0.0,0.0
ARM,Armenia,2005,0.0,0.0,0.0,0.0
ARM,Armenia,2006,0.0,0.0,0.0,0.0
ARM,Armenia,2007,0.0,0.0,0.0,0.0
ARM,Armenia,2008,0.0,0.0,0.0,0.0
ARM,Armenia,2009,0.0,0.0,0.0,0.0
ARM,Armenia,2010,0.0,0.0,0.0,0.0
ARM,Armenia,2011,0.0,0.0,0.0,0.0
ARM,Armenia,2012,0.0,0.0,0.0,0.0
ARM,Armenia,2013,0.0,0.0,0.0,0.0
ARM,Armenia,2014,0.0,0.0,0.0,0.0
ARM,Armenia,2015,0.0,0.0,0.0,0.0
ARM,Armenia,2016,0.0,0.0,0.0,0.0
ARM,Armenia,2017,0.0,1.46665818859353e-06,0.0,1.46665818859353e-06
ARM,Armenia,2018,0.0,2.43835282054823e-06,0.0,2.43835282054823e-06
ARM,Armenia,2019,0.0,1.63312356514246e-06,0.0,1.63312356514246e-06
ARM,Armenia,2020,0.0,1.48770502333102e-06,0.0,1.48770502333102e-06
ARM,Armenia,2021,0.0,2.759777831075e-06,0.0,2.759777831075e-06
ARM,Armenia,2022,,,,
ARM,Armenia,2023,,,,
ARM,Armenia,2024,,,,
ARM,Armenia,2025,,,,
ASM,American Samoa,1960,,,,
ASM,American Samoa,1961,,,,
ASM,American Samoa,1962,,,,
ASM,American Samoa,1963,,,,
ASM,American Samoa,1964,,,,
ASM,American Samoa,1965,,,,
ASM,American Samoa,1966,,,,
ASM,American Samoa,1967,,,,
ASM,American Samoa,1968,,,,
ASM,American Samoa,1969,,,,
ASM,American Samoa,1970,,,,
ASM,American Samoa,1971,,,,
ASM,American Samoa,1972,,,,
ASM,American Samoa,1973,,,,
ASM,American Samoa,1974,,,,
ASM,American Samoa,1975,,,,
ASM,American Samoa,1976,,,,
ASM,American Samoa,1977,,,,
ASM,American Samoa,1978,,,,
ASM,American Samoa,1979,,,,
ASM,American Samoa,1980,,,,
ASM,American Samoa,1981,,,,
ASM,American Samoa,1982,,,,
ASM,American Samoa,1983,,,,
ASM,American Samoa,1984,,,,
ASM,American Samoa,1985,,,,
ASM,American Samoa,1986,,,,
ASM,American Samoa,1987,,,,
ASM,American Samoa,1988,,,,
ASM,American Samoa,1989,,,,
ASM,American Samoa,1990,,,,
ASM,American Samoa,1991,,,,
ASM,American Samoa,1992,,,,
ASM,American Samoa,1993,,,,
ASM,American Samoa,1994,,,,
ASM,American Samoa,1995,,,,
ASM,American Samoa,1996,,,,
ASM,American Samoa,1997,,,,
ASM,American Samoa,1998,,,,
ASM,American Samoa,1999,,,,
ASM,American Samoa,2000,,,,
ASM,American Samoa,2001,,,,
ASM,American Samoa,2002,0.0,0.0,0.0,0.0
ASM,American Samoa,2003,0.0,0.0,0.0,0.0
ASM,American Samoa,2004,0.0,0.0,0.0,0.0
ASM,American Samoa,2005,0.0,0.0,0.0,0.0
ASM,American Samoa,2006,0.0,0.0,0.0,0.0
ASM,American Samoa,2007,0.0,0.0,0.0,0.0
ASM,American Samoa,2008,0.0,0.0,0.0,0.0
ASM,American Samoa,2009,0.0,0.0,0.0,0.0
ASM,American Samoa,2010,0.0,0.0,0.0,0.0
ASM,American Samoa,2011,0.0,0.0,0.0,0.0
ASM,American Samoa,2012,0.0,0.0,0.0,0.0
ASM,American Samoa,2013,0.0,0.0,0.0,0.0
ASM,American Samoa,2014,0.0,0.0,0.0,0.0
ASM,American Samoa,2015,0.0,0.0,0.0,0.0
ASM,American Samoa,2016,0.0,0.0,0.0,0.0
ASM,American Samoa,2017,0.0,0.0,0.0,0.0
ASM,American Samoa,2018,0.0,0.0,0.0,0.0
ASM,American Samoa,2019,0.0,0.0,0.0,0.0
ASM,American Samoa,2020,0.0,0.0,0.0,0.0
ASM,American Samoa,2021,0.0,0.0,0.0,0.0
ASM,American Samoa,2022,,,,
ASM,American Samoa,2023,,,,
ASM,American Samoa,2024,,,,
ASM,American Samoa,2025,,,,
ATG,Antigua and Barbuda,1960,,,,
ATG,Antigua and Barbuda,1961,,,,
ATG,Antigua and Barbuda,1962,,,,
ATG,Antigua and Barbuda,1963,,,,
ATG,Antigua and Barbuda,1964,,,,
ATG,Antigua and Barbuda,1965,,,,
ATG,Antigua and Barbuda,1966,,,,
ATG,Antigua and Barbuda,1967,,,,
ATG,Antigua and Barbuda,1968,,,,
ATG,Antigua and Barbuda,1969,,,,
ATG,Antigua and Barbuda,1970,,,,
ATG,Antigua and Barbuda,1971,,,,
ATG,Antigua and Barbuda,1972,,,,
ATG,Antigua and Barbuda,1973,,,,
ATG,Antigua and Barbuda,1974,,,,
ATG,Antigua and Barbuda,1975,,,,
ATG,Antigua and Barbuda,1976,,,,
ATG,Antigua and Barbuda,1977,,,,
ATG,Antigua and Barbuda,1978,,,,
ATG,Antigua and Barbuda,1979,,,,
ATG,Antigua and Barbuda,1980,0.0,0.0,0.0,0.0
ATG,Antigua and Barbuda,1981,0.0,0.0,0.0,0.0
ATG,Antigua and Barbuda,1982,0.0,0.0,0.0,0.0
ATG,Antigua and Barbuda,1983,0.0,0.0,0.0,0.0
ATG,Antigua and Barbuda,1984,0.0,0.0,0.0,0.0
ATG,Antigua and Barbuda,1985,0.0,0.0,0.0,0.0
ATG,Antigua and Barbuda,1986,0.0,0.0,0.0,0.0
ATG,Antigua and Barbuda,1987,0.0,0.0,0.0,0.0
ATG,Antigua and Barbuda,1988,0.0,0.0,0.0,0.0
ATG,Antigua and Barbuda,1989,0.0,0.0,0.0,0.0
ATG,Antigua and Barbuda,1990,0.0,0.0,0.0,0.0
ATG,Antigua and Barbuda,1991,0.0,0.0,0.0,0.0
ATG,Antigua and Barbuda,1992,0.0,0.0,0.0,0.0
ATG,Antigua and Barbuda,1993,0.0,0.0,0.0,0.0
ATG,Antigua and Barbuda,1994,0.0,0.0,0.0,0.0
ATG,Antigua and Barbuda,1995,0.0,0.0,0.0,0.0
ATG,Antigua and Barbuda,1996,0.0,0.0,0.0,0.0
ATG,Antigua and Barbuda,1997,0.0,0.0,0.0,0.0
ATG,Antigua and Barbuda,1998,0.0,0.0,0.0,0.0
ATG,Antigua and Barbuda,1999,0.0,0.0,0.0,0.0
ATG,Antigua and Barbuda,2000,0.0,0.0,0.0,0.0
ATG,Antigua and Barbuda,2001,0.0,0.0,0.0,0.0
ATG,Antigua and Barbuda,2002,0.0,0.0,0.0,0.0
ATG,Antigua and Barbuda,2003,0.0,0.0,0.0,0.0
ATG,Antigua and Barbuda,2004,0.0,0.0,0.0,0.0
ATG,Antigua and Barbuda,2005,0.0,0.0,0.0,0.0
ATG,Antigua and Barbuda,2006,0.0,0.0,0.0,0.0
ATG,Antigua and Barbuda,2007,0.0,0.0,0.0,0.0
ATG,Antigua and Barbuda,2008,0.0,0.0,0.0,0.0
ATG,Antigua and Barbuda,2009,0.0,0.0,0.0,0.0
ATG,Antigua and Barbuda,2010,0.0,0.0,0.0,0.0
ATG,Antigua and Barbuda,2011,0.0,0.0,0.0,0.0
ATG,Antigua and Barbuda,2012,0.0,0.0,0.0,0.0
ATG,Antigua and Barbuda,2013,0.0,0.0,0.0,0.0
ATG,Antigua and Barbuda,2014,0.0,0.0,0.0,0.0
ATG,Antigua and Barbuda,2015,0.0,0.0,0.0,0.0
ATG,Antigua and Barbuda,2016,0.0,0.0,0.0,0.0
ATG,Antigua and Barbuda,2017,0.0,0.0,0.0,0.0
ATG,Antigua and Barbuda,2018,0.0,0.0,0.0,0.0
ATG,Antigua and Barbuda,2019,0.0,0.0,0.0,0.0
ATG,Antigua and Barbuda,2020,0.0,0.0,0.0,0.0
ATG,Antigua and Barbuda,2021,0.0,0.0,0.0,0.0
ATG,Antigua and Barbuda,2022,,,,
ATG,Antigua and Barbuda,2023,,,,
ATG,Antigua and Barbuda,2024,,,,
ATG,Antigua and Barbuda,2025,,,,
AUS,Australia,1960,,,,
AUS,Australia,1961,,,,
AUS,Australia,1962,,,,
AUS,Australia,1963,,,,
AUS,Australia,1964,,,,
AUS,Australia,1965,,,,
AUS,Australia,1966,,,,
AUS,Australia,1967,,,,
AUS,Australia,1968,,,,
AUS,Australia,1969,,,,
AUS,Australia,1970,0.0153710223028318,0.135861104644286,0.0,0.1512321269471178
AUS,Australia,1971,0.0253198031265626,0.1057036939559,0.0068600337479541,0.1378835308304167
AUS,Australia,1972,0.0772457057276175,0.107817931036259,0.0128058512256082,0.1978694879894847
AUS,Australia,1973,0.248095609277592,0.103849655163199,0.0213948240624894,0.3733400885032804
AUS,Australia,1974,1.24983188764352,0.29403319600046,0.0850154188895675,1.6288805025335475
AUS,Australia,1975,1.31204877070562,1.10757538668422,0.148487028720157,2.5681111861099972
AUS,Australia,1976,1.35846553041966,1.2298431675518,0.154832053112199,2.7431407510836587
AUS,Australia,1977,1.51713853676785,1.29400217126807,0.174272027528108,2.985412735564028
AUS,Australia,1978,1.35918446431775,1.00881389900051,0.20058445557712,2.56858281889538
AUS,Australia,1979,2.93104683007127,0.858020342849833,0.281864869545654,4.070932042466757
AUS,Australia,1980,2.80222598045723,0.840994537059568,0.265150130637996,3.9083706481547935
AUS,Australia,1981,1.90661890421157,1.38263480300504,0.11042948868479,3.3996831959014
AUS,Australia,1982,1.14392595319274,1.43840584348905,0.0374601956530704,2.6197919923348603
AUS,Australia,1983,1.42608236601379,1.19460091036769,0.0865220339234795,2.7072053103049596
AUS,Australia,1984,1.5738765141311,0.892541982031882,0.106744792001129,2.573163288164111
AUS,Australia,1985,1.90782675227061,0.996734887793282,0.155901793319544,3.0604634333834357
AUS,Australia,1986,0.912782136823864,0.604786413751141,0.261254380890092,1.778822931465097
AUS,Australia,1987,1.29742789477165,0.199458277424828,0.227429850160488,1.724316022356966
AUS,Australia,1988,0.775504211333759,0.226122705286209,0.158420224535713,1.160047141155681
AUS,Australia,1989,0.794334616368393,0.315628214490081,0.14305235926313,1.253015190121604
AUS,Australia,1990,1.18927836382777,0.371730522630293,0.234861244993648,1.795870131451711
AUS,Australia,1991,0.645649685055411,0.353411435057268,0.195331450563141,1.19439257067582
AUS,Australia,1992,0.613094302495831,0.258757261664356,0.229765008586858,1.1016165727470448
AUS,Australia,1993,0.610539248128821,0.139803081661993,0.304404898871275,1.0547472286620891
AUS,Australia,1994,0.467145046577168,0.0548026318167938,0.359554422014385,0.8815021004083468
AUS,Australia,1995,0.472621236603855,0.171957307124255,0.364303031664732,1.008881575392842
AUS,Australia,1996,0.49172140428228,0.111276066385766,0.400710340720103,1.003707811388149
AUS,Australia,1997,0.390188127605254,0.103289754405005,0.380230933324588,0.873708815334847
AUS,Australia,1998,0.214859613602787,0.175055580055072,0.311317043471957,0.701232237129816
AUS,Australia,1999,0.302021117738925,0.10742712955668,0.364771381363961,0.774219628659566
AUS,Australia,2000,0.876745345389259,0.184104025753703,0.551817752368355,1.6126671235113168
AUS,Australia,2001,0.720452604163645,0.63498237850381,0.562124106792889,1.917559089460344
AUS,Australia,2002,0.803940893602656,0.402755328418002,0.488247924172099,1.6949441461927568
AUS,Australia,2003,0.757626170343175,0.230063115657696,0.5084006809536,1.4960899669544712
AUS,Australia,2004,0.73789012235773,0.933946347350269,0.448804277256907,2.1206407469649062
AUS,Australia,2005,0.887355262985534,1.00528465592215,0.420182475428722,2.312822394336406
AUS,Australia,2006,0.865992075121712,1.07281199355498,0.399162747844491,2.337966816521183
AUS,Australia,2007,0.871982126285964,0.861705552072965,0.355799251990489,2.089486930349418
AUS,Australia,2008,0.935960985495543,2.95865213970117,0.331366192668345,4.225979317865058
AUS,Australia,2009,0.553069182846371,1.49919129745478,0.380336796941961,2.4325972772431124
AUS,Australia,2010,0.706854443143111,2.01394646953452,0.358939187120881,3.079740099798512
AUS,Australia,2011,0.877828805391789,2.3534770034687,0.350838343671304,3.5821441525317925
AUS,Australia,2012,0.679385653265247,1.19179744642538,0.291490714216486,2.162673813907113
AUS,Australia,2013,0.538515503941203,0.812671152247083,0.331288181046131,1.682474837234417
AUS,Australia,2014,0.488872500922202,0.752873824759254,0.484066275281438,1.725812600962894
AUS,Australia,2015,0.197899254363141,0.467415278392218,0.604563395765041,1.2698779285204
AUS,Australia,2016,0.173168975942925,0.595294475037987,0.587554401448582,1.3560178524294941
AUS,Australia,2017,0.198665473505862,0.778130785108022,0.710596127047236,1.68739238566112
AUS,Australia,2018,0.264744671813473,0.79660582885988,1.12681291351523,2.1881634141885833
AUS,Australia,2019,0.229199447926395,0.691993900604111,1.33869213675891,2.259885485289416
AUS,Australia,2020,0.108188865636013,0.544915652209042,1.20573602321749,1.8588405410625453
AUS,Australia,2021,0.264201375268924,0.786459619916648,1.71840640102869,2.769067396214262
AUS,Australia,2022,,,,
AUS,Australia,2023,,,,
AUS,Australia,2024,,,,
AUS,Australia,2025,,,,
AUT,Austria,1960,,,,
AUT,Austria,1961,,,,
AUT,Austria,1962,,,,
AUT,Austria,1963,,,,
AUT,Austria,1964,,,,
AUT,Austria,1965,,,,
AUT,Austria,1966,,,,
AUT,Austria,1967,,,,
AUT,Austria,1968,,,,
AUT,Austria,1969,,,,
AUT,Austria,1970,0.0133840215274099,0.0,0.0319014387177766,0.045285460245186496
AUT,Austria,1971,0.0396656673508013,0.0024513491246236,0.0344382961806929,0.0765553126561178
AUT,Austria,1972,0.0460995203914106,0.002375289341453,0.0399211065468103,0.08839591627967391
AUT,Austria,1973,0.0657208153708483,0.0022102012989963,0.0283507426587602,0.09628175932860479
AUT,Austria,1974,0.290970933167581,0.0045375001529998,0.0729745053115962,0.368482938632177
AUT,Austria,1975,0.212970291690541,0.0327027509529406,0.10146099537663,0.34713403802011156
AUT,Austria,1976,0.204521712880777,0.0314880517534944,0.0899224642808509,0.3259322289151223
AUT,Austria,1977,0.165236137960972,0.0258553906397475,0.084717483814066,0.2758090124147855
AUT,Austria,1978,0.141543864580465,0.0148123140176083,0.0772660073577331,0.23362218595580642
AUT,Austria,1979,0.280504200694145,0.0095248072576966,0.105028123686583,0.3950571316384246
AUT,Austria,1980,0.266774154178384,0.0189885371019289,0.106454014314995,0.3922167055953079
AUT,Austria,1981,0.223363425571516,0.0490770095594218,0.0596093656920332,0.332049800822971
AUT,Austria,1982,0.135193975215537,0.0565606922699493,0.025407282413816,0.21716194989930232
AUT,Austria,1983,0.170273903548148,0.0223364483968497,0.0399411455495623,0.23255149749456
AUT,Austria,1984,0.17566441690777,0.0125056420048415,0.0443088865734808,0.2324789454860923
AUT,Austria,1985,0.168061790423356,0.0187483810013569,0.036381463507797,0.2231916349325099
AUT,Austria,1986,0.0454156428863414,0.0037989153642912,0.0246173540370213,0.0738319122876539
AUT,Austria,1987,0.0557035846571561,0.0007983537311726,0.0107382730148726,0.0672402114032013
AUT,Austria,1988,0.0443388095418362,0.0008733457535647,0.0095573210585198,0.0547694763539207
AUT,Austria,1989,0.0700210564133721,0.001078299720708,0.0106851024726083,0.0817844586066884
AUT,Austria,1990,0.0765118886958938,0.0035814371450398,0.0132315851845866,0.09332491102552021
AUT,Austria,1991,0.0396873742577725,0.0027403491077382,0.0092539608848618,0.051681684250372506
AUT,Austria,1992,0.0352680260830231,0.0012185590683493,0.0047448920729509,0.041231477224323305
AUT,Austria,1993,0.0340668448552991,0.0001302396352756,0.0112578098585122,0.0454548943490869
AUT,Austria,1994,0.0270900120712639,0.0001294681520517,0.0093096254154672,0.0365291056387828
AUT,Austria,1995,0.0240556789265433,0.0005113019692767,0.0159218186973434,0.0404887995931634
AUT,Austria,1996,0.032850191717391,0.0002330818672765,0.015671415815533,0.0487546894002005
AUT,Austria,1997,0.0280351908089642,0.0001142866980898,0.0181006482273762,0.0462501257344302
AUT,Austria,1998,0.0083748684983236,0.0002166980861587,0.0025289855659671,0.0111205521504494
AUT,Austria,1999,0.026292282564808,4.31017610698708e-05,0.0027477374848164,0.02908312181069427
AUT,Austria,2000,0.0610377226881713,0.0004640613517068,0.0213333873225911,0.08283517136246919
AUT,Austria,2001,0.0440884027065614,0.0015114146178692,0.0436415765473745,0.0892413938718051
AUT,Austria,2002,0.0420533656435616,0.0005490687605798,0.0325849066521663,0.0751873410563077
AUT,Austria,2003,0.0392050238257237,0.0003878874740539,0.0301419304528529,0.0697348417526305
AUT,Austria,2004,0.048536725746942,0.0006571036415407,0.0224294750284273,0.07162330441691
AUT,Austria,2005,0.060495702750532,0.0,0.0151465240868567,0.0756422268373887
AUT,Austria,2006,0.0662743642127353,0.0,0.0351944312048777,0.101468795417613
AUT,Austria,2007,0.0586899562102081,0.0,0.0319127148875307,0.09060267109773881
AUT,Austria,2008,0.0884445033789297,0.0,0.0429913930065737,0.1314358963855034
AUT,Austria,2009,0.0534302351399535,0.0,0.0355173563880205,0.08894759152797399
AUT,Austria,2010,0.0599149361185314,0.0,0.0339847636937159,0.0938996998122473
AUT,Austria,2011,0.073845969443668,0.0,0.0467239804320505,0.12056994987571851
AUT,Austria,2012,0.0843342386593595,0.0,0.055437461757175,0.1397717004165345
AUT,Austria,2013,0.0749501568832041,0.0,0.0416512097457698,0.1166013666289739
AUT,Austria,2014,0.0769140310885635,0.0,0.0263618098266118,0.1032758409151753
AUT,Austria,2015,0.0340776955534437,0.0,0.0216007474240721,0.0556784429775158
AUT,Austria,2016,0.0232518762283344,0.0,0.011656370171843,0.0349082464001774
AUT,Austria,2017,0.0301638333518207,0.0,0.0164285466528456,0.0465923800046663
AUT,Austria,2018,0.0426588456107289,0.0,0.0198917686011633,0.0625506142118922
AUT,Austria,2019,0.0368255085399603,0.0,0.0126697674134977,0.049495275953458
AUT,Austria,2020,0.0172756920777442,0.0,0.0052691862993391,0.0225448783770833
AUT,Austria,2021,0.0378037868173202,0.0,0.0240584970736946,0.061862283891014794
AUT,Austria,2022,,,,
AUT,Austria,2023,,,,
AUT,Austria,2024,,,,
AUT,Austria,2025,,,,
AZE,Azerbaijan,1960,,,,
AZE,Azerbaijan,1961,,,,
AZE,Azerbaijan,1962,,,,
AZE,Azerbaijan,1963,,,,
AZE,Azerbaijan,1964,,,,
AZE,Azerbaijan,1965,,,,
AZE,Azerbaijan,1966,,,,
AZE,Azerbaijan,1967,,,,
AZE,Azerbaijan,1968,,,,
AZE,Azerbaijan,1969,,,,
AZE,Azerbaijan,1970,,,,
AZE,Azerbaijan,1971,,,,
AZE,Azerbaijan,1972,,,,
AZE,Azerbaijan,1973,,,,
AZE,Azerbaijan,1974,,,,
AZE,Azerbaijan,1975,,,,
AZE,Azerbaijan,1976,,,,
AZE,Azerbaijan,1977,,,,
AZE,Azerbaijan,1978,,,,
AZE,Azerbaijan,1979,,,,
AZE,Azerbaijan,1980,,,,
AZE,Azerbaijan,1981,,,,
AZE,Azerbaijan,1982,,,,
AZE,Azerbaijan,1983,,,,
AZE,Azerbaijan,1984,,,,
AZE,Azerbaijan,1985,,,,
AZE,Azerbaijan,1986,,,,
AZE,Azerbaijan,1987,,,,
AZE,Azerbaijan,1988,,,,
AZE,Azerbaijan,1989,,,,
AZE,Azerbaijan,1990,15.5492022502738,0.0,2.1786106851534,17.7278129354272
AZE,Azerbaijan,1991,7.34652576867916,0.0,1.33681556118759,8.68334132986675
AZE,Azerbaijan,1992,,,,
AZE,Azerbaijan,1993,35.4573315880059,0.0,5.24454400952398,40.70187559752988
AZE,Azerbaijan,1994,38.3122460381466,0.0,6.28450643062198,44.59675246876858
AZE,Azerbaijan,1995,20.087202730857,0.0,5.91670157388794,26.003904304744943
AZE,Azerbaijan,1996,21.6088403332231,0.0,4.43012286164639,26.03896319486949
AZE,Azerbaijan,1997,15.0224092579053,0.0,3.41074027833419,18.43314953623949
AZE,Azerbaijan,1998,4.8840188982702,0.0,0.372016698669466,5.2560355969396655
AZE,Azerbaijan,1999,17.0099980276687,0.0,0.378262974832,17.388261002500702
AZE,Azerbaijan,2000,32.9457476254157,0.0,2.11438079766029,35.06012842307599
AZE,Azerbaijan,2001,23.7019953992356,0.0,4.20455862951384,27.90655402874944
AZE,Azerbaijan,2002,23.2537194764338,0.0,2.61682450573272,25.87054398216652
AZE,Azerbaijan,2003,23.6510138139512,0.0,2.43611048644021,26.08712430039141
AZE,Azerbaijan,2004,26.8343888172544,0.0,1.90809402810988,28.74248284536428
AZE,Azerbaijan,2005,37.4466296016638,0.0,1.14263840609091,38.58926800775471
AZE,Azerbaijan,2006,39.5813073807196,0.0,1.8870925892626,41.4683999699822
AZE,Azerbaijan,2007,36.8683513686981,0.0,2.27027277147196,39.13862414017006
AZE,Azerbaijan,2008,39.5007730331452,0.0,3.53468638543854,43.03545941858374
AZE,Azerbaijan,2009,26.6788300895754,0.0,2.94720896244255,29.626039052017948
AZE,Azerbaijan,2010,25.5154476387508,0.0,2.27375001160716,27.78919765035796
AZE,Azerbaijan,2011,29.7979549979878,0.0,2.96365565662679,32.76161065461459
AZE,Azerbaijan,2012,25.8177819240506,0.0,3.10607700286362,28.92385892691422
AZE,Azerbaijan,2013,22.5837832214089,0.0,2.88092982846284,25.46471304987174
AZE,Azerbaijan,2014,20.2463063109853,0.0,2.21091796655308,22.45722427753838
AZE,Azerbaijan,2015,12.069575141696,0.0,2.28675308989615,14.35632823159215
AZE,Azerbaijan,2016,12.7825654497772,0.0,1.87620937481827,14.65877482459547
AZE,Azerbaijan,2017,17.1235678602694,0.0,2.22236696678728,19.34593482705668
AZE,Azerbaijan,2018,24.1724100094907,0.0,3.27586233997117,27.44827234946187
AZE,Azerbaijan,2019,20.4577104992688,0.0,2.78333521411986,23.241045713388658
AZE,Azerbaijan,2020,11.1476827315754,0.0,1.59281919627418,12.74050192784958
AZE,Azerbaijan,2021,20.983375083624,0.0,8.58674677408325,29.57012185770725
AZE,Azerbaijan,2022,,,,
AZE,Azerbaijan,2023,,,,
AZE,Azerbaijan,2024,,,,
AZE,Azerbaijan,2025,,,,
BDI,Burundi,1960,,,,
BDI,Burundi,1961,,,,
BDI,Burundi,1962,,,,
BDI,Burundi,1963,,,,
BDI,Burundi,1964,,,,
BDI,Burundi,1965,,,,
BDI,Burundi,1966,,,,
BDI,Burundi,1967,,,,
BDI,Burundi,1968,,,,
BDI,Burundi,1969,,,,
BDI,Burundi,1970,,,,
BDI,Burundi,1971,,,,
BDI,Burundi,1972,,,,
BDI,Burundi,1973,,,,
BDI,Burundi,1974,,,,
BDI,Burundi,1975,,,,
BDI,Burundi,1976,,,,
BDI,Burundi,1977,,,,
BDI,Burundi,1978,,,,
BDI,Burundi,1979,,,,
BDI,Burundi,1980,0.0,0.0,0.0,0.0
BDI,Burundi,1981,0.0,0.0,0.0,0.0
BDI,Burundi,1982,0.0,0.0,0.0,0.0
BDI,Burundi,1983,0.0,0.0,0.0,0.0
BDI,Burundi,1984,0.0,0.0,0.0,0.0
BDI,Burundi,1985,0.0,0.0,0.0,0.0
BDI,Burundi,1986,0.0,0.0,0.0,0.0
BDI,Burundi,1987,0.0,0.0,0.0,0.0
BDI,Burundi,1988,0.0,0.0,0.0,0.0
BDI,Burundi,1989,0.0,0.0,0.0,0.0
BDI,Burundi,1990,0.0,0.0,0.0,0.0
BDI,Burundi,1991,0.0,0.0,0.0,0.0
BDI,Burundi,1992,0.0,0.0,0.0,0.0
BDI,Burundi,1993,0.0,0.0,0.0,0.0
BDI,Burundi,1994,0.0,0.0,0.0,0.0
BDI,Burundi,1995,0.0,0.0,0.0,0.0
BDI,Burundi,1996,0.0,0.0,0.0,0.0
BDI,Burundi,1997,0.0,0.0,0.0,0.0
BDI,Burundi,1998,0.0,0.0,0.0,0.0
BDI,Burundi,1999,0.0,0.0,0.0,0.0
BDI,Burundi,2000,0.0,0.0,0.0,0.0
BDI,Burundi,2001,0.0,0.0,0.0,0.0
BDI,Burundi,2002,0.0,0.0,0.0,0.0
BDI,Burundi,2003,0.0,0.0,0.0,0.0
BDI,Burundi,2004,0.0,0.0,0.0,0.0
BDI,Burundi,2005,0.0,0.0,0.0,0.0
BDI,Burundi,2006,0.0,0.0,0.0,0.0
BDI,Burundi,2007,0.0,0.0,0.0,0.0
BDI,Burundi,2008,0.0,0.0,0.0,0.0
BDI,Burundi,2009,0.0,0.0,0.0,0.0
BDI,Burundi,2010,0.0,0.0,0.0,0.0
BDI,Burundi,2011,0.0,0.0,0.0,0.0
BDI,Burundi,2012,0.0,0.0,0.0,0.0
BDI,Burundi,2013,0.0,0.0,0.0,0.0
BDI,Burundi,2014,0.0,0.0,0.0,0.0
BDI,Burundi,2015,0.0,0.0,0.0,0.0
BDI,Burundi,2016,0.0,0.0,0.0,0.0
BDI,Burundi,2017,0.0,0.0,0.0,0.0
BDI,Burundi,2018,0.0,0.0,0.0,0.0
BDI,Burundi,2019,0.0,0.0,0.0,0.0
BDI,Burundi,2020,0.0,0.0,0.0,0.0
BDI,Burundi,2021,0.0,0.0,0.0,0.0
BDI,Burundi,2022,,,,
BDI,Burundi,2023,,,,
BDI,Burundi,2024,,,,
BDI,Burundi,2025,,,,
BEL,Belgium,1960,,,,
BEL,Belgium,1961,,,,
BEL,Belgium,1962,,,,
BEL,Belgium,1963,,,,
BEL,Belgium,1964,,,,
BEL,Belgium,1965,,,,
BEL,Belgium,1966,,,,
BEL,Belgium,1967,,,,
BEL,Belgium,1968,,,,
BEL,Belgium,1969,,,,
BEL,Belgium,1970,,0.103914070238202,0.000451576881249,0.104365647119451
BEL,Belgium,1971,0.0,0.109287889565036,0.0004765774170336,0.1097644669820696
BEL,Belgium,1972,0.0,0.0810819029751491,0.0005518252296159,0.081633728204765
BEL,Belgium,1973,0.0,0.0598173005823316,0.0003684190323131,0.0601857196146447
BEL,Belgium,1974,0.0,0.0949765360110765,0.0011062969660783,0.0960828329771548
BEL,Belgium,1975,0.0,0.199802509915643,0.0011512058921903,0.2009537158078333
BEL,Belgium,1976,0.0,0.215707270693015,0.0007382151833226,0.2164454858763376
BEL,Belgium,1977,0.0,0.18084217510018,0.0007314441919425,0.18157361929212248
BEL,Belgium,1978,0.0,0.128705751372925,0.000663449923841,0.129369201296766
BEL,Belgium,1979,0.0,0.101108937936163,0.0009361393037895,0.1020450772399525
BEL,Belgium,1980,0.0,0.100434966241103,0.0013585262257019,0.1017934924668049
BEL,Belgium,1981,0.0,0.166290387985566,0.0008976315499869,0.1671880195355529
BEL,Belgium,1982,0.0,0.215949360169918,0.0004517574215021,0.2164011175914201
BEL,Belgium,1983,0.0,0.158606160194101,0.0004923431747389,0.1590985033688399
BEL,Belgium,1984,0.0,0.130387348392295,0.0010543333521048,0.1314416817443998
BEL,Belgium,1985,0.0,0.118018411734512,0.0010017651767876,0.1190201769112996
BEL,Belgium,1986,0.0,0.0558627595896272,0.0004773360682404,0.0563400956578676
BEL,Belgium,1987,0.0,0.0205057825046749,0.0002133473770646,0.0207191298817395
BEL,Belgium,1988,0.0,0.0037253665362645,0.0001041158837372,0.0038294824200017
BEL,Belgium,1989,0.0,0.0002676241680133,8.6427300856737e-05,0.000354051468870037
BEL,Belgium,1990,0.0,0.0023240406919522,9.367750107079e-05,0.0024177181930229896
BEL,Belgium,1991,0.0,0.0012470566009104,5.51758278534618e-05,0.0013022324287638618
BEL,Belgium,1992,0.0,0.0002111529480871,1.51644843039528e-05,0.0002263174323910528
BEL,Belgium,1993,0.0,0.0,2.85267405706294e-05,2.85267405706294e-05
BEL,Belgium,1994,0.0,0.0,6.13932212724749e-06,6.13932212724749e-06
BEL,Belgium,1995,0.0,0.0,2.24846421375341e-06,2.24846421375341e-06
BEL,Belgium,1996,0.0,0.0,1.78550722480673e-05,1.78550722480673e-05
BEL,Belgium,1997,0.0,0.0,1.60110731010144e-06,1.60110731010144e-06
BEL,Belgium,1998,0.0,0.0,0.0,0.0
BEL,Belgium,1999,0.0,0.0,5.65681240184915e-07,5.65681240184915e-07
BEL,Belgium,2000,0.0,0.0,2.36893974858375e-05,2.36893974858375e-05
BEL,Belgium,2001,0.0,0.0,0.0,0.0
BEL,Belgium,2002,0.0,0.0,0.0,0.0
BEL,Belgium,2003,0.0,0.0,0.0,0.0
BEL,Belgium,2004,0.0,0.0,0.0,0.0
BEL,Belgium,2005,5.74329868610464e-05,0.0,0.0,5.74329868610464e-05
BEL,Belgium,2006,0.0015350435137962,0.0,0.0,0.0015350435137962
BEL,Belgium,2007,0.0,0.0,0.0,0.0
BEL,Belgium,2008,0.0,0.0,0.0,0.0
BEL,Belgium,2009,0.0,0.0,0.0,0.0
BEL,Belgium,2010,0.0276859283389536,0.0,0.0,0.0276859283389536
BEL,Belgium,2011,0.0465608455427308,0.0,0.0,0.0465608455427308
BEL,Belgium,2012,0.0447323666928789,0.0,0.0,0.0447323666928789
BEL,Belgium,2013,0.0397728832079876,0.0,0.0,0.0397728832079876
BEL,Belgium,2014,0.048118822461714,0.0,0.0,0.048118822461714
BEL,Belgium,2015,0.0157279649794816,0.0,0.0,0.0157279649794816
BEL,Belgium,2016,0.0115678220486407,0.0,0.0,0.0115678220486407
BEL,Belgium,2017,0.0205164347675808,0.0,0.0,0.0205164347675808
BEL,Belgium,2018,0.029217776231573,0.0,0.0,0.029217776231573
BEL,Belgium,2019,0.0271254076077426,0.0,3.98584889407065e-05,0.027165266096683308
BEL,Belgium,2020,0.0147576977551149,0.0,3.13349862684409e-05,0.01478903274138334
BEL,Belgium,2021,0.0312735679835233,0.0,0.0001367791843322,0.0314103471678555
BEL,Belgium,2022,,,,
BEL,Belgium,2023,,,,
BEL,Belgium,2024,,,,
BEL,Belgium,2025,,,,
BEN,Benin,1960,,,,
BEN,Benin,1961,,,,
BEN,Benin,1962,,,,
BEN,Benin,1963,,,,
BEN,Benin,1964,,,,
BEN,Benin,1965,,,,
BEN,Benin,1966,,,,
BEN,Benin,1967,,,,
BEN,Benin,1968,,,,
BEN,Benin,1969,,,,
BEN,Benin,1970,,,,
BEN,Benin,1971,0.0,0.0,0.0,0.0
BEN,Benin,1972,0.0,0.0,0.0,0.0
BEN,Benin,1973,0.0,0.0,0.0,0.0
BEN,Benin,1974,0.0,0.0,0.0,0.0
BEN,Benin,1975,0.0,0.0,0.0,0.0
BEN,Benin,1976,0.0,0.0,0.0,0.0
BEN,Benin,1977,0.0,0.0,0.0,0.0
BEN,Benin,1978,0.0,0.0,0.0,0.0
BEN,Benin,1979,0.0,0.0,0.0,0.0
BEN,Benin,1980,0.0,0.0,0.0,0.0
BEN,Benin,1981,1.48757375956137,0.0,0.0,1.48757375956137
BEN,Benin,1982,0.504680954031738,0.0,0.0,0.504680954031738
BEN,Benin,1983,1.54650620426954,0.0,0.0,1.54650620426954
BEN,Benin,1984,2.61575445484521,0.0,0.0,2.61575445484521
BEN,Benin,1985,3.00673613438005,0.0,0.0,3.00673613438005
BEN,Benin,1986,0.848821830801933,0.0,0.0,0.848821830801933
BEN,Benin,1987,1.48377958534252,0.0,0.0,1.48377958534252
BEN,Benin,1988,1.0431569279832,0.0,0.0,1.0431569279832
BEN,Benin,1989,1.58194777477986,0.0,0.0,1.58194777477986
BEN,Benin,1990,1.5756167070246,0.0,0.0,1.5756167070246
BEN,Benin,1991,0.817877515983306,0.0,0.0,0.817877515983306
BEN,Benin,1992,1.41824438128408,0.0,0.0,1.41824438128408
BEN,Benin,1993,1.00672415635067,0.0,0.0,1.00672415635067
BEN,Benin,1994,1.17322790855677,0.0,0.0,1.17322790855677
BEN,Benin,1995,0.54286469566944,0.0,0.0,0.54286469566944
BEN,Benin,1996,0.395654415709238,0.0,0.0,0.395654415709238
BEN,Benin,1997,0.303942178232137,0.0,0.0,0.303942178232137
BEN,Benin,1998,0.101033020834667,0.0,0.0,0.101033020834667
BEN,Benin,1999,,0.0,0.0,0.0
BEN,Benin,2000,,0.0,0.0,0.0
BEN,Benin,2001,,0.0,0.0,0.0
BEN,Benin,2002,,0.0,0.0,0.0
BEN,Benin,2003,,0.0,0.0,0.0
BEN,Benin,2004,0.0,0.0,0.0,0.0
BEN,Benin,2005,0.0,0.0,0.0,0.0
BEN,Benin,2006,0.0,0.0,0.0,0.0
BEN,Benin,2007,0.0,0.0,0.0,0.0
BEN,Benin,2008,0.0,0.0,0.0,0.0
BEN,Benin,2009,0.0,0.0,0.0,0.0
BEN,Benin,2010,0.0,0.0,0.0,0.0
BEN,Benin,2011,0.0,0.0,0.0,0.0
BEN,Benin,2012,0.0,0.0,0.0,0.0
BEN,Benin,2013,0.0,0.0,0.0,0.0
BEN,Benin,2014,0.0,0.0,0.0,0.0
BEN,Benin,2015,0.0533746520369224,0.0,0.0,0.0533746520369224
BEN,Benin,2016,0.0514773561767198,0.0,0.0,0.0514773561767198
BEN,Benin,2017,0.0874965519938235,0.0,0.0,0.0874965519938235
BEN,Benin,2018,0.116502415263534,0.0,0.0,0.116502415263534
BEN,Benin,2019,0.09788725913474,0.0,0.0,0.09788725913474
BEN,Benin,2020,0.0451182412067022,0.0,0.0,0.0451182412067022
BEN,Benin,2021,0.0,0.0,0.0,0.0
BEN,Benin,2022,,,,
BEN,Benin,2023,,,,
BEN,Benin,2024,,,,
BEN,Benin,2025,,,,
BFA,Burkina Faso,1960,,,,
BFA,Burkina Faso,1961,,,,
BFA,Burkina Faso,1962,,,,
BFA,Burkina Faso,1963,,,,
BFA,Burkina Faso,1964,,,,
BFA,Burkina Faso,1965,,,,
BFA,Burkina Faso,1966,,,,
BFA,Burkina Faso,1967,,,,
BFA,Burkina Faso,1968,,,,
BFA,Burkina Faso,1969,,,,
BFA,Burkina Faso,1970,,,,
BFA,Burkina Faso,1971,,,,
BFA,Burkina Faso,1972,,,,
BFA,Burkina Faso,1973,,,,
BFA,Burkina Faso,1974,,,,
BFA,Burkina Faso,1975,,,,
BFA,Burkina Faso,1976,,,,
BFA,Burkina Faso,1977,,,,
BFA,Burkina Faso,1978,,,,
BFA,Burkina Faso,1979,,,,
BFA,Burkina Faso,1980,0.0,0.0,0.0,0.0
BFA,Burkina Faso,1981,0.0,0.0,0.0,0.0
BFA,Burkina Faso,1982,0.0,0.0,0.0,0.0
BFA,Burkina Faso,1983,0.0,0.0,0.0,0.0
BFA,Burkina Faso,1984,0.0,0.0,0.0,0.0
BFA,Burkina Faso,1985,0.0,0.0,0.0,0.0
BFA,Burkina Faso,1986,0.0,0.0,0.0,0.0
BFA,Burkina Faso,1987,0.0,0.0,0.0,0.0
BFA,Burkina Faso,1988,0.0,0.0,0.0,0.0
BFA,Burkina Faso,1989,0.0,0.0,0.0,0.0
BFA,Burkina Faso,1990,0.0,0.0,0.0,0.0
BFA,Burkina Faso,1991,0.0,0.0,0.0,0.0
BFA,Burkina Faso,1992,0.0,0.0,0.0,0.0
BFA,Burkina Faso,1993,0.0,0.0,0.0,0.0
BFA,Burkina Faso,1994,0.0,0.0,0.0,0.0
BFA,Burkina Faso,1995,0.0,0.0,0.0,0.0
BFA,Burkina Faso,1996,0.0,0.0,0.0,0.0
BFA,Burkina Faso,1997,0.0,0.0,0.0,0.0
BFA,Burkina Faso,1998,0.0,0.0,0.0,0.0
BFA,Burkina Faso,1999,0.0,0.0,0.0,0.0
BFA,Burkina Faso,2000,0.0,0.0,0.0,0.0
BFA,Burkina Faso,2001,0.0,0.0,0.0,0.0
BFA,Burkina Faso,2002,0.0,0.0,0.0,0.0
BFA,Burkina Faso,2003,0.0,0.0,0.0,0.0
BFA,Burkina Faso,2004,0.0,0.0,0.0,0.0
BFA,Burkina Faso,2005,0.0,0.0,0.0,0.0
BFA,Burkina Faso,2006,0.0,0.0,0.0,0.0
BFA,Burkina Faso,2007,0.0,0.0,0.0,0.0
BFA,Burkina Faso,2008,0.0,0.0,0.0,0.0
BFA,Burkina Faso,2009,0.0,0.0,0.0,0.0
BFA,Burkina Faso,2010,0.0,0.0,0.0,0.0
BFA,Burkina Faso,2011,0.0,0.0,0.0,0.0
BFA,Burkina Faso,2012,0.0,0.0,0.0,0.0
BFA,Burkina Faso,2013,0.0,0.0,0.0,0.0
BFA,Burkina Faso,2014,0.0,0.0,0.0,0.0
BFA,Burkina Faso,2015,0.0,0.0,0.0,0.0
BFA,Burkina Faso,2016,0.0,0.0,0.0,0.0
BFA,Burkina Faso,2017,0.0,0.0,0.0,0.0
BFA,Burkina Faso,2018,0.0,0.0,0.0,0.0
BFA,Burkina Faso,2019,0.0,0.0,0.0,0.0
BFA,Burkina Faso,2020,0.0,0.0,0.0,0.0
BFA,Burkina Faso,2021,0.0,0.0,0.0,0.0
BFA,Burkina Faso,2022,,,,
BFA,Burkina Faso,2023,,,,
BFA,Burkina Faso,2024,,,,
BFA,Burkina Faso,2025,,,,
BGD,Bangladesh,1960,,,,
BGD,Bangladesh,1961,,,,
BGD,Bangladesh,1962,,,,
BGD,Bangladesh,1963,,,,
BGD,Bangladesh,1964,,,,
BGD,Bangladesh,1965,,,,
BGD,Bangladesh,1966,,,,
BGD,Bangladesh,1967,,,,
BGD,Bangladesh,1968,,,,
BGD,Bangladesh,1969,,,,
BGD,Bangladesh,1970,0.0005991136441611,,0.0330339937653794,0.0336331074095405
BGD,Bangladesh,1971,0.0008540006551556,0.0,0.0440290756408936,0.0448830762960492
BGD,Bangladesh,1972,0.0010502892826397,0.0,0.0509512418233029,0.0520015311059426
BGD,Bangladesh,1973,0.001020889389336,0.0,0.0572618178601654,0.058282707249501395
BGD,Bangladesh,1974,0.0039654514705256,0.0,0.0481544193522859,0.0521198708228115
BGD,Bangladesh,1975,0.0027606559900858,0.0,0.029782484073481,0.0325431400635668
BGD,Bangladesh,1976,0.0057809209814632,0.0,0.0989079103942444,0.1046888313757076
BGD,Bangladesh,1977,0.0063191527285801,0.0,0.140857200168227,0.1471763528968071
BGD,Bangladesh,1978,0.0042457463442518,0.0,0.0739726114535406,0.0782183577977924
BGD,Bangladesh,1979,0.0077501181126773,0.0,0.0577942200054973,0.0655443381181746
BGD,Bangladesh,1980,0.0062612582903004,0.0,0.0962085709933433,0.1024698292836437
BGD,Bangladesh,1981,0.0049279452530496,0.0,0.0131906458879545,0.0181185911410041
BGD,Bangladesh,1982,0.0035568198551439,0.0,0.0,0.0035568198551439
BGD,Bangladesh,1983,0.0096740097044496,0.0,0.0750950598378671,0.0847690695423167
BGD,Bangladesh,1984,0.0150348240417558,0.0,0.0291656501806434,0.0442004742223992
BGD,Bangladesh,1985,0.0149931930609909,0.0,0.0293088680717999,0.0443020611327908
BGD,Bangladesh,1986,0.0076599041880639,0.0,0.136235574827777,0.1438954790158409
BGD,Bangladesh,1987,0.0101506500659474,0.0,0.140821318900844,0.1509719689667914
BGD,Bangladesh,1988,0.0077472979212532,0.0,0.110148061487945,0.1178953594091982
BGD,Bangladesh,1989,0.0097877229079852,0.0,0.211599025279384,0.2213867481873692
BGD,Bangladesh,1990,0.0203201461879886,0.0,0.243919159694319,0.2642393058823076
BGD,Bangladesh,1991,0.0113715162813764,0.0,0.184237103275824,0.19560861955720038
BGD,Bangladesh,1992,0.0140449207472924,0.0,0.21353257645443,0.2275774972017224
BGD,Bangladesh,1993,0.0123153025022102,0.0,0.235350651621975,0.24766595412418518
BGD,Bangladesh,1994,0.0172049134880783,0.0,0.287616429967909,0.30482134345598727
BGD,Bangladesh,1995,0.0131964705068302,0.0,0.324387065016714,0.3375835355235442
BGD,Bangladesh,1996,0.0178010302921139,0.0,0.30375467828582,0.32155570857793386
BGD,Bangladesh,1997,0.0173308738284211,0.0,0.271240317553023,0.2885711913814441
BGD,Bangladesh,1998,0.0080104572643324,0.0,0.316799450658648,0.3248099079229804
BGD,Bangladesh,1999,0.0179507388011089,0.0,0.430095811879651,0.44804655068075994
BGD,Bangladesh,2000,0.0353231482134216,0.0,0.687350827946421,0.7226739761598426
BGD,Bangladesh,2001,0.0543710423247111,0.0,0.699483029772388,0.7538540720970991
BGD,Bangladesh,2002,0.0837501114858241,0.0,0.885287428354618,0.9690375398404422
BGD,Bangladesh,2003,0.0708422538942109,0.0,0.90807195473038,0.978914208624591
BGD,Bangladesh,2004,0.0886657388470392,0.0,0.981489496063701,1.0701552349107402
BGD,Bangladesh,2005,0.0854314760057084,0.0069136094183501,1.16332572452017,1.2556708099442284
BGD,Bangladesh,2006,0.101110752410513,0.0124673577202567,1.28689068571642,1.4004687958471898
BGD,Bangladesh,2007,0.146631401064833,0.0199079952644518,0.783588562995689,0.9501279593249738
BGD,Bangladesh,2008,0.207602557921387,0.0636567644064419,0.712400705627762,0.9836600279555909
BGD,Bangladesh,2009,0.0809215445999961,0.0333654229570058,0.851690938338084,0.9659779058950859
BGD,Bangladesh,2010,0.110401376114165,0.0375672237551005,0.898444843866627,1.0464134437358925
BGD,Bangladesh,2011,0.148237511200664,0.0395969861926023,1.05122540837567,1.2390599057689364
BGD,Bangladesh,2012,0.165239328703379,0.0341521338114773,1.0663245644488,1.2657160269636563
BGD,Bangladesh,2013,0.136547577119521,0.0260913874063632,0.781316379861342,0.9439553443872262
BGD,Bangladesh,2014,0.0959581611484122,0.0214685808700036,0.737053259632387,0.8544800016508027
BGD,Bangladesh,2015,0.0516183234195442,0.0105820886256824,0.628140947294092,0.6903413593393186
BGD,Bangladesh,2016,0.0314940256004778,0.0132346228332281,0.490629924530705,0.5353585729644109
BGD,Bangladesh,2017,0.0460395273977644,0.0181189029918176,0.509162512083424,0.573320942473006
BGD,Bangladesh,2018,0.0613027609024662,0.0155150936968582,0.501783630475608,0.5786014850749325
BGD,Bangladesh,2019,0.0401609167939213,0.0090706877527205,0.516998313075893,0.5662299176225347
BGD,Bangladesh,2020,0.0164788319009585,0.007253640488073,0.457007845879687,0.4807403182687185
BGD,Bangladesh,2021,0.0315771885826906,0.0132526717304666,0.490054814572216,0.5348846748853732
BGD,Bangladesh,2022,,,,
BGD,Bangladesh,2023,,,,
BGD,Bangladesh,2024,,,,
BGD,Bangladesh,2025,,,,
BGR,Bulgaria,1960,,,,
BGR,Bulgaria,1961,,,,
BGR,Bulgaria,1962,,,,
BGR,Bulgaria,1963,,,,
BGR,Bulgaria,1964,,,,
BGR,Bulgaria,1965,,,,
BGR,Bulgaria,1966,,,,
BGR,Bulgaria,1967,,,,
BGR,Bulgaria,1968,,,,
BGR,Bulgaria,1969,,,,
BGR,Bulgaria,1970,,,,
BGR,Bulgaria,1971,,,,
BGR,Bulgaria,1972,,,,
BGR,Bulgaria,1973,,,,
BGR,Bulgaria,1974,,,,
BGR,Bulgaria,1975,,,,
BGR,Bulgaria,1976,,,,
BGR,Bulgaria,1977,,,,
BGR,Bulgaria,1978,,,,
BGR,Bulgaria,1979,,,,
BGR,Bulgaria,1980,0.0995954310579948,0.478499990963023,0.0385830025588355,0.6166784245798533
BGR,Bulgaria,1981,0.0770048003957087,0.974165372984558,0.0198325139261796,1.0710026873064464
BGR,Bulgaria,1982,0.0536326670421855,1.18188731794378,0.0055841736384662,1.241104158624432
BGR,Bulgaria,1983,0.0743297285404802,0.588508462498243,0.0079652303267058,0.6708034213654289
BGR,Bulgaria,1984,0.101803892526708,0.313229449748101,0.0062042807791066,0.42123762305391566
BGR,Bulgaria,1985,0.156159134802039,0.427395617644185,0.0025330013189668,0.5860877537651908
BGR,Bulgaria,1986,0.048995763378736,0.123137543630079,0.0018174149298124,0.17395072193862743
BGR,Bulgaria,1987,0.0579643762507766,0.0294596711311685,0.0005347801867764,0.08795882756872149
BGR,Bulgaria,1988,0.0486972160838721,0.0523169345500681,0.0004411444663207,0.1014552951002609
BGR,Bulgaria,1989,0.0905874606849773,0.0697530956652046,0.0003850686748873,0.1607256250250692
BGR,Bulgaria,1990,0.105709691779651,0.23038490908711,0.0010876644855582,0.3371822653523192
BGR,Bulgaria,1991,0.0292033619087007,0.374247644325709,0.0010391972345446,0.4044902034689543
BGR,Bulgaria,1992,0.029445833366527,0.266539948764714,0.0021603644134775,0.2981461465447185
BGR,Bulgaria,1993,0.0187795648595516,0.0272036549607669,0.0084368626908524,0.0544200825111709
BGR,Bulgaria,1994,0.0271668036563252,0.0385525863719554,0.0076182642525534,0.07333765428083398
BGR,Bulgaria,1995,0.0145595594944047,0.101534051499835,0.0062805747437756,0.1223741857380153
BGR,Bulgaria,1996,0.0217715233132045,0.0930147997207232,0.0077752469414445,0.12256156997537221
BGR,Bulgaria,1997,0.0161313187847838,0.0404969355292273,0.0077888161325135,0.0644170704465246
BGR,Bulgaria,1998,0.0050276720983797,0.0590828158269289,0.000637127538308,0.0647476154636166
BGR,Bulgaria,1999,0.0163645931817806,0.0110017165265266,0.0006242816593538,0.027990591367661005
BGR,Bulgaria,2000,0.0741391525631751,0.101417887783121,0.0025277024858644,0.1780847428321605
BGR,Bulgaria,2001,0.0192284252329358,0.334376008911218,0.0075014122222032,0.36110584636635695
BGR,Bulgaria,2002,0.0210526231438115,0.0960634979265377,0.004320922707359,0.1214370437777082
BGR,Bulgaria,2003,0.0161830349966762,0.0827719717576597,0.0029020456359226,0.1018570523902585
BGR,Bulgaria,2004,0.0286550756706803,0.624654478990527,0.0431724150903471,0.6964819697515543
BGR,Bulgaria,2005,0.037174267548741,0.326958692145695,0.0463019081658468,0.41043486786028277
BGR,Bulgaria,2006,0.0372114671373268,0.309202090108577,0.0873541922780936,0.43376774952399744
BGR,Bulgaria,2007,0.032067929991172,0.435744738295089,0.0440111294416164,0.5118237977278774
BGR,Bulgaria,2008,0.0385928436056197,1.10494843954048,0.0431769272049978,1.1867182103510976
BGR,Bulgaria,2009,0.0216533526362494,0.321963838214618,0.0026718472138392,0.34628903806470657
BGR,Bulgaria,2010,0.0253291596859351,0.676778240205424,0.0111255684572656,0.7132329683486247
BGR,Bulgaria,2011,0.0367278516384984,0.91873863918182,0.08909304721064,1.0445595380309582
BGR,Bulgaria,2012,0.0377761581591458,0.372702923222966,0.087087212755187,0.4975662941372988
BGR,Bulgaria,2013,0.0340056163950494,0.159088406568224,0.0630866311706594,0.2561806541339328
BGR,Bulgaria,2014,0.0309655080286577,0.139417174798032,0.0300440667016445,0.2004267495283342
BGR,Bulgaria,2015,0.0148484893305972,0.115667271860324,0.0132341573376468,0.143749918528568
BGR,Bulgaria,2016,0.0107367793608996,0.106692897175964,0.0067270423179074,0.124156718854771
BGR,Bulgaria,2017,0.0150539945411986,0.144852465138495,0.0073561244151592,0.1672625840948528
BGR,Bulgaria,2018,0.0215683047004454,0.135710834308309,0.0045302089152978,0.1618093479240522
BGR,Bulgaria,2019,0.0184983412131835,0.0885343509010314,0.0034378607208808,0.1104705528350957
BGR,Bulgaria,2020,0.0096733360627292,0.0586012880990349,0.0024673666719186,0.0707419908336827
BGR,Bulgaria,2021,0.0193926462885907,0.126365577523338,0.0064970634437663,0.15225528725569498
BGR,Bulgaria,2022,,,,
BGR,Bulgaria,2023,,,,
BGR,Bulgaria,2024,,,,
BGR,Bulgaria,2025,,,,
BHR,Bahrain,1960,,,,
BHR,Bahrain,1961,,,,
BHR,Bahrain,1962,,,,
BHR,Bahrain,1963,,,,
BHR,Bahrain,1964,,,,
BHR,Bahrain,1965,,,,
BHR,Bahrain,1966,,,,
BHR,Bahrain,1967,,,,
BHR,Bahrain,1968,,,,
BHR,Bahrain,1969,,,,
BHR,Bahrain,1970,,,,
BHR,Bahrain,1971,,,,
BHR,Bahrain,1972,,,,
BHR,Bahrain,1973,,,,
BHR,Bahrain,1974,,,,
BHR,Bahrain,1975,,,,
BHR,Bahrain,1976,,,,
BHR,Bahrain,1977,,,,
BHR,Bahrain,1978,,,,
BHR,Bahrain,1979,,,,
BHR,Bahrain,1980,68.1362125392305,0.0,3.20244574943703,71.33865828866753
BHR,Bahrain,1981,58.0699222662964,0.0,2.5971700268215,60.6670922931179
BHR,Bahrain,1982,33.7423368813276,0.0,1.03177737803352,34.77411425936112
BHR,Bahrain,1983,29.0419490949798,0.0,3.20060069567888,32.24254979065868
BHR,Bahrain,1984,31.8871060471681,0.0,2.79657042832255,34.68367647549065
BHR,Bahrain,1985,30.4149282702955,0.0,3.51916892419728,33.93409719449278
BHR,Bahrain,1986,23.3122958880053,0.0,4.90219489317353,28.214490781178828
BHR,Bahrain,1987,30.0343307928011,0.0,3.71007666541045,33.74440745821155
BHR,Bahrain,1988,23.1071212143896,0.0,3.67440010339245,26.78152131778205
BHR,Bahrain,1989,31.1467417262058,0.0,3.59808818906083,34.74482991526663
BHR,Bahrain,1990,37.0437374677071,0.0,3.82904660505208,40.87278407275918
BHR,Bahrain,1991,20.4853120745387,0.0,3.13278472098241,23.61809679552111
BHR,Bahrain,1992,20.7616769769703,0.0,3.41267086409058,24.17434784106088
BHR,Bahrain,1993,17.9580307941121,0.0,3.5252104984237,21.4832412925358
BHR,Bahrain,1994,14.682952911195,0.0,3.55162548584872,18.23457839704372
BHR,Bahrain,1995,15.2459702602519,0.0,3.71221281533309,18.95818307558499
BHR,Bahrain,1996,18.4494024419669,0.0,4.02364254148443,22.47304498345133
BHR,Bahrain,1997,16.418731399958,0.0,4.50420243160282,20.92293383156082
BHR,Bahrain,1998,10.6376958646887,0.0,4.51744251842113,15.15513838310983
BHR,Bahrain,1999,14.7940799756461,0.0,4.13601981051486,18.93009978616096
BHR,Bahrain,2000,18.711078045797,0.0,3.90509019196928,22.616168237766278
BHR,Bahrain,2001,15.0074471454831,0.0,4.59852838532505,19.605975530808152
BHR,Bahrain,2002,14.4906538546743,0.0,3.81848759632743,18.30914145100173
BHR,Bahrain,2003,14.9880274040125,0.0,3.26282991909153,18.25085732310403
BHR,Bahrain,2004,16.6530213443367,0.0,2.89392654797881,19.54694789231551
BHR,Bahrain,2005,20.0931217396654,0.0,3.45660209335522,23.549723833020618
BHR,Bahrain,2006,20.3670614713082,0.0,3.564943452881,23.9320049241892
BHR,Bahrain,2007,18.9906048191926,0.0,3.2849174428085,22.2755222620011
BHR,Bahrain,2008,21.6815768768211,0.0,3.13396671097874,24.81554358779984
BHR,Bahrain,2009,14.4351176966592,0.0,3.64045864499061,18.07557634164981
BHR,Bahrain,2010,17.3156329535965,0.0,3.1458020023521,20.461434955948597
BHR,Bahrain,2011,23.3980559518896,0.0,3.59618035200711,26.99423630389671
BHR,Bahrain,2012,20.0940234657871,0.0,3.48743064000799,23.58145410579509
BHR,Bahrain,2013,20.8660137007827,0.0,3.66701220157543,24.533025902358126
BHR,Bahrain,2014,18.8709266924557,0.0,3.53944248592437,22.41036917838007
BHR,Bahrain,2015,9.82474436918962,0.0,2.8089852552925,12.63372962448212
BHR,Bahrain,2016,7.62960432748572,0.0,2.01829730710093,9.647901634586649
BHR,Bahrain,2017,8.93795259727704,0.0,2.22156526267298,11.15951785995002
BHR,Bahrain,2018,11.3900811220261,0.0,3.36088505657664,14.75096617860274
BHR,Bahrain,2019,9.8481886760226,0.0,3.51507642806904,13.36326510409164
BHR,Bahrain,2020,6.69558923237194,0.0,4.00801892013274,10.70360815250468
BHR,Bahrain,2021,10.9376756365994,0.0,5.70191051100315,16.63958614760255
BHR,Bahrain,2022,,,,
BHR,Bahrain,2023,,,,
BHR,Bahrain,2024,,,,
BHR,Bahrain,2025,,,,
BHS,"Bahamas, The",1960,,,,
BHS,"Bahamas, The",1961,,,,
BHS,"Bahamas, The",1962,,,,
BHS,"Bahamas, The",1963,,,,
BHS,"Bahamas, The",1964,,,,
BHS,"Bahamas, The",1965,,,,
BHS,"Bahamas, The",1966,,,,
BHS,"Bahamas, The",1967,,,,
BHS,"Bahamas, The",1968,,,,
BHS,"Bahamas, The",1969,,,,
BHS,"Bahamas, The",1970,,,,
BHS,"Bahamas, The",1971,,,,
BHS,"Bahamas, The",1972,,,,
BHS,"Bahamas, The",1973,,,,
BHS,"Bahamas, The",1974,,,,
BHS,"Bahamas, The",1975,,,,
BHS,"Bahamas, The",1976,,,,
BHS,"Bahamas, The",1977,,,,
BHS,"Bahamas, The",1978,,,,
BHS,"Bahamas, The",1979,,,,
BHS,"Bahamas, The",1980,0.0,0.0,0.0,0.0
BHS,"Bahamas, The",1981,0.0,0.0,0.0,0.0
BHS,"Bahamas, The",1982,0.0,0.0,0.0,0.0
BHS,"Bahamas, The",1983,0.0,0.0,0.0,0.0
BHS,"Bahamas, The",1984,0.0,0.0,0.0,0.0
BHS,"Bahamas, The",1985,0.0,0.0,0.0,0.0
BHS,"Bahamas, The",1986,0.0,0.0,0.0,0.0
BHS,"Bahamas, The",1987,0.0,0.0,0.0,0.0
BHS,"Bahamas, The",1988,0.0,0.0,0.0,0.0
BHS,"Bahamas, The",1989,0.0,0.0,0.0,0.0
BHS,"Bahamas, The",1990,0.0,0.0,0.0,0.0
BHS,"Bahamas, The",1991,0.0,0.0,0.0,0.0
BHS,"Bahamas, The",1992,0.0,0.0,0.0,0.0
BHS,"Bahamas, The",1993,0.0,0.0,0.0,0.0
BHS,"Bahamas, The",1994,0.0,0.0,0.0,0.0
BHS,"Bahamas, The",1995,0.0,0.0,0.0,0.0
BHS,"Bahamas, The",1996,0.0,0.0,0.0,0.0
BHS,"Bahamas, The",1997,0.0,0.0,0.0,0.0
BHS,"Bahamas, The",1998,0.0,0.0,0.0,0.0
BHS,"Bahamas, The",1999,0.0,0.0,0.0,0.0
BHS,"Bahamas, The",2000,0.0,0.0,0.0,0.0
BHS,"Bahamas, The",2001,0.0,0.0,0.0,0.0
BHS,"Bahamas, The",2002,0.0,0.0,0.0,0.0
BHS,"Bahamas, The",2003,0.0,0.0,0.0,0.0
BHS,"Bahamas, The",2004,0.0,0.0,0.0,0.0
BHS,"Bahamas, The",2005,0.0,0.0,0.0,0.0
BHS,"Bahamas, The",2006,0.0,0.0,0.0,0.0
BHS,"Bahamas, The",2007,0.0,0.0,0.0,0.0
BHS,"Bahamas, The",2008,0.0,0.0,0.0,0.0
BHS,"Bahamas, The",2009,0.0,0.0,0.0,0.0
BHS,"Bahamas, The",2010,0.0,0.0,0.0,0.0
BHS,"Bahamas, The",2011,0.0,0.0,0.0,0.0
BHS,"Bahamas, The",2012,0.0,0.0,0.0,0.0
BHS,"Bahamas, The",2013,0.0,0.0,0.0,0.0
BHS,"Bahamas, The",2014,0.0,0.0,0.0,0.0
BHS,"Bahamas, The",2015,0.0,0.0,0.0,0.0
BHS,"Bahamas, The",2016,0.0,0.0,0.0,0.0
BHS,"Bahamas, The",2017,0.0,0.0,0.0,0.0
BHS,"Bahamas, The",2018,0.0,0.0,0.0,0.0
BHS,"Bahamas, The",2019,0.0,0.0,0.0,0.0
BHS,"Bahamas, The",2020,0.0,0.0,0.0,0.0
BHS,"Bahamas, The",2021,0.0,0.0,0.0,0.0
BHS,"Bahamas, The",2022,,,,
BHS,"Bahamas, The",2023,,,,
BHS,"Bahamas, The",2024,,,,
BHS,"Bahamas, The",2025,,,,
BIH,Bosnia and Herzegovina,1960,,,,
BIH,Bosnia and Herzegovina,1961,,,,
BIH,Bosnia and Herzegovina,1962,,,,
BIH,Bosnia and Herzegovina,1963,,,,
BIH,Bosnia and Herzegovina,1964,,,,
BIH,Bosnia and Herzegovina,1965,,,,
BIH,Bosnia and Herzegovina,1966,,,,
BIH,Bosnia and Herzegovina,1967,,,,
BIH,Bosnia and Herzegovina,1968,,,,
BIH,Bosnia and Herzegovina,1969,,,,
BIH,Bosnia and Herzegovina,1970,,,,
BIH,Bosnia and Herzegovina,1971,,,,
BIH,Bosnia and Herzegovina,1972,,,,
BIH,Bosnia and Herzegovina,1973,,,,
BIH,Bosnia and Herzegovina,1974,,,,
BIH,Bosnia and Herzegovina,1975,,,,
BIH,Bosnia and Herzegovina,1976,,,,
BIH,Bosnia and Herzegovina,1977,,,,
BIH,Bosnia and Herzegovina,1978,,,,
BIH,Bosnia and Herzegovina,1979,,,,
BIH,Bosnia and Herzegovina,1980,,,,
BIH,Bosnia and Herzegovina,1981,,,,
BIH,Bosnia and Herzegovina,1982,,,,
BIH,Bosnia and Herzegovina,1983,,,,
BIH,Bosnia and Herzegovina,1984,,,,
BIH,Bosnia and Herzegovina,1985,,,,
BIH,Bosnia and Herzegovina,1986,,,,
BIH,Bosnia and Herzegovina,1987,,,,
BIH,Bosnia and Herzegovina,1988,,,,
BIH,Bosnia and Herzegovina,1989,,,,
BIH,Bosnia and Herzegovina,1990,,,,
BIH,Bosnia and Herzegovina,1991,,,,
BIH,Bosnia and Herzegovina,1992,,,,
BIH,Bosnia and Herzegovina,1993,,,,
BIH,Bosnia and Herzegovina,1994,0.0,0.0174651080042245,0.0,0.0174651080042245
BIH,Bosnia and Herzegovina,1995,0.0,0.0679731123399078,1.17651005107296,1.244483163412868
BIH,Bosnia and Herzegovina,1996,0.0,0.0383334772307156,0.0,0.0383334772307156
BIH,Bosnia and Herzegovina,1997,0.0,0.039185224023228,0.0,0.039185224023228
BIH,Bosnia and Herzegovina,1998,0.0,0.085860424257097,0.0,0.085860424257097
BIH,Bosnia and Herzegovina,1999,0.0,0.0147906862857682,0.0,0.0147906862857682
BIH,Bosnia and Herzegovina,2000,0.0,0.138280003033367,0.0,0.138280003033367
BIH,Bosnia and Herzegovina,2001,0.0,0.448961430454632,0.0,0.448961430454632
BIH,Bosnia and Herzegovina,2002,0.0,0.141291322347015,0.0,0.141291322347015
BIH,Bosnia and Herzegovina,2003,0.0,0.129088331018867,0.0,0.129088331018867
BIH,Bosnia and Herzegovina,2004,0.0,1.02502375676112,0.0,1.02502375676112
BIH,Bosnia and Herzegovina,2005,0.0,0.613757035471359,0.0,0.613757035471359
BIH,Bosnia and Herzegovina,2006,0.0,0.617839638487773,0.0,0.617839638487773
BIH,Bosnia and Herzegovina,2007,0.0,0.816076787678695,0.0,0.816076787678695
BIH,Bosnia and Herzegovina,2008,0.0,2.37666975759293,0.0,2.37666975759293
BIH,Bosnia and Herzegovina,2009,0.0,0.77289496372878,0.0,0.77289496372878
BIH,Bosnia and Herzegovina,2010,0.0,1.41865020328922,0.0,1.41865020328922
BIH,Bosnia and Herzegovina,2011,0.0,1.85949087082502,0.0,1.85949087082502
BIH,Bosnia and Herzegovina,2012,0.0,0.832298329684597,0.0,0.832298329684597
BIH,Bosnia and Herzegovina,2013,0.0,0.389629817927477,0.0,0.389629817927477
BIH,Bosnia and Herzegovina,2014,0.0,0.258107281929994,0.0,0.258107281929994
BIH,Bosnia and Herzegovina,2015,0.0,0.196643861612622,0.0,0.196643861612622
BIH,Bosnia and Herzegovina,2016,0.0,0.235805940272804,0.0,0.235805940272804
BIH,Bosnia and Herzegovina,2017,0.0,0.302151206386166,0.0,0.302151206386166
BIH,Bosnia and Herzegovina,2018,0.0,0.322899368848151,0.0,0.322899368848151
BIH,Bosnia and Herzegovina,2019,0.0,0.219668427336333,0.0,0.219668427336333
BIH,Bosnia and Herzegovina,2020,0.0,0.184004951800987,0.0,0.184004951800987
BIH,Bosnia and Herzegovina,2021,0.0,0.301983937935592,0.0,0.301983937935592
BIH,Bosnia and Herzegovina,2022,,,,
BIH,Bosnia and Herzegovina,2023,,,,
BIH,Bosnia and Herzegovina,2024,,,,
BIH,Bosnia and Herzegovina,2025,,,,
BLR,Belarus,1960,,,,
BLR,Belarus,1961,,,,
BLR,Belarus,1962,,,,
BLR,Belarus,1963,,,,
BLR,Belarus,1964,,,,
BLR,Belarus,1965,,,,
BLR,Belarus,1966,,,,
BLR,Belarus,1967,,,,
BLR,Belarus,1968,,,,
BLR,Belarus,1969,,,,
BLR,Belarus,1970,,,,
BLR,Belarus,1971,,,,
BLR,Belarus,1972,,,,
BLR,Belarus,1973,,,,
BLR,Belarus,1974,,,,
BLR,Belarus,1975,,,,
BLR,Belarus,1976,,,,
BLR,Belarus,1977,,,,
BLR,Belarus,1978,,,,
BLR,Belarus,1979,,,,
BLR,Belarus,1980,,,,
BLR,Belarus,1981,,,,
BLR,Belarus,1982,,,,
BLR,Belarus,1983,,,,
BLR,Belarus,1984,,,,
BLR,Belarus,1985,,,,
BLR,Belarus,1986,,,,
BLR,Belarus,1987,,,,
BLR,Belarus,1988,,,,
BLR,Belarus,1989,,,,
BLR,Belarus,1990,1.44597190733028,0.0,0.0189812629076474,1.4649531702379273
BLR,Belarus,1991,0.683545756548029,0.0,0.0160697710797241,0.699615527627753
BLR,Belarus,1992,0.678212480241202,0.0,0.0089481715123669,0.6871606517535689
BLR,Belarus,1993,0.683699221725561,0.0,0.0214436893147621,0.7051429110403231
BLR,Belarus,1994,0.662921666065701,0.0,0.0229701022780913,0.6858917683437923
BLR,Belarus,1995,0.764551766430683,0.0,0.0411715388339053,0.8057233052645884
BLR,Belarus,1996,0.962363803239676,0.0,0.0350657440959967,0.9974295473356727
BLR,Belarus,1997,0.782137211300665,0.0,0.0390816469926832,0.8212188582933483
BLR,Belarus,1998,0.225994396151491,0.0,0.0048461889940963,0.2308405851455873
BLR,Belarus,1999,0.852060708251057,0.0,0.0060421985790376,0.8581029068300946
BLR,Belarus,2000,1.78844487580508,0.0,0.03933433969695,1.82777921550203
BLR,Belarus,2001,1.34865249857526,0.0,0.0861676897416726,1.4348201883169325
BLR,Belarus,2002,1.17776447049082,0.0,0.0526260096442433,1.2303904801350631
BLR,Belarus,2003,1.13171633278447,0.0,0.0487649039711523,1.1804812367556223
BLR,Belarus,2004,1.1746798782904,0.0,0.0319836035451253,1.2066634818355253
BLR,Belarus,2005,1.28297270844558,0.0,0.0193793483029706,1.3023520567485505
BLR,Belarus,2006,1.21065194701197,0.0,0.033388719470755,1.244040666482725
BLR,Belarus,2007,1.09295340297526,0.0,0.0249467887705305,1.1179001917457905
BLR,Belarus,2008,1.1998245861583,0.0,0.0333050210480071,1.233129607206307
BLR,Belarus,2009,0.730286719935005,0.0,0.0285917873832907,0.7588785073182958
BLR,Belarus,2010,0.772806204282758,0.0,0.0224285467978157,0.7952347510805737
BLR,Belarus,2011,1.17084554095057,0.0,0.0346631203472808,1.2055086612978507
BLR,Belarus,2012,1.04464650090861,0.0,0.0327663731609392,1.0774128740695492
BLR,Belarus,2013,0.832270804096301,0.0,0.0314435283411334,0.8637143324374345
BLR,Belarus,2014,0.734771849347757,0.0,0.0190292191065204,0.7538010684542774
BLR,Belarus,2015,0.439126030844868,0.0,0.0205835331969136,0.4597095640417816
BLR,Belarus,2016,0.386692377932086,0.0,0.0138373161215679,0.4005296940536539
BLR,Belarus,2017,0.509192771843037,0.0,0.0149563221222871,0.5241490939653242
BLR,Belarus,2018,0.81482381135107,0.0,0.0224386419719246,0.8372624533229945
BLR,Belarus,2019,0.652174604477283,0.0,0.0145331848819673,0.6667077893592503
BLR,Belarus,2020,0.36508491305747,0.0,0.0074468739113335,0.37253178696880346
BLR,Belarus,2021,0.81410582144289,0.0,0.0393613113787622,0.8534671328216522
BLR,Belarus,2022,,,,
BLR,Belarus,2023,,,,
BLR,Belarus,2024,,,,
BLR,Belarus,2025,,,,
BLZ,Belize,1960,,,,
BLZ,Belize,1961,,,,
BLZ,Belize,1962,,,,
BLZ,Belize,1963,,,,
BLZ,Belize,1964,,,,
BLZ,Belize,1965,,,,
BLZ,Belize,1966,,,,
BLZ,Belize,1967,,,,
BLZ,Belize,1968,,,,
BLZ,Belize,1969,,,,
BLZ,Belize,1970,,,,
BLZ,Belize,1971,,,,
BLZ,Belize,1972,,,,
BLZ,Belize,1973,,,,
BLZ,Belize,1974,,,,
BLZ,Belize,1975,,,,
BLZ,Belize,1976,,,,
BLZ,Belize,1977,,,,
BLZ,Belize,1978,,,,
BLZ,Belize,1979,,,,
BLZ,Belize,1980,0.0,0.0,0.0,0.0
BLZ,Belize,1981,0.0,0.0,0.0,0.0
BLZ,Belize,1982,0.0,0.0,0.0,0.0
BLZ,Belize,1983,0.0,0.0,0.0,0.0
BLZ,Belize,1984,0.0,0.0,0.0,0.0
BLZ,Belize,1985,0.0,0.0,0.0,0.0
BLZ,Belize,1986,0.0,0.0,0.0,0.0
BLZ,Belize,1987,0.0,0.0,0.0,0.0
BLZ,Belize,1988,0.0,0.0,0.0,0.0
BLZ,Belize,1989,0.0,0.0,0.0,0.0
BLZ,Belize,1990,0.0,0.0,0.0,0.0
BLZ,Belize,1991,0.0,0.0,0.0,0.0
BLZ,Belize,1992,0.0,0.0,0.0,0.0
BLZ,Belize,1993,0.0,0.0,0.0,0.0
BLZ,Belize,1994,0.0,0.0,0.0,0.0
BLZ,Belize,1995,0.0,0.0,0.0,0.0
BLZ,Belize,1996,0.0,0.0,0.0,0.0
BLZ,Belize,1997,0.0,0.0,0.0,0.0
BLZ,Belize,1998,0.0,0.0,0.0,0.0
BLZ,Belize,1999,0.0,0.0,0.0,0.0
BLZ,Belize,2000,0.0,0.0,0.0,0.0
BLZ,Belize,2001,0.0,0.0,0.0,0.0
BLZ,Belize,2002,0.0,0.0,0.0,0.0
BLZ,Belize,2003,0.0,0.0,0.0,0.0
BLZ,Belize,2004,0.0,0.0,0.0,0.0
BLZ,Belize,2005,0.0302356662908637,0.0,0.0,0.0302356662908637
BLZ,Belize,2006,2.1564696584244,0.0,0.0,2.1564696584244
BLZ,Belize,2007,2.82529999150958,0.0,0.0,2.82529999150958
BLZ,Belize,2008,4.54726478814353,0.0,0.0,4.54726478814353
BLZ,Belize,2009,2.97041788271908,0.0,0.0,2.97041788271908
BLZ,Belize,2010,3.81365912702217,0.0,0.0124065859554827,3.8260657129776527
BLZ,Belize,2011,5.39177359139515,0.0,0.0203645268625787,5.412138118257729
BLZ,Belize,2012,3.61620294980385,0.0,0.0153731327815479,3.631576082585398
BLZ,Belize,2013,2.37815923726399,0.0,0.0059190944349549,2.384078331698945
BLZ,Belize,2014,1.66821698471204,0.0,0.0072804603213085,1.6754974450333486
BLZ,Belize,2015,0.50187422826991,0.0,0.0037060105918705,0.5055802388617805
BLZ,Belize,2016,0.324173047828252,0.0,0.0015571303958436,0.3257301782240956
BLZ,Belize,2017,0.383066806127611,0.0,0.0015939212837048,0.3846607274113158
BLZ,Belize,2018,0.502364606863084,0.0,0.0030619881387516,0.5054265950018356
BLZ,Belize,2019,0.336504088611723,0.0,0.002471227139634,0.338975315751357
BLZ,Belize,2020,0.135640326595164,0.0,0.0012200439076301,0.1368603705027941
BLZ,Belize,2021,0.280281956428533,0.0,0.0016512454161137,0.2819332018446467
BLZ,Belize,2022,,,,
BLZ,Belize,2023,,,,
BLZ,Belize,2024,,,,
BLZ,Belize,2025,,,,
BMU,Bermuda,1960,,,,
BMU,Bermuda,1961,,,,
BMU,Bermuda,1962,,,,
BMU,Bermuda,1963,,,,
BMU,Bermuda,1964,,,,
BMU,Bermuda,1965,,,,
BMU,Bermuda,1966,,,,
BMU,Bermuda,1967,,,,
BMU,Bermuda,1968,,,,
BMU,Bermuda,1969,,,,
BMU,Bermuda,1970,,,,
BMU,Bermuda,1971,,,,
BMU,Bermuda,1972,,,,
BMU,Bermuda,1973,,,,
BMU,Bermuda,1974,,,,
BMU,Bermuda,1975,,,,
BMU,Bermuda,1976,,,,
BMU,Bermuda,1977,,,,
BMU,Bermuda,1978,,,,
BMU,Bermuda,1979,,,,
BMU,Bermuda,1980,0.0,0.0,0.0,0.0
BMU,Bermuda,1981,0.0,0.0,0.0,0.0
BMU,Bermuda,1982,0.0,0.0,0.0,0.0
BMU,Bermuda,1983,0.0,0.0,0.0,0.0
BMU,Bermuda,1984,0.0,0.0,0.0,0.0
BMU,Bermuda,1985,0.0,0.0,0.0,0.0
BMU,Bermuda,1986,0.0,0.0,0.0,0.0
BMU,Bermuda,1987,0.0,0.0,0.0,0.0
BMU,Bermuda,1988,0.0,0.0,0.0,0.0
BMU,Bermuda,1989,0.0,0.0,0.0,0.0
BMU,Bermuda,1990,0.0,0.0,0.0,0.0
BMU,Bermuda,1991,0.0,0.0,0.0,0.0
BMU,Bermuda,1992,0.0,0.0,0.0,0.0
BMU,Bermuda,1993,0.0,0.0,0.0,0.0
BMU,Bermuda,1994,0.0,0.0,0.0,0.0
BMU,Bermuda,1995,0.0,0.0,0.0,0.0
BMU,Bermuda,1996,0.0,0.0,0.0,0.0
BMU,Bermuda,1997,0.0,0.0,0.0,0.0
BMU,Bermuda,1998,0.0,0.0,0.0,0.0
BMU,Bermuda,1999,0.0,0.0,0.0,0.0
BMU,Bermuda,2000,0.0,0.0,0.0,0.0
BMU,Bermuda,2001,0.0,0.0,0.0,0.0
BMU,Bermuda,2002,0.0,0.0,0.0,0.0
BMU,Bermuda,2003,0.0,0.0,0.0,0.0
BMU,Bermuda,2004,0.0,0.0,0.0,0.0
BMU,Bermuda,2005,0.0,0.0,0.0,0.0
BMU,Bermuda,2006,0.0,0.0,0.0,0.0
BMU,Bermuda,2007,0.0,0.0,0.0,0.0
BMU,Bermuda,2008,0.0,0.0,0.0,0.0
BMU,Bermuda,2009,0.0,0.0,0.0,0.0
BMU,Bermuda,2010,0.0,0.0,0.0,0.0
BMU,Bermuda,2011,0.0,0.0,0.0,0.0
BMU,Bermuda,2012,0.0,0.0,0.0,0.0
BMU,Bermuda,2013,0.0,0.0,0.0,0.0
BMU,Bermuda,2014,0.0,0.0,0.0,0.0
BMU,Bermuda,2015,0.0,0.0,0.0,0.0
BMU,Bermuda,2016,0.0,0.0,0.0,0.0
BMU,Bermuda,2017,0.0,0.0,0.0,0.0
BMU,Bermuda,2018,0.0,0.0,0.0,0.0
BMU,Bermuda,2019,0.0,0.0,0.0,0.0
BMU,Bermuda,2020,0.0,0.0,0.0,0.0
BMU,Bermuda,2021,0.0,0.0,0.0,0.0
BMU,Bermuda,2022,,,,
BMU,Bermuda,2023,,,,
BMU,Bermuda,2024,,,,
BMU,Bermuda,2025,,,,
BOL,Bolivia,1960,,,,
BOL,Bolivia,1961,,,,
BOL,Bolivia,1962,,,,
BOL,Bolivia,1963,,,,
BOL,Bolivia,1964,,,,
BOL,Bolivia,1965,,,,
BOL,Bolivia,1966,,,,
BOL,Bolivia,1967,,,,
BOL,Bolivia,1968,,,,
BOL,Bolivia,1969,,,,
BOL,Bolivia,1970,0.414649790617165,,0.0012311267537956,0.4158809173709606
BOL,Bolivia,1971,0.665714020190133,0.0,0.0018547105538726,0.6675687307440057
BOL,Bolivia,1972,0.571149783034975,0.0,0.0457102012203248,0.6168599842552998
BOL,Bolivia,1973,1.0309604428977,0.0,0.0689966230197258,1.0999570659174258
BOL,Bolivia,1974,3.52258007760293,0.0,0.322319828565483,3.844899906168413
BOL,Bolivia,1975,2.99141060687901,0.0,0.520078573219649,3.5114891800986587
BOL,Bolivia,1976,2.87079668141286,0.0,0.462708264111432,3.3335049455242918
BOL,Bolivia,1977,1.70014358966065,0.0,0.0306489103405502,1.7307925000012003
BOL,Bolivia,1978,1.97464196310885,0.0,0.0613971732363734,2.0360391363452237
BOL,Bolivia,1979,4.44938590228508,0.0,0.384692017980359,4.834077920265439
BOL,Bolivia,1980,5.44751163751417,0.0,1.0520260030591,6.49953764057327
BOL,Bolivia,1981,2.84128762572181,0.0,0.48796664760095,3.3292542733227597
BOL,Bolivia,1982,1.9497511710971,0.0,0.112572959783309,2.062324130880409
BOL,Bolivia,1983,2.51904585140964,0.0,0.653856951411134,3.172902802820774
BOL,Bolivia,1984,2.28481799586335,0.0,0.702557158114853,2.9873751539782027
BOL,Bolivia,1985,2.14769704421791,0.0,0.762303434066817,2.910000478284727
BOL,Bolivia,1986,1.13382149372689,0.0,0.896835071018122,2.030656564745012
BOL,Bolivia,1987,1.98031887414419,0.0,0.599810821739996,2.580129695884186
BOL,Bolivia,1988,1.45643295413321,0.0,0.536813425888193,1.9932463800214029
BOL,Bolivia,1989,2.14090278296784,0.0,0.69739802194161,2.83830080490945
BOL,Bolivia,1990,2.75361755081365,0.0,0.862462574435177,3.616080125248827
BOL,Bolivia,1991,1.37366238218404,0.0,0.618763513014861,1.992425895198901
BOL,Bolivia,1992,1.42097317088114,0.0,0.55581800292962,1.97679117381076
BOL,Bolivia,1993,1.3937400044077,0.0,0.635138288006385,2.028878292414085
BOL,Bolivia,1994,1.32063764470926,0.0,0.53602284659459,1.85666049130385
BOL,Bolivia,1995,1.67539093460871,0.0,0.448012489750806,2.123403424359516
BOL,Bolivia,1996,2.08266621438735,0.0,0.405157180948825,2.487823395336175
BOL,Bolivia,1997,1.64557088716868,0.0,0.385551525773547,2.031122412942227
BOL,Bolivia,1998,1.24033297671521,0.0,0.264054370006603,1.504387346721813
BOL,Bolivia,1999,1.83148099301924,0.0,0.320800790853637,2.152281783872877
BOL,Bolivia,2000,3.20071915897547,0.0,0.772562074092428,3.973281233067898
BOL,Bolivia,2001,2.70191454521148,0.0,1.10433905071583,3.80625359592731
BOL,Bolivia,2002,3.20143436722118,0.0,1.10088698094808,4.30232134816926
BOL,Bolivia,2003,3.57840976144804,0.0,1.02122652481984,4.59963628626788
BOL,Bolivia,2004,5.08868092656529,0.0,1.31796776619707,6.40664869276236
BOL,Bolivia,2005,7.33080300030145,0.0,2.83615706373774,10.16696006403919
BOL,Bolivia,2006,6.90511113358437,0.0,3.55806070652127,10.463171840105641
BOL,Bolivia,2007,4.87482833139779,0.0,3.98560882647042,8.86043715786821
BOL,Bolivia,2008,5.13358898631882,0.0,3.64008440973696,8.77367339605578
BOL,Bolivia,2009,1.99901854108232,0.0,3.30564306364059,5.30466160472291
BOL,Bolivia,2010,2.81120414194023,0.0,2.34929579123048,5.16049993317071
BOL,Bolivia,2011,3.57882129837961,0.0,4.72620152059823,8.30502281897784
BOL,Bolivia,2012,3.58582706729094,0.0,5.04123047708524,8.62705754437618
BOL,Bolivia,2013,3.31838837807072,0.0,5.55829339354152,8.87668177161224
BOL,Bolivia,2014,3.03332355757079,0.0,4.77969194953676,7.813015507107551
BOL,Bolivia,2015,1.14024731448316,0.0,2.33856535298855,3.47881266747171
BOL,Bolivia,2016,0.788114698375915,0.0,0.926800497644539,1.714915196020454
BOL,Bolivia,2017,1.02986757658124,0.0,1.0880253133197,2.11789288990094
BOL,Bolivia,2018,1.4498952900262,0.0,2.2533911778168,3.703286467843
BOL,Bolivia,2019,1.0303191682966,0.0,2.06571007254961,3.0960292408462102
BOL,Bolivia,2020,0.497346305966912,0.0,1.20542213557419,1.7027684415411022
BOL,Bolivia,2021,1.26335187425347,0.0,1.85442902804369,3.11778090229716
BOL,Bolivia,2022,,,,
BOL,Bolivia,2023,,,,
BOL,Bolivia,2024,,,,
BOL,Bolivia,2025,,,,
BRA,Brazil,1960,,,,
BRA,Brazil,1961,,,,
BRA,Brazil,1962,,,,
BRA,Brazil,1963,,,,
BRA,Brazil,1964,,,,
BRA,Brazil,1965,,,,
BRA,Brazil,1966,,,,
BRA,Brazil,1967,,,,
BRA,Brazil,1968,,,,
BRA,Brazil,1969,,,,
BRA,Brazil,1970,0.0580871342065977,,5.72988785659341e-05,0.058144433085163635
BRA,Brazil,1971,0.0866783727871194,0.0073919993280761,0.0001278660985326,0.09419823821372811
BRA,Brazil,1972,0.0829818942691442,0.0059453345131592,0.0001545331744168,0.0890817619567202
BRA,Brazil,1973,0.106009897227546,0.0047088859161811,0.0001215669360475,0.11084035007977461
BRA,Brazil,1974,0.472519637288271,0.0133093005032934,0.0013219306492929,0.4871508684408573
BRA,Brazil,1975,0.373603862526055,0.0257281324817585,0.002293093819495,0.40162508882730846
BRA,Brazil,1976,0.330242444580902,0.0297089056901109,0.002184719232441,0.36213606950345395
BRA,Brazil,1977,0.232335459886067,0.0306955655923164,0.0001751527248784,0.2632061782032618
BRA,Brazil,1978,0.224772563826461,0.0276920747165437,0.000480360072334,0.2529449986153387
BRA,Brazil,1979,0.550618644310113,0.0256372479959672,0.0032107249590635,0.5794666172651437
BRA,Brazil,1980,0.699999011497544,0.0308320522999571,0.0087320722189762,0.7395631360164773
BRA,Brazil,1981,0.629316306688949,0.0462258655327928,0.0043974091940186,0.6799395814157605
BRA,Brazil,1982,0.435449134712181,0.0525098297149989,0.0012604326366603,0.4892193970638402
BRA,Brazil,1983,1.07979579101903,0.048249916805463,0.0132378576963637,1.1412835655208566
BRA,Brazil,1984,1.49331145061436,0.0406331226964831,0.0173173264729097,1.5512618997837528
BRA,Brazil,1985,1.79285373159391,0.0475278896636713,0.0227099114399632,1.8630915326975444
BRA,Brazil,1986,0.65804142113814,0.0226060664066618,0.0180827250883556,0.6987302126331575
BRA,Brazil,1987,0.957379779624883,0.0055411028255795,0.0136314009022103,0.9765522833526727
BRA,Brazil,1988,0.643872438571442,0.0095255215951993,0.0110629251504283,0.6644608853170696
BRA,Brazil,1989,0.782840220998812,0.0107631357552744,0.0103246181642644,0.8039279749183509
BRA,Brazil,1990,1.03088670277662,0.0066468832212895,0.0106566895673508,1.0481902755652603
BRA,Brazil,1991,0.635770130186733,0.0068805897483226,0.0102373707253398,0.6528880906603954
BRA,Brazil,1992,0.721680504993654,0.0040455832069694,0.0108604225718194,0.7365865107724427
BRA,Brazil,1993,0.627722800383303,0.000197775450771,0.0140426313835456,0.6419632072176196
BRA,Brazil,1994,0.444187728125844,0.0005794767614297,0.0093027379708349,0.45406994285810864
BRA,Brazil,1995,0.362004918741715,0.0019715942144108,0.0060876771180838,0.37006419007420954
BRA,Brazil,1996,0.471367837068537,0.0012676616984738,0.0062277214979635,0.47886322026497435
BRA,Brazil,1997,0.425301553735655,0.0008753818327511,0.0064874979780479,0.43266443354645395
BRA,Brazil,1998,0.269584542259557,2.05795269019027e-05,0.0053384942350935,0.27494361602155243
BRA,Brazil,1999,0.755293266193,1.38945690023312e-05,0.0131196169136787,0.768426777675681
BRA,Brazil,2000,1.41179870802297,6.98902048105947e-06,0.021960393735733,1.433766090779184
BRA,Brazil,2001,1.27147695936395,0.0032707516928396,0.0258071276939522,1.300554838750742
BRA,Brazil,2002,1.67933238308169,0.0003834839403099,0.0267500574610956,1.7064659244830955
BRA,Brazil,2003,1.73818665052402,0.0006459160300989,0.0202189007331639,1.7590514672872828
BRA,Brazil,2004,1.88707133960992,0.0122345324556236,0.0186665999783458,1.9179724720438893
BRA,Brazil,2005,2.36913016995635,0.0078013213483276,0.0264140866308715,2.403345577935549
BRA,Brazil,2006,2.44556560201409,0.0067546521829496,0.0305846758078658,2.4829049300049055
BRA,Brazil,2007,2.06708286540223,0.008557828200019,0.0293323805781565,2.1049730741804056
BRA,Brazil,2008,2.44243714676148,0.0225501741442782,0.0335296474727113,2.4985169683784694
BRA,Brazil,2009,1.33048498208149,0.0072294282876967,0.0319571904244483,1.369671600793635
BRA,Brazil,2010,1.49436765608812,0.0091357537078027,0.0208700944797705,1.5243735042756932
BRA,Brazil,2011,2.04628720532789,0.0104996113695429,0.0453223777417706,2.1021091944392034
BRA,Brazil,2012,2.04370817642662,0.009147101698668,0.0585963181642604,2.1114515962895486
BRA,Brazil,2013,1.82332429100899,0.0093599740716601,0.0705641668851668,1.903248431965817
BRA,Brazil,2014,1.86374490964098,0.0067796689533387,0.0682078611571187,1.9387324397514372
BRA,Brazil,2015,1.03926987894612,0.0065946650771471,0.047972921893605,1.0938374659168721
BRA,Brazil,2016,0.832280473743435,0.0063941198165457,0.0209459201154779,0.8596205136754586
BRA,Brazil,2017,1.12836853918598,0.0054323987950384,0.0274701476531574,1.1612710856341757
BRA,Brazil,2018,1.90111531664903,0.0069338635299879,0.0651681042894358,1.9732172844684537
BRA,Brazil,2019,1.6761311575078,0.0057737941681049,0.0723668776342963,1.754271829310201
BRA,Brazil,2020,1.07872778605369,0.0061369081619832,0.0477663275367818,1.132631021752455
BRA,Brazil,2021,2.60445733698427,0.0143152350634996,0.0699944991767358,2.6887670712245053
BRA,Brazil,2022,,,,
BRA,Brazil,2023,,,,
BRA,Brazil,2024,,,,
BRA,Brazil,2025,,,,
BRB,Barbados,1960,,,,
BRB,Barbados,1961,,,,
BRB,Barbados,1962,,,,
BRB,Barbados,1963,,,,
BRB,Barbados,1964,,,,
BRB,Barbados,1965,,,,
BRB,Barbados,1966,,,,
BRB,Barbados,1967,,,,
BRB,Barbados,1968,,,,
BRB,Barbados,1969,,,,
BRB,Barbados,1970,,,,
BRB,Barbados,1971,,,,
BRB,Barbados,1972,,,,
BRB,Barbados,1973,,,,
BRB,Barbados,1974,0.340186631141167,,0.0021606877423667,0.3423473188835337
BRB,Barbados,1975,0.32130511572033,,0.0040562089730967,0.3253613246934267
BRB,Barbados,1976,0.385736298950942,,0.0043350618660234,0.3900713608169654
BRB,Barbados,1977,0.335836031110512,,0.0003364047649442,0.3361724358754562
BRB,Barbados,1978,0.379520275189301,,0.0008034452225883,0.3803237204118893
BRB,Barbados,1979,0.864958555471364,,0.0073095791346316,0.8722681346059956
BRB,Barbados,1980,0.770105630007003,0.0,0.013777775853813,0.7838834058608161
BRB,Barbados,1981,0.417196586572948,0.0,0.0044447419906595,0.4216413285636075
BRB,Barbados,1982,0.284683399410002,0.0,0.0009189626617892,0.2856023620717912
BRB,Barbados,1983,0.529135521856333,0.0,0.0094329961094828,0.5385685179658157
BRB,Barbados,1984,0.79182040505135,0.0,0.0114910175378273,0.8033114225891773
BRB,Barbados,1985,0.768484155595027,0.0,0.0142907374793579,0.782774893074385
BRB,Barbados,1986,0.245552114702255,0.0,0.01122675529681,0.256778869999065
BRB,Barbados,1987,0.323893995282382,0.0,0.0065619083994352,0.3304559036818172
BRB,Barbados,1988,0.195489380890473,0.0,0.0061747196905403,0.20166410058101328
BRB,Barbados,1989,0.250544900133297,0.0,0.013754466924589,0.264299367057886
BRB,Barbados,1990,0.400105606628418,0.0,0.0173272684406591,0.4174328750690771
BRB,Barbados,1991,0.215801509024324,0.0,0.0111427006762364,0.2269442097005604
BRB,Barbados,1992,0.259967750227605,0.0,0.0100748952925411,0.27004264552014606
BRB,Barbados,1993,0.220950034231678,0.0,0.0162671757115085,0.2372172099431865
BRB,Barbados,1994,0.203752656578402,0.0,0.0099558634953519,0.2137085200737539
BRB,Barbados,1995,0.23589004398015,0.0,0.0098238262502742,0.2457138702304242
BRB,Barbados,1996,0.215160119006138,0.0,0.0044344885417674,0.21959460754790538
BRB,Barbados,1997,0.16364458574617,0.0,0.0040472098325286,0.1676917955786986
BRB,Barbados,1998,0.133788317191513,0.0,0.0036061388917098,0.1373944560832228
BRB,Barbados,1999,0.260829730780095,0.0,0.0062220350595428,0.2670517658396378
BRB,Barbados,2000,0.366975715871392,0.0,0.0089609789157505,0.3759366947871425
BRB,Barbados,2001,0.233968575112161,0.0,0.0073411310414453,0.24130970615360628
BRB,Barbados,2002,0.233345874765377,0.0,0.0047372425417446,0.2380831173071216
BRB,Barbados,2003,0.216001790781783,0.0,0.0027536289199278,0.2187554197017108
BRB,Barbados,2004,0.231208899358295,0.0,0.0030056774563572,0.2342145768146522
BRB,Barbados,2005,0.344768895111478,0.0,0.0062574371393769,0.3510263322508549
BRB,Barbados,2006,0.381788552150649,0.0,0.0085715957653946,0.3903601479160436
BRB,Barbados,2007,0.337029001675535,0.0,0.0098815867335816,0.3469105884091166
BRB,Barbados,2008,0.381152347371583,0.0,0.0104550387415471,0.39160738611313006
BRB,Barbados,2009,0.195379735576456,0.0,0.0125651343981811,0.2079448699746371
BRB,Barbados,2010,0.274995862501036,0.0,0.0082234626726973,0.2832193251737333
BRB,Barbados,2011,0.44650222837092,0.0,0.0188275988568033,0.4653298272277233
BRB,Barbados,2012,0.421754818765643,0.0,0.020460383695257,0.4422152024609
BRB,Barbados,2013,0.345790863079305,0.0,0.023677064362805,0.36946792744211
BRB,Barbados,2014,0.293287641580527,0.0,0.020579813277069,0.313867454857596
BRB,Barbados,2015,0.105085270554838,0.0,0.0100989510271568,0.1151842215819948
BRB,Barbados,2016,0.0786113955245193,0.0,0.0036186350221517,0.08223003054667101
BRB,Barbados,2017,0.113958458217943,0.0,0.0041047939559615,0.1180632521739045
BRB,Barbados,2018,0.193101287398602,0.0,0.0073250257189182,0.20042631311752018
BRB,Barbados,2019,0.211318147181856,0.0,0.0081904995888136,0.21950864677066959
BRB,Barbados,2020,0.118477272101359,0.0,0.0058625748806262,0.1243398469819852
BRB,Barbados,2021,0.309362900191603,0.0,0.0072164177451088,0.3165793179367118
BRB,Barbados,2022,,,,
BRB,Barbados,2023,,,,
BRB,Barbados,2024,,,,
BRB,Barbados,2025,,,,
BRN,Brunei Darussalam,1960,,,,
BRN,Brunei Darussalam,1961,,,,
BRN,Brunei Darussalam,1962,,,,
BRN,Brunei Darussalam,1963,,,,
BRN,Brunei Darussalam,1964,,,,
BRN,Brunei Darussalam,1965,,,,
BRN,Brunei Darussalam,1966,,,,
BRN,Brunei Darussalam,1967,,,,
BRN,Brunei Darussalam,1968,,,,
BRN,Brunei Darussalam,1969,,,,
BRN,Brunei Darussalam,1970,2.74112553444977,,0.0,2.74112553444977
BRN,Brunei Darussalam,1971,2.68505332797632,0.0,0.1434037109763,2.82845703895262
BRN,Brunei Darussalam,1972,9.2129250732725,0.0,0.320250804180378,9.533175877452877
BRN,Brunei Darussalam,1973,23.0550006711005,0.0,1.36882316787776,24.42382383897826
BRN,Brunei Darussalam,1974,56.6551762756192,0.0,5.79658443141836,62.45176070703756
BRN,Brunei Darussalam,1975,52.9310118193498,0.0,12.3290116966222,65.260023515972
BRN,Brunei Darussalam,1976,55.2783051703255,0.0,14.0583683247057,69.3366734950312
BRN,Brunei Darussalam,1977,52.7272115263147,0.0,12.4247642278543,65.151975754169
BRN,Brunei Darussalam,1978,49.1589692551152,0.0,12.4052642416374,61.56423349675261
BRN,Brunei Darussalam,1979,,,,
BRN,Brunei Darussalam,1980,52.7396416550522,0.0,7.04332659085731,59.782968245909515
BRN,Brunei Darussalam,1981,35.9351425751176,0.0,3.23321037937806,39.16835295449566
BRN,Brunei Darussalam,1982,23.1195915132058,0.0,1.11560819209278,24.23519970529858
BRN,Brunei Darussalam,1983,30.3469179395202,0.0,2.60423015587365,32.95114809539385
BRN,Brunei Darussalam,1984,34.3361652000866,0.0,3.4487090021513,37.784874202237894
BRN,Brunei Darussalam,1985,30.03550300042,0.0,4.61169886779788,34.64720186821788
BRN,Brunei Darussalam,1986,22.9691135535257,0.0,10.7056839953344,33.6747975488601
BRN,Brunei Darussalam,1987,26.7855376176689,0.0,8.01741042873201,34.802948046400914
BRN,Brunei Darussalam,1988,19.0003232268832,0.0,7.141227784753,26.1415510116362
BRN,Brunei Darussalam,1989,25.6466724918498,0.0,7.03299180537517,32.67966429722497
BRN,Brunei Darussalam,1990,30.6838382585785,0.0,8.16323415161987,38.84707241019837
BRN,Brunei Darussalam,1991,17.8487047904996,0.0,6.59662439137408,24.44532918187368
BRN,Brunei Darussalam,1992,19.1281731093251,0.0,6.78004726057027,25.90822036989537
BRN,Brunei Darussalam,1993,18.7936196786674,0.0,8.63913819511752,27.432757873784922
BRN,Brunei Darussalam,1994,16.0500449703665,0.0,9.90028801313038,25.950332983496878
BRN,Brunei Darussalam,1995,13.7981248795186,0.0,10.0563395912067,23.8544644707253
BRN,Brunei Darussalam,1996,16.06642734769,0.0,10.7782742400189,26.844701587708897
BRN,Brunei Darussalam,1997,14.8382113343604,0.0,10.9795246369,25.8177359712604
BRN,Brunei Darussalam,1998,8.7864524447592,0.0,9.39722485634625,18.18367730110545
BRN,Brunei Darussalam,1999,14.7734214326029,0.0,9.5111460455739,24.2845674781768
BRN,Brunei Darussalam,2000,23.4896305488652,0.0,11.4211547210859,34.9107852699511
BRN,Brunei Darussalam,2001,16.742683402114,0.0,11.2438208054038,27.9865042075178
BRN,Brunei Darussalam,2002,16.1096999175722,0.0,9.41914724852506,25.52884716609726
BRN,Brunei Darussalam,2003,16.6876107710204,0.0,11.4097226051516,28.097333376172
BRN,Brunei Darussalam,2004,19.7780085437059,0.0,10.8502219394206,30.6282304831265
BRN,Brunei Darussalam,2005,25.956729633831,0.0,8.85868980707189,34.815419440902886
BRN,Brunei Darussalam,2006,30.500356671909,0.0,6.84285673752605,37.34321340943505
BRN,Brunei Darussalam,2007,27.5236863460397,0.0,5.99662049691355,33.52030684295325
BRN,Brunei Darussalam,2008,26.3149392802544,0.0,5.58937389908977,31.90431317934417
BRN,Brunei Darussalam,2009,16.6918809538917,0.0,6.78152360946728,23.473404563358983
BRN,Brunei Darussalam,2010,20.3808570661645,0.0,6.26653837953077,26.647395445695267
BRN,Brunei Darussalam,2011,24.1925755555505,0.0,5.36775639944301,29.56033195499351
BRN,Brunei Darussalam,2012,20.2405416655378,0.0,4.91811419211934,25.15865585765714
BRN,Brunei Darussalam,2013,16.496289516532,0.0,4.92311523843707,21.41940475496907
BRN,Brunei Darussalam,2014,14.6726548413146,0.0,7.35949291695194,22.03214775826654
BRN,Brunei Darussalam,2015,7.67941403200076,0.0,11.1648852580271,18.84429929002786
BRN,Brunei Darussalam,2016,6.61076862656256,0.0,9.00868081115163,15.61944943771419
BRN,Brunei Darussalam,2017,8.33582039119995,0.0,8.75820089006841,17.09402128126836
BRN,Brunei Darussalam,2018,11.046476859895,0.0,11.3983873234199,22.4448641833149
BRN,Brunei Darussalam,2019,9.00049471310791,0.0,11.7839298120962,20.78442452520411
BRN,Brunei Darussalam,2020,3.45811781195258,0.0,10.2374489601131,13.69556677206568
BRN,Brunei Darussalam,2021,10.3734034426076,0.0,13.8577460214654,24.231149464073
BRN,Brunei Darussalam,2022,,,,
BRN,Brunei Darussalam,2023,,,,
BRN,Brunei Darussalam,2024,,,,
BRN,Brunei Darussalam,2025,,,,
BTN,Bhutan,1960,,,,
BTN,Bhutan,1961,,,,
BTN,Bhutan,1962,,,,
BTN,Bhutan,1963,,,,
BTN,Bhutan,1964,,,,
BTN,Bhutan,1965,,,,
BTN,Bhutan,1966,,,,
BTN,Bhutan,1967,,,,
BTN,Bhutan,1968,,,,
BTN,Bhutan,1969,,,,
BTN,Bhutan,1970,,,,
BTN,Bhutan,1971,,,,
BTN,Bhutan,1972,,,,
BTN,Bhutan,1973,,,,
BTN,Bhutan,1974,,,,
BTN,Bhutan,1975,,,,
BTN,Bhutan,1976,,,,
BTN,Bhutan,1977,,,,
BTN,Bhutan,1978,,,,
BTN,Bhutan,1979,,,,
BTN,Bhutan,1980,0.0,0.0006332689585284,0.0,0.0006332689585284
BTN,Bhutan,1981,0.0,0.0016215333834763,0.0,0.0016215333834763
BTN,Bhutan,1982,0.0,0.0018464605978421,0.0,0.0018464605978421
BTN,Bhutan,1983,0.0,0.001981580976179,0.0,0.001981580976179
BTN,Bhutan,1984,0.0,0.0030461568624062,0.0,0.0030461568624062
BTN,Bhutan,1985,0.0,0.0042478874318419,0.0,0.0042478874318419
BTN,Bhutan,1986,0.0,0.0042573652189281,0.0,0.0042573652189281
BTN,Bhutan,1987,0.0,0.0050196155148594,0.0,0.0050196155148594
BTN,Bhutan,1988,0.0,0.0065141503873266,0.0,0.0065141503873266
BTN,Bhutan,1989,0.0,0.0082370800540608,0.0,0.0082370800540608
BTN,Bhutan,1990,0.0,0.0083993714405701,0.0,0.0083993714405701
BTN,Bhutan,1991,0.0,0.0097947014866216,0.0,0.0097947014866216
BTN,Bhutan,1992,0.0,0.242359976282932,0.0,0.242359976282932
BTN,Bhutan,1993,0.0,0.143846996595482,0.0,0.143846996595482
BTN,Bhutan,1994,0.0,0.190908080409126,0.0,0.190908080409126
BTN,Bhutan,1995,0.0,0.288693595467656,0.0,0.288693595467656
BTN,Bhutan,1996,0.0,0.231359500990389,0.0,0.231359500990389
BTN,Bhutan,1997,0.0,0.143033955611796,0.0,0.143033955611796
BTN,Bhutan,1998,0.0,0.104991590319764,0.0,0.104991590319764
BTN,Bhutan,1999,0.0,0.0735626936548814,0.0,0.0735626936548814
BTN,Bhutan,2000,0.0,0.0933287461203952,0.0,0.0933287461203952
BTN,Bhutan,2001,0.0,0.227224671131255,0.0,0.227224671131255
BTN,Bhutan,2002,0.0,0.147715230880035,0.0,0.147715230880035
BTN,Bhutan,2003,0.0,0.108200870366884,0.0,0.108200870366884
BTN,Bhutan,2004,0.0,0.112179865529557,0.0,0.112179865529557
BTN,Bhutan,2005,0.0,0.224305476447453,0.0,0.224305476447453
BTN,Bhutan,2006,0.0,0.254239630000497,0.0,0.254239630000497
BTN,Bhutan,2007,0.0,0.28236515513651,0.0,0.28236515513651
BTN,Bhutan,2008,0.0,0.669018206498215,0.0,0.669018206498215
BTN,Bhutan,2009,0.0,0.125747038230811,0.0,0.125747038230811
BTN,Bhutan,2010,0.0,0.269641600488603,0.0,0.269641600488603
BTN,Bhutan,2011,0.0,0.299775409988227,0.0,0.299775409988227
BTN,Bhutan,2012,0.0,0.21832837678294,0.0,0.21832837678294
BTN,Bhutan,2013,0.0,0.0,0.0,0.0
BTN,Bhutan,2014,0.0,0.0,0.0,0.0
BTN,Bhutan,2015,0.0,0.0,0.0,0.0
BTN,Bhutan,2016,0.0,0.0,0.0,0.0
BTN,Bhutan,2017,0.0,0.0,0.0,0.0
BTN,Bhutan,2018,0.0,0.0,0.0,0.0
BTN,Bhutan,2019,0.0,0.0,0.0,0.0
BTN,Bhutan,2020,0.0,0.0,0.0,0.0
BTN,Bhutan,2021,0.0,0.0,0.0,0.0
BTN,Bhutan,2022,,,,
BTN,Bhutan,2023,,,,
BTN,Bhutan,2024,,,,
BTN,Bhutan,2025,,,,
BWA,Botswana,1960,,,,
BWA,Botswana,1961,,,,
BWA,Botswana,1962,,,,
BWA,Botswana,1963,,,,
BWA,Botswana,1964,,,,
BWA,Botswana,1965,,,,
BWA,Botswana,1966,,,,
BWA,Botswana,1967,,,,
BWA,Botswana,1968,,,,
BWA,Botswana,1969,,,,
BWA,Botswana,1970,,,,
BWA,Botswana,1971,0.0,0.0,0.0,0.0
BWA,Botswana,1972,0.0,0.0186618352166527,0.0,0.0186618352166527
BWA,Botswana,1973,0.0,0.0388515230798067,0.0,0.0388515230798067
BWA,Botswana,1974,0.0,0.0887536217577939,0.0,0.0887536217577939
BWA,Botswana,1975,0.0,0.319311676387826,0.0,0.319311676387826
BWA,Botswana,1976,0.0,0.973133937939042,0.0,0.973133937939042
BWA,Botswana,1977,0.0,1.09994496800007,0.0,1.09994496800007
BWA,Botswana,1978,0.0,0.852349823897253,0.0,0.852349823897253
BWA,Botswana,1979,0.0,0.718164477160786,0.0,0.718164477160786
BWA,Botswana,1980,0.0,0.820163759120309,0.0,0.820163759120309
BWA,Botswana,1981,0.0,1.23600488060464,0.0,1.23600488060464
BWA,Botswana,1982,0.0,1.47703894704089,0.0,1.47703894704089
BWA,Botswana,1983,0.0,0.753961973463714,0.0,0.753961973463714
BWA,Botswana,1984,0.0,0.566675641782598,0.0,0.566675641782598
BWA,Botswana,1985,0.0,0.786990979960984,0.0,0.786990979960984
BWA,Botswana,1986,0.0,0.54613167949472,0.0,0.54613167949472
BWA,Botswana,1987,0.0,0.278122212469247,0.0,0.278122212469247
BWA,Botswana,1988,0.0,0.328480809768848,0.0,0.328480809768848
BWA,Botswana,1989,0.0,0.364175612291258,0.0,0.364175612291258
BWA,Botswana,1990,0.0,0.376737732667406,0.0,0.376737732667406
BWA,Botswana,1991,0.0,0.347958133021311,0.0,0.347958133021311
BWA,Botswana,1992,0.0,0.339113517040975,0.0,0.339113517040975
BWA,Botswana,1993,0.0,0.240960842415644,0.0,0.240960842415644
BWA,Botswana,1994,0.0,0.250343875040253,0.0,0.250343875040253
BWA,Botswana,1995,0.0,0.323435502252839,0.0,0.323435502252839
BWA,Botswana,1996,0.0,0.23380694105271,0.0,0.23380694105271
BWA,Botswana,1997,0.0,0.184308507701451,0.0,0.184308507701451
BWA,Botswana,1998,0.0,0.166770310280778,0.0,0.166770310280778
BWA,Botswana,1999,0.0,0.101000971358316,0.0,0.101000971358316
BWA,Botswana,2000,0.0,0.139274596524146,0.0,0.139274596524146
BWA,Botswana,2001,0.0,0.252153733387292,0.0,0.252153733387292
BWA,Botswana,2002,0.0,0.170687645060931,0.0,0.170687645060931
BWA,Botswana,2003,0.0,0.12183171274878,0.0,0.12183171274878
BWA,Botswana,2004,0.0,0.346717157221236,0.0,0.346717157221236
BWA,Botswana,2005,0.0,0.26837351869852,0.0,0.26837351869852
BWA,Botswana,2006,0.0,0.28588666950323,0.0,0.28588666950323
BWA,Botswana,2007,0.0,0.32800425160969,0.0,0.32800425160969
BWA,Botswana,2008,0.0,0.764905638314842,0.0,0.764905638314842
BWA,Botswana,2009,0.0,0.220914121745021,0.0,0.220914121745021
BWA,Botswana,2010,0.0,0.430760831584099,0.0,0.430760831584099
BWA,Botswana,2011,0.0,0.368466644271236,0.0,0.368466644271236
BWA,Botswana,2012,0.0,0.508801284243223,0.0,0.508801284243223
BWA,Botswana,2013,0.0,0.40661685146208,0.0,0.40661685146208
BWA,Botswana,2014,0.0,0.312542070209993,0.0,0.312542070209993
BWA,Botswana,2015,0.0,0.307384412369603,0.0,0.307384412369603
BWA,Botswana,2016,0.0,0.279219006721672,0.0,0.279219006721672
BWA,Botswana,2017,0.0,0.41284939046878,0.0,0.41284939046878
BWA,Botswana,2018,0.0,0.514157744276992,0.0,0.514157744276992
BWA,Botswana,2019,0.0,0.326579622734528,0.0,0.326579622734528
BWA,Botswana,2020,0.0,0.276198000728634,0.0,0.276198000728634
BWA,Botswana,2021,0.0,0.500235146664399,0.0,0.500235146664399
BWA,Botswana,2022,,,,
BWA,Botswana,2023,,,,
BWA,Botswana,2024,,,,
BWA,Botswana,2025,,,,
CAF,Central African Republic,1960,,,,
CAF,Central African Republic,1961,,,,
CAF,Central African Republic,1962,,,,
CAF,Central African Republic,1963,,,,
CAF,Central African Republic,1964,,,,
CAF,Central African Republic,1965,,,,
CAF,Central African Republic,1966,,,,
CAF,Central African Republic,1967,,,,
CAF,Central African Republic,1968,,,,
CAF,Central African Republic,1969,,,,
CAF,Central African Republic,1970,,,,
CAF,Central African Republic,1971,,,,
CAF,Central African Republic,1972,,,,
CAF,Central African Republic,1973,,,,
CAF,Central African Republic,1974,,,,
CAF,Central African Republic,1975,,,,
CAF,Central African Republic,1976,,,,
CAF,Central African Republic,1977,,,,
CAF,Central African Republic,1978,,,,
CAF,Central African Republic,1979,,,,
CAF,Central African Republic,1980,0.0,0.0,0.0,0.0
CAF,Central African Republic,1981,0.0,0.0,0.0,0.0
CAF,Central African Republic,1982,0.0,0.0,0.0,0.0
CAF,Central African Republic,1983,0.0,0.0,0.0,0.0
CAF,Central African Republic,1984,0.0,0.0,0.0,0.0
CAF,Central African Republic,1985,0.0,0.0,0.0,0.0
CAF,Central African Republic,1986,0.0,0.0,0.0,0.0
CAF,Central African Republic,1987,0.0,0.0,0.0,0.0
CAF,Central African Republic,1988,0.0,0.0,0.0,0.0
CAF,Central African Republic,1989,0.0,0.0,0.0,0.0
CAF,Central African Republic,1990,0.0,0.0,0.0,0.0
CAF,Central African Republic,1991,0.0,0.0,0.0,0.0
CAF,Central African Republic,1992,0.0,0.0,0.0,0.0
CAF,Central African Republic,1993,0.0,0.0,0.0,0.0
CAF,Central African Republic,1994,0.0,0.0,0.0,0.0
CAF,Central African Republic,1995,0.0,0.0,0.0,0.0
CAF,Central African Republic,1996,0.0,0.0,0.0,0.0
CAF,Central African Republic,1997,0.0,0.0,0.0,0.0
CAF,Central African Republic,1998,0.0,0.0,0.0,0.0
CAF,Central African Republic,1999,0.0,0.0,0.0,0.0
CAF,Central African Republic,2000,0.0,0.0,0.0,0.0
CAF,Central African Republic,2001,0.0,0.0,0.0,0.0
CAF,Central African Republic,2002,0.0,0.0,0.0,0.0
CAF,Central African Republic,2003,0.0,0.0,0.0,0.0
CAF,Central African Republic,2004,0.0,0.0,0.0,0.0
CAF,Central African Republic,2005,0.0,0.0,0.0,0.0
CAF,Central African Republic,2006,0.0,0.0,0.0,0.0
CAF,Central African Republic,2007,0.0,0.0,0.0,0.0
CAF,Central African Republic,2008,0.0,0.0,0.0,0.0
CAF,Central African Republic,2009,0.0,0.0,0.0,0.0
CAF,Central African Republic,2010,0.0,0.0,0.0,0.0
CAF,Central African Republic,2011,0.0,0.0,0.0,0.0
CAF,Central African Republic,2012,0.0,0.0,0.0,0.0
CAF,Central African Republic,2013,0.0,0.0,0.0,0.0
CAF,Central African Republic,2014,0.0,0.0,0.0,0.0
CAF,Central African Republic,2015,0.0,0.0,0.0,0.0
CAF,Central African Republic,2016,0.0,0.0,0.0,0.0
CAF,Central African Republic,2017,0.0,0.0,0.0,0.0
CAF,Central African Republic,2018,0.0,0.0,0.0,0.0
CAF,Central African Republic,2019,0.0,0.0,0.0,0.0
CAF,Central African Republic,2020,0.0,0.0,0.0,0.0
CAF,Central African Republic,2021,0.0,0.0,0.0,0.0
CAF,Central African Republic,2022,,,,
CAF,Central African Republic,2023,,,,
CAF,Central African Republic,2024,,,,
CAF,Central African Republic,2025,,,,
CAN,Canada,1960,,,,
CAN,Canada,1961,,,,
CAN,Canada,1962,,,,
CAN,Canada,1963,,,,
CAN,Canada,1964,,,,
CAN,Canada,1965,,,,
CAN,Canada,1966,,,,
CAN,Canada,1967,,,,
CAN,Canada,1968,,,,
CAN,Canada,1969,,,,
CAN,Canada,1970,0.426218710916176,0.0433348274114575,0.0,0.4695535383276335
CAN,Canada,1971,0.483633891255014,0.0566591579819479,0.0030485849378955,0.5433416341748574
CAN,Canada,1972,0.590960087858191,0.0590341706995272,0.0588189994360263,0.7088132579937445
CAN,Canada,1973,0.686930362294564,0.0650808504544417,0.1426426606558,0.8946538734048056
CAN,Canada,1974,2.38832396012474,0.107996315967817,1.21748336294711,3.713803639039667
CAN,Canada,1975,2.22091277208219,0.276727362850915,1.10373747588184,3.6013776108149447
CAN,Canada,1976,1.95008492096025,0.258039127916198,0.970374757005405,3.178498805881853
CAN,Canada,1977,2.09690953813731,0.27850186292136,1.10295864524684,3.47837004630551
CAN,Canada,1978,1.98951388040675,0.287550478769541,1.00869937722993,3.285763736406221
CAN,Canada,1979,4.31015132989068,0.262087037870324,2.90184676433781,7.474085132098814
CAN,Canada,1980,5.01982219226639,0.277263544413415,2.56694931882748,7.864035055507285
CAN,Canada,1981,3.28392374750294,0.376629952319113,1.46667244821244,5.127226148034493
CAN,Canada,1982,1.97676703684554,0.419235112485125,0.304784526479071,2.700786675809736
CAN,Canada,1983,2.44822333019716,0.287063903271562,0.98963206288441,3.7249192963531317
CAN,Canada,1984,2.2666488894717,0.300918623851284,1.12473451428459,3.6923020276075738
CAN,Canada,1985,2.35728323441837,0.310806449938126,1.01026569663988,3.678355380996376
CAN,Canada,1986,0.99798271953185,0.219081026212053,0.215695535730593,1.432759281474496
CAN,Canada,1987,1.43056959785417,0.124808297233776,0.581851693211679,2.137229588299625
CAN,Canada,1988,0.882613319611029,0.140037714678585,0.386410049774813,1.409061084064427
CAN,Canada,1989,1.1043802752248,0.176471232681141,0.396208226919289,1.67705973482523
CAN,Canada,1990,1.48748684267335,0.179973367798056,0.349427811582374,2.01688802205378
CAN,Canada,1991,1.00432007393102,0.180997900139032,0.289858797634096,1.4751767717041482
CAN,Canada,1992,1.08494897339021,0.138835445422196,0.599039987027641,1.8228244058400471
CAN,Canada,1993,1.00984609631256,0.114565804059871,0.990733550697472,2.115145451069903
CAN,Canada,1994,0.968662410274702,0.0951296547985666,0.849171344883912,1.9129634099571806
CAN,Canada,1995,1.03435296028991,0.164621094674048,0.596623247023328,1.7955973019872862
CAN,Canada,1996,1.29674202820292,0.171225903313589,1.17352464599299,2.6414925775094993
CAN,Canada,1997,0.806571445967673,0.154495984691372,1.28537701238966,2.2464444430487047
CAN,Canada,1998,0.35126817314169,0.116915908557634,0.948852588336806,1.41703667003613
CAN,Canada,1999,0.764045566591957,0.0686138022560112,1.19673708351473,2.029396452362698
CAN,Canada,2000,1.47117947256471,0.0678379849881592,2.69008812026294,4.229105577815809
CAN,Canada,2001,0.858857509112782,0.111915500607763,2.24768527470397,3.218458284424515
CAN,Canada,2002,0.955943439201293,0.0859207575484165,1.52405736696144,2.565921563711149
CAN,Canada,2003,1.12578576172741,0.0703204719569824,2.64892897467011,3.8450352083545027
CAN,Canada,2004,1.49755944499054,0.141081981512294,2.36322206157322,4.001863488076054
CAN,Canada,2005,1.78498681477884,0.152155931468389,3.22083898396214,5.157981730209369
CAN,Canada,2006,1.79784487204702,0.153706697524731,1.41752853523662,3.369080104808371
CAN,Canada,2007,1.79572860434846,0.109096873104644,1.1136047676712,3.018430245124304
CAN,Canada,2008,2.54002352343034,0.374150835026828,1.5731684213923,4.4873427798494685
CAN,Canada,2009,1.33142171181656,0.198211464291355,0.129656375469644,1.6592895515775592
CAN,Canada,2010,1.36035981724265,0.246577674456861,0.0,1.6069374916995112
CAN,Canada,2011,1.65206257737853,0.312902433338827,0.0,1.964965010717357
CAN,Canada,2012,0.873035162318975,0.165451060942996,0.0,1.038486223261971
CAN,Canada,2013,1.25009355545576,0.111210926632906,0.0,1.361304482088666
CAN,Canada,2014,1.16512699520053,0.0762774146791335,0.118317835064536,1.3597222449441995
CAN,Canada,2015,0.0345891578218769,0.0677434311762043,0.0,0.1023325889980812
CAN,Canada,2016,0.471724709301756,0.0762147109420282,0.0,0.5479394202437842
CAN,Canada,2017,0.816766635206739,0.0890428258212832,0.0,0.9058094610280222
CAN,Canada,2018,1.50562872928079,0.0853870422151225,0.0205383386190184,1.6115541101149309
CAN,Canada,2019,1.6199500962193,0.053736494242235,0.0,1.673686590461535
CAN,Canada,2020,0.8889084820818,0.0442539359555517,0.0,0.9331624180373517
CAN,Canada,2021,2.82978528865474,0.0730211132400775,0.793958417895896,3.6967648197907135
CAN,Canada,2022,,,,
CAN,Canada,2023,,,,
CAN,Canada,2024,,,,
CAN,Canada,2025,,,,
CHE,Switzerland,1960,,,,
CHE,Switzerland,1961,,,,
CHE,Switzerland,1962,,,,
CHE,Switzerland,1963,,,,
CHE,Switzerland,1964,,,,
CHE,Switzerland,1965,,,,
CHE,Switzerland,1966,,,,
CHE,Switzerland,1967,,,,
CHE,Switzerland,1968,,,,
CHE,Switzerland,1969,,,,
CHE,Switzerland,1970,,,,
CHE,Switzerland,1971,,,,
CHE,Switzerland,1972,,,,
CHE,Switzerland,1973,,,,
CHE,Switzerland,1974,,,,
CHE,Switzerland,1975,,,,
CHE,Switzerland,1976,,,,
CHE,Switzerland,1977,,,,
CHE,Switzerland,1978,,,,
CHE,Switzerland,1979,,,,
CHE,Switzerland,1980,0.0,0.0,0.0,0.0
CHE,Switzerland,1981,0.0,0.0,0.0,0.0
CHE,Switzerland,1982,0.0,0.0,0.0,0.0
CHE,Switzerland,1983,0.0,0.0,0.0,0.0
CHE,Switzerland,1984,0.0,0.0,0.0,0.0
CHE,Switzerland,1985,0.0,0.0,0.0005218016758897,0.0005218016758897
CHE,Switzerland,1986,0.0,0.0,0.0003680875429549,0.0003680875429549
CHE,Switzerland,1987,0.0,0.0,4.63037968362586e-05,4.63037968362586e-05
CHE,Switzerland,1988,0.0,0.0,2.51750591147481e-05,2.51750591147481e-05
CHE,Switzerland,1989,0.0,0.0,1.39026769117188e-05,1.39026769117188e-05
CHE,Switzerland,1990,0.0,0.0,2.41975953514502e-05,2.41975953514502e-05
CHE,Switzerland,1991,0.0,0.0,1.26354380718431e-05,1.26354380718431e-05
CHE,Switzerland,1992,0.0,0.0,6.44796022674242e-06,6.44796022674242e-06
CHE,Switzerland,1993,0.0,0.0,9.96984088687989e-06,9.96984088687989e-06
CHE,Switzerland,1994,0.0,0.0,4.37153720340599e-06,4.37153720340599e-06
CHE,Switzerland,1995,0.0,0.0,0.0,0.0
CHE,Switzerland,1996,0.0,0.0,0.0,0.0
CHE,Switzerland,1997,0.0,0.0,0.0,0.0
CHE,Switzerland,1998,0.0,0.0,0.0,0.0
CHE,Switzerland,1999,0.0,0.0,0.0,0.0
CHE,Switzerland,2000,0.0,0.0,0.0,0.0
CHE,Switzerland,2001,0.0,0.0,0.0,0.0
CHE,Switzerland,2002,0.0,0.0,0.0,0.0
CHE,Switzerland,2003,0.0,0.0,0.0,0.0
CHE,Switzerland,2004,0.0001852692365648,0.0,0.0,0.0001852692365648
CHE,Switzerland,2005,0.0003177655135726,0.0,0.0,0.0003177655135726
CHE,Switzerland,2006,0.0006371193447155,0.0,0.0,0.0006371193447155
CHE,Switzerland,2007,0.000749164452712,0.0,0.0,0.000749164452712
CHE,Switzerland,2008,0.0009600137277195,0.0,0.0,0.0009600137277195
CHE,Switzerland,2009,0.0002032025500118,0.0,0.0,0.0002032025500118
CHE,Switzerland,2010,0.0003013510522918,0.0,0.0,0.0003013510522918
CHE,Switzerland,2011,0.000356657639592,0.0,0.0,0.000356657639592
CHE,Switzerland,2012,0.000416318750538,0.0,0.0,0.000416318750538
CHE,Switzerland,2013,0.0002682146217397,0.0,0.0,0.0002682146217397
CHE,Switzerland,2014,0.0002434873143646,0.0,0.0,0.0002434873143646
CHE,Switzerland,2015,0.0001250641115047,0.0,0.0,0.0001250641115047
CHE,Switzerland,2016,0.0001166601338747,0.0,0.0,0.0001166601338747
CHE,Switzerland,2017,0.0001785775350507,0.0,0.0,0.0001785775350507
CHE,Switzerland,2018,0.0002173572725704,0.0,0.0,0.0002173572725704
CHE,Switzerland,2019,0.0004447948217574,0.0,0.0,0.0004447948217574
CHE,Switzerland,2020,0.0002312519110674,0.0,0.0,0.0002312519110674
CHE,Switzerland,2021,0.0005122900578712,0.0,0.0,0.0005122900578712
CHE,Switzerland,2022,,,,
CHE,Switzerland,2023,,,,
CHE,Switzerland,2024,,,,
CHE,Switzerland,2025,,,,
CHI,Channel Islands,1960,,,,
CHI,Channel Islands,1961,,,,
CHI,Channel Islands,1962,,,,
CHI,Channel Islands,1963,,,,
CHI,Channel Islands,1964,,,,
CHI,Channel Islands,1965,,,,
CHI,Channel Islands,1966,,,,
CHI,Channel Islands,1967,,,,
CHI,Channel Islands,1968,,,,
CHI,Channel Islands,1969,,,,
CHI,Channel Islands,1970,,,,
CHI,Channel Islands,1971,,,,
CHI,Channel Islands,1972,,,,
CHI,Channel Islands,1973,,,,
CHI,Channel Islands,1974,,,,
CHI,Channel Islands,1975,,,,
CHI,Channel Islands,1976,,,,
CHI,Channel Islands,1977,,,,
CHI,Channel Islands,1978,,,,
CHI,Channel Islands,1979,,,,
CHI,Channel Islands,1980,,,,
CHI,Channel Islands,1981,,,,
CHI,Channel Islands,1982,,,,
CHI,Channel Islands,1983,,,,
CHI,Channel Islands,1984,,,,
CHI,Channel Islands,1985,,,,
CHI,Channel Islands,1986,,,,
CHI,Channel Islands,1987,,,,
CHI,Channel Islands,1988,,,,
CHI,Channel Islands,1989,,,,
CHI,Channel Islands,1990,,,,
CHI,Channel Islands,1991,,,,
CHI,Channel Islands,1992,,,,
CHI,Channel Islands,1993,,,,
CHI,Channel Islands,1994,,,,
CHI,Channel Islands,1995,,,,
CHI,Channel Islands,1996,,,,
CHI,Channel Islands,1997,,,,
CHI,Channel Islands,1998,,,,
CHI,Channel Islands,1999,,,,
CHI,Channel Islands,2000,,,,
CHI,Channel Islands,2001,,,,
CHI,Channel Islands,2002,,,,
CHI,Channel Islands,2003,,,,
CHI,Channel Islands,2004,,,,
CHI,Channel Islands,2005,,,,
CHI,Channel Islands,2006,,,,
CHI,Channel Islands,2007,,,,
CHI,Channel Islands,2008,,,,
CHI,Channel Islands,2009,,,,
CHI,Channel Islands,2010,,,,
CHI,Channel Islands,2011,,,,
CHI,Channel Islands,2012,,,,
CHI,Channel Islands,2013,,,,
CHI,Channel Islands,2014,,,,
CHI,Channel Islands,2015,,,,
CHI,Channel Islands,2016,,,,
CHI,Channel Islands,2017,,,,
CHI,Channel Islands,2018,,,,
CHI,Channel Islands,2019,,,,
CHI,Channel Islands,2020,,,,
CHI,Channel Islands,2021,,,,
CHI,Channel Islands,2022,,,,
CHI,Channel Islands,2023,,,,
CHI,Channel Islands,2024,,,,
CHI,Channel Islands,2025,,,,
CHL,Chile,1960,,,,
CHL,Chile,1961,,,,
CHL,Chile,1962,,,,
CHL,Chile,1963,,,,
CHL,Chile,1964,,,,
CHL,Chile,1965,,,,
CHL,Chile,1966,,,,
CHL,Chile,1967,,,,
CHL,Chile,1968,,,,
CHL,Chile,1969,,,,
CHL,Chile,1970,0.0562266313632991,,0.003308307833218,0.059534939196517096
CHL,Chile,1971,0.0773644632134632,1.75428797542783e-07,0.0036845799783075,0.08104921862056824
CHL,Chile,1972,0.0828826445018713,2.56488899074269e-06,0.0035501859287641,0.08643539531962614
CHL,Chile,1973,0.104264180453157,0.0006390022535605,0.0020428381413628,0.1069460208480803
CHL,Chile,1974,0.606349740712544,0.0262491200162529,0.0163020700804943,0.6489009308092912
CHL,Chile,1975,1.2361480689743,0.223367483634975,0.0716004078776441,1.5311159604869191
CHL,Chile,1976,0.979511538628698,0.142771724540081,0.0809842745964913,1.2032675377652702
CHL,Chile,1977,0.607553508279438,0.111844922123817,0.0050332848443822,0.7244317152476372
CHL,Chile,1978,0.582775440508512,0.0668422495479221,0.0118442217382171,0.6614619117946512
CHL,Chile,1979,1.11799850318142,0.0388434146987495,0.0382826484491269,1.1951245663292964
CHL,Chile,1980,1.03979635359195,0.063445362636141,0.0653228010732039,1.168564517301295
CHL,Chile,1981,0.903989200937335,0.0965916910144665,0.0334080002016052,1.0339888921534068
CHL,Chile,1982,0.772552374023926,0.125998565942598,0.0099171656472238,0.9084681056137477
CHL,Chile,1983,1.18928887039012,0.0764968910338638,0.0712456912340203,1.337031452658004
CHL,Chile,1984,1.18048972397471,0.0626453939991633,0.0827549906491545,1.325890108623028
CHL,Chile,1985,1.17571112818707,0.0954568103551375,0.0913946703167388,1.3625626088589462
CHL,Chile,1986,0.409029921948734,0.0497742889633383,0.0656320959297065,0.5244363068417788
CHL,Chile,1987,0.544418330796708,2.94416860399134e-05,0.0405633946803494,0.5850111671630973
CHL,Chile,1988,0.282172670801024,0.0153343291888085,0.0405319825729947,0.33803898256282716
CHL,Chile,1989,0.335865076332922,0.0355850958232769,0.0637259298853554,0.4351761020415543
CHL,Chile,1990,0.378183852893491,0.0388798270131772,0.0728562190095789,0.4899198989162471
CHL,Chile,1991,0.15702683344808,0.0319766808501447,0.0453311051993622,0.2343346194975869
CHL,Chile,1992,0.123100470876911,0.0104163434648414,0.038321853889761,0.17183866823151342
CHL,Chile,1993,0.101835542669396,0.0,0.0423070875971118,0.1441426302665078
CHL,Chile,1994,0.0759573406290912,0.0,0.0347164019518358,0.11067374258092699
CHL,Chile,1995,0.0577970101150581,0.0040407221851858,0.0225535114248099,0.0843912437250538
CHL,Chile,1996,0.0596959389109353,0.0005220338077354,0.0220761655005779,0.08229413821924861
CHL,Chile,1997,0.038289499179926,0.0,0.0198402199294848,0.0581297191094108
CHL,Chile,1998,0.0234700874281488,0.0,0.0140606516256155,0.037530739053764306
CHL,Chile,1999,0.0418250296937214,0.0,0.025964022680054,0.0677890523737754
CHL,Chile,2000,0.0648093154178196,0.0,0.0492733030540225,0.1140826184718421
CHL,Chile,2001,0.0510190743548732,0.001379500355391,0.0562807667278416,0.1086793414381058
CHL,Chile,2002,0.0501709401792536,0.0,0.0437175691931366,0.09388850937239021
CHL,Chile,2003,0.0506283318232754,1.86613613263971e-07,0.0255686799154457,0.07619719835233436
CHL,Chile,2004,0.0480418034693177,0.0043617950941407,0.019692704959145,0.0720963035226034
CHL,Chile,2005,0.0466681498310735,0.004529101461407,0.0355430214805236,0.0867402727730041
CHL,Chile,2006,0.0305200002965691,0.0039630770712313,0.0384461522535262,0.0729292296213266
CHL,Chile,2007,0.0244412955141765,0.0026223934594917,0.0395838125596647,0.0666475015333329
CHL,Chile,2008,0.0394143420844663,0.017518031560179,0.0413250084352478,0.0982573820798931
CHL,Chile,2009,0.0241963153528489,0.0041393143410706,0.0505988665683244,0.0789344962622439
CHL,Chile,2010,0.0177167005915164,0.0080349820593617,0.0282523464279479,0.054004029078825996
CHL,Chile,2011,0.0202996901928584,0.0094602506274596,0.0440500118610045,0.0738099526813225
CHL,Chile,2012,0.0339242699071752,0.006770633681382,0.0362681843736354,0.0769630879621926
CHL,Chile,2013,0.0371419227856785,0.0209492686777565,0.0300928851237097,0.0881840765871447
CHL,Chile,2014,0.0299545823134528,0.0242195938381422,0.0237423341784095,0.07791651033000449
CHL,Chile,2015,0.0070217503844221,0.0152173546318032,0.0163761783716805,0.038615283387905805
CHL,Chile,2016,0.0071656778225496,0.0133752190489627,0.0081846580803659,0.0287255549518782
CHL,Chile,2017,0.0083333916899708,0.0156030837579444,0.0100470032058539,0.0339834786537691
CHL,Chile,2018,0.0122096396579944,0.015765082710182,0.0228131047345746,0.050787827102750996
CHL,Chile,2019,0.01138461169495,0.0077391169052194,0.0313384615447608,0.0504621901449302
CHL,Chile,2020,0.0073483419512708,0.0024227961414755,0.0143455551337787,0.024116693226525
CHL,Chile,2021,0.0126983242549898,0.0001519770108825,0.0213598763535539,0.0342101776194262
CHL,Chile,2022,,,,
CHL,Chile,2023,,,,
CHL,Chile,2024,,,,
CHL,Chile,2025,,,,
CHN,China,1960,,,,
CHN,China,1961,,,,
CHN,China,1962,,,,
CHN,China,1963,,,,
CHN,China,1964,,,,
CHN,China,1965,,,,
CHN,China,1966,,,,
CHN,China,1967,,,,
CHN,China,1968,,,,
CHN,China,1969,,,,
CHN,China,1970,0.0239932527380286,,0.0,0.0239932527380286
CHN,China,1971,0.0326166388114579,0.0745389208411057,0.0054312942933849,0.1125868539459485
CHN,China,1972,0.110289049637007,0.0691535992826392,0.0092033528827298,0.188646001802376
CHN,China,1973,0.335981223804028,0.077074228180657,0.0146021265650113,0.4276575785496963
CHN,China,1974,2.77486095153925,0.711009206486046,0.0854365348821421,3.5713066929074384
CHN,China,1975,3.13064076517083,2.69280693403666,0.156379185078558,5.979826884286048
CHN,China,1976,4.11075236691182,3.0311520485369,0.199514391006454,7.341418806455173
CHN,China,1977,4.32661024057366,3.08113278502555,0.197542971292289,7.6052859968914985
CHN,China,1978,5.55801172476075,3.33590821868904,0.298356152647044,9.192276096096833
CHN,China,1979,11.6010159186869,2.69650761840277,0.372525341825161,14.67004887891483
CHN,China,1980,12.2797158609943,4.550303812533,0.322729870295346,17.152749543822647
CHN,China,1981,9.41179174665108,7.95333965961777,0.117879993566964,17.483011399835814
CHN,China,1982,6.06435465384148,8.72549855637581,0.0321590932387949,14.822012303456084
CHN,China,1983,6.54804530796784,4.38935293161726,0.0652670367121731,11.002665276297273
CHN,China,1984,6.22299902406109,2.98496212712962,0.0757826807799267,9.283743831970636
CHN,China,1985,5.60486220624911,3.04748440074638,0.0848619176159509,8.737208524611441
CHN,China,1986,2.8471706463358,1.58663620371161,0.143334745481363,4.577141595528773
CHN,China,1987,4.78169369741204,0.196742361719575,0.141300446141658,5.119736505273273
CHN,China,1988,3.18960289496402,0.914569028426778,0.102787699332707,4.206959622723504
CHN,China,1989,4.15992450908559,1.47842452212878,0.105879097731663,5.744228128946032
CHN,China,1990,5.54445902741075,1.7052386616778,0.137794047610542,7.387491736699092
CHN,China,1991,3.02704993378969,1.34805201595044,0.1124132027329,4.48751515247303
CHN,China,1992,2.96010199129732,0.699208657061324,0.110443553541784,3.769754201900428
CHN,China,1993,2.81111820572631,0.142655939106701,0.131100101339435,3.084874246172446
CHN,China,1994,1.9160808560853,0.0649779012544379,0.123497618029488,2.104556375369226
CHN,China,1995,1.62342401977579,0.455735912219756,0.100748559616033,2.179908491611579
CHN,China,1996,1.84232152309017,0.128660824709202,0.11848025821498,2.089462606014352
CHN,China,1997,1.44303352016986,0.0847831389309089,0.123887552681035,1.651704211781804
CHN,China,1998,0.634591601254742,0.14993960613722,0.0857852995104412,0.8703165069024033
CHN,China,1999,1.08727720069319,0.0711870233211488,0.0962944519710737,1.2547586759854126
CHN,China,2000,2.03905175243341,0.146386681969002,0.14650852993033,2.331946964332742
CHN,China,2001,1.32058497741337,0.801896055646553,0.134243959482196,2.256724992542119
CHN,China,2002,1.24409369454799,0.263542850237849,0.114450402325318,1.622086947111157
CHN,China,2003,1.28559248986066,0.220007406138794,0.134315827720248,1.6399157237197022
CHN,China,2004,1.63506369666261,2.48180871668287,0.156262243265364,4.273134656610844
CHN,China,2005,2.23061473485701,1.84458902608905,0.164824325904146,4.240028086850206
CHN,China,2006,2.2255244607283,1.8434710833023,0.142534786756028,4.211530330786628
CHN,China,2007,1.75983053566581,2.10209759333344,0.125539522363848,3.9874676513630978
CHN,China,2008,1.9902860340032,4.95292742699964,0.117610932160963,7.060824393163802
CHN,China,2009,0.899050539990343,1.70995200685933,0.11303728959797,2.722039836447643
CHN,China,2010,1.22257362123247,2.74101073299239,0.114498931303681,4.078083285528541
CHN,China,2011,1.54520918045373,3.531173681463,0.111272165477375,5.187655027394106
CHN,China,2012,1.28348679227813,1.77837319641686,0.101496660091287,3.163356648786277
CHN,China,2013,1.07614082250695,1.08227721470867,0.0941454766793496,2.2525635138949696
CHN,China,2014,0.888100390466572,0.795129720884853,0.125698597465449,1.808928708816874
CHN,China,2015,0.335243616051991,0.404630230720423,0.134795850990954,0.874669697763368
CHN,China,2016,0.245866848453772,0.413140466173888,0.104843531709252,0.763850846336912
CHN,China,2017,0.313804041024999,0.53771676055273,0.106612708521095,0.958133510098824
CHN,China,2018,0.413038667779282,0.582602393231466,0.153295372359551,1.148936433370299
CHN,China,2019,0.298457754882779,0.448117054740137,0.160723457303557,0.907298266926473
CHN,China,2020,0.114304451775114,0.359558405712834,0.135539849767672,0.60940270725562
CHN,China,2021,0.308578757061099,0.607568894164746,0.210524604380993,1.126672255606838
CHN,China,2022,,,,
CHN,China,2023,,,,
CHN,China,2024,,,,
CHN,China,2025,,,,
CIV,Cote d'Ivoire,1960,,,,
CIV,Cote d'Ivoire,1961,,,,
CIV,Cote d'Ivoire,1962,,,,
CIV,Cote d'Ivoire,1963,,,,
CIV,Cote d'Ivoire,1964,,,,
CIV,Cote d'Ivoire,1965,,,,
CIV,Cote d'Ivoire,1966,,,,
CIV,Cote d'Ivoire,1967,,,,
CIV,Cote d'Ivoire,1968,,,,
CIV,Cote d'Ivoire,1969,,,,
CIV,Cote d'Ivoire,1970,,,,
CIV,Cote d'Ivoire,1971,0.0,,,0.0
CIV,Cote d'Ivoire,1972,0.0,,,0.0
CIV,Cote d'Ivoire,1973,0.0,,,0.0
CIV,Cote d'Ivoire,1974,0.0,,,0.0
CIV,Cote d'Ivoire,1975,0.0,,,0.0
CIV,Cote d'Ivoire,1976,0.0,,,0.0
CIV,Cote d'Ivoire,1977,0.0,,,0.0
CIV,Cote d'Ivoire,1978,0.0,0.0,,0.0
CIV,Cote d'Ivoire,1979,0.0,0.0,,0.0
CIV,Cote d'Ivoire,1980,0.11162471818467,0.0,,0.11162471818467
CIV,Cote d'Ivoire,1981,0.406239015865524,0.0,,0.406239015865524
CIV,Cote d'Ivoire,1982,0.344693538381303,0.0,,0.344693538381303
CIV,Cote d'Ivoire,1983,1.08325619955352,0.0,,1.08325619955352
CIV,Cote d'Ivoire,1984,1.23720996916911,0.0,,1.23720996916911
CIV,Cote d'Ivoire,1985,1.32980271732637,0.0,,1.32980271732637
CIV,Cote d'Ivoire,1986,0.326483420224798,0.0,,0.326483420224798
CIV,Cote d'Ivoire,1987,0.535702692063633,0.0,,0.535702692063633
CIV,Cote d'Ivoire,1988,0.284584624376772,0.0,,0.284584624376772
CIV,Cote d'Ivoire,1989,0.104980258706609,0.0,,0.104980258706609
CIV,Cote d'Ivoire,1990,0.111829077867099,0.0,,0.111829077867099
CIV,Cote d'Ivoire,1991,0.0411260342677253,0.0,,0.0411260342677253
CIV,Cote d'Ivoire,1992,0.21395748137054,0.0,,0.21395748137054
CIV,Cote d'Ivoire,1993,0.231249910568653,0.0,,0.231249910568653
CIV,Cote d'Ivoire,1994,0.263283893930115,0.0,,0.263283893930115
CIV,Cote d'Ivoire,1995,0.230815868459038,0.0,0.0069778311120424,0.2377936995710804
CIV,Cote d'Ivoire,1996,0.380359773738748,0.0,0.0579435908857458,0.4383033646244938
CIV,Cote d'Ivoire,1997,0.319862757443427,0.0,0.0411475004385256,0.3610102578819526
CIV,Cote d'Ivoire,1998,0.101604151054954,0.0,0.0549598172907061,0.1565639683456601
CIV,Cote d'Ivoire,1999,0.162964832198363,0.0,0.108854679545715,0.271819511744078
CIV,Cote d'Ivoire,2000,0.308013121439312,0.0,0.21648578432124,0.524498905760552
CIV,Cote d'Ivoire,2001,0.184450908626382,0.0,0.268183612174263,0.45263452080064503
CIV,Cote d'Ivoire,2002,0.449871788392484,0.0,0.191211922520124,0.641083710912608
CIV,Cote d'Ivoire,2003,0.547536157690114,0.0,0.161409274386099,0.708945432076213
CIV,Cote d'Ivoire,2004,0.868358242832743,0.0,0.173819970816715,1.042178213649458
CIV,Cote d'Ivoire,2005,2.12719162540331,0.0,0.126214192619765,2.253405818023075
CIV,Cote d'Ivoire,2006,3.70627347527892,0.0,0.407012042239876,4.113285517518796
CIV,Cote d'Ivoire,2007,2.92984750032697,0.0,0.274487306472778,3.204334806799748
CIV,Cote d'Ivoire,2008,3.23685198449427,0.0,0.307395693178292,3.544247677672562
CIV,Cote d'Ivoire,2009,1.55323608726763,0.0,0.245314581949486,1.798550669217116
CIV,Cote d'Ivoire,2010,1.97607516845206,0.0,0.283475786785777,2.259550955237837
CIV,Cote d'Ivoire,2011,2.38568766510419,0.0,0.362965532638359,2.748653197742549
CIV,Cote d'Ivoire,2012,2.01610713884301,0.0,0.393227820298858,2.409334959141868
CIV,Cote d'Ivoire,2013,1.32089224861062,0.0,0.320411424987291,1.641303673597911
CIV,Cote d'Ivoire,2014,0.691789500523942,0.0,0.319671081972001,1.011460582495943
CIV,Cote d'Ivoire,2015,0.366602851194199,0.0,0.261322774444977,0.627925625639176
CIV,Cote d'Ivoire,2016,0.384370728252087,0.0,0.178681873738581,0.563052601990668
CIV,Cote d'Ivoire,2017,0.811412807702894,0.0,0.186969561218541,0.9983823689214351
CIV,Cote d'Ivoire,2018,0.930497052970617,0.0,0.253454611297185,1.183951664267802
CIV,Cote d'Ivoire,2019,0.857465003549306,0.0,0.218403089389861,1.075868092939167
CIV,Cote d'Ivoire,2020,0.371217181360166,0.0,0.177485744990039,0.548702926350205
CIV,Cote d'Ivoire,2021,0.70017290136454,0.0,0.309353155239366,1.0095260566039062
CIV,Cote d'Ivoire,2022,,,,
CIV,Cote d'Ivoire,2023,,,,
CIV,Cote d'Ivoire,2024,,,,
CIV,Cote d'Ivoire,2025,,,,
CMR,Cameroon,1960,,,,
CMR,Cameroon,1961,,,,
CMR,Cameroon,1962,,,,
CMR,Cameroon,1963,,,,
CMR,Cameroon,1964,,,,
CMR,Cameroon,1965,,,,
CMR,Cameroon,1966,,,,
CMR,Cameroon,1967,,,,
CMR,Cameroon,1968,,,,
CMR,Cameroon,1969,,,,
CMR,Cameroon,1970,,,,
CMR,Cameroon,1971,0.0,0.0,0.0,0.0
CMR,Cameroon,1972,0.0,0.0,0.0,0.0
CMR,Cameroon,1973,0.0,0.0,0.0,0.0
CMR,Cameroon,1974,0.0,0.0,0.0,0.0
CMR,Cameroon,1975,0.0,0.0,0.0,0.0
CMR,Cameroon,1976,0.0,0.0,0.0,0.0
CMR,Cameroon,1977,0.0781817184019177,0.0,0.0,0.0781817184019177
CMR,Cameroon,1978,0.83681430650894,0.0,0.0,0.83681430650894
CMR,Cameroon,1979,4.76693275264051,0.0,0.0,4.76693275264051
CMR,Cameroon,1980,6.6964981697782,0.0,0.0,6.6964981697782
CMR,Cameroon,1981,5.87804427818666,0.0,0.0,5.87804427818666
CMR,Cameroon,1982,2.87852166523641,0.0,0.0,2.87852166523641
CMR,Cameroon,1983,6.02763685227288,0.0,0.0,6.02763685227288
CMR,Cameroon,1984,7.82271434985394,0.0,0.0,7.82271434985394
CMR,Cameroon,1985,9.97862114735416,0.0,0.0,9.97862114735416
CMR,Cameroon,1986,2.36486314097188,0.0,0.0,2.36486314097188
CMR,Cameroon,1987,4.54942204576229,0.0,0.0,4.54942204576229
CMR,Cameroon,1988,3.73209127245004,0.0,0.0,3.73209127245004
CMR,Cameroon,1989,7.61262799687422,0.0,0.0,7.61262799687422
CMR,Cameroon,1990,8.68450877617334,0.0,0.0,8.68450877617334
CMR,Cameroon,1991,4.65315901033898,0.0,0.0,4.65315901033898
CMR,Cameroon,1992,4.7419927824119,0.0,0.0,4.7419927824119
CMR,Cameroon,1993,3.08798938410601,0.0,0.0,3.08798938410601
CMR,Cameroon,1994,3.96666682607101,0.0,0.0,3.96666682607101
CMR,Cameroon,1995,3.7645468556202,0.0,0.0,3.7645468556202
CMR,Cameroon,1996,4.21594793357001,0.0,0.0,4.21594793357001
CMR,Cameroon,1997,4.60078884361968,0.0,0.0,4.60078884361968
CMR,Cameroon,1998,2.051675402548,0.0,0.0,2.051675402548
CMR,Cameroon,1999,2.7393088165397,0.0,0.0,2.7393088165397
CMR,Cameroon,2000,5.65350106318017,0.0,0.0,5.65350106318017
CMR,Cameroon,2001,3.59717199204675,0.0,0.0,3.59717199204675
CMR,Cameroon,2002,3.05284107934737,0.0,0.0,3.05284107934737
CMR,Cameroon,2003,2.31676395154355,0.0,0.0,2.31676395154355
CMR,Cameroon,2004,2.75939445890458,0.0,0.0,2.75939445890458
CMR,Cameroon,2005,5.28439433394488,0.0,0.0021223957771239,5.2865167297220035
CMR,Cameroon,2006,6.18342969188823,0.0,0.005855599493132,6.189285291381362
CMR,Cameroon,2007,6.03958891829607,0.0,0.0049330640108033,6.044521982306873
CMR,Cameroon,2008,7.12107584128101,0.0,0.0052768354804251,7.126352676761434
CMR,Cameroon,2009,3.18641938368574,0.0,0.0044795666249974,3.1908989503107374
CMR,Cameroon,2010,4.14191421736693,0.0,0.0529414980109188,4.194855715377848
CMR,Cameroon,2011,5.25804310748538,0.0,0.049940575845557,5.307983683330938
CMR,Cameroon,2012,5.26170344833076,0.0,0.0951680418324432,5.356871490163203
CMR,Cameroon,2013,4.19597685270569,0.0,1.46664435256529e-17,4.19597685270569
CMR,Cameroon,2014,3.67835628658685,0.0,0.122306805074881,3.800663091661731
CMR,Cameroon,2015,1.89664344480798,0.0,0.109547491948903,2.006190936756883
CMR,Cameroon,2016,1.55546940126434,0.0,0.075259562096555,1.630728963360895
CMR,Cameroon,2017,2.19707562839754,0.0,0.0955529946977523,2.2926286230952924
CMR,Cameroon,2018,2.78430133697793,0.0,0.356813520977837,3.1411148579557673
CMR,Cameroon,2019,2.42269397588966,0.0,0.49071048227931,2.91340445816897
CMR,Cameroon,2020,1.28058779283346,0.0,0.361296047441197,1.641883840274657
CMR,Cameroon,2021,2.36159953238547,0.0,0.584760671391585,2.946360203777055
CMR,Cameroon,2022,,,,
CMR,Cameroon,2023,,,,
CMR,Cameroon,2024,,,,
CMR,Cameroon,2025,,,,
COD,"Congo, Dem. Rep.",1960,,,,
COD,"Congo, Dem. Rep.",1961,,,,
COD,"Congo, Dem. Rep.",1962,,,,
COD,"Congo, Dem. Rep.",1963,,,,
COD,"Congo, Dem. Rep.",1964,,,,
COD,"Congo, Dem. Rep.",1965,,,,
COD,"Congo, Dem. Rep.",1966,,,,
COD,"Congo, Dem. Rep.",1967,,,,
COD,"Congo, Dem. Rep.",1968,,,,
COD,"Congo, Dem. Rep.",1969,,,,
COD,"Congo, Dem. Rep.",1970,,,,
COD,"Congo, Dem. Rep.",1971,0.0,0.0073093099570111,0.0,0.0073093099570111
COD,"Congo, Dem. Rep.",1972,0.0,0.0085041786811758,0.0,0.0085041786811758
COD,"Congo, Dem. Rep.",1973,0.0,0.0083748881903898,0.0,0.0083748881903898
COD,"Congo, Dem. Rep.",1974,0.0,0.010636333210213,0.0,0.010636333210213
COD,"Congo, Dem. Rep.",1975,0.001672162639878,0.0266903598110773,0.0,0.0283625224509553
COD,"Congo, Dem. Rep.",1976,0.73175808205292,0.0195194840899775,0.0,0.7512775661428975
COD,"Congo, Dem. Rep.",1977,0.646473546532972,0.0187303503284891,0.0,0.6652038968614611
COD,"Congo, Dem. Rep.",1978,0.371763445844138,0.0119255853935333,0.0,0.3836890312376713
COD,"Congo, Dem. Rep.",1979,1.16243208437868,0.0117680004887757,0.0,1.1742000848674556
COD,"Congo, Dem. Rep.",1980,0.972185772178855,0.0240384523831925,0.0,0.9962242245620475
COD,"Congo, Dem. Rep.",1981,0.748745254525893,0.0415887168711392,0.0,0.7903339713970322
COD,"Congo, Dem. Rep.",1982,0.293930091965501,0.034794904631151,0.0,0.328724996596652
COD,"Congo, Dem. Rep.",1983,0.83527905758779,0.0245596664503119,0.0,0.8598387240381019
COD,"Congo, Dem. Rep.",1984,1.72331982799581,0.029454852344647,0.0,1.752774680340457
COD,"Congo, Dem. Rep.",1985,2.14537157884134,0.0360951861014179,0.0,2.181466764942758
COD,"Congo, Dem. Rep.",1986,0.635779190957398,0.0243935475390816,0.0,0.6601727384964796
COD,"Congo, Dem. Rep.",1987,1.38967425377524,0.0191071080738812,0.0,1.4087813618491212
COD,"Congo, Dem. Rep.",1988,0.926352686963646,0.0211678148404289,0.0,0.9475205018040749
COD,"Congo, Dem. Rep.",1989,1.46454484550055,0.0250913169805197,0.0,1.48963616248107
COD,"Congo, Dem. Rep.",1990,2.06738083913538,0.0259130599458666,0.0,2.0932938990812464
COD,"Congo, Dem. Rep.",1991,1.0194588751419,0.0,0.0,1.0194588751419
COD,"Congo, Dem. Rep.",1992,1.18085978623998,0.0,0.0,1.18085978623998
COD,"Congo, Dem. Rep.",1993,0.83847770505667,0.0,0.0,0.83847770505667
COD,"Congo, Dem. Rep.",1994,1.38193909888382,0.0,0.0,1.38193909888382
COD,"Congo, Dem. Rep.",1995,1.80440473026036,0.0,0.0,1.80440473026036
COD,"Congo, Dem. Rep.",1996,2.19515258214803,0.0,0.0,2.19515258214803
COD,"Congo, Dem. Rep.",1997,1.8203081208374,0.0,0.0,1.8203081208374
COD,"Congo, Dem. Rep.",1998,0.797078595749003,0.0,0.0,0.797078595749003
COD,"Congo, Dem. Rep.",1999,1.73975706615301,0.0,0.0,1.73975706615301
COD,"Congo, Dem. Rep.",2000,0.862629545247728,0.0,0.0,0.862629545247728
COD,"Congo, Dem. Rep.",2001,1.71728779678104,0.0,0.0,1.71728779678104
COD,"Congo, Dem. Rep.",2002,1.45214336853988,0.0,0.0,1.45214336853988
COD,"Congo, Dem. Rep.",2003,1.59353042142954,0.0,0.0,1.59353042142954
COD,"Congo, Dem. Rep.",2004,2.13752329731202,0.0,0.0,2.13752329731202
COD,"Congo, Dem. Rep.",2005,2.66413154294407,0.0,0.0,2.66413154294407
COD,"Congo, Dem. Rep.",2006,2.58333183654341,0.0,0.0051376957111961,2.588469532254606
COD,"Congo, Dem. Rep.",2007,2.54642184974013,0.0,0.0085533364806232,2.5549751862207533
COD,"Congo, Dem. Rep.",2008,2.83293568116403,0.0,0.008963235415929,2.841898916579959
COD,"Congo, Dem. Rep.",2009,1.37907393656144,0.0,0.0081376594459377,1.3872115960073776
COD,"Congo, Dem. Rep.",2010,1.80606291179953,0.0,0.0077997629672618,1.8138626747667916
COD,"Congo, Dem. Rep.",2011,2.44284320183572,0.0,0.0095730701789558,2.4524162720146756
COD,"Congo, Dem. Rep.",2012,2.05735950238427,0.0,,2.05735950238427
COD,"Congo, Dem. Rep.",2013,1.5624595976329,0.0,,1.5624595976329
COD,"Congo, Dem. Rep.",2014,1.0574581164719,0.0,0.000561016888275,1.058019133360175
COD,"Congo, Dem. Rep.",2015,0.345534121829134,0.0,0.0002185659727756,0.3457526878019096
COD,"Congo, Dem. Rep.",2016,0.306678110044986,0.0,4.59100664006211e-05,0.30672402011138666
COD,"Congo, Dem. Rep.",2017,0.659902410781335,0.0,4.85414901302104e-05,0.6599509522714653
COD,"Congo, Dem. Rep.",2018,0.783495113502667,0.0,6.12298906058406e-05,0.7835563433932728
COD,"Congo, Dem. Rep.",2019,0.629309383334329,0.0,6.04172796864765e-05,0.6293698006140155
COD,"Congo, Dem. Rep.",2020,0.358850561150071,0.0,0.0,0.358850561150071
COD,"Congo, Dem. Rep.",2021,0.649836903019219,0.0,0.0,0.649836903019219
COD,"Congo, Dem. Rep.",2022,,,,
COD,"Congo, Dem. Rep.",2023,,,,
COD,"Congo, Dem. Rep.",2024,,,,
COD,"Congo, Dem. Rep.",2025,,,,
COG,"Congo, Rep.",1960,,,,
COG,"Congo, Rep.",1961,,,,
COG,"Congo, Rep.",1962,,,,
COG,"Congo, Rep.",1963,,,,
COG,"Congo, Rep.",1964,,,,
COG,"Congo, Rep.",1965,,,,
COG,"Congo, Rep.",1966,,,,
COG,"Congo, Rep.",1967,,,,
COG,"Congo, Rep.",1968,,,,
COG,"Congo, Rep.",1969,,,,
COG,"Congo, Rep.",1970,0.0115602838766326,,,0.0115602838766326
COG,"Congo, Rep.",1971,0.0030984373883722,0.0,,0.0030984373883722
COG,"Congo, Rep.",1972,0.186200888466482,0.0,,0.186200888466482
COG,"Congo, Rep.",1973,1.51885780119361,0.0,,1.51885780119361
COG,"Congo, Rep.",1974,24.2620319664417,0.0,,24.2620319664417
COG,"Congo, Rep.",1975,13.1385741712754,0.0,,13.1385741712754
COG,"Congo, Rep.",1976,15.4202485231747,0.0,,15.4202485231747
COG,"Congo, Rep.",1977,16.5001923359572,0.0,,16.5001923359572
COG,"Congo, Rep.",1978,17.1334552526525,0.0,,17.1334552526525
COG,"Congo, Rep.",1979,37.9393625588413,0.0,,37.9393625588413
COG,"Congo, Rep.",1980,29.3499929583315,0.0,0.0187707325735457,29.36876369090505
COG,"Congo, Rep.",1981,17.8736388507926,0.0,0.0107724316754048,17.884411282468005
COG,"Congo, Rep.",1982,7.25092356913313,0.0,0.0035021105914775,7.254425679724608
COG,"Congo, Rep.",1983,17.9104655007995,0.0,0.0126376939117345,17.923103194711235
COG,"Congo, Rep.",1984,22.3319139805741,0.0,0.0117026531626422,22.343616633736744
COG,"Congo, Rep.",1985,24.1675969162857,0.0,0.0337013691848965,24.201298285470596
COG,"Congo, Rep.",1986,9.9166539586636,0.0,0.0096329814021158,9.926286940065715
COG,"Congo, Rep.",1987,18.2464767133142,0.0,0.0313491024686438,18.27782581578284
COG,"Congo, Rep.",1988,17.2879024167938,0.0,0.0,17.2879024167938
COG,"Congo, Rep.",1989,31.9903938330206,0.0,0.0,31.9903938330206
COG,"Congo, Rep.",1990,37.0679852946243,0.0,0.0,37.0679852946243
COG,"Congo, Rep.",1991,20.7037580261964,0.0,0.0,20.7037580261964
COG,"Congo, Rep.",1992,23.3587405950744,0.0,0.0,23.3587405950744
COG,"Congo, Rep.",1993,27.2825783443645,0.0,0.0,27.2825783443645
COG,"Congo, Rep.",1994,32.4835583497713,0.0,0.0,32.4835583497713
COG,"Congo, Rep.",1995,31.3905248097934,0.0,0.0,31.3905248097934
COG,"Congo, Rep.",1996,34.2466290821695,0.0,0.0,34.2466290821695
COG,"Congo, Rep.",1997,38.8429815606382,0.0,0.0,38.8429815606382
COG,"Congo, Rep.",1998,23.4026290591939,0.0,0.0,23.4026290591939
COG,"Congo, Rep.",1999,34.4709216830853,0.0,0.0,34.4709216830853
COG,"Congo, Rep.",2000,55.9533665542603,0.0,0.0,55.9533665542603
COG,"Congo, Rep.",2001,43.2924415564204,0.0,0.0,43.2924415564204
COG,"Congo, Rep.",2002,40.6339102482945,0.0,0.0,40.6339102482945
COG,"Congo, Rep.",2003,32.8203228243625,0.0,,32.8203228243625
COG,"Congo, Rep.",2004,36.7574181614469,0.0,,36.7574181614469
COG,"Congo, Rep.",2005,44.9456173814714,0.0,0.0373602563649983,44.9829776378364
COG,"Congo, Rep.",2006,50.1208093428642,0.0,0.136515195916912,50.25732453878111
COG,"Congo, Rep.",2007,43.9536353057112,0.0,0.194880093886761,44.14851539959796
COG,"Congo, Rep.",2008,48.8603735696485,0.0,0.232242539355073,49.09261610900357
COG,"Congo, Rep.",2009,32.0193923725837,0.0,0.34102428913248,32.36041666171618
COG,"Congo, Rep.",2010,40.9410251641332,0.0,0.490499136773879,41.43152430090708
COG,"Congo, Rep.",2011,48.6661331517592,0.0,0.749128501169339,49.415261652928535
COG,"Congo, Rep.",2012,38.0875246076633,0.0,0.697104154265071,38.78462876192837
COG,"Congo, Rep.",2013,29.6858074019147,0.0,0.90171887030378,30.587526272218483
COG,"Congo, Rep.",2014,24.8226399767107,0.0,0.491681471556293,25.314321448266995
COG,"Congo, Rep.",2015,12.2746700668843,0.0,0.529950921594635,12.804620988478934
COG,"Congo, Rep.",2016,12.8004971968497,0.0,0.388986974310453,13.189484171160153
COG,"Congo, Rep.",2017,25.0227768251894,0.0,0.435295524625467,25.458072349814866
COG,"Congo, Rep.",2018,38.248715891351,0.0,0.562029195762642,38.81074508711364
COG,"Congo, Rep.",2019,35.8517991110343,0.0,0.374465630241367,36.22626474127567
COG,"Congo, Rep.",2020,22.4084125429251,0.0,0.238426693941222,22.64683923686632
COG,"Congo, Rep.",2021,34.3828809069635,0.0,0.356926091847818,34.73980699881132
COG,"Congo, Rep.",2022,,,,
COG,"Congo, Rep.",2023,,,,
COG,"Congo, Rep.",2024,,,,
COG,"Congo, Rep.",2025,,,,
COL,Colombia,1960,,,,
COL,Colombia,1961,,,,
COL,Colombia,1962,,,,
COL,Colombia,1963,,,,
COL,Colombia,1964,,,,
COL,Colombia,1965,,,,
COL,Colombia,1966,,,,
COL,Colombia,1967,,,,
COL,Colombia,1968,,,,
COL,Colombia,1969,,,,
COL,Colombia,1970,0.453852135192152,,0.0051902082612574,0.4590423434534094
COL,Colombia,1971,0.685517417606044,0.0410172348042826,0.0080708778773064,0.7346055302876331
COL,Colombia,1972,0.657317983358433,0.0368235493191544,0.0094324356811315,0.7035739683587189
COL,Colombia,1973,0.92942316517958,0.0357097536021074,0.0080780684805028,0.9732109872621902
COL,Colombia,1974,3.98291235195913,0.134444545082803,0.0520234776352319,4.169380374677165
COL,Colombia,1975,3.33821480333793,0.410758200603752,0.0801917665400931,3.8291647704817753
COL,Colombia,1976,2.86098892003378,0.414101377848907,0.068185364348838,3.343275662231525
COL,Colombia,1977,1.78535540238928,0.347249855431733,0.0045167537537278,2.1371220115747405
COL,Colombia,1978,1.56559233732864,0.291940467657637,0.0118828050147876,1.8694156100010646
COL,Colombia,1979,3.25082063533461,0.227242710571107,0.0761920482064286,3.5542553941121455
COL,Colombia,1980,3.40244588319501,0.227831539620897,0.179099352689446,3.809376775505353
COL,Colombia,1981,2.79806453723812,0.340147473242694,0.107367436318633,3.245579446799447
COL,Colombia,1982,1.67230460563661,0.374381410162188,0.0211484248551719,2.06783444065397
COL,Colombia,1983,2.43966813941097,0.253478521180264,0.111165543903119,2.8043122044943534
COL,Colombia,1984,2.66352851984923,0.233149990629555,0.176121214519172,3.0727997249979566
COL,Colombia,1985,2.92183566367263,0.352719780445643,0.190067064115417,3.46462250823369
COL,Colombia,1986,2.14754362376945,0.223224724725254,0.159059832733703,2.529828181228407
COL,Colombia,1987,4.29296249771919,0.054428760529238,0.110307064031435,4.457698322279863
COL,Colombia,1988,2.8758638419425,0.112481137209196,0.0937686628666727,3.0821136420183683
COL,Colombia,1989,4.66461024743611,0.282186927995717,0.113496920436502,5.060294095868329
COL,Colombia,1990,5.85725180474062,0.318211442256867,0.123827884295904,6.2992911312933915
COL,Colombia,1991,3.02073717145768,0.2736211426375,0.100203101977118,3.394561416072298
COL,Colombia,1992,2.83229170281085,0.155844186701443,0.0736125390692444,3.0617484285815375
COL,Colombia,1993,2.45619870164746,0.0342376032108984,0.0834645375361317,2.57390084239449
COL,Colombia,1994,1.94674410530817,0.0153010812605245,0.0607742835358483,2.022819470104543
COL,Colombia,1995,2.53983784015495,0.0932435181074178,0.0460974047307293,2.679178762993097
COL,Colombia,1996,3.29062171473192,0.0320248212890901,0.0473161137419421,3.369962649762952
COL,Colombia,1997,2.73078985975652,0.017596369894562,0.0539552977634069,2.8023415274144887
COL,Colombia,1998,1.79752139116737,0.0181023390909199,0.0470901919207675,1.8627139221790574
COL,Colombia,1999,3.89182280764251,0.0057856175748216,0.064673624416215,3.9622820496335467
COL,Colombia,2000,5.13691457442314,0.0059474327041465,0.111515277869386,5.254377284996672
COL,Colombia,2001,3.3895291211657,0.0917148556563016,0.119128827948719,3.6003728047707204
COL,Colombia,2002,3.4723491449574,0.0189143133586352,0.0943543415243117,3.585617799840347
COL,Colombia,2003,3.70073313323441,0.012881055924233,0.0735630238143874,3.7871772129730306
COL,Colombia,2004,3.84640284854431,1.06821593565836,0.0624997059439029,4.977118490146573
COL,Colombia,2005,4.6618753019502,0.596433944424005,0.100445843787992,5.358755090162197
COL,Colombia,2006,5.14627956079988,0.667109273396652,0.138003736740983,5.951392570937515
COL,Colombia,2007,4.23708928157192,1.00789274631713,0.137520220909257,5.382502248798307
COL,Colombia,2008,5.53392629328463,2.52115179783189,0.153846594070654,8.208924685187174
COL,Colombia,2009,3.27049268265203,0.693707471444523,0.205016544784415,4.169216698880968
COL,Colombia,2010,4.39207978728564,1.27474708918259,0.126227349398466,5.793054225866696
COL,Colombia,2011,6.932640671944,1.77817848904041,0.235528552582625,8.946347713567036
COL,Colombia,2012,6.20532168790636,1.03216023590783,0.245199962236551,7.482681886050742
COL,Colombia,2013,5.87412217837008,0.731247317458531,0.27873333434137,6.884102830169981
COL,Colombia,2014,5.26376178203189,0.592321749950267,0.249868141338717,6.105951673320874
COL,Colombia,2015,2.62770808784162,0.570764338950047,0.154268801916413,3.3527412287080796
COL,Colombia,2016,1.86176731845908,0.708360151216034,0.0625158675282947,2.632643337203409
COL,Colombia,2017,2.42584234973897,0.859687671858285,0.0740134626050438,3.359543484202299
COL,Colombia,2018,3.64006660382347,0.870600652866166,0.174481375671232,4.6851486323608675
COL,Colombia,2019,3.14271008185612,0.666127039502179,0.19571942392748,4.004556545285779
COL,Colombia,2020,1.56279790261714,0.389999760965154,0.124980430688447,2.077778094270741
COL,Colombia,2021,3.42402487593374,0.725814104210245,0.175988272187925,4.3258272523319095
COL,Colombia,2022,,,,
COL,Colombia,2023,,,,
COL,Colombia,2024,,,,
COL,Colombia,2025,,,,
COM,Comoros,1960,,,,
COM,Comoros,1961,,,,
COM,Comoros,1962,,,,
COM,Comoros,1963,,,,
COM,Comoros,1964,,,,
COM,Comoros,1965,,,,
COM,Comoros,1966,,,,
COM,Comoros,1967,,,,
COM,Comoros,1968,,,,
COM,Comoros,1969,,,,
COM,Comoros,1970,,,,
COM,Comoros,1971,,,,
COM,Comoros,1972,,,,
COM,Comoros,1973,,,,
COM,Comoros,1974,,,,
COM,Comoros,1975,,,,
COM,Comoros,1976,,,,
COM,Comoros,1977,,,,
COM,Comoros,1978,,,,
COM,Comoros,1979,,,,
COM,Comoros,1980,0.0,0.0,0.0,0.0
COM,Comoros,1981,0.0,0.0,0.0,0.0
COM,Comoros,1982,0.0,0.0,0.0,0.0
COM,Comoros,1983,0.0,0.0,0.0,0.0
COM,Comoros,1984,0.0,0.0,0.0,0.0
COM,Comoros,1985,0.0,0.0,0.0,0.0
COM,Comoros,1986,0.0,0.0,0.0,0.0
COM,Comoros,1987,0.0,0.0,0.0,0.0
COM,Comoros,1988,0.0,0.0,0.0,0.0
COM,Comoros,1989,0.0,0.0,0.0,0.0
COM,Comoros,1990,0.0,0.0,0.0,0.0
COM,Comoros,1991,0.0,0.0,0.0,0.0
COM,Comoros,1992,0.0,0.0,0.0,0.0
COM,Comoros,1993,0.0,0.0,0.0,0.0
COM,Comoros,1994,0.0,0.0,0.0,0.0
COM,Comoros,1995,0.0,0.0,0.0,0.0
COM,Comoros,1996,0.0,0.0,0.0,0.0
COM,Comoros,1997,0.0,0.0,0.0,0.0
COM,Comoros,1998,0.0,0.0,0.0,0.0
COM,Comoros,1999,0.0,0.0,0.0,0.0
COM,Comoros,2000,0.0,0.0,0.0,0.0
COM,Comoros,2001,0.0,0.0,0.0,0.0
COM,Comoros,2002,0.0,0.0,0.0,0.0
COM,Comoros,2003,0.0,0.0,0.0,0.0
COM,Comoros,2004,0.0,0.0,0.0,0.0
COM,Comoros,2005,0.0,0.0,0.0,0.0
COM,Comoros,2006,0.0,0.0,0.0,0.0
COM,Comoros,2007,0.0,0.0,0.0,0.0
COM,Comoros,2008,0.0,0.0,0.0,0.0
COM,Comoros,2009,0.0,0.0,0.0,0.0
COM,Comoros,2010,0.0,0.0,0.0,0.0
COM,Comoros,2011,0.0,0.0,0.0,0.0
COM,Comoros,2012,0.0,0.0,0.0,0.0
COM,Comoros,2013,0.0,0.0,0.0,0.0
COM,Comoros,2014,0.0,0.0,0.0,0.0
COM,Comoros,2015,0.0,0.0,0.0,0.0
COM,Comoros,2016,0.0,0.0,0.0,0.0
COM,Comoros,2017,0.0,0.0,0.0,0.0
COM,Comoros,2018,0.0,0.0,0.0,0.0
COM,Comoros,2019,0.0,0.0,0.0,0.0
COM,Comoros,2020,0.0,0.0,0.0,0.0
COM,Comoros,2021,0.0,0.0,0.0,0.0
COM,Comoros,2022,,,,
COM,Comoros,2023,,,,
COM,Comoros,2024,,,,
COM,Comoros,2025,,,,
CPV,Cabo Verde,1960,,,,
CPV,Cabo Verde,1961,,,,
CPV,Cabo Verde,1962,,,,
CPV,Cabo Verde,1963,,,,
CPV,Cabo Verde,1964,,,,
CPV,Cabo Verde,1965,,,,
CPV,Cabo Verde,1966,,,,
CPV,Cabo Verde,1967,,,,
CPV,Cabo Verde,1968,,,,
CPV,Cabo Verde,1969,,,,
CPV,Cabo Verde,1970,,,,
CPV,Cabo Verde,1971,,,,
CPV,Cabo Verde,1972,,,,
CPV,Cabo Verde,1973,,,,
CPV,Cabo Verde,1974,,,,
CPV,Cabo Verde,1975,,,,
CPV,Cabo Verde,1976,,,,
CPV,Cabo Verde,1977,,,,
CPV,Cabo Verde,1978,,,,
CPV,Cabo Verde,1979,,,,
CPV,Cabo Verde,1980,,,,
CPV,Cabo Verde,1981,,,,
CPV,Cabo Verde,1982,,,,
CPV,Cabo Verde,1983,,,,
CPV,Cabo Verde,1984,,,,
CPV,Cabo Verde,1985,,,,
CPV,Cabo Verde,1986,,,,
CPV,Cabo Verde,1987,0.0,60.3345094673672,0.0,60.3345094673672
CPV,Cabo Verde,1988,0.0,59.5161232558082,0.0,59.5161232558082
CPV,Cabo Verde,1989,0.0,69.8038632577659,0.0,69.8038632577659
CPV,Cabo Verde,1990,0.0,58.8340571455211,0.0,58.8340571455211
CPV,Cabo Verde,1991,0.0,55.7330916346419,0.0,55.7330916346419
CPV,Cabo Verde,1992,0.0,45.1411282201477,0.0,45.1411282201477
CPV,Cabo Verde,1993,0.0,26.8093770604547,0.0,26.8093770604547
CPV,Cabo Verde,1994,0.0,28.2075920745909,0.0,28.2075920745909
CPV,Cabo Verde,1995,0.0,29.3073905590353,0.0,29.3073905590353
CPV,Cabo Verde,1996,0.0,28.8241325799333,0.0,28.8241325799333
CPV,Cabo Verde,1997,0.0,27.9261973255657,0.0,27.9261973255657
CPV,Cabo Verde,1998,0.0,21.8556292367127,0.0,21.8556292367127
CPV,Cabo Verde,1999,0.0,13.9165354661169,0.0,13.9165354661169
CPV,Cabo Verde,2000,0.0,17.0506562731343,0.0,17.0506562731343
CPV,Cabo Verde,2001,0.0,23.7774303144037,0.0,23.7774303144037
CPV,Cabo Verde,2002,0.0,18.6660117494038,0.0,18.6660117494038
CPV,Cabo Verde,2003,0.0,13.6465215764818,0.0,13.6465215764818
CPV,Cabo Verde,2004,0.0,25.0815325396624,0.0,25.0815325396624
CPV,Cabo Verde,2005,0.0,31.6104334488128,0.0,31.6104334488128
CPV,Cabo Verde,2006,0.0,30.4031239366484,0.0,30.4031239366484
CPV,Cabo Verde,2007,0.0,21.5472166448193,0.0,21.5472166448193
CPV,Cabo Verde,2008,0.0,48.7224896766497,0.0,48.7224896766497
CPV,Cabo Verde,2009,0.0,21.2095054194917,0.0,21.2095054194917
CPV,Cabo Verde,2010,0.0,32.8175245458718,0.0,32.8175245458718
CPV,Cabo Verde,2011,0.0,39.6578022158308,0.0,39.6578022158308
CPV,Cabo Verde,2012,0.0,24.4650892301952,0.0,24.4650892301952
CPV,Cabo Verde,2013,0.0,15.9841772281575,0.0,15.9841772281575
CPV,Cabo Verde,2014,0.0,11.3666676890308,0.0,11.3666676890308
CPV,Cabo Verde,2015,0.0,8.69712510622088,0.0,8.69712510622088
CPV,Cabo Verde,2016,0.0,9.38675264949474,0.0,9.38675264949474
CPV,Cabo Verde,2017,0.0,11.6082269487291,0.0,11.6082269487291
CPV,Cabo Verde,2018,0.0,13.9398394603711,0.0,13.9398394603711
CPV,Cabo Verde,2019,0.0,12.7633265623315,0.0,12.7633265623315
CPV,Cabo Verde,2020,0.0,11.0704275823815,0.0,11.0704275823815
CPV,Cabo Verde,2021,0.0,17.1799974804718,0.0,17.1799974804718
CPV,Cabo Verde,2022,,,,
CPV,Cabo Verde,2023,,,,
CPV,Cabo Verde,2024,,,,
CPV,Cabo Verde,2025,,,,
CRI,Costa Rica,1960,,,,
CRI,Costa Rica,1961,,,,
CRI,Costa Rica,1962,,,,
CRI,Costa Rica,1963,,,,
CRI,Costa Rica,1964,,,,
CRI,Costa Rica,1965,,,,
CRI,Costa Rica,1966,,,,
CRI,Costa Rica,1967,,,,
CRI,Costa Rica,1968,,,,
CRI,Costa Rica,1969,,,,
CRI,Costa Rica,1970,,,,
CRI,Costa Rica,1971,0.0,0.0,0.0,0.0
CRI,Costa Rica,1972,0.0,0.0,0.0,0.0
CRI,Costa Rica,1973,0.0,0.0,0.0,0.0
CRI,Costa Rica,1974,0.0,0.0,0.0,0.0
CRI,Costa Rica,1975,0.0,0.0,0.0,0.0
CRI,Costa Rica,1976,0.0,0.0,0.0,0.0
CRI,Costa Rica,1977,0.0,0.0,0.0,0.0
CRI,Costa Rica,1978,0.0,0.0,0.0,0.0
CRI,Costa Rica,1979,0.0,0.0,0.0,0.0
CRI,Costa Rica,1980,0.0,0.0,0.0,0.0
CRI,Costa Rica,1981,0.0,0.0,0.0,0.0
CRI,Costa Rica,1982,0.0,0.0,0.0,0.0
CRI,Costa Rica,1983,0.0,0.0,0.0,0.0
CRI,Costa Rica,1984,0.0,0.0,0.0,0.0
CRI,Costa Rica,1985,0.0,0.0,0.0,0.0
CRI,Costa Rica,1986,0.0,0.0,0.0,0.0
CRI,Costa Rica,1987,0.0,0.0,0.0,0.0
CRI,Costa Rica,1988,0.0,0.0,0.0,0.0
CRI,Costa Rica,1989,0.0,0.0,0.0,0.0
CRI,Costa Rica,1990,0.0,0.0,0.0,0.0
CRI,Costa Rica,1991,0.0,0.0,0.0,0.0
CRI,Costa Rica,1992,0.0,0.0,0.0,0.0
CRI,Costa Rica,1993,0.0,0.0,0.0,0.0
CRI,Costa Rica,1994,0.0,0.0,0.0,0.0
CRI,Costa Rica,1995,0.0,0.0,0.0,0.0
CRI,Costa Rica,1996,0.0,0.0,0.0,0.0
CRI,Costa Rica,1997,0.0,0.0,0.0,0.0
CRI,Costa Rica,1998,0.0,0.0,0.0,0.0
CRI,Costa Rica,1999,0.0,0.0,0.0,0.0
CRI,Costa Rica,2000,0.0,0.0,0.0,0.0
CRI,Costa Rica,2001,0.0,0.0,0.0,0.0
CRI,Costa Rica,2002,0.0283908073416018,0.0,0.0,0.0283908073416018
CRI,Costa Rica,2003,0.0374595979479728,0.0,0.0,0.0374595979479728
CRI,Costa Rica,2004,0.0613781507663448,0.0,0.0,0.0613781507663448
CRI,Costa Rica,2005,0.13263457054308,0.0,0.0,0.13263457054308
CRI,Costa Rica,2006,0.145655110180747,0.0,0.0,0.145655110180747
CRI,Costa Rica,2007,0.177661149458376,0.0,0.0,0.177661149458376
CRI,Costa Rica,2008,0.177814056910713,0.0,0.0,0.177814056910713
CRI,Costa Rica,2009,0.0442489217587359,0.0,0.0,0.0442489217587359
CRI,Costa Rica,2010,0.0,0.0,0.0,0.0
CRI,Costa Rica,2011,0.0,0.0,0.0,0.0
CRI,Costa Rica,2012,0.0649850267861909,0.0,0.0,0.0649850267861909
CRI,Costa Rica,2013,0.0577584252152377,0.0,0.0,0.0577584252152377
CRI,Costa Rica,2014,0.0518301508258059,0.0,0.0,0.0518301508258059
CRI,Costa Rica,2015,0.0200960578384208,0.0,0.0,0.0200960578384208
CRI,Costa Rica,2016,0.0158677459016205,0.0,0.0,0.0158677459016205
CRI,Costa Rica,2017,0.0058555348343444,0.0,0.0,0.0058555348343444
CRI,Costa Rica,2018,0.0090072249417001,0.0,0.0,0.0090072249417001
CRI,Costa Rica,2019,0.0069863479612975,0.0,0.0,0.0069863479612975
CRI,Costa Rica,2020,0.0034159082601099,0.0,0.0,0.0034159082601099
CRI,Costa Rica,2021,0.0089657936912584,0.0,0.0,0.0089657936912584
CRI,Costa Rica,2022,,,,
CRI,Costa Rica,2023,,,,
CRI,Costa Rica,2024,,,,
CRI,Costa Rica,2025,,,,
CUB,Cuba,1960,,,,
CUB,Cuba,1961,,,,
CUB,Cuba,1962,,,,
CUB,Cuba,1963,,,,
CUB,Cuba,1964,,,,
CUB,Cuba,1965,,,,
CUB,Cuba,1966,,,,
CUB,Cuba,1967,,,,
CUB,Cuba,1968,,,,
CUB,Cuba,1969,,,,
CUB,Cuba,1970,0.0047712960605014,,,0.0047712960605014
CUB,Cuba,1971,0.0140045517696139,0.0,4.05550677629978e-05,0.014045106837376897
CUB,Cuba,1972,0.0186977412483791,0.0,4.36007223165934e-05,0.018741341970695692
CUB,Cuba,1973,0.0337887211090941,0.0,7.3217325947975e-05,0.03386193843504208
CUB,Cuba,1974,0.197845984286904,0.0,0.000636944886301,0.198482929173205
CUB,Cuba,1975,0.193309806881375,0.0,0.0009324843077768,0.1942422911891518
CUB,Cuba,1976,0.196787845883152,0.0,0.0010627736751447,0.19785061955829672
CUB,Cuba,1977,0.160586274366474,0.0,6.1076485891691e-05,0.16064735085236567
CUB,Cuba,1978,0.140414786124696,0.0,7.16925453315475e-05,0.14048647867002753
CUB,Cuba,1979,0.33619086941619,0.0,0.0007277473108081,0.3369186167269981
CUB,Cuba,1980,0.23011806408963,0.0,0.0018172377709656,0.2319353018605956
CUB,Cuba,1981,0.301829036754566,0.0,0.000817706536557,0.302646743291123
CUB,Cuba,1982,0.217067936658417,0.0,0.0001321410834093,0.21720007774182631
CUB,Cuba,1983,0.335359837135922,0.0,0.0005308997489461,0.3358907368848681
CUB,Cuba,1984,0.380565874392903,0.0,0.0002167362324269,0.3807826106253299
CUB,Cuba,1985,0.428379697837274,0.0,0.000467044598548,0.428846742435822
CUB,Cuba,1986,0.184420150331265,0.0,0.0003583450727146,0.1847784954039796
CUB,Cuba,1987,0.286924401277863,0.0,0.0009129113496792,0.2878373126275422
CUB,Cuba,1988,0.164363422913367,0.0,0.000675613198694,0.165039036112061
CUB,Cuba,1989,0.252991351505356,0.0,0.0012845323799271,0.2542758838852831
CUB,Cuba,1990,0.31891247361977,0.0,0.0015519259696759,0.3204643995894459
CUB,Cuba,1991,0.201212158276417,0.0,0.0013012226683369,0.2025133809447539
CUB,Cuba,1992,0.281464360818641,0.0,0.0009076032457184,0.28237196406435944
CUB,Cuba,1993,0.313376335941248,0.0,0.0012210910213554,0.3145974269626034
CUB,Cuba,1994,0.374698995902472,0.0,0.0007149451978926,0.37541394110036463
CUB,Cuba,1995,0.369987817099305,0.0,0.0005075903369896,0.3704954074362946
CUB,Cuba,1996,0.675390195778219,0.0,0.000733563552197,0.676123759330416
CUB,Cuba,1997,0.626493951547418,0.0,0.0013867007397465,0.6278806522871645
CUB,Cuba,1998,0.300379052764362,0.0,0.0035049465911724,0.3038839993555344
CUB,Cuba,1999,0.543947892989849,0.0,0.0171150477205305,0.5610629407103795
CUB,Cuba,2000,1.03392160067739,0.0,0.0359991017269573,1.0699207024043471
CUB,Cuba,2001,0.779894730792667,0.0,0.0353626627565963,0.8152573935492633
CUB,Cuba,2002,0.831779750838195,0.0,0.0256172551808774,0.8573970060190724
CUB,Cuba,2003,0.993675537981586,0.0,0.0205500721682942,1.0142256101498803
CUB,Cuba,2004,1.18579942444702,0.0,0.0208004922554342,1.2065999167024541
CUB,Cuba,2005,1.37378607233087,0.0,0.0374885182921214,1.4112745906229913
CUB,Cuba,2006,1.4879931750339,0.0,0.0676605557087799,1.5556537307426799
CUB,Cuba,2007,1.5704638638002,0.0,0.0816960299384737,1.6521598937386737
CUB,Cuba,2008,2.02585670473765,0.0,0.0837279708502994,2.1095846755879495
CUB,Cuba,2009,0.987366610395309,0.0,0.0895315001563061,1.076898110551615
CUB,Cuba,2010,1.34124170669609,0.0,0.0567309411882793,1.3979726478843693
CUB,Cuba,2011,1.84020872037107,0.0,0.104448229136775,1.944656949507845
CUB,Cuba,2012,1.66617403150143,0.0,0.105749002098167,1.771923033599597
CUB,Cuba,2013,1.44283922428397,0.0,0.11276462547149,1.55560384975546
CUB,Cuba,2014,1.25544342902406,0.0,0.109578029251644,1.3650214582757039
CUB,Cuba,2015,0.439949990553393,0.0,0.0532537527362868,0.4932037432896798
CUB,Cuba,2016,0.325419833747477,0.0,0.0207658045978483,0.34618563834532534
CUB,Cuba,2017,0.457704950515475,0.0,0.0232276417840159,0.4809325922994909
CUB,Cuba,2018,0.731495348136671,0.0,0.0494182663276201,0.7809136144642912
CUB,Cuba,2019,0.543713406970896,0.0,0.0497037958193293,0.5934172027902253
CUB,Cuba,2020,0.222499890127649,0.0,0.02442943653562,0.246929326663269
CUB,Cuba,2021,,,,
CUB,Cuba,2022,,,,
CUB,Cuba,2023,,,,
CUB,Cuba,2024,,,,
CUB,Cuba,2025,,,,
CUW,Curacao,1960,,,,
CUW,Curacao,1961,,,,
CUW,Curacao,1962,,,,
CUW,Curacao,1963,,,,
CUW,Curacao,1964,,,,
CUW,Curacao,1965,,,,
CUW,Curacao,1966,,,,
CUW,Curacao,1967,,,,
CUW,Curacao,1968,,,,
CUW,Curacao,1969,,,,
CUW,Curacao,1970,,,,
CUW,Curacao,1971,,,,
CUW,Curacao,1972,,,,
CUW,Curacao,1973,,,,
CUW,Curacao,1974,,,,
CUW,Curacao,1975,,,,
CUW,Curacao,1976,,,,
CUW,Curacao,1977,,,,
CUW,Curacao,1978,,,,
CUW,Curacao,1979,,,,
CUW,Curacao,1980,,,,
CUW,Curacao,1981,,,,
CUW,Curacao,1982,,,,
CUW,Curacao,1983,,,,
CUW,Curacao,1984,,,,
CUW,Curacao,1985,,,,
CUW,Curacao,1986,,,,
CUW,Curacao,1987,,,,
CUW,Curacao,1988,,,,
CUW,Curacao,1989,,,,
CUW,Curacao,1990,,,,
CUW,Curacao,1991,,,,
CUW,Curacao,1992,,,,
CUW,Curacao,1993,,,,
CUW,Curacao,1994,,,,
CUW,Curacao,1995,,,,
CUW,Curacao,1996,,,,
CUW,Curacao,1997,,,,
CUW,Curacao,1998,,,,
CUW,Curacao,1999,,,,
CUW,Curacao,2000,,,,
CUW,Curacao,2001,,,,
CUW,Curacao,2002,,,,
CUW,Curacao,2003,,,,
CUW,Curacao,2004,,,,
CUW,Curacao,2005,,,,
CUW,Curacao,2006,,,,
CUW,Curacao,2007,,,,
CUW,Curacao,2008,,,,
CUW,Curacao,2009,,,,
CUW,Curacao,2010,,,,
CUW,Curacao,2011,,0.0,,0.0
CUW,Curacao,2012,,0.0,,0.0
CUW,Curacao,2013,,0.0,,0.0
CUW,Curacao,2014,,0.0,,0.0
CUW,Curacao,2015,,0.0,,0.0
CUW,Curacao,2016,,0.0,,0.0
CUW,Curacao,2017,,0.0,,0.0
CUW,Curacao,2018,,0.0,,0.0
CUW,Curacao,2019,,0.0,,0.0
CUW,Curacao,2020,,0.0,,0.0
CUW,Curacao,2021,,0.0,,0.0
CUW,Curacao,2022,,,,
CUW,Curacao,2023,,,,
CUW,Curacao,2024,,,,
CUW,Curacao,2025,,,,
CYM,Cayman Islands,1960,,,,
CYM,Cayman Islands,1961,,,,
CYM,Cayman Islands,1962,,,,
CYM,Cayman Islands,1963,,,,
CYM,Cayman Islands,1964,,,,
CYM,Cayman Islands,1965,,,,
CYM,Cayman Islands,1966,,,,
CYM,Cayman Islands,1967,,,,
CYM,Cayman Islands,1968,,,,
CYM,Cayman Islands,1969,,,,
CYM,Cayman Islands,1970,,,,
CYM,Cayman Islands,1971,,,,
CYM,Cayman Islands,1972,,,,
CYM,Cayman Islands,1973,,,,
CYM,Cayman Islands,1974,,,,
CYM,Cayman Islands,1975,,,,
CYM,Cayman Islands,1976,,,,
CYM,Cayman Islands,1977,,,,
CYM,Cayman Islands,1978,,,,
CYM,Cayman Islands,1979,,,,
CYM,Cayman Islands,1980,,,,
CYM,Cayman Islands,1981,,,,
CYM,Cayman Islands,1982,,,,
CYM,Cayman Islands,1983,,,,
CYM,Cayman Islands,1984,,,,
CYM,Cayman Islands,1985,,,,
CYM,Cayman Islands,1986,,,,
CYM,Cayman Islands,1987,,,,
CYM,Cayman Islands,1988,,,,
CYM,Cayman Islands,1989,,,,
CYM,Cayman Islands,1990,,,,
CYM,Cayman Islands,1991,,,,
CYM,Cayman Islands,1992,,,,
CYM,Cayman Islands,1993,,,,
CYM,Cayman Islands,1994,,,,
CYM,Cayman Islands,1995,,,,
CYM,Cayman Islands,1996,,,,
CYM,Cayman Islands,1997,,,,
CYM,Cayman Islands,1998,,,,
CYM,Cayman Islands,1999,,,,
CYM,Cayman Islands,2000,,,,
CYM,Cayman Islands,2001,,,,
CYM,Cayman Islands,2002,,,,
CYM,Cayman Islands,2003,,,,
CYM,Cayman Islands,2004,,,,
CYM,Cayman Islands,2005,,,,
CYM,Cayman Islands,2006,0.0,0.0,0.0,0.0
CYM,Cayman Islands,2007,0.0,0.0,0.0,0.0
CYM,Cayman Islands,2008,0.0,0.0,0.0,0.0
CYM,Cayman Islands,2009,0.0,0.0,0.0,0.0
CYM,Cayman Islands,2010,0.0,0.0,0.0,0.0
CYM,Cayman Islands,2011,0.0,0.0,0.0,0.0
CYM,Cayman Islands,2012,0.0,0.0,0.0,0.0
CYM,Cayman Islands,2013,0.0,0.0,0.0,0.0
CYM,Cayman Islands,2014,0.0,0.0,0.0,0.0
CYM,Cayman Islands,2015,0.0,0.0,0.0,0.0
CYM,Cayman Islands,2016,0.0,0.0,0.0,0.0
CYM,Cayman Islands,2017,0.0,0.0,0.0,0.0
CYM,Cayman Islands,2018,0.0,0.0,0.0,0.0
CYM,Cayman Islands,2019,0.0,0.0,0.0,0.0
CYM,Cayman Islands,2020,0.0,0.0,0.0,0.0
CYM,Cayman Islands,2021,0.0,0.0,0.0,0.0
CYM,Cayman Islands,2022,,,,
CYM,Cayman Islands,2023,,,,
CYM,Cayman Islands,2024,,,,
CYM,Cayman Islands,2025,,,,
CYP,Cyprus,1960,,,,
CYP,Cyprus,1961,,,,
CYP,Cyprus,1962,,,,
CYP,Cyprus,1963,,,,
CYP,Cyprus,1964,,,,
CYP,Cyprus,1965,,,,
CYP,Cyprus,1966,,,,
CYP,Cyprus,1967,,,,
CYP,Cyprus,1968,,,,
CYP,Cyprus,1969,,,,
CYP,Cyprus,1970,,,,
CYP,Cyprus,1971,,,,
CYP,Cyprus,1972,,,,
CYP,Cyprus,1973,,,,
CYP,Cyprus,1974,,,,
CYP,Cyprus,1975,0.0,0.0,0.0,0.0
CYP,Cyprus,1976,0.0,0.0,0.0,0.0
CYP,Cyprus,1977,0.0,0.0,0.0,0.0
CYP,Cyprus,1978,0.0,0.0,0.0,0.0
CYP,Cyprus,1979,0.0,0.0,0.0,0.0
CYP,Cyprus,1980,0.0,0.0,0.0,0.0
CYP,Cyprus,1981,0.0,0.0,0.0,0.0
CYP,Cyprus,1982,0.0,0.0,0.0,0.0
CYP,Cyprus,1983,0.0,0.0,0.0,0.0
CYP,Cyprus,1984,0.0,0.0,0.0,0.0
CYP,Cyprus,1985,0.0,0.0,0.0,0.0
CYP,Cyprus,1986,0.0,0.0,0.0,0.0
CYP,Cyprus,1987,0.0,0.0,0.0,0.0
CYP,Cyprus,1988,0.0,0.0,0.0,0.0
CYP,Cyprus,1989,0.0,0.0,0.0,0.0
CYP,Cyprus,1990,0.0,0.0,0.0,0.0
CYP,Cyprus,1991,0.0,0.0,0.0,0.0
CYP,Cyprus,1992,0.0,0.0,0.0,0.0
CYP,Cyprus,1993,0.0,0.0,0.0,0.0
CYP,Cyprus,1994,0.0,0.0,0.0,0.0
CYP,Cyprus,1995,0.0,0.0,0.0,0.0
CYP,Cyprus,1996,0.0,0.0,0.0,0.0
CYP,Cyprus,1997,0.0,0.0,0.0,0.0
CYP,Cyprus,1998,0.0,0.0,0.0,0.0
CYP,Cyprus,1999,0.0,0.0,0.0,0.0
CYP,Cyprus,2000,0.0,0.0,0.0,0.0
CYP,Cyprus,2001,0.0,0.0,0.0,0.0
CYP,Cyprus,2002,0.0,0.0,0.0,0.0
CYP,Cyprus,2003,0.0,0.0,0.0,0.0
CYP,Cyprus,2004,0.0,0.0,0.0,0.0
CYP,Cyprus,2005,0.001201771639014,0.0,0.0,0.001201771639014
CYP,Cyprus,2006,0.0012743349855961,0.0,0.0,0.0012743349855961
CYP,Cyprus,2007,0.0011798865812592,0.0,0.0,0.0011798865812592
CYP,Cyprus,2008,0.0150445662460913,0.0,0.0,0.0150445662460913
CYP,Cyprus,2009,0.0086811159973184,0.0,0.0,0.0086811159973184
CYP,Cyprus,2010,0.0054958172488735,0.0,0.0,0.0054958172488735
CYP,Cyprus,2011,0.0100066330418738,0.0,0.0,0.0100066330418738
CYP,Cyprus,2012,0.0105936802654269,0.0,0.0,0.0105936802654269
CYP,Cyprus,2013,0.0031621616968066,0.0,0.0,0.0031621616968066
CYP,Cyprus,2014,0.0022848977248968,0.0,0.0,0.0022848977248968
CYP,Cyprus,2015,0.0,0.0,0.0,0.0
CYP,Cyprus,2016,0.0002762972912372,0.0,0.0,0.0002762972912372
CYP,Cyprus,2017,0.0,0.0,0.0,0.0
CYP,Cyprus,2018,0.0,0.0,0.0,0.0
CYP,Cyprus,2019,0.0,0.0,0.0,0.0
CYP,Cyprus,2020,0.0,0.0,0.0,0.0
CYP,Cyprus,2021,0.0,0.0,0.0,0.0
CYP,Cyprus,2022,,,,
CYP,Cyprus,2023,,,,
CYP,Cyprus,2024,,,,
CYP,Cyprus,2025,,,,
CZE,Czechia,1960,,,,
CZE,Czechia,1961,,,,
CZE,Czechia,1962,,,,
CZE,Czechia,1963,,,,
CZE,Czechia,1964,,,,
CZE,Czechia,1965,,,,
CZE,Czechia,1966,,,,
CZE,Czechia,1967,,,,
CZE,Czechia,1968,,,,
CZE,Czechia,1969,,,,
CZE,Czechia,1970,,,,
CZE,Czechia,1971,,,,
CZE,Czechia,1972,,,,
CZE,Czechia,1973,,,,
CZE,Czechia,1974,,,,
CZE,Czechia,1975,,,,
CZE,Czechia,1976,,,,
CZE,Czechia,1977,,,,
CZE,Czechia,1978,,,,
CZE,Czechia,1979,,,,
CZE,Czechia,1980,,,,
CZE,Czechia,1981,,,,
CZE,Czechia,1982,,,,
CZE,Czechia,1983,,,,
CZE,Czechia,1984,,,,
CZE,Czechia,1985,,,,
CZE,Czechia,1986,,,,
CZE,Czechia,1987,,,,
CZE,Czechia,1988,,,,
CZE,Czechia,1989,,,,
CZE,Czechia,1990,0.0241546688775384,1.37922206335397,0.0097990285891432,1.4131757608206517
CZE,Czechia,1991,0.0185752326970374,1.65795436650295,0.0097500637085548,1.6862796629085421
CZE,Czechia,1992,0.0144138022143178,1.06027906594633,0.0030192919044243,1.077712160065072
CZE,Czechia,1993,0.0143009433982058,0.490518780016397,0.0077137256412407,0.5125334490558435
CZE,Czechia,1994,0.0125335992840751,0.275756177150651,0.0064913849357411,0.29478116137046717
CZE,Czechia,1995,0.0137249404827816,0.340515672038566,0.0099165693864166,0.3641571819077642
CZE,Czechia,1996,0.0239398023552188,0.281613252541427,0.0078286400869459,0.3133816949835917
CZE,Czechia,1997,0.0158931801493376,0.254172701108037,0.0082390770543375,0.27830495831171215
CZE,Czechia,1998,0.0050770264010698,0.231770769289246,0.0010377976123236,0.2378855933026394
CZE,Czechia,1999,0.0159526982087267,0.105523995491534,0.0010749910947493,0.12255168479501001
CZE,Czechia,2000,0.0350742549672057,0.205842193385371,0.0074433765801998,0.2483598249327765
CZE,Czechia,2001,0.02445812874736,0.456704658658971,0.0104317183351056,0.49159450574143654
CZE,Czechia,2002,0.0304619403231985,0.224411134093946,0.0061207657106258,0.2609938401277703
CZE,Czechia,2003,0.0351709363162619,0.169331400191245,0.0062622721329893,0.2107646086404962
CZE,Czechia,2004,0.0383298465371606,0.654724081984303,0.0057278736002702,0.6987818021217338
CZE,Czechia,2005,0.0508088454131561,0.540246052284705,0.0040429936430414,0.5950978913409025
CZE,Czechia,2006,0.0436075630517138,0.528275970815551,0.0075732829722643,0.5794568168395291
CZE,Czechia,2007,0.0367473553909014,0.456650977636518,0.0071543319080121,0.5005526649354315
CZE,Czechia,2008,0.0429704222612688,1.3243839026066,0.0101994932672347,1.3775538181351035
CZE,Czechia,2009,0.0244055189347667,0.523809142646871,0.0093008843582404,0.5575155459398781
CZE,Czechia,2010,0.0217719950834572,0.768828148333853,0.0092046137748873,0.7998047571921976
CZE,Czechia,2011,0.0306168472969245,0.873763828516135,0.0120883197213644,0.9164689955344238
CZE,Czechia,2012,0.0305352758913579,0.4337699262957,0.0157107832668183,0.4800159854538762
CZE,Czechia,2013,0.0274970082447114,0.178348044959311,0.0146450305832525,0.22049008378727492
CZE,Czechia,2014,0.0252681890510458,0.146547348893172,0.0108856455416215,0.1827011834858393
CZE,Czechia,2015,0.0102914811209634,0.12546374892164,0.008663954404076,0.1444191844466794
CZE,Czechia,2016,0.0069249128799782,0.126840441052511,0.0043476884386616,0.1381130423711508
CZE,Czechia,2017,0.0088162227585879,0.143846138961089,0.0056664701024383,0.15832883182211518
CZE,Czechia,2018,0.0125584051035841,0.133105028971712,0.0075991296603768,0.1532625637356729
CZE,Czechia,2019,0.0083220468689857,0.0910332301509012,0.0049983753878955,0.10435365240778241
CZE,Czechia,2020,0.0050720792275744,0.0544222892525117,0.0023967548175807,0.06189112329766679
CZE,Czechia,2021,0.0096569642955021,0.0939363572598997,0.0121354470762149,0.1157287686316167
CZE,Czechia,2022,,,,
CZE,Czechia,2023,,,,
CZE,Czechia,2024,,,,
CZE,Czechia,2025,,,,
DEU,Germany,1960,,,,
DEU,Germany,1961,,,,
DEU,Germany,1962,,,,
DEU,Germany,1963,,,,
DEU,Germany,1964,,,,
DEU,Germany,1965,,,,
DEU,Germany,1966,,,,
DEU,Germany,1967,,,,
DEU,Germany,1968,,,,
DEU,Germany,1969,,,,
DEU,Germany,1970,0.003119345734465,0.1324448818893,0.013195277381082,0.14875950500484703
DEU,Germany,1971,0.0082798456333101,0.151251262007413,0.0181851312326412,0.17771623887336432
DEU,Germany,1972,0.0098708514745137,0.115803942679795,0.0252932186413905,0.1509680127956992
DEU,Germany,1973,0.0125932623508712,0.0955038691361155,0.0176536014915782,0.1257507329785649
DEU,Germany,1974,0.0636311442347421,0.174816226830244,0.0526108048811511,0.2910581759461372
DEU,Germany,1975,0.049587458458777,0.55896621184767,0.0640766571146992,0.6726303274211463
DEU,Germany,1976,0.0488229037244032,0.593460604614958,0.066077485672098,0.7083609940114592
DEU,Germany,1977,0.043999724735129,0.495381875193311,0.0590340363563727,0.5984156362848128
DEU,Germany,1978,0.0339752739440099,0.337543864852363,0.0561883907288788,0.4277075295252517
DEU,Germany,1979,0.0654284851480787,0.270450338164734,0.0799569809441844,0.4158358042569971
DEU,Germany,1980,0.0742475623624776,0.346845900392086,0.0895680058398233,0.5106614685943869
DEU,Germany,1981,0.0682735897626839,0.737561064335914,0.0716609027668853,0.8774955568654832
DEU,Germany,1982,0.0422334668266535,0.82921709781908,0.0303470233998994,0.9017975880456329
DEU,Germany,1983,0.05339348179652,0.455561109233494,0.0582971054883015,0.5672516965183155
DEU,Germany,1984,0.057063416709362,0.331077274363356,0.0649529842044162,0.4530936752771342
DEU,Germany,1985,0.0587343665748451,0.367431260276884,0.0540104384106968,0.4801760652624259
DEU,Germany,1986,0.0159854011950339,0.141787204003675,0.0357618511461658,0.1935344563448747
DEU,Germany,1987,0.0191694523183211,0.0634452994895365,0.0168555370631806,0.0994702888710382
DEU,Germany,1988,0.0143130278652513,0.0570128019281002,0.0127619167182813,0.08408774651163281
DEU,Germany,1989,0.0221132214990713,0.0772510541291143,0.0130481224015465,0.1124123980297321
DEU,Germany,1990,0.022824397451738,0.103669326117461,0.0151879956295033,0.1416817191987023
DEU,Germany,1991,0.0098174380632187,0.0837695366611205,0.0102149064381137,0.1038018811624529
DEU,Germany,1992,0.0089691067742224,0.0544020079344182,0.0048243187337393,0.0681954334423799
DEU,Germany,1993,0.0083135699848586,0.031339779487604,0.011123366676754,0.0507767161492166
DEU,Germany,1994,0.0066846661801401,0.0172747057193051,0.0105228588978429,0.0344822307972881
DEU,Germany,1995,0.0063393390797232,0.0235269723717906,0.0175923556823876,0.0474586671339014
DEU,Germany,1996,0.0090419036366161,0.0213794934341291,0.0189470243090187,0.0493684213797639
DEU,Germany,1997,0.0077800806854251,0.0190783066795065,0.0228031670735354,0.049661554438466995
DEU,Germany,1998,0.0024977050695113,0.0171083022879381,0.0028657644443962,0.0224717718018456
DEU,Germany,1999,0.0071320679965299,0.009204528651664,0.0030429179994743,0.0193795146476682
DEU,Germany,2000,0.0201562303638046,0.0156124005348027,0.0220483201424161,0.0578169510410234
DEU,Germany,2001,0.0153289209077331,0.0363504237141466,0.0475097973402925,0.09918914196217221
DEU,Germany,2002,0.016056222546191,0.0212106403442727,0.033724476268888,0.0709913391593517
DEU,Germany,2003,0.0165037382126426,0.0155847293701629,0.0304352574071414,0.0625237249899469
DEU,Germany,2004,0.0185417711460884,0.0694685561161683,0.0218423665324729,0.1098526937947296
DEU,Germany,2005,0.027268431145628,0.0608344592567013,0.0181131670399714,0.1062160574423007
DEU,Germany,2006,0.0291731982459974,0.0574116818103335,0.0400152093967188,0.1266000894530497
DEU,Germany,2007,0.028013355499561,0.0592990895293438,0.0359840365971986,0.1232964816261034
DEU,Germany,2008,0.034054769495246,0.178039130275431,0.0529173919215807,0.2650112916922577
DEU,Germany,2009,0.0184514937131976,0.0645513988300187,0.0405139498565575,0.1235168423997738
DEU,Germany,2010,0.0190328024560215,0.100605224103438,0.0311922394814401,0.1508302660408996
DEU,Germany,2011,0.0301021983000363,0.114695303797205,0.0425672292934665,0.1873647313907078
DEU,Germany,2012,0.030322053441343,0.0548288593405806,0.0416156923735439,0.1267666051554675
DEU,Germany,2013,0.0270022581641135,0.0237162586929113,0.0357489487062639,0.0864674655632887
DEU,Germany,2014,0.0223645319543507,0.0188044851044902,0.0189794489646318,0.0601484660234727
DEU,Germany,2015,0.0109585492863493,0.0146564038255549,0.0150061510096634,0.0406211041215676
DEU,Germany,2016,0.0079542764068523,0.0142241784029931,0.0089391618222992,0.0311176166321446
DEU,Germany,2017,0.0108326903342219,0.0179704886289538,0.0107367287094385,0.0395399076726142
DEU,Germany,2018,0.0150774778092678,0.0181826118494321,0.0124974991112772,0.0457575887699771
DEU,Germany,2019,0.0127922924108005,0.0095331032158394,0.0082295480730452,0.030554943699685096
DEU,Germany,2020,0.006730031424642,0.0066310570829328,0.0037565809952499,0.0171176695028247
DEU,Germany,2021,0.0140349033815617,0.014480866265137,0.0176994358454919,0.0462152054921906
DEU,Germany,2022,,,,
DEU,Germany,2023,,,,
DEU,Germany,2024,,,,
DEU,Germany,2025,,,,
DJI,Djibouti,1960,,,,
DJI,Djibouti,1961,,,,
DJI,Djibouti,1962,,,,
DJI,Djibouti,1963,,,,
DJI,Djibouti,1964,,,,
DJI,Djibouti,1965,,,,
DJI,Djibouti,1966,,,,
DJI,Djibouti,1967,,,,
DJI,Djibouti,1968,,,,
DJI,Djibouti,1969,,,,
DJI,Djibouti,1970,,,,
DJI,Djibouti,1971,,,,
DJI,Djibouti,1972,,,,
DJI,Djibouti,1973,,,,
DJI,Djibouti,1974,,,,
DJI,Djibouti,1975,,,,
DJI,Djibouti,1976,,,,
DJI,Djibouti,1977,,,,
DJI,Djibouti,1978,,,,
DJI,Djibouti,1979,,,,
DJI,Djibouti,1980,,,,
DJI,Djibouti,1981,,,,
DJI,Djibouti,1982,,,,
DJI,Djibouti,1983,,,,
DJI,Djibouti,1984,,,,
DJI,Djibouti,1985,0.0,0.0,0.0,0.0
DJI,Djibouti,1986,,,,
DJI,Djibouti,1987,0.0,0.0,0.0,0.0
DJI,Djibouti,1988,0.0,0.0,0.0,0.0
DJI,Djibouti,1989,0.0,0.0,0.0,0.0
DJI,Djibouti,1990,0.0,0.0,0.0,0.0
DJI,Djibouti,1991,0.0,0.0,0.0,0.0
DJI,Djibouti,1992,0.0,0.0,0.0,0.0
DJI,Djibouti,1993,0.0,0.0,0.0,0.0
DJI,Djibouti,1994,0.0,0.0,0.0,0.0
DJI,Djibouti,1995,0.0,0.0,0.0,0.0
DJI,Djibouti,1996,0.0,0.0,0.0,0.0
DJI,Djibouti,1997,0.0,0.0,0.0,0.0
DJI,Djibouti,1998,0.0,0.0,0.0,0.0
DJI,Djibouti,1999,0.0,0.0,0.0,0.0
DJI,Djibouti,2000,0.0,0.0,0.0,0.0
DJI,Djibouti,2001,0.0,0.0,0.0,0.0
DJI,Djibouti,2002,0.0,0.0,0.0,0.0
DJI,Djibouti,2003,0.0,0.0,0.0,0.0
DJI,Djibouti,2004,0.0,0.0,0.0,0.0
DJI,Djibouti,2005,0.0,0.0,0.0,0.0
DJI,Djibouti,2006,0.0,0.0,0.0,0.0
DJI,Djibouti,2007,0.0,0.0,0.0,0.0
DJI,Djibouti,2008,0.0,0.0,0.0,0.0
DJI,Djibouti,2009,0.0,0.0,0.0,0.0
DJI,Djibouti,2010,0.0,0.0,0.0,0.0
DJI,Djibouti,2011,0.0,0.0,0.0,0.0
DJI,Djibouti,2012,0.0,0.0,0.0,0.0
DJI,Djibouti,2013,0.0,0.0,0.0,0.0
DJI,Djibouti,2014,0.0,0.0,0.0,0.0
DJI,Djibouti,2015,0.0,0.0,0.0,0.0
DJI,Djibouti,2016,0.0,0.0,0.0,0.0
DJI,Djibouti,2017,0.0,0.0,0.0,0.0
DJI,Djibouti,2018,0.0,0.0,0.0,0.0
DJI,Djibouti,2019,0.0,0.0,0.0,0.0
DJI,Djibouti,2020,0.0,0.0,0.0,0.0
DJI,Djibouti,2021,0.0,0.0,0.0,0.0
DJI,Djibouti,2022,,,,
DJI,Djibouti,2023,,,,
DJI,Djibouti,2024,,,,
DJI,Djibouti,2025,,,,
DMA,Dominica,1960,,,,
DMA,Dominica,1961,,,,
DMA,Dominica,1962,,,,
DMA,Dominica,1963,,,,
DMA,Dominica,1964,,,,
DMA,Dominica,1965,,,,
DMA,Dominica,1966,,,,
DMA,Dominica,1967,,,,
DMA,Dominica,1968,,,,
DMA,Dominica,1969,,,,
DMA,Dominica,1970,,,,
DMA,Dominica,1971,,,,
DMA,Dominica,1972,,,,
DMA,Dominica,1973,,,,
DMA,Dominica,1974,,,,
DMA,Dominica,1975,,,,
DMA,Dominica,1976,,,,
DMA,Dominica,1977,,,,
DMA,Dominica,1978,,,,
DMA,Dominica,1979,,,,
DMA,Dominica,1980,0.0,0.0,0.0,0.0
DMA,Dominica,1981,0.0,0.0,0.0,0.0
DMA,Dominica,1982,0.0,0.0,0.0,0.0
DMA,Dominica,1983,0.0,0.0,0.0,0.0
DMA,Dominica,1984,0.0,0.0,0.0,0.0
DMA,Dominica,1985,0.0,0.0,0.0,0.0
DMA,Dominica,1986,0.0,0.0,0.0,0.0
DMA,Dominica,1987,0.0,0.0,0.0,0.0
DMA,Dominica,1988,0.0,0.0,0.0,0.0
DMA,Dominica,1989,0.0,0.0,0.0,0.0
DMA,Dominica,1990,0.0,0.0,0.0,0.0
DMA,Dominica,1991,0.0,0.0,0.0,0.0
DMA,Dominica,1992,0.0,0.0,0.0,0.0
DMA,Dominica,1993,0.0,0.0,0.0,0.0
DMA,Dominica,1994,0.0,0.0,0.0,0.0
DMA,Dominica,1995,0.0,0.0,0.0,0.0
DMA,Dominica,1996,0.0,0.0,0.0,0.0
DMA,Dominica,1997,0.0,0.0,0.0,0.0
DMA,Dominica,1998,0.0,0.0,0.0,0.0
DMA,Dominica,1999,0.0,0.0,0.0,0.0
DMA,Dominica,2000,0.0,0.0,0.0,0.0
DMA,Dominica,2001,0.0,0.0,0.0,0.0
DMA,Dominica,2002,0.0,0.0,0.0,0.0
DMA,Dominica,2003,0.0,0.0,0.0,0.0
DMA,Dominica,2004,0.0,0.0,0.0,0.0
DMA,Dominica,2005,0.0,0.0,0.0,0.0
DMA,Dominica,2006,0.0,0.0,0.0,0.0
DMA,Dominica,2007,0.0,0.0,0.0,0.0
DMA,Dominica,2008,0.0,0.0,0.0,0.0
DMA,Dominica,2009,0.0,0.0,0.0,0.0
DMA,Dominica,2010,0.0,0.0,0.0,0.0
DMA,Dominica,2011,0.0,0.0,0.0,0.0
DMA,Dominica,2012,0.0,0.0,0.0,0.0
DMA,Dominica,2013,0.0,0.0,0.0,0.0
DMA,Dominica,2014,0.0,0.0,0.0,0.0
DMA,Dominica,2015,0.0,0.0,0.0,0.0
DMA,Dominica,2016,0.0,0.0,0.0,0.0
DMA,Dominica,2017,0.0,0.0,0.0,0.0
DMA,Dominica,2018,0.0,0.0,0.0,0.0
DMA,Dominica,2019,0.0,0.0,0.0,0.0
DMA,Dominica,2020,0.0,0.0,0.0,0.0
DMA,Dominica,2021,0.0,0.0,0.0,0.0
DMA,Dominica,2022,,,,
DMA,Dominica,2023,,,,
DMA,Dominica,2024,,,,
DMA,Dominica,2025,,,,
DNK,Denmark,1960,,,,
DNK,Denmark,1961,,,,
DNK,Denmark,1962,,,,
DNK,Denmark,1963,,,,
DNK,Denmark,1964,,,,
DNK,Denmark,1965,,,,
DNK,Denmark,1966,,,,
DNK,Denmark,1967,,,,
DNK,Denmark,1968,,,,
DNK,Denmark,1969,,,,
DNK,Denmark,1970,,0.0,0.0,0.0
DNK,Denmark,1971,0.0,0.0,0.0,0.0
DNK,Denmark,1972,0.0016184266011419,0.0,4.32770581244268e-06,0.0016227543069543427
DNK,Denmark,1973,0.0031923088013828,0.0,5.08652973976002e-06,0.00319739533112256
DNK,Denmark,1974,0.0118267238577085,0.0,8.49952790081015e-06,0.01183522338560931
DNK,Denmark,1975,0.0167783915854529,0.0,1.78511689654732e-05,0.016796242754418374
DNK,Denmark,1976,0.0197155024164032,0.0,1.19665419422539e-05,0.019727468958345453
DNK,Denmark,1977,0.0484291915614412,0.0,2.08284339086905e-05,0.04845001999534989
DNK,Denmark,1978,0.0340799183951375,0.0,1.62571533351311e-05,0.03409617554847263
DNK,Denmark,1979,0.07123223340412,0.0,2.45625246304542e-05,0.07125679592875045
DNK,Denmark,1980,0.0616235932319062,0.0,3.00431030562503e-05,0.06165363633496245
DNK,Denmark,1981,0.147568040067466,0.0,0.0010755035783445,0.14864354364581048
DNK,Denmark,1982,0.212887308237001,0.0,0.0007955422310028,0.2136828504680038
DNK,Denmark,1983,0.352613165036274,0.0,0.0017174055861489,0.3543305706224229
DNK,Denmark,1984,0.399647348313672,0.0,0.0123763256716149,0.4120236739852869
DNK,Denmark,1985,0.490174877747444,0.0,0.0439853697252122,0.5341602474726562
DNK,Denmark,1986,0.170962490662189,0.0,0.0521867697274708,0.2231492603896598
DNK,Denmark,1987,0.279283559325191,0.0,0.0283625046278715,0.3076460639530625
DNK,Denmark,1988,0.207672303278001,0.0,0.0237632494944714,0.2314355527724724
DNK,Denmark,1989,0.396823782567179,0.0,0.0304664427938731,0.4272902253610521
DNK,Denmark,1990,0.479073854272228,0.0,0.0398394595031874,0.5189133137754154
DNK,Denmark,1991,0.272818388965526,0.0,0.0352663761158419,0.3080847650813679
DNK,Denmark,1992,0.297883018458222,0.0,0.0177670734866108,0.31565009194483284
DNK,Denmark,1993,0.3259609735924,0.0,0.0468891876779597,0.3728501612703597
DNK,Denmark,1994,0.294240233120455,0.0,0.0452263810178096,0.3394666141382646
DNK,Denmark,1995,0.278953388003317,0.0,0.0765641753446272,0.35551756334794415
DNK,Denmark,1996,0.433297740669085,0.0,0.0882671193908403,0.5215648600599253
DNK,Denmark,1997,0.403535371493423,0.0,0.127394654835241,0.530930026328664
DNK,Denmark,1998,0.127015619249163,0.0,0.0158110767882132,0.1428266960373762
DNK,Denmark,1999,0.521371441625143,0.0,0.0157772472253218,0.5371486888504649
DNK,Denmark,2000,1.36695481609054,0.0,0.122725555837185,1.489680371927725
DNK,Denmark,2001,0.95285040740933,0.0,0.267235206342421,1.220085613751751
DNK,Denmark,2002,0.977649521931382,0.0,0.18661106349342,1.164260585424802
DNK,Denmark,2003,0.93307700460479,0.0,0.15791182172375,1.09098882632854
DNK,Denmark,2004,1.15749023574584,0.0,0.142752210617765,1.300242446363605
DNK,Denmark,2005,1.57548312247966,0.0,0.127641278622012,1.703124401101672
DNK,Denmark,2006,1.5417001087756,0.0,0.26476481017211,1.80646491894771
DNK,Denmark,2007,1.37515571112353,0.0,0.214718019127171,1.589873730250701
DNK,Denmark,2008,1.70355050889399,0.0,0.383971968799415,2.0875224776934047
DNK,Denmark,2009,0.914832469823829,0.0,0.24866631252569,1.163498782349519
DNK,Denmark,2010,0.983292205895114,0.0,0.217594784657197,1.200886990552311
DNK,Denmark,2011,1.3683944127568,0.0,0.250851104600287,1.619245517357087
DNK,Denmark,2012,1.2608873326792,0.0,0.241906401833698,1.502793734512898
DNK,Denmark,2013,0.967648067154255,0.0,0.187630867262796,1.1552789344170509
DNK,Denmark,2014,0.834668694474792,0.0,0.126066308813821,0.9607350032886129
DNK,Denmark,2015,0.389980667105512,0.0,0.108895890420425,0.49887655752593696
DNK,Denmark,2016,0.261758496429453,0.0,0.0613042603242628,0.32306275675371576
DNK,Denmark,2017,0.367052364111918,0.0,0.0860977642930863,0.4531501284050043
DNK,Denmark,2018,0.459098841781269,0.0,0.109349577406559,0.568448419187828
DNK,Denmark,2019,0.372447675054216,0.0,0.0583699793281617,0.4308176543823777
DNK,Denmark,2020,0.137036781200766,0.0,0.0121535304658443,0.14919031166661031
DNK,Denmark,2021,0.270290117190291,0.0,0.0551051312906266,0.3253952484809176
DNK,Denmark,2022,,,,
DNK,Denmark,2023,,,,
DNK,Denmark,2024,,,,
DNK,Denmark,2025,,,,
DOM,Dominican Republic,1960,,,,
DOM,Dominican Republic,1961,,,,
DOM,Dominican Republic,1962,,,,
DOM,Dominican Republic,1963,,,,
DOM,Dominican Republic,1964,,,,
DOM,Dominican Republic,1965,,,,
DOM,Dominican Republic,1966,,,,
DOM,Dominican Republic,1967,,,,
DOM,Dominican Republic,1968,,,,
DOM,Dominican Republic,1969,,,,
DOM,Dominican Republic,1970,,,,
DOM,Dominican Republic,1971,0.0,0.0,0.0,0.0
DOM,Dominican Republic,1972,0.0,0.0,0.0,0.0
DOM,Dominican Republic,1973,0.0,0.0,0.0,0.0
DOM,Dominican Republic,1974,0.0,0.0,0.0,0.0
DOM,Dominican Republic,1975,0.0,0.0,0.0,0.0
DOM,Dominican Republic,1976,0.0,0.0,0.0,0.0
DOM,Dominican Republic,1977,0.0,0.0,0.0,0.0
DOM,Dominican Republic,1978,0.0,0.0,0.0,0.0
DOM,Dominican Republic,1979,0.0,0.0,0.0,0.0
DOM,Dominican Republic,1980,0.0,0.0,0.0,0.0
DOM,Dominican Republic,1981,0.0,0.0,0.0,0.0
DOM,Dominican Republic,1982,0.0,0.0,0.0,0.0
DOM,Dominican Republic,1983,0.0,0.0,0.0,0.0
DOM,Dominican Republic,1984,0.0,0.0,0.0,0.0
DOM,Dominican Republic,1985,0.0,0.0,0.0,0.0
DOM,Dominican Republic,1986,0.0,0.0,0.0,0.0
DOM,Dominican Republic,1987,0.0,0.0,0.0,0.0
DOM,Dominican Republic,1988,0.0,0.0,0.0,0.0
DOM,Dominican Republic,1989,0.0,0.0,0.0,0.0
DOM,Dominican Republic,1990,0.0,0.0,0.0,0.0
DOM,Dominican Republic,1991,0.0,0.0,0.0,0.0
DOM,Dominican Republic,1992,0.0,0.0,0.0,0.0
DOM,Dominican Republic,1993,0.0,0.0,0.0,0.0
DOM,Dominican Republic,1994,0.0,0.0,0.0,0.0
DOM,Dominican Republic,1995,0.0,0.0,0.0,0.0
DOM,Dominican Republic,1996,0.0,0.0,0.0,0.0
DOM,Dominican Republic,1997,0.0,0.0,0.0,0.0
DOM,Dominican Republic,1998,0.0,0.0,0.0,0.0
DOM,Dominican Republic,1999,0.0,0.0,0.0,0.0
DOM,Dominican Republic,2000,0.0,0.0,0.0,0.0
DOM,Dominican Republic,2001,0.0,0.0,0.0,0.0
DOM,Dominican Republic,2002,0.0,0.0,0.0,0.0
DOM,Dominican Republic,2003,0.0,0.0,0.0,0.0
DOM,Dominican Republic,2004,0.0,0.0,0.0,0.0
DOM,Dominican Republic,2005,0.0,0.0,0.0,0.0
DOM,Dominican Republic,2006,0.0,0.0,0.0,0.0
DOM,Dominican Republic,2007,0.0,0.0,0.0,0.0
DOM,Dominican Republic,2008,0.0,0.0,0.0,0.0
DOM,Dominican Republic,2009,0.0,0.0,0.0,0.0
DOM,Dominican Republic,2010,0.0,0.0,0.0,0.0
DOM,Dominican Republic,2011,0.0,0.0,0.0,0.0
DOM,Dominican Republic,2012,0.0,0.0,0.0,0.0
DOM,Dominican Republic,2013,0.0,0.0,0.0,0.0
DOM,Dominican Republic,2014,0.0,0.0,0.0,0.0
DOM,Dominican Republic,2015,0.0,0.0,0.0,0.0
DOM,Dominican Republic,2016,0.0,0.0,0.0,0.0
DOM,Dominican Republic,2017,0.0,0.0,0.0,0.0
DOM,Dominican Republic,2018,0.0,0.0,0.0,0.0
DOM,Dominican Republic,2019,0.0,0.0,0.0,0.0
DOM,Dominican Republic,2020,0.0,0.0,0.0,0.0
DOM,Dominican Republic,2021,0.0,0.0,0.0,0.0
DOM,Dominican Republic,2022,,,,
DOM,Dominican Republic,2023,,,,
DOM,Dominican Republic,2024,,,,
DOM,Dominican Republic,2025,,,,
DZA,Algeria,1960,,,,
DZA,Algeria,1961,,,,
DZA,Algeria,1962,,,,
DZA,Algeria,1963,,,,
DZA,Algeria,1964,,,,
DZA,Algeria,1965,,,,
DZA,Algeria,1966,,,,
DZA,Algeria,1967,,,,
DZA,Algeria,1968,,,,
DZA,Algeria,1969,,,,
DZA,Algeria,1970,7.16190012707325,,0.358861021890254,7.520761148963504
DZA,Algeria,1971,6.99097752673545,0.0029987248782617,0.371657470595125,7.3656337222088375
DZA,Algeria,1972,9.01389998420143,0.0031886749516458,0.367873167972858,9.384961827125935
DZA,Algeria,1973,10.8416352012321,0.0038027284704435,0.372261243430178,11.21769917313272
DZA,Algeria,1974,27.7199227930192,0.0088258814243723,0.303040385886068,28.03178906032964
DZA,Algeria,1975,22.633272567122,0.0205793059878237,0.609717248630686,23.26356912174051
DZA,Algeria,1976,23.7199737259153,0.0014044826918748,0.681423789503275,24.402801998110448
DZA,Algeria,1977,23.1641392496026,0.0006101966181458,0.674820744473545,23.839570190694293
DZA,Algeria,1978,20.1203326203857,0.0,0.962880952877937,21.083213573263638
DZA,Algeria,1979,36.9394487987451,0.0002469860200137,1.97790860297454,38.91760438773965
DZA,Algeria,1980,30.4169667655539,0.0001771584324691,0.900478303210696,31.317622227197067
DZA,Algeria,1981,24.5140416578688,0.0002087781563515,1.38730986945165,25.9015603054768
DZA,Algeria,1982,18.3348339984003,0.0012403062391683,0.638993445439797,18.975067750079265
DZA,Algeria,1983,16.5357512739164,0.0015176309464654,2.50313855871889,19.040407463581758
DZA,Algeria,1984,15.4490512271312,0.0011762062623735,2.10265108325506,17.552878516648633
DZA,Algeria,1985,14.2827795193099,0.0009208736613381,1.8783799255847,16.162080318555937
DZA,Algeria,1986,5.87028540433224,0.0003363493925705,1.78713221892743,7.65775397265224
DZA,Algeria,1987,8.53318724872721,0.0002885058489881,1.71933652244808,10.252812277024278
DZA,Algeria,1988,8.0022301703217,0.000154779719589,2.12536476680144,10.127749716842729
DZA,Algeria,1989,12.5689148306239,0.0002045316459584,2.3070478586592,14.876167220929057
DZA,Algeria,1990,15.7969733351133,0.0,2.40895526473454,18.20592859984784
DZA,Algeria,1991,13.5417656312112,0.0,3.38576520086077,16.92753083207197
DZA,Algeria,1992,13.0452267711099,0.0,3.1456829333476,16.1909097044575
DZA,Algeria,1993,11.7164360598656,0.0,3.05243083677015,14.76886689663575
DZA,Algeria,1994,12.6865225216351,0.0,3.58109423094658,16.26761675258168
DZA,Algeria,1995,14.1774813179102,0.0,4.46124812000903,18.63872943791923
DZA,Algeria,1996,16.3135923983909,0.0,4.63271636138877,20.94630875977967
DZA,Algeria,1997,14.7901349570278,0.0,5.3278994745028,20.1180344315306
DZA,Algeria,1998,9.01756331973938,0.0,5.29640841954736,14.31397173928674
DZA,Algeria,1999,12.955667382787,0.0,5.50096124701129,18.45662862979829
DZA,Algeria,2000,20.2038945100895,0.0,6.36143139801464,26.565325908104143
DZA,Algeria,2001,16.7197713612172,0.0,6.77330448791438,23.493075849131582
DZA,Algeria,2002,17.703706765696,0.0,5.62628427786398,23.329991043559982
DZA,Algeria,2003,19.6786326659537,0.0,4.62266032721416,24.30129299316786
DZA,Algeria,2004,22.1269733272223,0.0,3.90735998177232,26.03433330899462
DZA,Algeria,2005,27.9141141505655,0.0,4.62829429535199,32.54240844591749
DZA,Algeria,2006,29.5343935472454,0.0,4.48809354777683,34.02248709502223
DZA,Algeria,2007,27.9267087662485,0.0,3.92429679953824,31.85100556578674
DZA,Algeria,2008,29.1086401323721,0.0,3.31233807885605,32.420978211228146
DZA,Algeria,2009,19.9046263657492,0.0,3.99167140096935,23.896297766718547
DZA,Algeria,2010,21.9939993236664,0.0,3.25358685142754,25.24758617509394
DZA,Algeria,2011,25.0260096148481,0.0,3.27268025363181,28.29868986847991
DZA,Algeria,2012,22.6025382987382,0.0,3.36687425907052,25.96941255780872
DZA,Algeria,2013,20.8724313901278,0.0,3.15384901781361,24.02628040794141
DZA,Algeria,2014,19.3167294732848,0.0,3.0569020902826,22.3736315635674
DZA,Algeria,2015,11.7459031918092,0.0,2.90603072482324,14.65193391663244
DZA,Algeria,2016,10.0262189142963,0.0,2.56694843286828,12.593167347164579
DZA,Algeria,2017,12.1565741270026,0.0,2.96806789859693,15.12464202559953
DZA,Algeria,2018,15.9428081774505,0.0,4.64378704706283,20.58659522451333
DZA,Algeria,2019,14.1421031504305,0.0,4.23642792336282,18.37853107379332
DZA,Algeria,2020,9.03841379679424,0.0,4.83849619936078,13.87690999615502
DZA,Algeria,2021,14.4615654623053,0.0,7.9957286210892,22.4572940833945
DZA,Algeria,2022,,,,
DZA,Algeria,2023,,,,
DZA,Algeria,2024,,,,
DZA,Algeria,2025,,,,
ECU,Ecuador,1960,,,,
ECU,Ecuador,1961,,,,
ECU,Ecuador,1962,,,,
ECU,Ecuador,1963,,,,
ECU,Ecuador,1964,,,,
ECU,Ecuador,1965,,,,
ECU,Ecuador,1966,,,,
ECU,Ecuador,1967,,,,
ECU,Ecuador,1968,,,,
ECU,Ecuador,1969,,,,
ECU,Ecuador,1970,0.0208366992407299,,,0.0208366992407299
ECU,Ecuador,1971,0.0319320365559042,0.0,0.0,0.0319320365559042
ECU,Ecuador,1972,0.722424845709208,0.0,0.0,0.722424845709208
ECU,Ecuador,1973,2.80924506220655,0.0,0.0,2.80924506220655
ECU,Ecuador,1974,7.83255695502559,0.0,0.0,7.83255695502559
ECU,Ecuador,1975,5.85937661903557,0.0,0.0,5.85937661903557
ECU,Ecuador,1976,6.26975907495402,0.0,0.0,6.26975907495402
ECU,Ecuador,1977,4.32661744460753,0.0,0.0,4.32661744460753
ECU,Ecuador,1978,4.87918049300881,0.0,0.0,4.87918049300881
ECU,Ecuador,1979,11.1098691939219,0.0,0.0,11.1098691939219
ECU,Ecuador,1980,10.5805004761534,0.0,0.0101375218864533,10.590637998039853
ECU,Ecuador,1981,7.43648308936248,0.0,0.0032107902917627,7.439693879654243
ECU,Ecuador,1982,4.75132859913941,0.0,0.0007802011896313,4.752108800329041
ECU,Ecuador,1983,8.67513964178264,0.0,0.0073826076255914,8.682522249408231
ECU,Ecuador,1984,9.35151976845996,0.0,0.0111427990182847,9.362662567478244
ECU,Ecuador,1985,9.45521760977848,0.0,0.0107428384838936,9.465960448262374
ECU,Ecuador,1986,4.68377906637246,0.0,0.0075610202905184,4.691340086662978
ECU,Ecuador,1987,4.99756494027957,0.0,0.0039046284220797,5.00146956870165
ECU,Ecuador,1988,6.87057152668533,0.0,0.0054027477906851,6.8759742744760155
ECU,Ecuador,1989,9.05299642422294,0.0,0.006195817875379,9.05919224209832
ECU,Ecuador,1990,11.991103925352,0.0,0.0102982968745506,12.00140222222655
ECU,Ecuador,1991,6.18084017507188,0.0,0.0060371160669265,6.186877291138807
ECU,Ecuador,1992,6.68067546189167,0.0,0.0055659286123667,6.686241390504036
ECU,Ecuador,1993,6.52474732068662,0.0,0.0065841631489334,6.531331483835554
ECU,Ecuador,1994,5.8266784850764,0.0,0.0047514234854525,5.831429908561852
ECU,Ecuador,1995,6.45365140471758,0.0,0.0046055518567871,6.458256956574367
ECU,Ecuador,1996,7.78787008443719,0.0,0.0046136517034546,7.792483736140645
ECU,Ecuador,1997,6.17219683622489,0.0,0.0034229064339273,6.175619742658817
ECU,Ecuador,1998,3.21214311967333,0.0,0.0026464706314381,3.2147895903047683
ECU,Ecuador,1999,7.86330811758721,0.0,0.0054774308663152,7.868785548453525
ECU,Ecuador,2000,16.3324950885101,0.0,0.0149274346317537,16.347422523141855
ECU,Ecuador,2001,9.09069290930629,0.0,0.0125625783754855,9.103255487681775
ECU,Ecuador,2002,8.07370405839442,0.0,0.0052559739651216,8.078960032359541
ECU,Ecuador,2003,8.39147653417875,0.0,0.0052872442884199,8.39676377846717
ECU,Ecuador,2004,12.2508252521177,0.0,0.0053453483959928,12.256170600513693
ECU,Ecuador,2005,16.5366396462506,0.0,0.0137364930608804,16.550376139311478
ECU,Ecuador,2006,17.9868791091883,0.0,0.01848153963096,18.005360648819263
ECU,Ecuador,2007,16.5138217754915,0.0,0.0200087462005954,16.533830521692096
ECU,Ecuador,2008,18.654574856841,0.0,0.0174278432820981,18.672002700123098
ECU,Ecuador,2009,8.82457083402611,0.0,0.0215040580227175,8.846074892048827
ECU,Ecuador,2010,11.1941478463167,0.0,0.0152411813949828,11.209389027711682
ECU,Ecuador,2011,16.0118572281981,0.0,0.0219014648757271,16.03375869307383
ECU,Ecuador,2012,13.9638597674194,0.0,0.0448272573078322,14.008687024727232
ECU,Ecuador,2013,12.2978605117168,0.0,0.0450469705695697,12.34290748228637
ECU,Ecuador,2014,11.0826381316277,0.0,0.0426715913878213,11.125309723015521
ECU,Ecuador,2015,4.19483660505841,0.0,0.0190291431700831,4.213865748228494
ECU,Ecuador,2016,3.26158550456448,0.0,0.0089325525577212,3.2705180571222012
ECU,Ecuador,2017,4.51289936555742,0.0,0.0099993351361004,4.522898700693521
ECU,Ecuador,2018,6.75910009874679,0.0,0.0183213291864609,6.777421427933251
ECU,Ecuador,2019,5.52629823993135,0.0,0.0174551929671252,5.543753432898475
ECU,Ecuador,2020,2.56275988674609,0.0,0.0086762717011158,2.571436158447206
ECU,Ecuador,2021,6.40325083301788,0.0,0.0136026725030243,6.416853505520905
ECU,Ecuador,2022,,,,
ECU,Ecuador,2023,,,,
ECU,Ecuador,2024,,,,
ECU,Ecuador,2025,,,,
EGY,"Egypt, Arab Rep.",1960,,,,
EGY,"Egypt, Arab Rep.",1961,,,,
EGY,"Egypt, Arab Rep.",1962,,,,
EGY,"Egypt, Arab Rep.",1963,,,,
EGY,"Egypt, Arab Rep.",1964,,,,
EGY,"Egypt, Arab Rep.",1965,,,,
EGY,"Egypt, Arab Rep.",1966,,,,
EGY,"Egypt, Arab Rep.",1967,,,,
EGY,"Egypt, Arab Rep.",1968,,,,
EGY,"Egypt, Arab Rep.",1969,,,,
EGY,"Egypt, Arab Rep.",1970,1.35975091695316,,0.0063285166579832,1.3660794336111433
EGY,"Egypt, Arab Rep.",1971,1.51778650321548,0.0,0.0057247563299254,1.5235112595454054
EGY,"Egypt, Arab Rep.",1972,1.41414965534595,0.0,0.0052604125687696,1.4194100679147197
EGY,"Egypt, Arab Rep.",1973,1.39607975350548,0.0,0.0039301238560278,1.400009877361508
EGY,"Egypt, Arab Rep.",1974,5.88631020930284,0.0,0.0048345566548896,5.89114476595773
EGY,"Egypt, Arab Rep.",1975,7.24294064094708,0.0,0.0061511087335946,7.249091749680675
EGY,"Egypt, Arab Rep.",1976,9.70584745111108,0.0,0.0412931729767677,9.747140624087848
EGY,"Egypt, Arab Rep.",1977,12.1647429097968,0.0,0.0565792426337968,12.221322152430597
EGY,"Egypt, Arab Rep.",1978,14.1098795600338,0.0,0.102349233590231,14.212228793624032
EGY,"Egypt, Arab Rep.",1979,29.2321387639113,0.0,0.201212659543661,29.433351423454962
EGY,"Egypt, Arab Rep.",1980,31.6900821803862,0.0,0.303096363786415,31.993178544172615
EGY,"Egypt, Arab Rep.",1981,27.7019088190168,0.0,0.285272208880706,27.987181027897506
EGY,"Egypt, Arab Rep.",1982,20.3145855308392,0.0,0.0961436277277545,20.410729158566955
EGY,"Egypt, Arab Rep.",1983,19.5698422151813,0.0,0.305148314734969,19.874990529916268
EGY,"Egypt, Arab Rep.",1984,19.7968763673517,0.0,0.319034425647114,20.115910792998815
EGY,"Egypt, Arab Rep.",1985,18.1234335527381,0.0,0.328040564883275,18.451474117621373
EGY,"Egypt, Arab Rep.",1986,7.79500738712299,0.0,0.382659569867373,8.177666956990363
EGY,"Egypt, Arab Rep.",1987,12.0356801339419,0.0,0.379344035914055,12.415024169855956
EGY,"Egypt, Arab Rep.",1988,11.0202881461945,0.0,0.493447741679613,11.513735887874114
EGY,"Egypt, Arab Rep.",1989,13.8923262424621,0.0,0.474817424842265,14.367143667304365
EGY,"Egypt, Arab Rep.",1990,16.9450404713831,0.0,0.510020435747016,17.455060907130115
EGY,"Egypt, Arab Rep.",1991,11.7662441097498,0.0,0.631507674585289,12.397751784335089
EGY,"Egypt, Arab Rep.",1992,11.1221302701088,0.0,0.583818838684651,11.705949108793451
EGY,"Egypt, Arab Rep.",1993,9.87234453989827,0.0,0.630896722018105,10.503241261916376
EGY,"Egypt, Arab Rep.",1994,7.89742762113067,0.0,0.63844470152896,8.53587232265963
EGY,"Egypt, Arab Rep.",1995,7.50906073379094,0.0,0.612728283364487,8.121789017155427
EGY,"Egypt, Arab Rep.",1996,8.40318332983217,0.0,0.632966198090484,9.036149527922655
EGY,"Egypt, Arab Rep.",1997,6.09921817559871,0.0,0.593986674942503,6.693204850541213
EGY,"Egypt, Arab Rep.",1998,3.42870521918816,0.0,0.525188376468722,3.953893595656882
EGY,"Egypt, Arab Rep.",1999,5.19186775765069,3.01803216259927e-08,0.559601222853832,5.751469010684843
EGY,"Egypt, Arab Rep.",2000,6.47222160611776,0.0002650613685497,0.80988360858388,7.28237027607019
EGY,"Egypt, Arab Rep.",2001,5.17066273278314,0.0004591709369364,1.12609010255356,6.297212006273637
EGY,"Egypt, Arab Rep.",2002,5.90580704386046,0.0002691499416771,1.1880642465276,7.0941404403297375
EGY,"Egypt, Arab Rep.",2003,7.50637371077042,0.0002983462741505,1.34012258500625,8.84679464205082
EGY,"Egypt, Arab Rep.",2004,9.49448631419397,0.0012942234184541,1.60233568193565,11.098116219548075
EGY,"Egypt, Arab Rep.",2005,11.8509312061057,0.0006279485502824,2.33458675802498,14.186145912680962
EGY,"Egypt, Arab Rep.",2006,11.7296934107586,0.0,2.8202302183493,14.5499236291079
EGY,"Egypt, Arab Rep.",2007,10.7818588338143,0.0,2.45152200895889,13.23338084277319
EGY,"Egypt, Arab Rep.",2008,12.4545677729971,0.0,2.18068996423443,14.63525773723153
EGY,"Egypt, Arab Rep.",2009,6.24755741424533,0.0,2.05000012334665,8.297557537591981
EGY,"Egypt, Arab Rep.",2010,7.41778712942652,0.0,1.5962103417445,9.01399747117102
EGY,"Egypt, Arab Rep.",2011,9.74186285549743,0.0,1.89361087079368,11.63547372629111
EGY,"Egypt, Arab Rep.",2012,8.38345897037217,0.0,1.63298671232615,10.016445682698318
EGY,"Egypt, Arab Rep.",2013,7.82863019779494,0.0,1.48462315590397,9.31325335369891
EGY,"Egypt, Arab Rep.",2014,6.82340013626772,0.0,1.15200734272802,7.97540747899574
EGY,"Egypt, Arab Rep.",2015,3.05526433674059,0.0,0.717587471392014,3.7728518081326037
EGY,"Egypt, Arab Rep.",2016,2.35006516963224,0.0,0.506687001503198,2.856752171135438
EGY,"Egypt, Arab Rep.",2017,4.12683269397819,0.0,1.04828310066825,5.17511579464644
EGY,"Egypt, Arab Rep.",2018,5.47658822874947,0.0,1.89151906248592,7.36810729123539
EGY,"Egypt, Arab Rep.",2019,3.8819618632175,0.0,1.67276468331077,5.55472654652827
EGY,"Egypt, Arab Rep.",2020,1.85770095140202,0.0,1.27251663281876,3.1302175842207802
EGY,"Egypt, Arab Rep.",2021,2.98581458250197,0.0,2.04572586744071,5.03154044994268
EGY,"Egypt, Arab Rep.",2022,,,,
EGY,"Egypt, Arab Rep.",2023,,,,
EGY,"Egypt, Arab Rep.",2024,,,,
EGY,"Egypt, Arab Rep.",2025,,,,
ERI,Eritrea,1960,,,,
ERI,Eritrea,1961,,,,
ERI,Eritrea,1962,,,,
ERI,Eritrea,1963,,,,
ERI,Eritrea,1964,,,,
ERI,Eritrea,1965,,,,
ERI,Eritrea,1966,,,,
ERI,Eritrea,1967,,,,
ERI,Eritrea,1968,,,,
ERI,Eritrea,1969,,,,
ERI,Eritrea,1970,,,,
ERI,Eritrea,1971,,,,
ERI,Eritrea,1972,,,,
ERI,Eritrea,1973,,,,
ERI,Eritrea,1974,,,,
ERI,Eritrea,1975,,,,
ERI,Eritrea,1976,,,,
ERI,Eritrea,1977,,,,
ERI,Eritrea,1978,,,,
ERI,Eritrea,1979,,,,
ERI,Eritrea,1980,,,,
ERI,Eritrea,1981,,,,
ERI,Eritrea,1982,,,,
ERI,Eritrea,1983,,,,
ERI,Eritrea,1984,,,,
ERI,Eritrea,1985,,,,
ERI,Eritrea,1986,,,,
ERI,Eritrea,1987,,,,
ERI,Eritrea,1988,,,,
ERI,Eritrea,1989,,,,
ERI,Eritrea,1990,,,,
ERI,Eritrea,1991,,,,
ERI,Eritrea,1992,0.0,0.0,0.0,0.0
ERI,Eritrea,1993,0.0,0.0,0.0,0.0
ERI,Eritrea,1994,0.0,0.0,0.0,0.0
ERI,Eritrea,1995,0.0,0.0,0.0,0.0
ERI,Eritrea,1996,0.0,0.0,0.0,0.0
ERI,Eritrea,1997,0.0,0.0,0.0,0.0
ERI,Eritrea,1998,0.0,0.0,0.0,0.0
ERI,Eritrea,1999,0.0,0.0,0.0,0.0
ERI,Eritrea,2000,0.0,0.0,0.0,0.0
ERI,Eritrea,2001,0.0,0.0,0.0,0.0
ERI,Eritrea,2002,0.0,0.0,0.0,0.0
ERI,Eritrea,2003,0.0,0.0,0.0,0.0
ERI,Eritrea,2004,0.0,0.0,0.0,0.0
ERI,Eritrea,2005,0.0,0.0,0.0,0.0
ERI,Eritrea,2006,0.0,0.0,0.0,0.0
ERI,Eritrea,2007,0.0,0.0,0.0,0.0
ERI,Eritrea,2008,0.0,0.0,0.0,0.0
ERI,Eritrea,2009,0.0,0.0,0.0,0.0
ERI,Eritrea,2010,0.0,0.0,0.0,0.0
ERI,Eritrea,2011,0.0,0.0,0.0,0.0
ERI,Eritrea,2012,,,,
ERI,Eritrea,2013,,,,
ERI,Eritrea,2014,,,,
ERI,Eritrea,2015,,,,
ERI,Eritrea,2016,,,,
ERI,Eritrea,2017,,,,
ERI,Eritrea,2018,,,,
ERI,Eritrea,2019,,,,
ERI,Eritrea,2020,,,,
ERI,Eritrea,2021,,,,
ERI,Eritrea,2022,,,,
ERI,Eritrea,2023,,,,
ERI,Eritrea,2024,,,,
ERI,Eritrea,2025,,,,
ESP,Spain,1960,,,,
ESP,Spain,1961,,,,
ESP,Spain,1962,,,,
ESP,Spain,1963,,,,
ESP,Spain,1964,,,,
ESP,Spain,1965,,,,
ESP,Spain,1966,,,,
ESP,Spain,1967,,,,
ESP,Spain,1968,,,,
ESP,Spain,1969,,,,
ESP,Spain,1970,0.000309180389037,0.0184640772240545,,0.0187732576130915
ESP,Spain,1971,0.0007517352737514,0.0206612536046071,,0.0214129888783585
ESP,Spain,1972,0.0009725800423157,0.0164659376045888,,0.0174385176469045
ESP,Spain,1973,0.0073758389436776,0.0126849762995741,,0.0200608152432517
ESP,Spain,1974,0.0934819346316966,0.0219558976048795,,0.1154378322365761
ESP,Spain,1975,0.0751290617417776,0.0837688117030645,,0.15889787344484207
ESP,Spain,1976,0.0693319729400274,0.0920195599277997,,0.1613515328678271
ESP,Spain,1977,0.0364086084503603,0.0954533255544151,3.88848261360552e-06,0.131865822487389
ESP,Spain,1978,0.0304238690484626,0.0612092992262134,4.88625823161857e-06,0.0916380545329076
ESP,Spain,1979,0.0659562151230207,0.0432393220642171,7.88615122662422e-06,0.10920342333846443
ESP,Spain,1980,0.105539264504287,0.069905599314364,1.24533703622278e-05,0.17545731718901322
ESP,Spain,1981,0.0747455064052639,0.204376181937485,9.95206462076343e-06,0.27913164040736965
ESP,Spain,1982,0.0606352635901885,0.260152446606628,5.67417452675856e-06,0.32079338437134325
ESP,Spain,1983,0.17561908092457,0.12848583269734,1.29477083148853e-05,0.3041178613302249
ESP,Spain,1984,0.135159181160029,0.0639842514638827,0.0020080077144116,0.2011514403383233
ESP,Spain,1985,0.123024307047344,0.0851015867830807,0.0027114362661032,0.21083733009652791
ESP,Spain,1986,0.0300095188793966,0.0217990156284057,0.0027591170305198,0.054567651538322104
ESP,Spain,1987,0.0345726795191224,0.0049071952280542,0.0022370583750583,0.041716933122234894
ESP,Spain,1988,0.0202193083988981,0.0055873085602594,0.0020982487531365,0.027904865712294002
ESP,Spain,1989,0.0205019528481669,0.0053048020946295,0.0033744062122238,0.029181161155020202
ESP,Spain,1990,0.0167206636998013,0.0191756804390406,0.0035169725170931,0.039413316655935
ESP,Spain,1991,0.0101230266230823,0.0147466096260703,0.0023441562744783,0.027213792523630903
ESP,Spain,1992,0.010093392985894,0.0079509905070088,0.0010493112193366,0.0190936947122394
ESP,Spain,1993,0.0095136073994548,0.0013522681578091,0.0014598609456803,0.012325736502944199
ESP,Spain,1994,0.0077527597151699,0.0017711027107828,0.000434859430962,0.009958721856914701
ESP,Spain,1995,0.0060286233651504,0.006224111557031,0.0003305422858266,0.012583277208008
ESP,Spain,1996,0.0063573803908436,0.0037697537975626,0.0001679038315379,0.0102950380199441
ESP,Spain,1997,0.0039843224053494,0.0020003098995417,0.0006464343883731,0.0066310666932642
ESP,Spain,1998,0.0016603722596544,0.0023891919857952,5.20928087999325e-05,0.004101657054249533
ESP,Spain,1999,0.0027374390042391,0.0003006277724892,6.57580839072651e-05,0.0031038248606355652
ESP,Spain,2000,0.0048350604862431,0.0038446562303987,0.0005742988009559,0.0092540155175977
ESP,Spain,2001,0.0061348233895011,0.0123799392928752,0.0036885047102891,0.0222032673926654
ESP,Spain,2002,0.0044256137815808,0.0040249033623876,0.002488832500217,0.0109393496441854
ESP,Spain,2003,0.0040117888311546,0.003171107333918,0.0010271676703272,0.0082100638353998
ESP,Spain,2004,0.0036654446717559,0.0206753364971601,0.0010470210972523,0.0253878022661683
ESP,Spain,2005,0.0032744655840555,0.0125934254833309,0.0003753163883514,0.0162432074557378
ESP,Spain,2006,0.0029154908429331,0.0116704698183558,0.0003071654233904,0.014893126084679301
ESP,Spain,2007,0.0028466450350846,0.0145400693241205,8.33384517777598e-05,0.01747005281098286
ESP,Spain,2008,0.0033744712688285,0.032079273609495,0.000121351888769,0.0355750967670925
ESP,Spain,2009,0.0016595111430676,0.0095697382441501,8.17275434437884e-05,0.01131097693066149
ESP,Spain,2010,0.0022176314385651,0.0162968550522323,0.0002988922234435,0.018813378714240898
ESP,Spain,2011,0.0028817985927768,0.0155334692771782,0.00039108502139,0.018806352891345
ESP,Spain,2012,0.0044266059857127,0.0074474408940647,0.000520506046413,0.0123945529261904
ESP,Spain,2013,0.010347316151723,0.0028822246124274,0.0005394747633158,0.013769015527466198
ESP,Spain,2014,0.0079086346486516,0.0025335084191447,0.0001609273406479,0.010603070408444201
ESP,Spain,2015,0.0029307758008732,0.0017451511545335,0.0003509622876312,0.0050268892430379
ESP,Spain,2016,0.0013292731433236,0.0011367896634245,0.0001797214878117,0.0026457842945598
ESP,Spain,2017,0.0016398936365538,0.0019244758647489,0.0001159642133535,0.0036803337146562
ESP,Spain,2018,0.001764912494645,0.0015592957370588,0.000544366653518,0.0038685748852218
ESP,Spain,2019,0.0007440005101594,0.0,0.0005950431968515,0.0013390437070109
ESP,Spain,2020,0.0002957349879874,0.0,0.0001136952728159,0.0004094302608033
ESP,Spain,2021,0.000151493558291,0.0,0.0005672197304352,0.0007187132887262
ESP,Spain,2022,,,,
ESP,Spain,2023,,,,
ESP,Spain,2024,,,,
ESP,Spain,2025,,,,
EST,Estonia,1960,,,,
EST,Estonia,1961,,,,
EST,Estonia,1962,,,,
EST,Estonia,1963,,,,
EST,Estonia,1964,,,,
EST,Estonia,1965,,,,
EST,Estonia,1966,,,,
EST,Estonia,1967,,,,
EST,Estonia,1968,,,,
EST,Estonia,1969,,,,
EST,Estonia,1970,,,,
EST,Estonia,1971,,,,
EST,Estonia,1972,,,,
EST,Estonia,1973,,,,
EST,Estonia,1974,,,,
EST,Estonia,1975,,,,
EST,Estonia,1976,,,,
EST,Estonia,1977,,,,
EST,Estonia,1978,,,,
EST,Estonia,1979,,,,
EST,Estonia,1980,,,,
EST,Estonia,1981,,,,
EST,Estonia,1982,,,,
EST,Estonia,1983,,,,
EST,Estonia,1984,,,,
EST,Estonia,1985,,,,
EST,Estonia,1986,,,,
EST,Estonia,1987,,,,
EST,Estonia,1988,,,,
EST,Estonia,1989,,,,
EST,Estonia,1990,,,,
EST,Estonia,1991,,,,
EST,Estonia,1992,,,,
EST,Estonia,1993,,,,
EST,Estonia,1994,,,,
EST,Estonia,1995,1.01486539396069,0.0,0.0,1.01486539396069
EST,Estonia,1996,1.27526802566813,0.0,0.0,1.27526802566813
EST,Estonia,1997,0.875477580930388,0.0,0.0,0.875477580930388
EST,Estonia,1998,0.233221617830374,0.0,0.0,0.233221617830374
EST,Estonia,1999,0.648546109503094,0.0,0.0,0.648546109503094
EST,Estonia,2000,1.53035528821004,0.0,0.0,1.53035528821004
EST,Estonia,2001,0.940432350616132,0.0,0.0,0.940432350616132
EST,Estonia,2002,0.769330159854059,0.0,0.0,0.769330159854059
EST,Estonia,2003,0.628213867743043,0.0,0.0,0.628213867743043
EST,Estonia,2004,0.718607971781233,0.0,0.0,0.718607971781233
EST,Estonia,2005,1.00907540024629,0.0,0.0,1.00907540024629
EST,Estonia,2006,1.05803169914904,0.0,0.0,1.05803169914904
EST,Estonia,2007,1.12130367695077,0.0,0.0,1.12130367695077
EST,Estonia,2008,1.58302746810645,0.0,0.0,1.58302746810645
EST,Estonia,2009,0.956769785029067,0.0,0.0,0.956769785029067
EST,Estonia,2010,0.720826423519741,0.0,0.0,0.720826423519741
EST,Estonia,2011,0.895652000201936,0.0,0.0,0.895652000201936
EST,Estonia,2012,1.01314866161022,0.0,0.0,1.01314866161022
EST,Estonia,2013,0.908405977818845,0.0,0.0,0.908405977818845
EST,Estonia,2014,0.967779937618074,0.0,0.0,0.967779937618074
EST,Estonia,2015,0.577870298883675,0.0,0.0,0.577870298883675
EST,Estonia,2016,0.395237695104046,0.0,0.0,0.395237695104046
EST,Estonia,2017,0.648969670439222,0.0,0.0,0.648969670439222
EST,Estonia,2018,0.995460170965617,0.0,0.0,0.995460170965617
EST,Estonia,2019,0.924587689843327,0.0,0.0,0.924587689843327
EST,Estonia,2020,0.480973513029608,0.0,0.0,0.480973513029608
EST,Estonia,2021,0.962229214145247,0.0,0.0,0.962229214145247
EST,Estonia,2022,,,,
EST,Estonia,2023,,,,
EST,Estonia,2024,,,,
EST,Estonia,2025,,,,
ETH,Ethiopia,1960,,,,
ETH,Ethiopia,1961,,,,
ETH,Ethiopia,1962,,,,
ETH,Ethiopia,1963,,,,
ETH,Ethiopia,1964,,,,
ETH,Ethiopia,1965,,,,
ETH,Ethiopia,1966,,,,
ETH,Ethiopia,1967,,,,
ETH,Ethiopia,1968,,,,
ETH,Ethiopia,1969,,,,
ETH,Ethiopia,1970,,,,
ETH,Ethiopia,1971,,,,
ETH,Ethiopia,1972,,,,
ETH,Ethiopia,1973,,,,
ETH,Ethiopia,1974,,,,
ETH,Ethiopia,1975,,,,
ETH,Ethiopia,1976,,,,
ETH,Ethiopia,1977,,,,
ETH,Ethiopia,1978,,,,
ETH,Ethiopia,1979,,,,
ETH,Ethiopia,1980,,,,
ETH,Ethiopia,1981,0.0,0.0,0.0,0.0
ETH,Ethiopia,1982,0.0,0.0,0.0,0.0
ETH,Ethiopia,1983,0.0,0.0,0.0,0.0
ETH,Ethiopia,1984,0.0,0.0,0.0,0.0
ETH,Ethiopia,1985,0.0,0.0,0.0,0.0
ETH,Ethiopia,1986,0.0,0.0,0.0,0.0
ETH,Ethiopia,1987,0.0,0.0,0.0,0.0
ETH,Ethiopia,1988,0.0,0.0,0.0,0.0
ETH,Ethiopia,1989,0.0,0.0,0.0,0.0
ETH,Ethiopia,1990,0.0,0.0,0.0,0.0
ETH,Ethiopia,1991,0.0,0.0,0.0,0.0
ETH,Ethiopia,1992,0.0,0.0,0.0,0.0
ETH,Ethiopia,1993,0.0,0.0,0.0,0.0
ETH,Ethiopia,1994,0.0,0.0,0.0,0.0
ETH,Ethiopia,1995,0.0,0.0,0.0,0.0
ETH,Ethiopia,1996,0.0,0.0,0.0,0.0
ETH,Ethiopia,1997,0.0,0.0,0.0,0.0
ETH,Ethiopia,1998,0.0,0.0,0.0,0.0
ETH,Ethiopia,1999,0.0,0.0,0.0,0.0
ETH,Ethiopia,2000,0.0,0.0,0.0,0.0
ETH,Ethiopia,2001,0.0,0.0,0.0,0.0
ETH,Ethiopia,2002,0.0,0.0,0.0,0.0
ETH,Ethiopia,2003,0.0,0.0,0.0,0.0
ETH,Ethiopia,2004,0.0,0.0,0.0,0.0
ETH,Ethiopia,2005,0.0,0.0,0.0,0.0
ETH,Ethiopia,2006,0.0,0.0,0.0,0.0
ETH,Ethiopia,2007,0.0,0.0,0.0,0.0
ETH,Ethiopia,2008,0.0089660103734654,0.0,0.0,0.0089660103734654
ETH,Ethiopia,2009,0.0035679982906305,0.0018376956220158,0.0,0.0054056939126463
ETH,Ethiopia,2010,0.0058556774728312,0.0072449925692298,0.0,0.013100670042060999
ETH,Ethiopia,2011,0.0081746694968384,0.0050772764300167,0.0,0.013251945926855099
ETH,Ethiopia,2012,0.0058150126399149,0.0,0.0,0.0058150126399149
ETH,Ethiopia,2013,0.0079039679631487,0.0,0.0,0.0079039679631487
ETH,Ethiopia,2014,0.0067708864607757,0.0,0.0,0.0067708864607757
ETH,Ethiopia,2015,0.0028568298955423,0.0,0.0,0.0028568298955423
ETH,Ethiopia,2016,0.0027240103115128,9.90538673681238e-05,0.0,0.002823064178880924
ETH,Ethiopia,2017,0.0,0.0001300134751878,0.0,0.0001300134751878
ETH,Ethiopia,2018,0.0,0.0001485747279059,0.0,0.0001485747279059
ETH,Ethiopia,2019,0.0,0.0001042081565032,0.0,0.0001042081565032
ETH,Ethiopia,2020,0.0,8.32489506864312e-05,0.0,8.32489506864312e-05
ETH,Ethiopia,2021,0.0,0.0001638328101775,0.0,0.0001638328101775
ETH,Ethiopia,2022,,,,
ETH,Ethiopia,2023,,,,
ETH,Ethiopia,2024,,,,
ETH,Ethiopia,2025,,,,
FIN,Finland,1960,,,,
FIN,Finland,1961,,,,
FIN,Finland,1962,,,,
FIN,Finland,1963,,,,
FIN,Finland,1964,,,,
FIN,Finland,1965,,,,
FIN,Finland,1966,,,,
FIN,Finland,1967,,,,
FIN,Finland,1968,,,,
FIN,Finland,1969,,,,
FIN,Finland,1970,,0.0,0.0,0.0
FIN,Finland,1971,0.0,0.0,0.0,0.0
FIN,Finland,1972,0.0,0.0,0.0,0.0
FIN,Finland,1973,0.0,0.0,0.0,0.0
FIN,Finland,1974,0.0,0.0,0.0,0.0
FIN,Finland,1975,0.0,0.0,0.0,0.0
FIN,Finland,1976,0.0,0.0,0.0,0.0
FIN,Finland,1977,0.0,0.0,0.0,0.0
FIN,Finland,1978,0.0,0.0,0.0,0.0
FIN,Finland,1979,0.0,0.0,0.0,0.0
FIN,Finland,1980,0.0,0.0,0.0,0.0
FIN,Finland,1981,0.0,0.0,0.0,0.0
FIN,Finland,1982,0.0,0.0,0.0,0.0
FIN,Finland,1983,0.0,0.0,0.0,0.0
FIN,Finland,1984,0.0,0.0,0.0,0.0
FIN,Finland,1985,0.0,0.0,0.0,0.0
FIN,Finland,1986,0.0,0.0,0.0,0.0
FIN,Finland,1987,0.0,0.0,0.0,0.0
FIN,Finland,1988,0.0,0.0,0.0,0.0
FIN,Finland,1989,0.0,0.0,0.0,0.0
FIN,Finland,1990,0.0,0.0,0.0,0.0
FIN,Finland,1991,0.0,0.0,0.0,0.0
FIN,Finland,1992,0.0,0.0,0.0,0.0
FIN,Finland,1993,0.0,0.0,0.0,0.0
FIN,Finland,1994,0.0,0.0,0.0,0.0
FIN,Finland,1995,0.0,0.0,0.0,0.0
FIN,Finland,1996,0.0,0.0,0.0,0.0
FIN,Finland,1997,0.0,0.0,0.0,0.0
FIN,Finland,1998,0.0,0.0,0.0,0.0
FIN,Finland,1999,0.0,0.0,0.0,0.0
FIN,Finland,2000,0.0,0.0,0.0,0.0
FIN,Finland,2001,0.0,0.0,0.0,0.0
FIN,Finland,2002,0.0,0.0,0.0,0.0
FIN,Finland,2003,0.0,0.0,0.0,0.0
FIN,Finland,2004,0.0001894694238869,0.0,0.0,0.0001894694238869
FIN,Finland,2005,0.0011893485185809,0.0,0.0,0.0011893485185809
FIN,Finland,2006,0.0023565839001993,0.0,0.0,0.0023565839001993
FIN,Finland,2007,0.0,0.0,0.0,0.0
FIN,Finland,2008,0.0,0.0,0.0,0.0
FIN,Finland,2009,0.0,0.0,0.0,0.0
FIN,Finland,2010,0.0351012330705767,0.0,0.0,0.0351012330705767
FIN,Finland,2011,0.0362541272728247,0.0,0.0,0.0362541272728247
FIN,Finland,2012,0.0475826843159529,0.0,0.0,0.0475826843159529
FIN,Finland,2013,0.0522484933642708,0.0,0.0,0.0522484933642708
FIN,Finland,2014,0.0536121904628334,0.0,0.0,0.0536121904628334
FIN,Finland,2015,0.0321566445749805,0.0,0.0,0.0321566445749805
FIN,Finland,2016,0.0049874789259069,0.0,0.0,0.0049874789259069
FIN,Finland,2017,0.0205287132946789,0.0,0.0,0.0205287132946789
FIN,Finland,2018,0.0359430063476326,0.0,0.0,0.0359430063476326
FIN,Finland,2019,0.0395237238079271,0.0,0.0,0.0395237238079271
FIN,Finland,2020,0.0208151367431629,0.0,0.0,0.0208151367431629
FIN,Finland,2021,0.0456314892036643,0.0,0.0,0.0456314892036643
FIN,Finland,2022,,,,
FIN,Finland,2023,,,,
FIN,Finland,2024,,,,
FIN,Finland,2025,,,,
FJI,Fiji,1960,,,,
FJI,Fiji,1961,,,,
FJI,Fiji,1962,,,,
FJI,Fiji,1963,,,,
FJI,Fiji,1964,,,,
FJI,Fiji,1965,,,,
FJI,Fiji,1966,,,,
FJI,Fiji,1967,,,,
FJI,Fiji,1968,,,,
FJI,Fiji,1969,,,,
FJI,Fiji,1970,,,,
FJI,Fiji,1971,,,,
FJI,Fiji,1972,,,,
FJI,Fiji,1973,,,,
FJI,Fiji,1974,,,,
FJI,Fiji,1975,,,,
FJI,Fiji,1976,,,,
FJI,Fiji,1977,,,,
FJI,Fiji,1978,,,,
FJI,Fiji,1979,,,,
FJI,Fiji,1980,0.0,0.0,0.0,0.0
FJI,Fiji,1981,0.0,0.0,0.0,0.0
FJI,Fiji,1982,0.0,0.0,0.0,0.0
FJI,Fiji,1983,0.0,0.0,0.0,0.0
FJI,Fiji,1984,0.0,0.0,0.0,0.0
FJI,Fiji,1985,0.0,0.0,0.0,0.0
FJI,Fiji,1986,0.0,0.0,0.0,0.0
FJI,Fiji,1987,0.0,0.0,0.0,0.0
FJI,Fiji,1988,0.0,0.0,0.0,0.0
FJI,Fiji,1989,0.0,0.0,0.0,0.0
FJI,Fiji,1990,0.0,0.0,0.0,0.0
FJI,Fiji,1991,0.0,0.0,0.0,0.0
FJI,Fiji,1992,0.0,0.0,0.0,0.0
FJI,Fiji,1993,0.0,0.0,0.0,0.0
FJI,Fiji,1994,0.0,0.0,0.0,0.0
FJI,Fiji,1995,0.0,0.0,0.0,0.0
FJI,Fiji,1996,0.0,0.0,0.0,0.0
FJI,Fiji,1997,0.0,0.0,0.0,0.0
FJI,Fiji,1998,0.0,0.0,0.0,0.0
FJI,Fiji,1999,0.0,0.0,0.0,0.0
FJI,Fiji,2000,0.0,0.0,0.0,0.0
FJI,Fiji,2001,0.0,0.0,0.0,0.0
FJI,Fiji,2002,0.0,0.0,0.0,0.0
FJI,Fiji,2003,0.0,0.0,0.0,0.0
FJI,Fiji,2004,0.0,0.0,0.0,0.0
FJI,Fiji,2005,0.0,0.0,0.0,0.0
FJI,Fiji,2006,0.0,0.0,0.0,0.0
FJI,Fiji,2007,0.0,0.0,0.0,0.0
FJI,Fiji,2008,0.0,0.0,0.0,0.0
FJI,Fiji,2009,0.0,0.0,0.0,0.0
FJI,Fiji,2010,0.0,0.0,0.0,0.0
FJI,Fiji,2011,0.0,0.0,0.0,0.0
FJI,Fiji,2012,0.0,0.0,0.0,0.0
FJI,Fiji,2013,0.0,0.0,0.0,0.0
FJI,Fiji,2014,0.0,0.0,0.0,0.0
FJI,Fiji,2015,0.0,0.0,0.0,0.0
FJI,Fiji,2016,0.0,0.0,0.0,0.0
FJI,Fiji,2017,0.0,0.0,0.0,0.0
FJI,Fiji,2018,0.0,0.0,0.0,0.0
FJI,Fiji,2019,0.0,0.0,0.0,0.0
FJI,Fiji,2020,0.0,0.0,0.0,0.0
FJI,Fiji,2021,0.0,0.0,0.0,0.0
FJI,Fiji,2022,,,,
FJI,Fiji,2023,,,,
FJI,Fiji,2024,,,,
FJI,Fiji,2025,,,,
FRA,France,1960,,,,
FRA,France,1961,,,,
FRA,France,1962,,,,
FRA,France,1963,,,,
FRA,France,1964,,,,
FRA,France,1965,,,,
FRA,France,1966,,,,
FRA,France,1967,,,,
FRA,France,1968,,,,
FRA,France,1969,,,,
FRA,France,1970,0.0012445261277039,0.0259323930243106,0.0116931337362529,0.0388700528882674
FRA,France,1971,0.0030800470267067,0.0254994097202642,0.0136729723767105,0.0422524291236814
FRA,France,1972,0.0030299608091241,0.0182509907137858,0.0159847230465609,0.0372656745694708
FRA,France,1973,0.0038968450689929,0.0137036416339517,0.0101774035351232,0.0277778902380678
FRA,France,1974,0.0220510106841115,0.023225210383413,0.0300156276294667,0.0752918486969912
FRA,France,1975,0.0150499049491404,0.0703681511657056,0.0338164225250199,0.1192344786398659
FRA,France,1976,0.0149040522622061,0.0756757845307963,0.0330267029957607,0.12360653978876311
FRA,France,1977,0.0139991002675884,0.0663031335343206,0.0328480631994955,0.1131502970014045
FRA,France,1978,0.0115039459046364,0.0401861639845612,0.02975084480954,0.0814409546987376
FRA,France,1979,0.0244140794065056,0.0288221640729182,0.0405887549620628,0.09382499844148659
FRA,France,1980,0.0318838289177756,0.0328786136014771,0.0472023714286134,0.1119648139478661
FRA,France,1981,0.0343612475061328,0.0717802686678053,0.0331222305442564,0.1392637467181945
FRA,France,1982,0.0220183215603602,0.0798308944141115,0.0150138300492797,0.11686304602375139
FRA,France,1983,0.0308360670902061,0.038800988021632,0.027667257395432,0.09730431250727009
FRA,France,1984,0.040406531375115,0.027758656217762,0.0276535697177136,0.0958187573105906
FRA,France,1985,0.0503734120435526,0.0270390133097308,0.0205613835271485,0.09797380888043189
FRA,France,1986,0.0158828404535354,0.0088740235644029,0.0117198116485572,0.0364766756664955
FRA,France,1987,0.0230614202248691,0.003307600280691,0.0047130924088213,0.0310821129143814
FRA,France,1988,0.0167364755200005,0.0027829602327608,0.0031341778004423,0.022653613553203604
FRA,France,1989,0.0257003351850313,0.0035364605149567,0.003210465572926,0.032447261272914
FRA,France,1990,0.0266357974593468,0.0074768965282609,0.0039414899695966,0.03805418395720429
FRA,France,1991,0.012641000783178,0.0064718174139999,0.0031745993517069,0.0222874175488848
FRA,France,1992,0.012057977543871,0.003845133652803,0.0014881701446861,0.0173912813413601
FRA,France,1993,0.0118039460062411,0.0020723623097237,0.0036522374002115,0.0175285457161763
FRA,France,1994,0.0102733020572934,0.0010811742010261,0.0034313382032548,0.014785814461574301
FRA,France,1995,0.008798394321969,0.0014877575920718,0.0052553636215025,0.0155415155355433
FRA,France,1996,0.0105605201828983,0.0008068996923551,0.0043447754422377,0.0157121953174911
FRA,France,1997,0.0077530518573603,0.0003614715694629,0.0045927040737675,0.0127072275005907
FRA,France,1998,0.0022073524421779,0.0003396991138686,0.0005005244473393,0.0030475760033858
FRA,France,1999,0.0060100955132444,3.57387803183947e-05,0.0004469977847982,0.006492832078360994
FRA,France,2000,0.0128162153938784,0.0004267684439125,0.0029950657905807,0.0162380496283716
FRA,France,2001,0.0093601296341591,0.0009653490931027,0.0063578362105501,0.016683314937811902
FRA,France,2002,0.0083087629463596,0.0002591668562954,0.0042333427464062,0.012801272549061202
FRA,France,2003,0.0073791013617469,0.0002532707480532,0.0033223645531099,0.010954736662909999
FRA,France,2004,0.0081039825740849,0.0001560532184092,0.002208348098708,0.0104683838912021
FRA,France,2005,0.0111412257646513,0.0,0.0014880702236225,0.0126292959882738
FRA,France,2006,0.011867928639494,0.0,0.0036644600177254,0.0155323886572194
FRA,France,2007,0.0105907897754201,0.0,0.0028542799234592,0.013445069698879299
FRA,France,2008,0.014247070185208,0.0,0.0041638138860201,0.018410884071228102
FRA,France,2009,0.0076761497248791,0.0,0.0030013145449839,0.010677464269863
FRA,France,2010,0.0089175389577351,0.0,0.0023297159180702,0.011247254875805301
FRA,France,2011,0.0108192692036986,0.0,0.0025865182340428,0.013405787437741401
FRA,France,2012,0.0126937537821637,0.0,0.0025828883032251,0.0152766420853888
FRA,France,2013,0.0109314252317,0.0,0.0015493248242741,0.0124807500559741
FRA,France,2014,0.0094716180532004,0.0,4.71876516832952e-05,0.009518805704883695
FRA,France,2015,0.0051246206563185,0.0,6.2380326009974e-05,0.005187000982328474
FRA,France,2016,0.0038516541853126,0.0,3.44487325405203e-05,0.00388610291785312
FRA,France,2017,0.0051866236409001,0.0,3.58235354425169e-05,0.005222447176342617
FRA,France,2018,0.0083911303924397,0.0,2.92489749702571e-05,0.008420379367409957
FRA,France,2019,0.0067826003275288,0.0,3.84726110560525e-05,0.006821072938584852
FRA,France,2020,0.0032971078988929,0.0,2.13920330256276e-05,0.0033184999319185275
FRA,France,2021,0.0071021867060762,0.0,0.0001377956867409,0.0072399823928171
FRA,France,2022,,,,
FRA,France,2023,,,,
FRA,France,2024,,,,
FRA,France,2025,,,,
FRO,Faroe Islands,1960,,,,
FRO,Faroe Islands,1961,,,,
FRO,Faroe Islands,1962,,,,
FRO,Faroe Islands,1963,,,,
FRO,Faroe Islands,1964,,,,
FRO,Faroe Islands,1965,,,,
FRO,Faroe Islands,1966,,,,
FRO,Faroe Islands,1967,,,,
FRO,Faroe Islands,1968,,,,
FRO,Faroe Islands,1969,,,,
FRO,Faroe Islands,1970,,,,
FRO,Faroe Islands,1971,,,,
FRO,Faroe Islands,1972,,,,
FRO,Faroe Islands,1973,,,,
FRO,Faroe Islands,1974,,,,
FRO,Faroe Islands,1975,,,,
FRO,Faroe Islands,1976,,,,
FRO,Faroe Islands,1977,,,,
FRO,Faroe Islands,1978,,,,
FRO,Faroe Islands,1979,,,,
FRO,Faroe Islands,1980,,,,
FRO,Faroe Islands,1981,,,,
FRO,Faroe Islands,1982,,,,
FRO,Faroe Islands,1983,,,,
FRO,Faroe Islands,1984,,,,
FRO,Faroe Islands,1985,,,,
FRO,Faroe Islands,1986,,,,
FRO,Faroe Islands,1987,,,,
FRO,Faroe Islands,1988,,,,
FRO,Faroe Islands,1989,,,,
FRO,Faroe Islands,1990,,,,
FRO,Faroe Islands,1991,,,,
FRO,Faroe Islands,1992,,,,
FRO,Faroe Islands,1993,,,,
FRO,Faroe Islands,1994,,,,
FRO,Faroe Islands,1995,,,,
FRO,Faroe Islands,1996,,,,
FRO,Faroe Islands,1997,,,,
FRO,Faroe Islands,1998,0.0,0.0,0.0,0.0
FRO,Faroe Islands,1999,0.0,0.0,0.0,0.0
FRO,Faroe Islands,2000,0.0,0.0,0.0,0.0
FRO,Faroe Islands,2001,0.0,0.0,0.0,0.0
FRO,Faroe Islands,2002,0.0,0.0,0.0,0.0
FRO,Faroe Islands,2003,0.0,0.0,0.0,0.0
FRO,Faroe Islands,2004,0.0,0.0,0.0,0.0
FRO,Faroe Islands,2005,0.0,0.0,0.0,0.0
FRO,Faroe Islands,2006,0.0,0.0,0.0,0.0
FRO,Faroe Islands,2007,0.0,0.0,0.0,0.0
FRO,Faroe Islands,2008,0.0,0.0,0.0,0.0
FRO,Faroe Islands,2009,0.0,0.0,0.0,0.0
FRO,Faroe Islands,2010,0.0,0.0,0.0,0.0
FRO,Faroe Islands,2011,0.0,0.0,0.0,0.0
FRO,Faroe Islands,2012,0.0,0.0,0.0,0.0
FRO,Faroe Islands,2013,0.0,,0.0,0.0
FRO,Faroe Islands,2014,0.0,,0.0,0.0
FRO,Faroe Islands,2015,0.0,,0.0,0.0
FRO,Faroe Islands,2016,0.0,,0.0,0.0
FRO,Faroe Islands,2017,0.0,,0.0,0.0
FRO,Faroe Islands,2018,0.0,,0.0,0.0
FRO,Faroe Islands,2019,0.0,,0.0,0.0
FRO,Faroe Islands,2020,0.0,,0.0,0.0
FRO,Faroe Islands,2021,0.0,,0.0,0.0
FRO,Faroe Islands,2022,,,,
FRO,Faroe Islands,2023,,,,
FRO,Faroe Islands,2024,,,,
FRO,Faroe Islands,2025,,,,
FSM,"Micronesia, Fed. Sts.",1960,,,,
FSM,"Micronesia, Fed. Sts.",1961,,,,
FSM,"Micronesia, Fed. Sts.",1962,,,,
FSM,"Micronesia, Fed. Sts.",1963,,,,
FSM,"Micronesia, Fed. Sts.",1964,,,,
FSM,"Micronesia, Fed. Sts.",1965,,,,
FSM,"Micronesia, Fed. Sts.",1966,,,,
FSM,"Micronesia, Fed. Sts.",1967,,,,
FSM,"Micronesia, Fed. Sts.",1968,,,,
FSM,"Micronesia, Fed. Sts.",1969,,,,
FSM,"Micronesia, Fed. Sts.",1970,,,,
FSM,"Micronesia, Fed. Sts.",1971,,,,
FSM,"Micronesia, Fed. Sts.",1972,,,,
FSM,"Micronesia, Fed. Sts.",1973,,,,
FSM,"Micronesia, Fed. Sts.",1974,,,,
FSM,"Micronesia, Fed. Sts.",1975,,,,
FSM,"Micronesia, Fed. Sts.",1976,,,,
FSM,"Micronesia, Fed. Sts.",1977,,,,
FSM,"Micronesia, Fed. Sts.",1978,,,,
FSM,"Micronesia, Fed. Sts.",1979,,,,
FSM,"Micronesia, Fed. Sts.",1980,,,,
FSM,"Micronesia, Fed. Sts.",1981,,,,
FSM,"Micronesia, Fed. Sts.",1982,,,,
FSM,"Micronesia, Fed. Sts.",1983,,,0.0,0.0
FSM,"Micronesia, Fed. Sts.",1984,,,,
FSM,"Micronesia, Fed. Sts.",1985,,,,
FSM,"Micronesia, Fed. Sts.",1986,,,0.0,0.0
FSM,"Micronesia, Fed. Sts.",1987,,,0.0,0.0
FSM,"Micronesia, Fed. Sts.",1988,,,0.0,0.0
FSM,"Micronesia, Fed. Sts.",1989,,,0.0,0.0
FSM,"Micronesia, Fed. Sts.",1990,,,0.0,0.0
FSM,"Micronesia, Fed. Sts.",1991,,,0.0,0.0
FSM,"Micronesia, Fed. Sts.",1992,,,0.0,0.0
FSM,"Micronesia, Fed. Sts.",1993,,,0.0,0.0
FSM,"Micronesia, Fed. Sts.",1994,,,0.0,0.0
FSM,"Micronesia, Fed. Sts.",1995,,,0.0,0.0
FSM,"Micronesia, Fed. Sts.",1996,,,0.0,0.0
FSM,"Micronesia, Fed. Sts.",1997,,,0.0,0.0
FSM,"Micronesia, Fed. Sts.",1998,,,0.0,0.0
FSM,"Micronesia, Fed. Sts.",1999,,,0.0,0.0
FSM,"Micronesia, Fed. Sts.",2000,,,0.0,0.0
FSM,"Micronesia, Fed. Sts.",2001,,,0.0,0.0
FSM,"Micronesia, Fed. Sts.",2002,,,0.0,0.0
FSM,"Micronesia, Fed. Sts.",2003,,,0.0,0.0
FSM,"Micronesia, Fed. Sts.",2004,,,0.0,0.0
FSM,"Micronesia, Fed. Sts.",2005,,,0.0,0.0
FSM,"Micronesia, Fed. Sts.",2006,,,0.0,0.0
FSM,"Micronesia, Fed. Sts.",2007,,,0.0,0.0
FSM,"Micronesia, Fed. Sts.",2008,,,0.0,0.0
FSM,"Micronesia, Fed. Sts.",2009,,,0.0,0.0
FSM,"Micronesia, Fed. Sts.",2010,,,0.0,0.0
FSM,"Micronesia, Fed. Sts.",2011,,,0.0,0.0
FSM,"Micronesia, Fed. Sts.",2012,,,0.0,0.0
FSM,"Micronesia, Fed. Sts.",2013,,,0.0,0.0
FSM,"Micronesia, Fed. Sts.",2014,,,0.0,0.0
FSM,"Micronesia, Fed. Sts.",2015,,,0.0,0.0
FSM,"Micronesia, Fed. Sts.",2016,,,0.0,0.0
FSM,"Micronesia, Fed. Sts.",2017,,,0.0,0.0
FSM,"Micronesia, Fed. Sts.",2018,,,0.0,0.0
FSM,"Micronesia, Fed. Sts.",2019,,,0.0,0.0
FSM,"Micronesia, Fed. Sts.",2020,,,0.0,0.0
FSM,"Micronesia, Fed. Sts.",2021,,,0.0,0.0
FSM,"Micronesia, Fed. Sts.",2022,,,,
FSM,"Micronesia, Fed. Sts.",2023,,,,
FSM,"Micronesia, Fed. Sts.",2024,,,,
FSM,"Micronesia, Fed. Sts.",2025,,,,
GAB,Gabon,1960,,,,
GAB,Gabon,1961,,,,
GAB,Gabon,1962,,,,
GAB,Gabon,1963,,,,
GAB,Gabon,1964,,,,
GAB,Gabon,1965,,,,
GAB,Gabon,1966,,,,
GAB,Gabon,1967,,,,
GAB,Gabon,1968,,,,
GAB,Gabon,1969,,,,
GAB,Gabon,1970,2.82981959687536,,,2.82981959687536
GAB,Gabon,1971,1.02902896732231,0.0,0.0729745996576622,1.1020035669799724
GAB,Gabon,1972,3.40930970981183,0.0,0.0767827109192282,3.486092420731058
GAB,Gabon,1973,4.29871748060017,0.0,0.217246336942356,4.515963817542526
GAB,Gabon,1974,39.0001330213806,0.0,0.254222804570779,39.25435582595138
GAB,Gabon,1975,29.6027283590989,0.0,0.0929586169586449,29.695686976057544
GAB,Gabon,1976,21.3356315061317,0.0,0.0208980806032129,21.356529586734915
GAB,Gabon,1977,27.2013155202753,0.0,0.0221654231398875,27.22348094341519
GAB,Gabon,1978,27.6115140387919,0.0,0.0186075260774481,27.63012156486935
GAB,Gabon,1979,53.9469270154673,0.0,0.0178281909512055,53.96475520641851
GAB,Gabon,1980,32.542915411399,0.0,0.008175802410719,32.55109121380972
GAB,Gabon,1981,17.9630441836621,0.0,0.0238837171376428,17.986927900799742
GAB,Gabon,1982,7.49562339329986,0.0,0.0146973134163849,7.510320706716246
GAB,Gabon,1983,16.6994887937704,0.0,0.0379419858522738,16.737430779622674
GAB,Gabon,1984,20.103227987543,0.0,0.0148229468178702,20.11805093436087
GAB,Gabon,1985,23.5882761384965,0.0,0.0201487710883589,23.60842490958486
GAB,Gabon,1986,7.65871418724573,0.0,0.027750584554608,7.686464771800338
GAB,Gabon,1987,16.0471420740884,0.0,0.022874519446905,16.070016593535303
GAB,Gabon,1988,11.6032527493751,0.0,0.0245639978336662,11.627816747208767
GAB,Gabon,1989,24.5013102164613,0.0,0.0281316252317075,24.529441841693007
GAB,Gabon,1990,30.6150890561432,0.0,0.030291023051845,30.645380079195046
GAB,Gabon,1991,20.0176989291755,0.0,0.0295025310435679,20.047201460219068
GAB,Gabon,1992,23.0465897725741,0.0,0.0247733543202475,23.071363126894347
GAB,Gabon,1993,28.5848268850145,0.0,0.0416942826191052,28.626521167633605
GAB,Gabon,1994,26.2916990777739,0.0,0.0438562774657988,26.3355553552397
GAB,Gabon,1995,27.4446896247965,0.0,0.0566811587339681,27.50137078353047
GAB,Gabon,1996,29.1677160895468,0.0,0.0484586602713025,29.2161747498181
GAB,Gabon,1997,29.7709119999325,0.0,0.0529871241663387,29.82389912409884
GAB,Gabon,1998,15.499721148259,0.0,0.0424388915850032,15.542160039844005
GAB,Gabon,1999,22.0308206615082,0.0,0.0472763797891524,22.078097041297355
GAB,Gabon,2000,43.6933433166058,0.0,0.0772762340975762,43.77061955070337
GAB,Gabon,2001,28.5621391754189,0.0,0.09276544922341,28.65490462464231
GAB,Gabon,2002,27.1895735624659,0.0,0.0866644650501961,27.276238027516094
GAB,Gabon,2003,21.2503487601086,0.0,0.0827014890693919,21.333050249177994
GAB,Gabon,2004,25.0988473562294,0.0,0.071282162957338,25.170129519186737
GAB,Gabon,2005,34.837420996188,0.0,0.03261862995654,34.87003962614454
GAB,Gabon,2006,33.9084565801093,0.0,0.0921095672170826,34.00056614732638
GAB,Gabon,2007,34.283912273453,0.0,0.0792230139390131,34.36313528739201
GAB,Gabon,2008,37.187729257242,0.0,0.0879977934357384,37.27572705067774
GAB,Gabon,2009,24.5730772701098,0.0,0.128111970359723,24.70118924046952
GAB,Gabon,2010,33.5096734280311,0.0,0.160031176391066,33.669704604422165
GAB,Gabon,2011,37.4261753637161,0.0,0.209107750132104,37.6352831138482
GAB,Gabon,2012,38.2761163072887,0.0,0.235863079960661,38.51197938724936
GAB,Gabon,2013,30.2411289292074,0.0,0.21205622538129,30.453185154588688
GAB,Gabon,2014,22.1627532667092,0.0,0.286832079981206,22.449585346690405
GAB,Gabon,2015,9.98640233955356,0.0,0.259727579161708,10.246129918715269
GAB,Gabon,2016,9.0185416132992,0.0,0.180381369327729,9.19892298262693
GAB,Gabon,2017,14.3932577694784,0.0,0.183250931989039,14.57650870146744
GAB,Gabon,2018,18.3274076798358,0.0,0.249185395988878,18.57659307582468
GAB,Gabon,2019,16.6842425426461,0.0,0.24178434717823,16.92602688982433
GAB,Gabon,2020,9.97982419987045,0.0,0.210349223877747,10.190173423748197
GAB,Gabon,2021,15.5565091491463,0.0,0.268524525122843,15.825033674269143
GAB,Gabon,2022,,,,
GAB,Gabon,2023,,,,
GAB,Gabon,2024,,,,
GAB,Gabon,2025,,,,
GBR,United Kingdom,1960,,,,
GBR,United Kingdom,1961,,,,
GBR,United Kingdom,1962,,,,
GBR,United Kingdom,1963,,,,
GBR,United Kingdom,1964,,,,
GBR,United Kingdom,1965,,,,
GBR,United Kingdom,1966,,,,
GBR,United Kingdom,1967,,,,
GBR,United Kingdom,1968,,,,
GBR,United Kingdom,1969,,,,
GBR,United Kingdom,1970,0.0001437731068301,0.0564456090807977,0.0215102849390893,0.0780996671267171
GBR,United Kingdom,1971,0.0006248150477157,0.0640940975502289,0.0396288249599441,0.1043477375578887
GBR,United Kingdom,1972,0.0011289390754357,0.0439582351093886,0.069056556704709,0.1141437308895333
GBR,United Kingdom,1973,0.0023045764320239,0.0478447342229616,0.0543149684919987,0.1044642791469842
GBR,United Kingdom,1974,0.0160053749980929,0.0771862664835504,0.193250694070333,0.2864423355519763
GBR,United Kingdom,1975,0.0346153950962825,0.40649975447852,0.251084261482557,0.6921994110573595
GBR,United Kingdom,1976,0.249608706879883,0.443289781648406,0.28990533168912,0.982803820217409
GBR,United Kingdom,1977,0.717546315473168,0.3801186912381,0.27165564800563,1.3693206547168981
GBR,United Kingdom,1978,0.796215439609656,0.219063986567784,0.221740237637805,1.237019663815245
GBR,United Kingdom,1979,2.15345223381521,0.131560578451105,0.287370799914419,2.572383612180734
GBR,United Kingdom,1980,2.17468541279508,0.185591876341148,0.281028368656335,2.641305657792563
GBR,United Kingdom,1981,2.0290955871406,0.454571115048602,0.192756868660754,2.676423570849956
GBR,United Kingdom,1982,1.53130333265233,0.502843500533318,0.0965944704534917,2.13074130363914
GBR,United Kingdom,1983,2.28080029508101,0.203979682998197,0.182281821696475,2.667061799775682
GBR,United Kingdom,1984,2.75907824081709,0.0305086720676565,0.187512895089207,2.9770998079739535
GBR,United Kingdom,1985,2.67495492006078,0.0944965918598527,0.180288938060924,2.9497404499815567
GBR,United Kingdom,1986,0.848914064850015,0.0283571843587255,0.155521445608748,1.0327926948174884
GBR,United Kingdom,1987,1.08201365866639,0.0081368688514199,0.0693471580108446,1.1594976855286545
GBR,United Kingdom,1988,0.627378568970168,0.0071526222417421,0.0482441606655183,0.6827753518774283
GBR,United Kingdom,1989,0.753916116682002,0.0076368988631132,0.0495166513229391,0.8110696668680544
GBR,United Kingdom,1990,0.882565641379211,0.0402448646243077,0.0731797092545278,0.9959902152580464
GBR,United Kingdom,1991,0.412174585640108,0.0340665464872984,0.0567727275988582,0.5030138597262646
GBR,United Kingdom,1992,0.45037018743077,0.0166228721010401,0.0286257821232236,0.49561884165503367
GBR,United Kingdom,1993,0.507917987549076,0.0029229990669993,0.0837477499789455,0.5945887365950209
GBR,United Kingdom,1994,0.520900545480459,0.0026783375196132,0.0806664164223917,0.604245299422464
GBR,United Kingdom,1995,0.510075233528374,0.0093483886561212,0.13682766412971,0.6562512863142053
GBR,United Kingdom,1996,0.692863039051656,0.0060237203370163,0.148571663911289,0.8474584232999613
GBR,United Kingdom,1997,0.48646780134821,0.0033266446018094,0.139662354509984,0.6294568004600034
GBR,United Kingdom,1998,0.145754867132571,0.0025806190691435,0.0178393478053867,0.1661748340071012
GBR,United Kingdom,1999,0.442618243757321,0.000331750737798,0.0189209042663947,0.4618708987615137
GBR,United Kingdom,2000,0.899607457881131,0.0031483513428821,0.143159542076019,1.045915351300032
GBR,United Kingdom,2001,0.623069756321262,0.0112116224547952,0.297829106442769,0.9321104852188262
GBR,United Kingdom,2002,0.59707481885464,0.0044113676700899,0.206006587502172,0.8074927740269018
GBR,United Kingdom,2003,0.559752287291694,0.0038233943296288,0.193694812254787,0.7572704938761098
GBR,United Kingdom,2004,0.575171956513235,0.0197997908268176,0.137032225524508,0.7320039728645606
GBR,United Kingdom,2005,0.720225579643724,0.0110054440706098,0.101098531314747,0.8323295550290808
GBR,United Kingdom,2006,0.708171759768897,0.0097323914242348,0.1916673407739,0.9095714919670318
GBR,United Kingdom,2007,0.6818533676487,0.0121864379548783,0.157083452753946,0.8511232583575242
GBR,United Kingdom,2008,0.996222101169364,0.0449803959802397,0.290604342207015,1.3318068393566187
GBR,United Kingdom,2009,0.61738163928542,0.0164405626939319,0.21024175622231,0.8440639582016619
GBR,United Kingdom,2010,0.639286356112083,0.0301037064256683,0.185444706515816,0.8548347690535673
GBR,United Kingdom,2011,0.82160437614263,0.0352096117076459,0.21217311952712,1.068987107377396
GBR,United Kingdom,2012,0.656341548365418,0.0153165184872093,0.188795515518294,0.8604535823709213
GBR,United Kingdom,2013,0.535996112164923,0.0064846817689456,0.168648172977962,0.7111289669118306
GBR,United Kingdom,2014,0.450978748469466,0.0052536674065257,0.107032122022792,0.5632645378987837
GBR,United Kingdom,2015,0.240246459981823,0.0035234383973699,0.0887900272749926,0.3325599256541855
GBR,United Kingdom,2016,0.205683569636128,0.0024618650709893,0.0591498968196775,0.2672953315267948
GBR,United Kingdom,2017,0.306336104823879,0.0025344146548376,0.0834976128885108,0.39236813236722745
GBR,United Kingdom,2018,0.495559267583983,0.0025281430569261,0.121001218593834,0.6190886292347431
GBR,United Kingdom,2019,0.457125858504922,0.0019157273523157,0.0814119494544672,0.5404535353117049
GBR,United Kingdom,2020,0.240228124941138,0.0010233277224425,0.0426953236208568,0.2839467762844373
GBR,United Kingdom,2021,0.416142083269318,0.0010227368526121,0.171321922432051,0.5884867425539811
GBR,United Kingdom,2022,,,,
GBR,United Kingdom,2023,,,,
GBR,United Kingdom,2024,,,,
GBR,United Kingdom,2025,,,,
GEO,Georgia,1960,,,,
GEO,Georgia,1961,,,,
GEO,Georgia,1962,,,,
GEO,Georgia,1963,,,,
GEO,Georgia,1964,,,,
GEO,Georgia,1965,,,,
GEO,Georgia,1966,,,,
GEO,Georgia,1967,,,,
GEO,Georgia,1968,,,,
GEO,Georgia,1969,,,,
GEO,Georgia,1970,,,,
GEO,Georgia,1971,,,,
GEO,Georgia,1972,,,,
GEO,Georgia,1973,,,,
GEO,Georgia,1974,,,,
GEO,Georgia,1975,,,,
GEO,Georgia,1976,,,,
GEO,Georgia,1977,,,,
GEO,Georgia,1978,,,,
GEO,Georgia,1979,,,,
GEO,Georgia,1980,,,,
GEO,Georgia,1981,,,,
GEO,Georgia,1982,,,,
GEO,Georgia,1983,,,,
GEO,Georgia,1984,,,,
GEO,Georgia,1985,,,,
GEO,Georgia,1986,,,,
GEO,Georgia,1987,,,,
GEO,Georgia,1988,,,,
GEO,Georgia,1989,,,,
GEO,Georgia,1990,0.421504288803926,0.213229966319535,0.0381017277239562,0.6728359828474171
GEO,Georgia,1991,0.227904946317011,0.097510227472663,0.0241402913631279,0.3495554651528019
GEO,Georgia,1992,0.292392494867411,0.0082718526660693,0.0029804175092672,0.30364476504274746
GEO,Georgia,1993,0.339872444302076,0.0292761908157514,0.0237986256785616,0.39294726079638903
GEO,Georgia,1994,0.187943893963925,0.0022691816977828,0.0277387965334912,0.21795187219519901
GEO,Georgia,1995,0.170891867189209,0.0019325080553721,0.0518247361575106,0.2246491114020917
GEO,Georgia,1996,0.292046836899432,0.0004586768369213,0.0409601332370218,0.3334656469733751
GEO,Georgia,1997,0.23178705274066,5.44935580177479e-05,0.0385783731048794,0.27041991940355714
GEO,Georgia,1998,0.0573206611540123,0.0003061680502486,0.0049140831661468,0.0625409123704077
GEO,Georgia,1999,0.219647962907225,8.47783607021113e-05,0.006182641022384,0.2259153822903111
GEO,Georgia,2000,0.4032554633902,0.0003013969690521,0.0385298028858873,0.44208666324513946
GEO,Georgia,2001,0.240596285001512,0.0001377961176656,0.0779174527885292,0.3186515339077068
GEO,Georgia,2002,0.205552828360089,0.0002640133902624,0.0123022588031075,0.21811910055345893
GEO,Georgia,2003,0.388733097796932,0.0003172388331058,0.0172691487585388,0.4063194853885766
GEO,Georgia,2004,0.292409031788746,0.0023628924697637,0.0118766934189795,0.3066486176774892
GEO,Georgia,2005,0.345173611414446,0.0007663856099604,0.0060494777908845,0.3519894748152909
GEO,Georgia,2006,0.193175812294926,0.0012055690044097,0.0075900336505961,0.20197141494993182
GEO,Georgia,2007,0.155450439934669,0.0023605768086355,0.0132568469096932,0.1710678636529977
GEO,Georgia,2008,0.182671461157239,0.0045178144941689,0.0202837342135218,0.20747300986492972
GEO,Georgia,2009,0.116317204104687,0.0217972318342895,0.0131980726611481,0.15131250860012457
GEO,Georgia,2010,0.108975029413952,0.0250953563047041,0.0057797793623257,0.1398501650809818
GEO,Georgia,2011,0.143424766442677,0.0332575482589091,0.0043344189232363,0.18101673362482237
GEO,Georgia,2012,0.130105358248411,0.0233677184272699,0.0046504570009108,0.15812353367659168
GEO,Georgia,2013,0.110437873003737,0.0181311355264407,0.0039037482479823,0.13247275677816
GEO,Georgia,2014,0.099561569009553,0.0107347388003137,0.0011610315666228,0.1114573393764895
GEO,Georgia,2015,0.0409780341464866,0.0083686068293395,0.0009795273753292,0.0503261683511553
GEO,Georgia,2016,0.0204652117157031,0.0090224992732864,0.0004196451742095,0.029907356163199002
GEO,Georgia,2017,0.0277796234542378,0.0101367407777307,0.0004571110989525,0.038373475330921
GEO,Georgia,2018,0.0347328226740541,0.0056678859559272,0.0005513228208053,0.0409520314507866
GEO,Georgia,2019,0.0303108940592379,0.0004637799259479,0.0003599326777672,0.031134606662953
GEO,Georgia,2020,0.0156199754640174,0.0028076021044432,0.000228184554611,0.018655762123071597
GEO,Georgia,2021,0.0292949219912809,0.0079012723123525,0.0094473128314951,0.0466435071351285
GEO,Georgia,2022,,,,
GEO,Georgia,2023,,,,
GEO,Georgia,2024,,,,
GEO,Georgia,2025,,,,
GHA,Ghana,1960,,,,
GHA,Ghana,1961,,,,
GHA,Ghana,1962,,,,
GHA,Ghana,1963,,,,
GHA,Ghana,1964,,,,
GHA,Ghana,1965,,,,
GHA,Ghana,1966,,,,
GHA,Ghana,1967,,,,
GHA,Ghana,1968,,,,
GHA,Ghana,1969,,,,
GHA,Ghana,1970,,,,
GHA,Ghana,1971,0.0,0.0,0.0,0.0
GHA,Ghana,1972,0.0,0.0,0.0,0.0
GHA,Ghana,1973,0.0,0.0,0.0,0.0
GHA,Ghana,1974,0.0,0.0,0.0,0.0
GHA,Ghana,1975,0.0,0.0,0.0,0.0
GHA,Ghana,1976,0.0,0.0,0.0,0.0
GHA,Ghana,1977,0.0,0.0,0.0,0.0
GHA,Ghana,1978,0.0707812740334974,0.0,0.0007618917766897,0.0715431658101871
GHA,Ghana,1979,0.378018527419526,0.0,0.0066858690817872,0.3847043965013132
GHA,Ghana,1980,0.346719950378841,0.0,0.0141202393073763,0.36084018968621734
GHA,Ghana,1981,0.211564595843056,0.0,0.0120972460784494,0.2236618419215054
GHA,Ghana,1982,0.0865179768335312,0.0,0.005836064956967,0.09235404179049819
GHA,Ghana,1983,0.179063552344093,0.0,0.0215965583769507,0.2006601107210437
GHA,Ghana,1984,0.192053894376654,0.0,0.0230031217507868,0.2150570161274408
GHA,Ghana,1985,0.10232219163668,0.0,0.0259642185284212,0.1282864101651012
GHA,Ghana,1986,0.0082977052363518,0.0,0.0284411922859789,0.0367388975223307
GHA,Ghana,1987,0.0,0.0,0.029086236885933,0.029086236885933
GHA,Ghana,1988,0.0,0.0,0.0216246663434604,0.0216246663434604
GHA,Ghana,1989,0.0,0.0,0.0214761467646061,0.0214761467646061
GHA,Ghana,1990,0.0,0.0,0.0198569221508545,0.0198569221508545
GHA,Ghana,1991,0.0,0.0,0.0130702941404352,0.0130702941404352
GHA,Ghana,1992,0.070125244917298,0.0,0.0105191331166339,0.0806443780339319
GHA,Ghana,1993,0.105856028449236,0.0,0.0120597201958917,0.1179157486451277
GHA,Ghana,1994,0.0841195455913022,0.0,0.0118627002269436,0.0959822458182458
GHA,Ghana,1995,0.227977824150616,0.0,0.0098921434225915,0.2378699675732075
GHA,Ghana,1996,0.374611791074058,0.0,0.0082586773868786,0.3828704684609366
GHA,Ghana,1997,0.29045479328698,0.0,0.0054994120963085,0.2959542053832885
GHA,Ghana,1998,0.128039085702873,0.0,0.0024479174460299,0.1304870031489029
GHA,Ghana,1999,0.246256638723101,0.0,0.0018408372516929,0.2480974759747939
GHA,Ghana,2000,0.989341728951404,0.0,0.0034046403426578,0.9927463692940618
GHA,Ghana,2001,0.677053371360246,0.0,0.002410052736807,0.679463424097053
GHA,Ghana,2002,0.616348326370289,0.0,0.0013105843172912,0.6176589106875803
GHA,Ghana,2003,0.506473855028264,0.0,0.0007875394460141,0.5072613944742781
GHA,Ghana,2004,0.620473077410875,0.0,0.0004750234262219,0.6209481008370968
GHA,Ghana,2005,0.699403468222941,0.0,0.0001431207353007,0.6995465889582416
GHA,Ghana,2006,0.439256307347706,0.0,0.0001452799027441,0.4394015872504501
GHA,Ghana,2007,0.421654318546372,0.0,7.92739903368085e-05,0.4217335925367088
GHA,Ghana,2008,0.507726368620134,0.0,5.81339801429368e-05,0.507784502600277
GHA,Ghana,2009,0.266591066260126,0.0,3.64079578230191e-05,0.266627474217949
GHA,Ghana,2010,0.391372890188776,0.0,1.95888832346768e-05,0.3913924790720107
GHA,Ghana,2011,5.08048685091895,0.0,1.57190646075533e-05,5.080502569983557
GHA,Ghana,2012,4.78155703124787,0.0,1.1657271689343e-05,4.78156868851956
GHA,Ghana,2013,3.51474407100181,0.0,7.10418690304822e-06,3.5147511751887133
GHA,Ghana,2014,3.42103394358244,0.0,7.87670786871886e-06,3.421041820290309
GHA,Ghana,2015,1.29146546233544,0.0,0.0841913549188799,1.37565681725432
GHA,Ghana,2016,1.00121845985195,0.0,0.0451266748124126,1.0463451346643626
GHA,Ghana,2017,2.60564944915053,0.0,0.0717217647016315,2.6773712138521617
GHA,Ghana,2018,4.1465494257117,0.0,0.113151065000438,4.259700490712138
GHA,Ghana,2019,4.069102005933,0.0,0.165145728819346,4.234247734752346
GHA,Ghana,2020,2.25284947216201,0.0,0.198011638333066,2.450861110495076
GHA,Ghana,2021,4.05501917796431,0.0,0.371360442634513,4.426379620598823
GHA,Ghana,2022,,,,
GHA,Ghana,2023,,,,
GHA,Ghana,2024,,,,
GHA,Ghana,2025,,,,
GIB,Gibraltar,1960,,,,
GIB,Gibraltar,1961,,,,
GIB,Gibraltar,1962,,,,
GIB,Gibraltar,1963,,,,
GIB,Gibraltar,1964,,,,
GIB,Gibraltar,1965,,,,
GIB,Gibraltar,1966,,,,
GIB,Gibraltar,1967,,,,
GIB,Gibraltar,1968,,,,
GIB,Gibraltar,1969,,,,
GIB,Gibraltar,1970,,,,
GIB,Gibraltar,1971,,,,
GIB,Gibraltar,1972,,,,
GIB,Gibraltar,1973,,,,
GIB,Gibraltar,1974,,,,
GIB,Gibraltar,1975,,,,
GIB,Gibraltar,1976,,,,
GIB,Gibraltar,1977,,,,
GIB,Gibraltar,1978,,,,
GIB,Gibraltar,1979,,,,
GIB,Gibraltar,1980,,,,
GIB,Gibraltar,1981,,,,
GIB,Gibraltar,1982,,,,
GIB,Gibraltar,1983,,,,
GIB,Gibraltar,1984,,,,
GIB,Gibraltar,1985,,,,
GIB,Gibraltar,1986,,,,
GIB,Gibraltar,1987,,,,
GIB,Gibraltar,1988,,,,
GIB,Gibraltar,1989,,,,
GIB,Gibraltar,1990,,,,
GIB,Gibraltar,1991,,,,
GIB,Gibraltar,1992,,,,
GIB,Gibraltar,1993,,,,
GIB,Gibraltar,1994,,,,
GIB,Gibraltar,1995,,,,
GIB,Gibraltar,1996,,,,
GIB,Gibraltar,1997,,,,
GIB,Gibraltar,1998,,,,
GIB,Gibraltar,1999,,,,
GIB,Gibraltar,2000,,,,
GIB,Gibraltar,2001,,,,
GIB,Gibraltar,2002,,,,
GIB,Gibraltar,2003,,,,
GIB,Gibraltar,2004,,,,
GIB,Gibraltar,2005,,,,
GIB,Gibraltar,2006,,,,
GIB,Gibraltar,2007,,,,
GIB,Gibraltar,2008,,,,
GIB,Gibraltar,2009,,,,
GIB,Gibraltar,2010,,,,
GIB,Gibraltar,2011,,,,
GIB,Gibraltar,2012,,,,
GIB,Gibraltar,2013,,,,
GIB,Gibraltar,2014,,,,
GIB,Gibraltar,2015,,,,
GIB,Gibraltar,2016,,,,
GIB,Gibraltar,2017,,,,
GIB,Gibraltar,2018,,,,
GIB,Gibraltar,2019,,,,
GIB,Gibraltar,2020,,,,
GIB,Gibraltar,2021,,,,
GIB,Gibraltar,2022,,,,
GIB,Gibraltar,2023,,,,
GIB,Gibraltar,2024,,,,
GIB,Gibraltar,2025,,,,
GIN,Guinea,1960,,,,
GIN,Guinea,1961,,,,
GIN,Guinea,1962,,,,
GIN,Guinea,1963,,,,
GIN,Guinea,1964,,,,
GIN,Guinea,1965,,,,
GIN,Guinea,1966,,,,
GIN,Guinea,1967,,,,
GIN,Guinea,1968,,,,
GIN,Guinea,1969,,,,
GIN,Guinea,1970,,,,
GIN,Guinea,1971,,,,
GIN,Guinea,1972,,,,
GIN,Guinea,1973,,,,
GIN,Guinea,1974,,,,
GIN,Guinea,1975,,,,
GIN,Guinea,1976,,,,
GIN,Guinea,1977,,,,
GIN,Guinea,1978,,,,
GIN,Guinea,1979,,,,
GIN,Guinea,1980,,,,
GIN,Guinea,1981,,,,
GIN,Guinea,1982,,,,
GIN,Guinea,1983,,,,
GIN,Guinea,1984,,,,
GIN,Guinea,1985,,,,
GIN,Guinea,1986,0.0,0.0,0.0,0.0
GIN,Guinea,1987,0.0,0.0,0.0,0.0
GIN,Guinea,1988,0.0,0.0,0.0,0.0
GIN,Guinea,1989,0.0,0.0,0.0,0.0
GIN,Guinea,1990,0.0,0.0,0.0,0.0
GIN,Guinea,1991,0.0,0.0,0.0,0.0
GIN,Guinea,1992,0.0,0.0,0.0,0.0
GIN,Guinea,1993,0.0,0.0,0.0,0.0
GIN,Guinea,1994,0.0,0.0,0.0,0.0
GIN,Guinea,1995,0.0,0.0,0.0,0.0
GIN,Guinea,1996,0.0,0.0,0.0,0.0
GIN,Guinea,1997,0.0,0.0,0.0,0.0
GIN,Guinea,1998,0.0,0.0,0.0,0.0
GIN,Guinea,1999,0.0,0.0,0.0,0.0
GIN,Guinea,2000,0.0,0.0,0.0,0.0
GIN,Guinea,2001,0.0,0.0,0.0,0.0
GIN,Guinea,2002,0.0,0.0,0.0,0.0
GIN,Guinea,2003,0.0,0.0,0.0,0.0
GIN,Guinea,2004,0.0,0.0,0.0,0.0
GIN,Guinea,2005,0.0,0.0,0.0,0.0
GIN,Guinea,2006,0.0,0.0,0.0,0.0
GIN,Guinea,2007,0.0,0.0,0.0,0.0
GIN,Guinea,2008,0.0,0.0,0.0,0.0
GIN,Guinea,2009,0.0,0.0,0.0,0.0
GIN,Guinea,2010,0.0,0.0,0.0,0.0
GIN,Guinea,2011,0.0,0.0,0.0,0.0
GIN,Guinea,2012,0.0,0.0,0.0,0.0
GIN,Guinea,2013,0.0,0.0,0.0,0.0
GIN,Guinea,2014,0.0,0.0,0.0,0.0
GIN,Guinea,2015,0.0,0.0,0.0,0.0
GIN,Guinea,2016,0.0,0.0,0.0,0.0
GIN,Guinea,2017,0.0,0.0,0.0,0.0
GIN,Guinea,2018,0.0,0.0,0.0,0.0
GIN,Guinea,2019,0.0,0.0,0.0,0.0
GIN,Guinea,2020,0.0,0.0,0.0,0.0
GIN,Guinea,2021,0.0,0.0,0.0,0.0
GIN,Guinea,2022,,,,
GIN,Guinea,2023,,,,
GIN,Guinea,2024,,,,
GIN,Guinea,2025,,,,
GMB,"Gambia, The",1960,,,,
GMB,"Gambia, The",1961,,,,
GMB,"Gambia, The",1962,,,,
GMB,"Gambia, The",1963,,,,
GMB,"Gambia, The",1964,,,,
GMB,"Gambia, The",1965,,,,
GMB,"Gambia, The",1966,,,,
GMB,"Gambia, The",1967,,,,
GMB,"Gambia, The",1968,,,,
GMB,"Gambia, The",1969,,,,
GMB,"Gambia, The",1970,,,,
GMB,"Gambia, The",1971,,,,
GMB,"Gambia, The",1972,,,,
GMB,"Gambia, The",1973,,,,
GMB,"Gambia, The",1974,,,,
GMB,"Gambia, The",1975,,,,
GMB,"Gambia, The",1976,,,,
GMB,"Gambia, The",1977,,,,
GMB,"Gambia, The",1978,,,,
GMB,"Gambia, The",1979,,,,
GMB,"Gambia, The",1980,0.0,0.0,0.0,0.0
GMB,"Gambia, The",1981,0.0,0.0,0.0,0.0
GMB,"Gambia, The",1982,0.0,0.0,0.0,0.0
GMB,"Gambia, The",1983,0.0,0.0,0.0,0.0
GMB,"Gambia, The",1984,0.0,0.0,0.0,0.0
GMB,"Gambia, The",1985,0.0,0.0,0.0,0.0
GMB,"Gambia, The",1986,0.0,0.0,0.0,0.0
GMB,"Gambia, The",1987,0.0,0.0,0.0,0.0
GMB,"Gambia, The",1988,0.0,0.0,0.0,0.0
GMB,"Gambia, The",1989,0.0,0.0,0.0,0.0
GMB,"Gambia, The",1990,0.0,0.0,0.0,0.0
GMB,"Gambia, The",1991,0.0,0.0,0.0,0.0
GMB,"Gambia, The",1992,0.0,0.0,0.0,0.0
GMB,"Gambia, The",1993,0.0,0.0,0.0,0.0
GMB,"Gambia, The",1994,0.0,0.0,0.0,0.0
GMB,"Gambia, The",1995,0.0,0.0,0.0,0.0
GMB,"Gambia, The",1996,0.0,0.0,0.0,0.0
GMB,"Gambia, The",1997,0.0,0.0,0.0,0.0
GMB,"Gambia, The",1998,0.0,0.0,0.0,0.0
GMB,"Gambia, The",1999,0.0,0.0,0.0,0.0
GMB,"Gambia, The",2000,0.0,0.0,0.0,0.0
GMB,"Gambia, The",2001,0.0,0.0,0.0,0.0
GMB,"Gambia, The",2002,0.0,0.0,0.0,0.0
GMB,"Gambia, The",2003,0.0,0.0,0.0,0.0
GMB,"Gambia, The",2004,0.0,0.0,0.0,0.0
GMB,"Gambia, The",2005,0.0,0.0,0.0,0.0
GMB,"Gambia, The",2006,0.0,0.0,0.0,0.0
GMB,"Gambia, The",2007,0.0,0.0,0.0,0.0
GMB,"Gambia, The",2008,0.0,0.0,0.0,0.0
GMB,"Gambia, The",2009,0.0,0.0,0.0,0.0
GMB,"Gambia, The",2010,0.0,0.0,0.0,0.0
GMB,"Gambia, The",2011,0.0,0.0,0.0,0.0
GMB,"Gambia, The",2012,0.0,0.0,0.0,0.0
GMB,"Gambia, The",2013,0.0,0.0,0.0,0.0
GMB,"Gambia, The",2014,0.0,0.0,0.0,0.0
GMB,"Gambia, The",2015,0.0,0.0,0.0,0.0
GMB,"Gambia, The",2016,0.0,0.0,0.0,0.0
GMB,"Gambia, The",2017,0.0,0.0,0.0,0.0
GMB,"Gambia, The",2018,0.0,0.0,0.0,0.0
GMB,"Gambia, The",2019,0.0,0.0,0.0,0.0
GMB,"Gambia, The",2020,0.0,0.0,0.0,0.0
GMB,"Gambia, The",2021,0.0,0.0,0.0,0.0
GMB,"Gambia, The",2022,,,,
GMB,"Gambia, The",2023,,,,
GMB,"Gambia, The",2024,,,,
GMB,"Gambia, The",2025,,,,
GNB,Guinea-Bissau,1960,,,,
GNB,Guinea-Bissau,1961,,,,
GNB,Guinea-Bissau,1962,,,,
GNB,Guinea-Bissau,1963,,,,
GNB,Guinea-Bissau,1964,,,,
GNB,Guinea-Bissau,1965,,,,
GNB,Guinea-Bissau,1966,,,,
GNB,Guinea-Bissau,1967,,,,
GNB,Guinea-Bissau,1968,,,,
GNB,Guinea-Bissau,1969,,,,
GNB,Guinea-Bissau,1970,,,,
GNB,Guinea-Bissau,1971,,,,
GNB,Guinea-Bissau,1972,,,,
GNB,Guinea-Bissau,1973,,,,
GNB,Guinea-Bissau,1974,,,,
GNB,Guinea-Bissau,1975,,,,
GNB,Guinea-Bissau,1976,,,,
GNB,Guinea-Bissau,1977,,,,
GNB,Guinea-Bissau,1978,,,,
GNB,Guinea-Bissau,1979,,,,
GNB,Guinea-Bissau,1980,0.0,0.0,0.0,0.0
GNB,Guinea-Bissau,1981,0.0,0.0,0.0,0.0
GNB,Guinea-Bissau,1982,0.0,0.0,0.0,0.0
GNB,Guinea-Bissau,1983,0.0,0.0,0.0,0.0
GNB,Guinea-Bissau,1984,0.0,0.0,0.0,0.0
GNB,Guinea-Bissau,1985,0.0,0.0,0.0,0.0
GNB,Guinea-Bissau,1986,0.0,0.0,0.0,0.0
GNB,Guinea-Bissau,1987,0.0,0.0,0.0,0.0
GNB,Guinea-Bissau,1988,0.0,0.0,0.0,0.0
GNB,Guinea-Bissau,1989,0.0,0.0,0.0,0.0
GNB,Guinea-Bissau,1990,0.0,0.0,0.0,0.0
GNB,Guinea-Bissau,1991,0.0,0.0,0.0,0.0
GNB,Guinea-Bissau,1992,0.0,0.0,0.0,0.0
GNB,Guinea-Bissau,1993,0.0,0.0,0.0,0.0
GNB,Guinea-Bissau,1994,0.0,0.0,0.0,0.0
GNB,Guinea-Bissau,1995,0.0,0.0,0.0,0.0
GNB,Guinea-Bissau,1996,0.0,0.0,0.0,0.0
GNB,Guinea-Bissau,1997,0.0,0.0,0.0,0.0
GNB,Guinea-Bissau,1998,0.0,0.0,0.0,0.0
GNB,Guinea-Bissau,1999,0.0,0.0,0.0,0.0
GNB,Guinea-Bissau,2000,0.0,0.0,0.0,0.0
GNB,Guinea-Bissau,2001,0.0,0.0,0.0,0.0
GNB,Guinea-Bissau,2002,0.0,0.0,0.0,0.0
GNB,Guinea-Bissau,2003,0.0,0.0,0.0,0.0
GNB,Guinea-Bissau,2004,0.0,0.0,0.0,0.0
GNB,Guinea-Bissau,2005,0.0,0.0,0.0,0.0
GNB,Guinea-Bissau,2006,0.0,0.0,0.0,0.0
GNB,Guinea-Bissau,2007,0.0,0.0,0.0,0.0
GNB,Guinea-Bissau,2008,0.0,0.0,0.0,0.0
GNB,Guinea-Bissau,2009,0.0,0.0,0.0,0.0
GNB,Guinea-Bissau,2010,0.0,0.0,0.0,0.0
GNB,Guinea-Bissau,2011,0.0,0.0,0.0,0.0
GNB,Guinea-Bissau,2012,0.0,0.0,0.0,0.0
GNB,Guinea-Bissau,2013,0.0,0.0,0.0,0.0
GNB,Guinea-Bissau,2014,0.0,0.0,0.0,0.0
GNB,Guinea-Bissau,2015,0.0,0.0,0.0,0.0
GNB,Guinea-Bissau,2016,0.0,0.0,0.0,0.0
GNB,Guinea-Bissau,2017,0.0,0.0,0.0,0.0
GNB,Guinea-Bissau,2018,0.0,0.0,0.0,0.0
GNB,Guinea-Bissau,2019,0.0,0.0,0.0,0.0
GNB,Guinea-Bissau,2020,0.0,0.0,0.0,0.0
GNB,Guinea-Bissau,2021,0.0,0.0,0.0,0.0
GNB,Guinea-Bissau,2022,,,,
GNB,Guinea-Bissau,2023,,,,
GNB,Guinea-Bissau,2024,,,,
GNB,Guinea-Bissau,2025,,,,
GNQ,Equatorial Guinea,1960,,,,
GNQ,Equatorial Guinea,1961,,,,
GNQ,Equatorial Guinea,1962,,,,
GNQ,Equatorial Guinea,1963,,,,
GNQ,Equatorial Guinea,1964,,,,
GNQ,Equatorial Guinea,1965,,,,
GNQ,Equatorial Guinea,1966,,,,
GNQ,Equatorial Guinea,1967,,,,
GNQ,Equatorial Guinea,1968,,,,
GNQ,Equatorial Guinea,1969,,,,
GNQ,Equatorial Guinea,1970,,,,
GNQ,Equatorial Guinea,1971,,,,
GNQ,Equatorial Guinea,1972,,,,
GNQ,Equatorial Guinea,1973,,,,
GNQ,Equatorial Guinea,1974,,,,
GNQ,Equatorial Guinea,1975,,,,
GNQ,Equatorial Guinea,1976,,,,
GNQ,Equatorial Guinea,1977,,,,
GNQ,Equatorial Guinea,1978,,,,
GNQ,Equatorial Guinea,1979,,,,
GNQ,Equatorial Guinea,1980,0.0,0.0,0.0,0.0
GNQ,Equatorial Guinea,1981,0.0,0.0,0.0,0.0
GNQ,Equatorial Guinea,1982,0.0,0.0,0.0,0.0
GNQ,Equatorial Guinea,1983,0.0,0.0,0.0,0.0
GNQ,Equatorial Guinea,1984,0.0,0.0,0.0,0.0
GNQ,Equatorial Guinea,1985,0.0,0.0,0.0,0.0
GNQ,Equatorial Guinea,1986,0.0,0.0,0.0,0.0
GNQ,Equatorial Guinea,1987,0.0,0.0,0.0,0.0
GNQ,Equatorial Guinea,1988,0.0,0.0,0.0,0.0
GNQ,Equatorial Guinea,1989,0.0,0.0,0.0,0.0
GNQ,Equatorial Guinea,1990,0.0,0.0,0.0,0.0
GNQ,Equatorial Guinea,1991,1.20355228060715,0.0,0.0,1.20355228060715
GNQ,Equatorial Guinea,1992,6.07076240426929,0.0,0.0,6.07076240426929
GNQ,Equatorial Guinea,1993,10.5348170021045,0.0,0.0,10.5348170021045
GNQ,Equatorial Guinea,1994,11.7831761642776,0.0,0.0,11.7831761642776
GNQ,Equatorial Guinea,1995,18.1745945845415,0.0,0.0,18.1745945845415
GNQ,Equatorial Guinea,1996,46.7999763370726,0.0,0.0,46.7999763370726
GNQ,Equatorial Guinea,1997,56.4918345630485,0.0,0.0,56.4918345630485
GNQ,Equatorial Guinea,1998,50.3861394664761,0.0,0.0847954344553001,50.470934900931404
GNQ,Equatorial Guinea,1999,56.6922471100125,0.0,0.0586454288412632,56.75089253885376
GNQ,Equatorial Guinea,2000,82.776896134566,0.0,0.0926276422557398,82.86952377682174
GNQ,Equatorial Guinea,2001,,,,
GNQ,Equatorial Guinea,2002,,,,
GNQ,Equatorial Guinea,2003,,,,
GNQ,Equatorial Guinea,2004,,,,
GNQ,Equatorial Guinea,2005,55.1960848556935,0.0,0.339171438571116,55.53525629426461
GNQ,Equatorial Guinea,2006,52.3927895781938,0.0,0.817082839693709,53.20987241788751
GNQ,Equatorial Guinea,2007,48.2167537217234,0.0,1.36522658762627,49.58198030934967
GNQ,Equatorial Guinea,2008,43.6095454927149,0.0,2.28124170671599,45.89078719943089
GNQ,Equatorial Guinea,2009,24.4384804506248,0.0,2.70304389691587,27.14152434754067
GNQ,Equatorial Guinea,2010,33.0485071859477,0.0,2.87867275035343,35.92717993630113
GNQ,Equatorial Guinea,2011,33.9272042714921,0.0,3.40190695668927,37.32911122818137
GNQ,Equatorial Guinea,2012,34.9943032804264,0.0,3.59654715458514,38.59085043501154
GNQ,Equatorial Guinea,2013,29.0020263766332,0.0,3.89363267396189,32.89565905059509
GNQ,Equatorial Guinea,2014,22.8648774988219,0.0,3.71720499957102,26.58208249839292
GNQ,Equatorial Guinea,2015,12.576041460388,0.0,3.96755999067266,16.54360145106066
GNQ,Equatorial Guinea,2016,11.7086428410267,0.0,3.3292341665039,15.0378770075306
GNQ,Equatorial Guinea,2017,16.1366726241749,0.0,3.92567796997632,20.06235059415122
GNQ,Equatorial Guinea,2018,20.3264698484548,0.0,5.43066594009262,25.75713578854742
GNQ,Equatorial Guinea,2019,18.813552099543,0.0,4.67462374102181,23.488175840564807
GNQ,Equatorial Guinea,2020,10.7521167179464,0.0,3.7137787424555,14.4658954604019
GNQ,Equatorial Guinea,2021,14.9400221325798,0.0,6.63018966086863,21.57021179344843
GNQ,Equatorial Guinea,2022,,,,
GNQ,Equatorial Guinea,2023,,,,
GNQ,Equatorial Guinea,2024,,,,
GNQ,Equatorial Guinea,2025,,,,
GRC,Greece,1960,,,,
GRC,Greece,1961,,,,
GRC,Greece,1962,,,,
GRC,Greece,1963,,,,
GRC,Greece,1964,,,,
GRC,Greece,1965,,,,
GRC,Greece,1966,,,,
GRC,Greece,1967,,,,
GRC,Greece,1968,,,,
GRC,Greece,1969,,,,
GRC,Greece,1970,,0.0,0.0,0.0
GRC,Greece,1971,0.0,0.0040381024048096,0.0,0.0040381024048096
GRC,Greece,1972,0.0,0.0043514545272214,0.0,0.0043514545272214
GRC,Greece,1973,0.0,0.0048222822581171,0.0,0.0048222822581171
GRC,Greece,1974,0.0,0.0110407474331891,0.0,0.0110407474331891
GRC,Greece,1975,0.0,0.108854674405988,0.0,0.108854674405988
GRC,Greece,1976,0.0,0.124743372382007,0.0,0.124743372382007
GRC,Greece,1977,0.0,0.114750933313363,0.0,0.114750933313363
GRC,Greece,1978,0.0,0.0608616513963891,0.0,0.0608616513963891
GRC,Greece,1979,0.0,0.0482349005803807,0.0,0.0482349005803807
GRC,Greece,1980,0.0,0.0961330080875766,0.0,0.0961330080875766
GRC,Greece,1981,0.056565844818871,0.257503253050785,0.0025656879970483,0.3166347858667043
GRC,Greece,1982,0.156084873879166,0.277646725509973,0.0021107485162069,0.4358423479053459
GRC,Greece,1983,0.234707156582052,0.142749279513706,0.0038776951914807,0.38133413128723864
GRC,Greece,1984,0.265878803091304,0.0875301491174046,0.0043806859620989,0.3577896381708075
GRC,Greece,1985,0.272109627094345,0.141960044253475,0.0037756395201583,0.4178453108679783
GRC,Greece,1986,0.0920185906319337,0.0377625493591124,0.0044376762832155,0.1342188162742616
GRC,Greece,1987,0.116660607850573,0.0122034746400369,0.0022845979315596,0.1311486804221695
GRC,Greece,1988,0.0709525984290926,0.0170095323011074,0.0020813096472691,0.0900434403774691
GRC,Greece,1989,0.0886120392160384,0.0240050982983418,0.0021561221050559,0.1147732596194361
GRC,Greece,1990,0.0876249965060038,0.0680248628648368,0.0028059274355279,0.15845578680636851
GRC,Greece,1991,0.0409932626719774,0.0577174659573165,0.0018309668060062,0.10054169543530009
GRC,Greece,1992,0.0340991709335008,0.0309966388958233,0.0008130986750581,0.0659089085043822
GRC,Greece,1993,0.027914867470905,0.0037007778087791,0.0014318542299587,0.0330474995096428
GRC,Greece,1994,0.0212498498688806,0.0046560620669828,0.0006635730777263,0.026569485013589703
GRC,Greece,1995,0.0167824540591655,0.0199839056976727,0.0009656622298364,0.0377320219866746
GRC,Greece,1996,0.028361222747864,0.0104031085930365,0.0009202248503376,0.039684556191238105
GRC,Greece,1997,0.0199893340891594,0.0048993672674039,0.000983567916714,0.0258722692732773
GRC,Greece,1998,0.0047851897736694,0.0098718068441837,0.0001142074029016,0.014771204020754701
GRC,Greece,1999,0.0008554944713184,0.0019886603078291,7.05108951369995e-06,0.0028512058686612
GRC,Greece,2000,0.0232566956333818,0.0197360988211045,0.0008814665575182,0.0438742610120045
GRC,Greece,2001,0.0145861146476774,0.0649733666395463,0.0017111712915183,0.081270652578742
GRC,Greece,2002,0.0121627100438154,0.0197361742314575,0.0012030842472653,0.0331019685225382
GRC,Greece,2003,0.0079429315668772,0.0152116173513339,0.000732413030283,0.0238869619484941
GRC,Greece,2004,0.0059975558721724,0.127732962376609,0.000504020419079,0.1342345386678604
GRC,Greece,2005,0.0104685935888285,0.0805162493684375,0.0002654942587036,0.0912503372159696
GRC,Greece,2006,0.0094138052022079,0.073717516404432,0.0007632335121872,0.0838945551188271
GRC,Greece,2007,0.0055358429967853,0.107339355782328,0.0005737293364063,0.11344892811551961
GRC,Greece,2008,0.0068041400508131,0.285542528941994,0.0006188633144871,0.29296553230729416
GRC,Greece,2009,0.0044785244563224,0.0906402164911169,0.0003754549745479,0.0954941959219872
GRC,Greece,2010,0.011192934454184,0.171387580541614,0.0002443801129047,0.1828248951087027
GRC,Greece,2011,0.015063918086912,0.226405662397006,0.0003327615237599,0.2418023420076779
GRC,Greece,2012,0.018570397878743,0.119942051656813,0.0004373395134173,0.1389497890489733
GRC,Greece,2013,0.0141521711708186,0.0522774115456617,0.0003657590617445,0.06679534177822481
GRC,Greece,2014,0.0144293246870193,0.0422593092366313,0.0002483816101953,0.056937015533845906
GRC,Greece,2015,0.0056584753292537,0.0292114264080917,0.0001913343168608,0.035061236054206205
GRC,Greece,2016,0.0106382707042441,0.0233002303477616,0.0002350227794388,0.0341735238314445
GRC,Greece,2017,0.0125578547961713,0.0345671488209172,0.0002981320448222,0.047423135661910705
GRC,Greece,2018,0.0275504477019287,0.0359092293054869,0.0006294319839036,0.0640891089913192
GRC,Greece,2019,0.0208423218441195,0.019618445201312,0.0003407604375081,0.0408015274829396
GRC,Greece,2020,0.0065235819853923,0.0095167351676795,0.0001282538219928,0.0161685709750646
GRC,Greece,2021,0.0116928580271195,0.0146481346149569,0.0003851748778122,0.0267261675198886
GRC,Greece,2022,,,,
GRC,Greece,2023,,,,
GRC,Greece,2024,,,,
GRC,Greece,2025,,,,
GRD,Grenada,1960,,,,
GRD,Grenada,1961,,,,
GRD,Grenada,1962,,,,
GRD,Grenada,1963,,,,
GRD,Grenada,1964,,,,
GRD,Grenada,1965,,,,
GRD,Grenada,1966,,,,
GRD,Grenada,1967,,,,
GRD,Grenada,1968,,,,
GRD,Grenada,1969,,,,
GRD,Grenada,1970,,,,
GRD,Grenada,1971,,,,
GRD,Grenada,1972,,,,
GRD,Grenada,1973,,,,
GRD,Grenada,1974,,,,
GRD,Grenada,1975,,,,
GRD,Grenada,1976,,,,
GRD,Grenada,1977,,,,
GRD,Grenada,1978,,,,
GRD,Grenada,1979,,,,
GRD,Grenada,1980,0.0,0.0,0.0,0.0
GRD,Grenada,1981,0.0,0.0,0.0,0.0
GRD,Grenada,1982,0.0,0.0,0.0,0.0
GRD,Grenada,1983,0.0,0.0,0.0,0.0
GRD,Grenada,1984,0.0,0.0,0.0,0.0
GRD,Grenada,1985,0.0,0.0,0.0,0.0
GRD,Grenada,1986,0.0,0.0,0.0,0.0
GRD,Grenada,1987,0.0,0.0,0.0,0.0
GRD,Grenada,1988,0.0,0.0,0.0,0.0
GRD,Grenada,1989,0.0,0.0,0.0,0.0
GRD,Grenada,1990,0.0,0.0,0.0,0.0
GRD,Grenada,1991,0.0,0.0,0.0,0.0
GRD,Grenada,1992,0.0,0.0,0.0,0.0
GRD,Grenada,1993,0.0,0.0,0.0,0.0
GRD,Grenada,1994,0.0,0.0,0.0,0.0
GRD,Grenada,1995,0.0,0.0,0.0,0.0
GRD,Grenada,1996,0.0,0.0,0.0,0.0
GRD,Grenada,1997,0.0,0.0,0.0,0.0
GRD,Grenada,1998,0.0,0.0,0.0,0.0
GRD,Grenada,1999,0.0,0.0,0.0,0.0
GRD,Grenada,2000,0.0,0.0,0.0,0.0
GRD,Grenada,2001,0.0,0.0,0.0,0.0
GRD,Grenada,2002,0.0,0.0,0.0,0.0
GRD,Grenada,2003,0.0,0.0,0.0,0.0
GRD,Grenada,2004,0.0,0.0,0.0,0.0
GRD,Grenada,2005,0.0,0.0,0.0,0.0
GRD,Grenada,2006,0.0,0.0,0.0,0.0
GRD,Grenada,2007,0.0,0.0,0.0,0.0
GRD,Grenada,2008,0.0,0.0,0.0,0.0
GRD,Grenada,2009,0.0,0.0,0.0,0.0
GRD,Grenada,2010,0.0,0.0,0.0,0.0
GRD,Grenada,2011,0.0,0.0,0.0,0.0
GRD,Grenada,2012,0.0,0.0,0.0,0.0
GRD,Grenada,2013,0.0,0.0,0.0,0.0
GRD,Grenada,2014,0.0,0.0,0.0,0.0
GRD,Grenada,2015,0.0,0.0,0.0,0.0
GRD,Grenada,2016,0.0,0.0,0.0,0.0
GRD,Grenada,2017,0.0,0.0,0.0,0.0
GRD,Grenada,2018,0.0,0.0,0.0,0.0
GRD,Grenada,2019,0.0,0.0,0.0,0.0
GRD,Grenada,2020,0.0,0.0,0.0,0.0
GRD,Grenada,2021,0.0,0.0,0.0,0.0
GRD,Grenada,2022,,,,
GRD,Grenada,2023,,,,
GRD,Grenada,2024,,,,
GRD,Grenada,2025,,,,
GRL,Greenland,1960,,,,
GRL,Greenland,1961,,,,
GRL,Greenland,1962,,,,
GRL,Greenland,1963,,,,
GRL,Greenland,1964,,,,
GRL,Greenland,1965,,,,
GRL,Greenland,1966,,,,
GRL,Greenland,1967,,,,
GRL,Greenland,1968,,,,
GRL,Greenland,1969,,,,
GRL,Greenland,1970,,,,
GRL,Greenland,1971,,,,
GRL,Greenland,1972,,,,
GRL,Greenland,1973,,,,
GRL,Greenland,1974,,,,
GRL,Greenland,1975,,,,
GRL,Greenland,1976,,,,
GRL,Greenland,1977,,,,
GRL,Greenland,1978,,,,
GRL,Greenland,1979,,,,
GRL,Greenland,1980,0.0,1.37637546634403,0.0,1.37637546634403
GRL,Greenland,1981,0.0,0.334467596418842,0.0,0.334467596418842
GRL,Greenland,1982,0.0,0.0,0.0,0.0
GRL,Greenland,1983,0.0,0.0,0.0,0.0
GRL,Greenland,1984,0.0,0.0,0.0,0.0
GRL,Greenland,1985,0.0,0.0,0.0,0.0
GRL,Greenland,1986,0.0,0.0,0.0,0.0
GRL,Greenland,1987,0.0,0.0,0.0,0.0
GRL,Greenland,1988,0.0,0.0,0.0,0.0
GRL,Greenland,1989,0.0,0.0,0.0,0.0
GRL,Greenland,1990,0.0,0.0,0.0,0.0
GRL,Greenland,1991,0.0,0.0,0.0,0.0
GRL,Greenland,1992,0.0,0.0,0.0,0.0
GRL,Greenland,1993,0.0,0.0,0.0,0.0
GRL,Greenland,1994,0.0,0.0,0.0,0.0
GRL,Greenland,1995,0.0,0.0,0.0,0.0
GRL,Greenland,1996,0.0,0.0,0.0,0.0
GRL,Greenland,1997,0.0,0.0,0.0,0.0
GRL,Greenland,1998,0.0,0.0,0.0,0.0
GRL,Greenland,1999,0.0,0.0,0.0,0.0
GRL,Greenland,2000,0.0,0.0,0.0,0.0
GRL,Greenland,2001,0.0,0.0,0.0,0.0
GRL,Greenland,2002,0.0,0.0,0.0,0.0
GRL,Greenland,2003,0.0,0.0,0.0,0.0
GRL,Greenland,2004,0.0,0.0,0.0,0.0
GRL,Greenland,2005,0.0,0.0,0.0,0.0
GRL,Greenland,2006,0.0,0.0,0.0,0.0
GRL,Greenland,2007,0.0,0.0,0.0,0.0
GRL,Greenland,2008,0.0,0.0,0.0,0.0
GRL,Greenland,2009,0.0,0.0,0.0,0.0
GRL,Greenland,2010,0.0,0.0,0.0,0.0
GRL,Greenland,2011,0.0,0.0,0.0,0.0
GRL,Greenland,2012,0.0,0.0,0.0,0.0
GRL,Greenland,2013,0.0,0.0,0.0,0.0
GRL,Greenland,2014,0.0,0.0,0.0,0.0
GRL,Greenland,2015,0.0,0.0,0.0,0.0
GRL,Greenland,2016,0.0,0.0,0.0,0.0
GRL,Greenland,2017,0.0,0.0,0.0,0.0
GRL,Greenland,2018,0.0,0.0,0.0,0.0
GRL,Greenland,2019,0.0,0.0,0.0,0.0
GRL,Greenland,2020,0.0,0.0,0.0,0.0
GRL,Greenland,2021,,,,
GRL,Greenland,2022,,,,
GRL,Greenland,2023,,,,
GRL,Greenland,2024,,,,
GRL,Greenland,2025,,,,
GTM,Guatemala,1960,,,,
GTM,Guatemala,1961,,,,
GTM,Guatemala,1962,,,,
GTM,Guatemala,1963,,,,
GTM,Guatemala,1964,,,,
GTM,Guatemala,1965,,,,
GTM,Guatemala,1966,,,,
GTM,Guatemala,1967,,,,
GTM,Guatemala,1968,,,,
GTM,Guatemala,1969,,,,
GTM,Guatemala,1970,,,,
GTM,Guatemala,1971,0.0,0.0,0.0,0.0
GTM,Guatemala,1972,0.0,0.0,0.0,0.0
GTM,Guatemala,1973,0.0,0.0,0.0,0.0
GTM,Guatemala,1974,0.0,0.0,0.0,0.0
GTM,Guatemala,1975,0.0,0.0,0.0,0.0
GTM,Guatemala,1976,0.0165389723756444,0.0,0.0,0.0165389723756444
GTM,Guatemala,1977,0.0059735029642759,0.0,0.0,0.0059735029642759
GTM,Guatemala,1978,0.0025467649763847,0.0,0.0,0.0025467649763847
GTM,Guatemala,1979,0.152694654781546,0.0,0.0,0.152694654781546
GTM,Guatemala,1980,0.442451360839229,0.0,0.0,0.442451360839229
GTM,Guatemala,1981,0.332623176356026,0.0,0.0,0.332623176356026
GTM,Guatemala,1982,0.30063700799593,0.0,0.0,0.30063700799593
GTM,Guatemala,1983,0.439487304550723,0.0,0.0,0.439487304550723
GTM,Guatemala,1984,0.276994054035415,0.0,0.0,0.276994054035415
GTM,Guatemala,1985,0.159299912244961,0.0,0.0,0.159299912244961
GTM,Guatemala,1986,0.15566206388521,0.0,0.0,0.15566206388521
GTM,Guatemala,1987,0.190586384431107,0.0,0.0,0.190586384431107
GTM,Guatemala,1988,0.129209415007136,0.0,0.0,0.129209415007136
GTM,Guatemala,1989,0.181275426560304,0.0,0.0,0.181275426560304
GTM,Guatemala,1990,0.301957368491916,0.0,0.0016438330486383,0.3036012015405543
GTM,Guatemala,1991,0.126258795310536,0.0,0.0010547849284339,0.12731358023896988
GTM,Guatemala,1992,0.185839435022347,0.0,0.0008985052999028,0.1867379403222498
GTM,Guatemala,1993,0.195023264312544,0.0,0.0011325795709582,0.19615584388350218
GTM,Guatemala,1994,0.1807676152167,0.0,0.000860503819499,0.18162811903619902
GTM,Guatemala,1995,0.235558848536854,0.0,0.0007280821437655,0.23628693068061948
GTM,Guatemala,1996,0.474906148545347,0.0,0.0007044402155952,0.4756105887609422
GTM,Guatemala,1997,0.490537549251469,0.0,0.0006168948827613,0.49115444413423026
GTM,Guatemala,1998,0.31390362110712,0.0,0.0,0.31390362110712
GTM,Guatemala,1999,0.52323815345972,0.0,0.0,0.52323815345972
GTM,Guatemala,2000,0.803745468310096,0.0,0.0,0.803745468310096
GTM,Guatemala,2001,0.631161134109658,0.0,0.0,0.631161134109658
GTM,Guatemala,2002,0.709990191144289,0.0,0.0,0.709990191144289
GTM,Guatemala,2003,0.741431850463022,0.0,0.0,0.741431850463022
GTM,Guatemala,2004,0.729374795918745,0.0,0.0,0.729374795918745
GTM,Guatemala,2005,0.887868748053499,0.0,0.0,0.887868748053499
GTM,Guatemala,2006,0.851581475418594,0.0,0.0,0.851581475418594
GTM,Guatemala,2007,0.750244545606685,0.0,0.0,0.750244545606685
GTM,Guatemala,2008,0.835430467135192,0.0,0.0,0.835430467135192
GTM,Guatemala,2009,0.412561078443355,0.0,0.0,0.412561078443355
GTM,Guatemala,2010,0.470505869677804,0.0,0.0,0.470505869677804
GTM,Guatemala,2011,0.592110785237876,0.0,0.0,0.592110785237876
GTM,Guatemala,2012,0.521031752267051,0.0,0.0,0.521031752267051
GTM,Guatemala,2013,0.418795559663063,0.0,0.0,0.418795559663063
GTM,Guatemala,2014,0.36376572238644,0.0,0.0,0.36376572238644
GTM,Guatemala,2015,0.123828267830097,0.0,0.0,0.123828267830097
GTM,Guatemala,2016,0.0807153215443387,0.0,0.0,0.0807153215443387
GTM,Guatemala,2017,0.119195049269519,0.0,0.0,0.119195049269519
GTM,Guatemala,2018,0.176634659797847,0.0,0.0081641932107994,0.1847988530086464
GTM,Guatemala,2019,0.139922256710481,0.0,0.011848495306506,0.151770752016987
GTM,Guatemala,2020,0.0532892177587073,0.0,5.23901249052368e-05,0.053341607883612537
GTM,Guatemala,2021,0.118140036355359,0.0,7.67031869670674e-05,0.11821673954232606
GTM,Guatemala,2022,,,,
GTM,Guatemala,2023,,,,
GTM,Guatemala,2024,,,,
GTM,Guatemala,2025,,,,
GUM,Guam,1960,,,,
GUM,Guam,1961,,,,
GUM,Guam,1962,,,,
GUM,Guam,1963,,,,
GUM,Guam,1964,,,,
GUM,Guam,1965,,,,
GUM,Guam,1966,,,,
GUM,Guam,1967,,,,
GUM,Guam,1968,,,,
GUM,Guam,1969,,,,
GUM,Guam,1970,,,,
GUM,Guam,1971,,,,
GUM,Guam,1972,,,,
GUM,Guam,1973,,,,
GUM,Guam,1974,,,,
GUM,Guam,1975,,,,
GUM,Guam,1976,,,,
GUM,Guam,1977,,,,
GUM,Guam,1978,,,,
GUM,Guam,1979,,,,
GUM,Guam,1980,,,,
GUM,Guam,1981,,,,
GUM,Guam,1982,,,,
GUM,Guam,1983,,,,
GUM,Guam,1984,,,,
GUM,Guam,1985,,,,
GUM,Guam,1986,,,,
GUM,Guam,1987,,,,
GUM,Guam,1988,,,,
GUM,Guam,1989,,,,
GUM,Guam,1990,,,,
GUM,Guam,1991,,,,
GUM,Guam,1992,,,,
GUM,Guam,1993,,,,
GUM,Guam,1994,,,,
GUM,Guam,1995,,,,
GUM,Guam,1996,,,,
GUM,Guam,1997,,,,
GUM,Guam,1998,,,,
GUM,Guam,1999,,,,
GUM,Guam,2000,,,,
GUM,Guam,2001,,,,
GUM,Guam,2002,0.0,0.0,0.0,0.0
GUM,Guam,2003,0.0,0.0,0.0,0.0
GUM,Guam,2004,0.0,0.0,0.0,0.0
GUM,Guam,2005,0.0,0.0,0.0,0.0
GUM,Guam,2006,0.0,0.0,0.0,0.0
GUM,Guam,2007,0.0,0.0,0.0,0.0
GUM,Guam,2008,0.0,0.0,0.0,0.0
GUM,Guam,2009,0.0,0.0,0.0,0.0
GUM,Guam,2010,0.0,0.0,0.0,0.0
GUM,Guam,2011,0.0,0.0,0.0,0.0
GUM,Guam,2012,0.0,0.0,0.0,0.0
GUM,Guam,2013,0.0,0.0,0.0,0.0
GUM,Guam,2014,0.0,0.0,0.0,0.0
GUM,Guam,2015,0.0,0.0,0.0,0.0
GUM,Guam,2016,0.0,0.0,0.0,0.0
GUM,Guam,2017,0.0,0.0,0.0,0.0
GUM,Guam,2018,0.0,0.0,0.0,0.0
GUM,Guam,2019,0.0,0.0,0.0,0.0
GUM,Guam,2020,0.0,0.0,0.0,0.0
GUM,Guam,2021,0.0,0.0,0.0,0.0
GUM,Guam,2022,,,,
GUM,Guam,2023,,,,
GUM,Guam,2024,,,,
GUM,Guam,2025,,,,
GUY,Guyana,1960,,,,
GUY,Guyana,1961,,,,
GUY,Guyana,1962,,,,
GUY,Guyana,1963,,,,
GUY,Guyana,1964,,,,
GUY,Guyana,1965,,,,
GUY,Guyana,1966,,,,
GUY,Guyana,1967,,,,
GUY,Guyana,1968,,,,
GUY,Guyana,1969,,,,
GUY,Guyana,1970,,,,
GUY,Guyana,1971,,,,
GUY,Guyana,1972,,,,
GUY,Guyana,1973,,,,
GUY,Guyana,1974,,,,
GUY,Guyana,1975,,,,
GUY,Guyana,1976,,,,
GUY,Guyana,1977,,,,
GUY,Guyana,1978,,,,
GUY,Guyana,1979,,,,
GUY,Guyana,1980,0.0,0.0,0.0,0.0
GUY,Guyana,1981,0.0,0.0,0.0,0.0
GUY,Guyana,1982,0.0,0.0,0.0,0.0
GUY,Guyana,1983,0.0,0.0,0.0,0.0
GUY,Guyana,1984,0.0,0.0,0.0,0.0
GUY,Guyana,1985,0.0,0.0,0.0,0.0
GUY,Guyana,1986,0.0,0.0,0.0,0.0
GUY,Guyana,1987,0.0,0.0,0.0,0.0
GUY,Guyana,1988,0.0,0.0,0.0,0.0
GUY,Guyana,1989,0.0,0.0,0.0,0.0
GUY,Guyana,1990,0.0,0.0,0.0,0.0
GUY,Guyana,1991,0.0,0.0,0.0,0.0
GUY,Guyana,1992,0.0,0.0,0.0,0.0
GUY,Guyana,1993,0.0,0.0,0.0,0.0
GUY,Guyana,1994,0.0,0.0,0.0,0.0
GUY,Guyana,1995,0.0,0.0,0.0,0.0
GUY,Guyana,1996,0.0,0.0,0.0,0.0
GUY,Guyana,1997,0.0,0.0,0.0,0.0
GUY,Guyana,1998,0.0,0.0,0.0,0.0
GUY,Guyana,1999,0.0,0.0,0.0,0.0
GUY,Guyana,2000,0.0,0.0,0.0,0.0
GUY,Guyana,2001,0.0,0.0,0.0,0.0
GUY,Guyana,2002,0.0,0.0,0.0,0.0
GUY,Guyana,2003,0.0,0.0,0.0,0.0
GUY,Guyana,2004,0.0,0.0,0.0,0.0
GUY,Guyana,2005,0.0,0.0,0.0,0.0
GUY,Guyana,2006,0.0,0.0,0.0,0.0
GUY,Guyana,2007,0.0,0.0,0.0,0.0
GUY,Guyana,2008,0.0,0.0,0.0,0.0
GUY,Guyana,2009,0.0,0.0,0.0,0.0
GUY,Guyana,2010,0.0,0.0,0.0,0.0
GUY,Guyana,2011,0.0,0.0,0.0,0.0
GUY,Guyana,2012,0.0,0.0,0.0,0.0
GUY,Guyana,2013,0.0,0.0,0.0,0.0
GUY,Guyana,2014,0.0,0.0,0.0,0.0
GUY,Guyana,2015,0.0,0.0,0.0,0.0
GUY,Guyana,2016,0.0,0.0,0.0,0.0
GUY,Guyana,2017,0.0,0.0,0.0,0.0
GUY,Guyana,2018,0.0,0.0,0.0,0.0
GUY,Guyana,2019,0.0849006439782914,0.0,0.0,0.0849006439782914
GUY,Guyana,2020,7.3763575857274,0.0,0.0,7.3763575857274
GUY,Guyana,2021,22.0821753098304,0.0,0.0,22.0821753098304
GUY,Guyana,2022,,,,
GUY,Guyana,2023,,,,
GUY,Guyana,2024,,,,
GUY,Guyana,2025,,,,
HKG,"Hong Kong SAR, China",1960,,,,
HKG,"Hong Kong SAR, China",1961,,,,
HKG,"Hong Kong SAR, China",1962,,,,
HKG,"Hong Kong SAR, China",1963,,,,
HKG,"Hong Kong SAR, China",1964,,,,
HKG,"Hong Kong SAR, China",1965,,,,
HKG,"Hong Kong SAR, China",1966,,,,
HKG,"Hong Kong SAR, China",1967,,,,
HKG,"Hong Kong SAR, China",1968,,,,
HKG,"Hong Kong SAR, China",1969,,,,
HKG,"Hong Kong SAR, China",1970,,,,
HKG,"Hong Kong SAR, China",1971,0.0,0.0,0.0,0.0
HKG,"Hong Kong SAR, China",1972,0.0,0.0,0.0,0.0
HKG,"Hong Kong SAR, China",1973,0.0,0.0,0.0,0.0
HKG,"Hong Kong SAR, China",1974,0.0,0.0,0.0,0.0
HKG,"Hong Kong SAR, China",1975,0.0,0.0,0.0,0.0
HKG,"Hong Kong SAR, China",1976,0.0,0.0,0.0,0.0
HKG,"Hong Kong SAR, China",1977,0.0,0.0,0.0,0.0
HKG,"Hong Kong SAR, China",1978,0.0,0.0,0.0,0.0
HKG,"Hong Kong SAR, China",1979,0.0,0.0,0.0,0.0
HKG,"Hong Kong SAR, China",1980,0.0,0.0,0.0,0.0
HKG,"Hong Kong SAR, China",1981,0.0,0.0,0.0,0.0
HKG,"Hong Kong SAR, China",1982,0.0,0.0,0.0,0.0
HKG,"Hong Kong SAR, China",1983,0.0,0.0,0.0,0.0
HKG,"Hong Kong SAR, China",1984,0.0,0.0,0.0,0.0
HKG,"Hong Kong SAR, China",1985,0.0,0.0,0.0,0.0
HKG,"Hong Kong SAR, China",1986,0.0,0.0,0.0,0.0
HKG,"Hong Kong SAR, China",1987,0.0,0.0,0.0,0.0
HKG,"Hong Kong SAR, China",1988,0.0,0.0,0.0,0.0
HKG,"Hong Kong SAR, China",1989,0.0,0.0,0.0,0.0
HKG,"Hong Kong SAR, China",1990,0.0,0.0,0.0,0.0
HKG,"Hong Kong SAR, China",1991,0.0,0.0,0.0,0.0
HKG,"Hong Kong SAR, China",1992,0.0,0.0,0.0,0.0
HKG,"Hong Kong SAR, China",1993,0.0,0.0,0.0,0.0
HKG,"Hong Kong SAR, China",1994,0.0,0.0,0.0,0.0
HKG,"Hong Kong SAR, China",1995,0.0,0.0,0.0,0.0
HKG,"Hong Kong SAR, China",1996,0.0,0.0,0.0,0.0
HKG,"Hong Kong SAR, China",1997,0.0,0.0,0.0,0.0
HKG,"Hong Kong SAR, China",1998,0.0,0.0,0.0,0.0
HKG,"Hong Kong SAR, China",1999,0.0,0.0,0.0,0.0
HKG,"Hong Kong SAR, China",2000,0.0,0.0,0.0,0.0
HKG,"Hong Kong SAR, China",2001,0.0,0.0,0.0,0.0
HKG,"Hong Kong SAR, China",2002,0.0,0.0,0.0,0.0
HKG,"Hong Kong SAR, China",2003,0.0,0.0,0.0,0.0
HKG,"Hong Kong SAR, China",2004,0.0,0.0,0.0,0.0
HKG,"Hong Kong SAR, China",2005,0.0,0.0,0.0,0.0
HKG,"Hong Kong SAR, China",2006,0.0,0.0,0.0,0.0
HKG,"Hong Kong SAR, China",2007,0.0,0.0,0.0,0.0
HKG,"Hong Kong SAR, China",2008,0.0,0.0,0.0,0.0
HKG,"Hong Kong SAR, China",2009,0.0,0.0,0.0,0.0
HKG,"Hong Kong SAR, China",2010,0.0006386972780036,0.0,0.0,0.0006386972780036
HKG,"Hong Kong SAR, China",2011,0.0066843256857796,0.0,0.0,0.0066843256857796
HKG,"Hong Kong SAR, China",2012,0.0010034959059633,0.0,0.0,0.0010034959059633
HKG,"Hong Kong SAR, China",2013,0.0026579247870943,0.0,0.0,0.0026579247870943
HKG,"Hong Kong SAR, China",2014,0.0157873788944443,0.0,0.0,0.0157873788944443
HKG,"Hong Kong SAR, China",2015,0.0001975048549428,0.0,0.0,0.0001975048549428
HKG,"Hong Kong SAR, China",2016,0.0001528210678769,0.0,0.0,0.0001528210678769
HKG,"Hong Kong SAR, China",2017,0.0002825572571715,0.0,0.0,0.0002825572571715
HKG,"Hong Kong SAR, China",2018,0.0004010629647818,0.0,0.0,0.0004010629647818
HKG,"Hong Kong SAR, China",2019,0.0002937884238587,0.0,0.0,0.0002937884238587
HKG,"Hong Kong SAR, China",2020,0.0001197873472851,0.0,0.0,0.0001197873472851
HKG,"Hong Kong SAR, China",2021,0.0003562928932535,0.0,0.0,0.0003562928932535
HKG,"Hong Kong SAR, China",2022,,,,
HKG,"Hong Kong SAR, China",2023,,,,
HKG,"Hong Kong SAR, China",2024,,,,
HKG,"Hong Kong SAR, China",2025,,,,
HND,Honduras,1960,,,,
HND,Honduras,1961,,,,
HND,Honduras,1962,,,,
HND,Honduras,1963,,,,
HND,Honduras,1964,,,,
HND,Honduras,1965,,,,
HND,Honduras,1966,,,,
HND,Honduras,1967,,,,
HND,Honduras,1968,,,,
HND,Honduras,1969,,,,
HND,Honduras,1970,,,,
HND,Honduras,1971,0.0,0.0,0.0,0.0
HND,Honduras,1972,0.0,0.0,0.0,0.0
HND,Honduras,1973,0.0,0.0,0.0,0.0
HND,Honduras,1974,0.0,0.0,0.0,0.0
HND,Honduras,1975,0.0,0.0,0.0,0.0
HND,Honduras,1976,0.0,0.0,0.0,0.0
HND,Honduras,1977,0.0,0.0,0.0,0.0
HND,Honduras,1978,0.0,0.0,0.0,0.0
HND,Honduras,1979,0.0,0.0,0.0,0.0
HND,Honduras,1980,0.0,0.0,0.0,0.0
HND,Honduras,1981,0.0,0.0,0.0,0.0
HND,Honduras,1982,0.0,0.0,0.0,0.0
HND,Honduras,1983,0.0,0.0,0.0,0.0
HND,Honduras,1984,0.0,0.0,0.0,0.0
HND,Honduras,1985,0.0,0.0,0.0,0.0
HND,Honduras,1986,0.0,0.0,0.0,0.0
HND,Honduras,1987,0.0,0.0,0.0,0.0
HND,Honduras,1988,0.0,0.0,0.0,0.0
HND,Honduras,1989,0.0,0.0,0.0,0.0
HND,Honduras,1990,0.0,0.0,0.0,0.0
HND,Honduras,1991,0.0,0.0,0.0,0.0
HND,Honduras,1992,0.0,0.0,0.0,0.0
HND,Honduras,1993,0.0,0.0,0.0,0.0
HND,Honduras,1994,0.0,0.0,0.0,0.0
HND,Honduras,1995,0.0,0.0,0.0,0.0
HND,Honduras,1996,0.0,0.0,0.0,0.0
HND,Honduras,1997,0.0,0.0,0.0,0.0
HND,Honduras,1998,0.0,0.0,0.0,0.0
HND,Honduras,1999,0.0,0.0,0.0,0.0
HND,Honduras,2000,0.0,0.0,0.0,0.0
HND,Honduras,2001,0.0,0.0,0.0,0.0
HND,Honduras,2002,0.0,0.0,0.0,0.0
HND,Honduras,2003,0.0,0.0,0.0,0.0
HND,Honduras,2004,0.0,0.0,0.0,0.0
HND,Honduras,2005,0.0001322462350347,0.0,0.0,0.0001322462350347
HND,Honduras,2006,0.0028725914659074,0.0,0.0,0.0028725914659074
HND,Honduras,2007,0.0026648146416326,0.0,0.0,0.0026648146416326
HND,Honduras,2008,0.0032878914982759,0.0,0.0,0.0032878914982759
HND,Honduras,2009,0.0015543729867685,0.0,0.0,0.0015543729867685
HND,Honduras,2010,0.0020222635719966,0.0,0.0,0.0020222635719966
HND,Honduras,2011,0.0028650360528408,0.0,0.0,0.0028650360528408
HND,Honduras,2012,0.0026315283445152,0.0,0.0,0.0026315283445152
HND,Honduras,2013,0.0024028896400638,0.0,0.0,0.0024028896400638
HND,Honduras,2014,0.0020505241706927,0.0,0.0,0.0020505241706927
HND,Honduras,2015,0.0,0.0,0.0,0.0
HND,Honduras,2016,0.0,0.0,0.0,0.0
HND,Honduras,2017,0.0007657984190389,0.0,0.0,0.0007657984190389
HND,Honduras,2018,0.0011680190121189,0.0,0.0,0.0011680190121189
HND,Honduras,2019,0.0008968606448063,0.0,0.0,0.0008968606448063
HND,Honduras,2020,0.0004455419082145,0.0,0.0,0.0004455419082145
HND,Honduras,2021,0.0010115304038689,0.0,0.0,0.0010115304038689
HND,Honduras,2022,,,,
HND,Honduras,2023,,,,
HND,Honduras,2024,,,,
HND,Honduras,2025,,,,
HRV,Croatia,1960,,,,
HRV,Croatia,1961,,,,
HRV,Croatia,1962,,,,
HRV,Croatia,1963,,,,
HRV,Croatia,1964,,,,
HRV,Croatia,1965,,,,
HRV,Croatia,1966,,,,
HRV,Croatia,1967,,,,
HRV,Croatia,1968,,,,
HRV,Croatia,1969,,,,
HRV,Croatia,1970,,,,
HRV,Croatia,1971,,,,
HRV,Croatia,1972,,,,
HRV,Croatia,1973,,,,
HRV,Croatia,1974,,,,
HRV,Croatia,1975,,,,
HRV,Croatia,1976,,,,
HRV,Croatia,1977,,,,
HRV,Croatia,1978,,,,
HRV,Croatia,1979,,,,
HRV,Croatia,1980,,,,
HRV,Croatia,1981,,,,
HRV,Croatia,1982,,,,
HRV,Croatia,1983,,,,
HRV,Croatia,1984,,,,
HRV,Croatia,1985,,,,
HRV,Croatia,1986,,,,
HRV,Croatia,1987,,,,
HRV,Croatia,1988,,,,
HRV,Croatia,1989,,,,
HRV,Croatia,1990,,,,
HRV,Croatia,1991,,,,
HRV,Croatia,1992,,,,
HRV,Croatia,1993,,,,
HRV,Croatia,1994,,,,
HRV,Croatia,1995,0.403625878898592,0.0008035134569125,0.1894052870781,0.5938346794336045
HRV,Croatia,1996,0.474760445855423,0.000425045738244,0.157528095724954,0.6327135873186209
HRV,Croatia,1997,0.3626472631518,0.000161538656006,0.160086250604738,0.522895052412544
HRV,Croatia,1998,0.0917244271785271,0.0001804202692322,0.0160340237876244,0.1079388712353837
HRV,Croatia,1999,0.288928699417176,5.9354622043972e-06,0.0196126156772976,0.30854725055667803
HRV,Croatia,2000,0.630971359439616,0.0,0.176674487364417,0.8076458468040331
HRV,Croatia,2001,0.407483342326942,0.0,0.396410593313288,0.8038939356402299
HRV,Croatia,2002,0.356223054391995,0.0,0.241271445951601,0.597494500343596
HRV,Croatia,2003,0.301237202501552,0.0,0.214753155142564,0.515990357644116
HRV,Croatia,2004,0.332637436119168,0.0,0.159234241412183,0.491871677531351
HRV,Croatia,2005,0.422317306157924,0.0,0.12906463895286,0.551381945110784
HRV,Croatia,2006,0.419644384243852,0.0,0.304770836075399,0.724415220319251
HRV,Croatia,2007,0.370493477014705,0.0,0.345824936878855,0.71631841389356
HRV,Croatia,2008,0.441053907428522,0.0,0.449762185799552,0.890816093228074
HRV,Croatia,2009,0.257276727386522,0.0,0.337104007943048,0.59438073532957
HRV,Croatia,2010,0.283128862746704,0.0,0.423248920946002,0.7063777836927061
HRV,Croatia,2011,0.422234790549554,0.0,0.590019896003995,1.0122546865535489
HRV,Croatia,2012,0.424759009341811,0.0,0.559782333488413,0.984541342830224
HRV,Croatia,2013,0.380362350794203,0.0,0.435741263753703,0.8161036145479059
HRV,Croatia,2014,0.332340412986531,0.0,0.289997413757728,0.622337826744259
HRV,Croatia,2015,0.188549002176531,0.0,0.267533069090353,0.45608207126688405
HRV,Croatia,2016,0.152408109394096,0.0,0.133193976413268,0.285602085807364
HRV,Croatia,2017,0.222493492276796,0.0,0.156560711183931,0.379054203460727
HRV,Croatia,2018,0.320303857626588,0.0,0.197945973157546,0.518249830784134
HRV,Croatia,2019,0.276145552955415,0.0,0.101877299594189,0.378022852549604
HRV,Croatia,2020,0.141105225031332,0.0,0.0454518090024755,0.1865570340338075
HRV,Croatia,2021,0.280358036189526,0.0,0.183195535140786,0.46355357133031194
HRV,Croatia,2022,,,,
HRV,Croatia,2023,,,,
HRV,Croatia,2024,,,,
HRV,Croatia,2025,,,,
HTI,Haiti,1960,,,,
HTI,Haiti,1961,,,,
HTI,Haiti,1962,,,,
HTI,Haiti,1963,,,,
HTI,Haiti,1964,,,,
HTI,Haiti,1965,,,,
HTI,Haiti,1966,,,,
HTI,Haiti,1967,,,,
HTI,Haiti,1968,,,,
HTI,Haiti,1969,,,,
HTI,Haiti,1970,,,,
HTI,Haiti,1971,0.0,0.0,0.0,0.0
HTI,Haiti,1972,0.0,0.0,0.0,0.0
HTI,Haiti,1973,0.0,0.0,0.0,0.0
HTI,Haiti,1974,0.0,0.0,0.0,0.0
HTI,Haiti,1975,0.0,0.0,0.0,0.0
HTI,Haiti,1976,0.0,0.0,0.0,0.0
HTI,Haiti,1977,0.0,0.0,0.0,0.0
HTI,Haiti,1978,0.0,0.0,0.0,0.0
HTI,Haiti,1979,0.0,0.0,0.0,0.0
HTI,Haiti,1980,0.0,0.0,0.0,0.0
HTI,Haiti,1981,0.0,0.0,0.0,0.0
HTI,Haiti,1982,0.0,0.0,0.0,0.0
HTI,Haiti,1983,0.0,0.0,0.0,0.0
HTI,Haiti,1984,0.0,0.0,0.0,0.0
HTI,Haiti,1985,0.0,0.0,0.0,0.0
HTI,Haiti,1986,0.0,0.0,0.0,0.0
HTI,Haiti,1987,0.0,0.0,0.0,0.0
HTI,Haiti,1988,0.0,0.0,0.0,0.0
HTI,Haiti,1989,0.0,0.0,0.0,0.0
HTI,Haiti,1990,0.0,0.0,0.0,0.0
HTI,Haiti,1991,0.0,0.0,0.0,0.0
HTI,Haiti,1992,0.0,0.0,0.0,0.0
HTI,Haiti,1993,0.0,0.0,0.0,0.0
HTI,Haiti,1994,0.0,0.0,0.0,0.0
HTI,Haiti,1995,0.0,0.0,0.0,0.0
HTI,Haiti,1996,0.0,0.0,0.0,0.0
HTI,Haiti,1997,0.0,0.0,0.0,0.0
HTI,Haiti,1998,0.0,0.0,0.0,0.0
HTI,Haiti,1999,0.0,0.0,0.0,0.0
HTI,Haiti,2000,0.0,0.0,0.0,0.0
HTI,Haiti,2001,0.0,0.0,0.0,0.0
HTI,Haiti,2002,0.0,0.0,0.0,0.0
HTI,Haiti,2003,0.0,0.0,0.0,0.0
HTI,Haiti,2004,0.0,0.0,0.0,0.0
HTI,Haiti,2005,0.0,0.0,0.0,0.0
HTI,Haiti,2006,0.0,0.0,0.0,0.0
HTI,Haiti,2007,0.0,0.0,0.0,0.0
HTI,Haiti,2008,0.0,0.0,0.0,0.0
HTI,Haiti,2009,0.0,0.0,0.0,0.0
HTI,Haiti,2010,0.0,0.0,0.0,0.0
HTI,Haiti,2011,0.0,0.0,0.0,0.0
HTI,Haiti,2012,0.0,0.0,0.0,0.0
HTI,Haiti,2013,0.0,0.0,0.0,0.0
HTI,Haiti,2014,0.0,0.0,0.0,0.0
HTI,Haiti,2015,0.0,0.0,0.0,0.0
HTI,Haiti,2016,0.0,0.0,0.0,0.0
HTI,Haiti,2017,0.0,0.0,0.0,0.0
HTI,Haiti,2018,0.0,0.0,0.0,0.0
HTI,Haiti,2019,0.0,0.0,0.0,0.0
HTI,Haiti,2020,0.0,0.0,0.0,0.0
HTI,Haiti,2021,0.0,0.0,0.0,0.0
HTI,Haiti,2022,,,,
HTI,Haiti,2023,,,,
HTI,Haiti,2024,,,,
HTI,Haiti,2025,,,,
HUN,Hungary,1960,,,,
HUN,Hungary,1961,,,,
HUN,Hungary,1962,,,,
HUN,Hungary,1963,,,,
HUN,Hungary,1964,,,,
HUN,Hungary,1965,,,,
HUN,Hungary,1966,,,,
HUN,Hungary,1967,,,,
HUN,Hungary,1968,,,,
HUN,Hungary,1969,,,,
HUN,Hungary,1970,,,,
HUN,Hungary,1971,,,,
HUN,Hungary,1972,,,,
HUN,Hungary,1973,,,,
HUN,Hungary,1974,,,,
HUN,Hungary,1975,,,,
HUN,Hungary,1976,,,,
HUN,Hungary,1977,,,,
HUN,Hungary,1978,,,,
HUN,Hungary,1979,,,,
HUN,Hungary,1980,,,,
HUN,Hungary,1981,,,,
HUN,Hungary,1982,,,,
HUN,Hungary,1983,,,,
HUN,Hungary,1984,,,,
HUN,Hungary,1985,,,,
HUN,Hungary,1986,,,,
HUN,Hungary,1987,,,,
HUN,Hungary,1988,,,,
HUN,Hungary,1989,,,,
HUN,Hungary,1990,,,,
HUN,Hungary,1991,0.425007394601361,0.105683650973113,0.156257551687089,0.686948597261563
HUN,Hungary,1992,0.405846584465721,0.053194093357405,0.0699331231267322,0.5289738009498582
HUN,Hungary,1993,0.367007077476078,0.0046981638415409,0.162450173673011,0.53415541499063
HUN,Hungary,1994,0.294098578756702,0.0052694861356582,0.141505811715979,0.4408738766083392
HUN,Hungary,1995,0.304408450491375,0.0256208997191564,0.245794464649354,0.5758238148598853
HUN,Hungary,1996,0.362825153663463,0.0150804081549205,0.22374127913164,0.6016468409500235
HUN,Hungary,1997,0.219233411220824,0.0066998965087871,0.22284218728269,0.4487754950123011
HUN,Hungary,1998,0.0624360896482294,0.0113772195337846,0.0249294073234583,0.09874271650547231
HUN,Hungary,1999,0.178412634960964,0.0021220494890055,0.0213763332762533,0.20191101772622277
HUN,Hungary,2000,0.373626435642133,0.0191863099342225,0.142487534392444,0.5353002799687995
HUN,Hungary,2001,0.234436692691698,0.0522983948198923,0.267388003452291,0.5541230909638813
HUN,Hungary,2002,0.187700537212006,0.0141056706557935,0.152761215429543,0.3545674232973425
HUN,Hungary,2003,0.17971724484931,0.0119578490167246,0.128149226812928,0.3198243206789626
HUN,Hungary,2004,0.188780374253933,0.0754748708415126,0.0960545268105603,0.3603097719060059
HUN,Hungary,2005,0.214107473091597,0.0360951692021791,0.0740605991548407,0.3242632414486168
HUN,Hungary,2006,0.238336091702377,0.0374665109799343,0.165374759201741,0.44117736188405227
HUN,Hungary,2007,0.194767249769338,0.0516011540209868,0.118621852638408,0.36499025642873284
HUN,Hungary,2008,0.240895210564367,0.133720721436878,0.19062178582944,0.565237717830685
HUN,Hungary,2009,0.148972460616952,0.0436050495743189,0.185291348587861,0.3778688587791319
HUN,Hungary,2010,0.152616225507853,0.0839110518810435,0.161341756883863,0.39786903427275955
HUN,Hungary,2011,0.227052369950292,0.0989679723481183,0.218340509701528,0.5443608519999382
HUN,Hungary,2012,0.237336346667221,0.0450027231696823,0.210554293296234,0.49289336313313736
HUN,Hungary,2013,0.194311507285997,0.0220496152287439,0.171355533980433,0.3877166564951739
HUN,Hungary,2014,0.168537005640249,0.0175487828267021,0.109591060858095,0.2956768493250461
HUN,Hungary,2015,0.0838041826706206,0.0122168490026972,0.0869853116424986,0.18300634331581642
HUN,Hungary,2016,0.0703386643669383,0.0128823695198267,0.0526022251623318,0.1358232590490968
HUN,Hungary,2017,0.0926984004070823,0.013561343875921,0.0647926312972239,0.1710523755802272
HUN,Hungary,2018,0.133636368428239,0.0126588854529878,0.0962650379943429,0.2425602918755697
HUN,Hungary,2019,0.144282544677301,0.0079014775414691,0.0592550312448023,0.21143905346357242
HUN,Hungary,2020,0.0833512506762371,0.0065434586008177,0.0304507621680197,0.1203454714450745
HUN,Hungary,2021,0.183887560301271,0.0093687439619846,0.130992934287711,0.3242492385509666
HUN,Hungary,2022,,,,
HUN,Hungary,2023,,,,
HUN,Hungary,2024,,,,
HUN,Hungary,2025,,,,
IDN,Indonesia,1960,,,,
IDN,Indonesia,1961,,,,
IDN,Indonesia,1962,,,,
IDN,Indonesia,1963,,,,
IDN,Indonesia,1964,,,,
IDN,Indonesia,1965,,,,
IDN,Indonesia,1966,,,,
IDN,Indonesia,1967,,,,
IDN,Indonesia,1968,,,,
IDN,Indonesia,1969,,,,
IDN,Indonesia,1970,0.336862259796396,,0.0,0.336862259796396
IDN,Indonesia,1971,0.393074983334933,0.0001955916462398,0.0218386196954709,0.4151091946766437
IDN,Indonesia,1972,1.3474557447482,0.000172367279337,0.0204738201846601,1.3681019322121972
IDN,Indonesia,1973,3.55777834499323,0.000163435219029,0.0335673049563523,3.591509085168611
IDN,Indonesia,1974,16.3717248190738,0.0017350357893255,0.105710282959583,16.47917013782271
IDN,Indonesia,1975,14.1834892884666,0.0071740849104205,0.207092214656156,14.397755588033176
IDN,Indonesia,1976,14.6294959716155,0.0055570282502276,0.179794955356035,14.814847955221763
IDN,Indonesia,1977,14.813753286107,0.0055266512328613,0.330367278050082,15.149647215389942
IDN,Indonesia,1978,12.5927750710472,0.0043512296594771,0.645340037851775,13.242466338558451
IDN,Indonesia,1979,29.9652954272508,0.0044466314691511,1.31978895371394,31.28953101243389
IDN,Indonesia,1980,24.353197772034,0.0060295911342141,1.06830042992693,25.427527793095145
IDN,Indonesia,1981,17.4960662019856,0.0105918312939129,0.385648743860634,17.892306777140146
IDN,Indonesia,1982,9.25543574224988,0.0145464899312691,0.125456591268231,9.39543882344938
IDN,Indonesia,1983,12.0154311395155,0.008284222667078,0.321315238489513,12.34503060067209
IDN,Indonesia,1984,12.1765360023404,0.0117811256507692,0.532740906583284,12.721058034574453
IDN,Indonesia,1985,11.1670088241063,0.026558064649614,0.745326166972091,11.938893055728006
IDN,Indonesia,1986,5.85764960650661,0.0186774238076725,1.28218369792078,7.158510728235062
IDN,Indonesia,1987,8.88214127520327,0.0035568898016775,1.26455961185341,10.150257776858357
IDN,Indonesia,1988,5.98981362304596,0.0196998014331165,1.04179964711547,7.051313071594547
IDN,Indonesia,1989,8.12288021039403,0.0547060393673327,1.0907572513496,9.268343501110962
IDN,Indonesia,1990,9.91945749843524,0.0638855075706017,1.38580549937515,11.369148505380991
IDN,Indonesia,1991,5.59365035937227,0.0650050809303238,1.15930174347296,6.817957183775554
IDN,Indonesia,1992,5.36966700706448,0.0614097642633711,1.20772489133411,6.638801662661962
IDN,Indonesia,1993,4.21951518114362,0.0166857483346958,1.20069622435657,5.4368971538348845
IDN,Indonesia,1994,3.18630434473207,0.0163753728726555,1.38533796181107,4.588017679415795
IDN,Indonesia,1995,2.9733252636664,0.0928985178801877,1.26584699782308,4.332070779369667
IDN,Indonesia,1996,3.29829614660024,0.0492629306815176,1.38532510289728,4.732884180179038
IDN,Indonesia,1997,2.9527366047692,0.0313025440840591,1.55002266015724,4.534061809010499
IDN,Indonesia,1998,3.10513870524274,0.152844486270778,2.48987291889479,5.747856110408308
IDN,Indonesia,1999,3.7780928159414,0.0626538932019992,2.02933071336877,5.8700774225121695
IDN,Indonesia,2000,6.51396124227823,0.145482052623159,2.6651584403675,9.324601735268889
IDN,Indonesia,2001,4.50279039188872,0.548841674832294,2.42410664166284,7.4757387083838545
IDN,Indonesia,2002,3.50125448115221,0.208241061983986,1.90319344354046,5.612688986676656
IDN,Indonesia,2003,3.06092866032223,0.175528949032094,2.09426406086845,5.330721670222774
IDN,Indonesia,2004,3.94237539539958,1.44210635007159,2.11069450964371,7.49517625511488
IDN,Indonesia,2005,5.20636964649797,1.04941966899745,1.92387174642882,8.17966106192424
IDN,Indonesia,2006,4.55289184316296,1.2053764582613,1.32448590617292,7.08275420759718
IDN,Indonesia,2007,3.6879578095142,1.75211269953824,1.03226061871438,6.47233112776682
IDN,Indonesia,2008,4.60202331049434,3.71627865194879,0.995657110106886,9.313959072550016
IDN,Indonesia,2009,2.12191492904716,1.3782379938357,0.945944802344101,4.446097725226961
IDN,Indonesia,2010,2.31580791993823,2.0169329921964,0.826445929259323,5.159186841393954
IDN,Indonesia,2011,2.96041980198707,3.04471491349847,0.73781080558996,6.7429455210755
IDN,Indonesia,2012,2.51944833801451,1.7625357897008,0.652294226994824,4.934278354710134
IDN,Indonesia,2013,2.24228816443479,1.3065358403565,0.636686032705509,4.185510037496799
IDN,Indonesia,2014,1.97502549820142,1.07149977395183,0.850564550857553,3.897089823010803
IDN,Indonesia,2015,0.796675128718901,0.617867776842894,0.960955966326089,2.375498871887884
IDN,Indonesia,2016,0.62227933803086,0.656229604029038,0.63934334627299,1.9178522883328881
IDN,Indonesia,2017,0.799367966127144,0.8515455771592,0.591523999755219,2.242437543041563
IDN,Indonesia,2018,1.13230201999671,1.07176983707974,0.859660703628191,3.063732560704641
IDN,Indonesia,2019,0.740134609514678,0.800234541340992,0.738467377908887,2.278836528764557
IDN,Indonesia,2020,0.287189045702826,0.671878728243518,0.546809531246824,1.505877305193168
IDN,Indonesia,2021,0.766028339629635,1.22270966877205,0.841191137887917,2.829929146289602
IDN,Indonesia,2022,,,,
IDN,Indonesia,2023,,,,
IDN,Indonesia,2024,,,,
IDN,Indonesia,2025,,,,
IMN,Isle of Man,1960,,,,
IMN,Isle of Man,1961,,,,
IMN,Isle of Man,1962,,,,
IMN,Isle of Man,1963,,,,
IMN,Isle of Man,1964,,,,
IMN,Isle of Man,1965,,,,
IMN,Isle of Man,1966,,,,
IMN,Isle of Man,1967,,,,
IMN,Isle of Man,1968,,,,
IMN,Isle of Man,1969,,,,
IMN,Isle of Man,1970,,,,
IMN,Isle of Man,1971,,,,
IMN,Isle of Man,1972,,,,
IMN,Isle of Man,1973,,,,
IMN,Isle of Man,1974,,,,
IMN,Isle of Man,1975,,,,
IMN,Isle of Man,1976,,,,
IMN,Isle of Man,1977,,,,
IMN,Isle of Man,1978,,,,
IMN,Isle of Man,1979,,,,
IMN,Isle of Man,1980,,,,
IMN,Isle of Man,1981,,,,
IMN,Isle of Man,1982,,,,
IMN,Isle of Man,1983,,,,
IMN,Isle of Man,1984,,,,
IMN,Isle of Man,1985,,,,
IMN,Isle of Man,1986,,,,
IMN,Isle of Man,1987,,,,
IMN,Isle of Man,1988,,,,
IMN,Isle of Man,1989,,,,
IMN,Isle of Man,1990,,,,
IMN,Isle of Man,1991,,,,
IMN,Isle of Man,1992,,,,
IMN,Isle of Man,1993,,,,
IMN,Isle of Man,1994,,,,
IMN,Isle of Man,1995,,,,
IMN,Isle of Man,1996,,,,
IMN,Isle of Man,1997,,,,
IMN,Isle of Man,1998,,,,
IMN,Isle of Man,1999,,,,
IMN,Isle of Man,2000,,,,
IMN,Isle of Man,2001,,,,
IMN,Isle of Man,2002,,,,
IMN,Isle of Man,2003,,,,
IMN,Isle of Man,2004,,,,
IMN,Isle of Man,2005,,,,
IMN,Isle of Man,2006,,,,
IMN,Isle of Man,2007,,,,
IMN,Isle of Man,2008,,,,
IMN,Isle of Man,2009,,,,
IMN,Isle of Man,2010,,,,
IMN,Isle of Man,2011,,,,
IMN,Isle of Man,2012,,,,
IMN,Isle of Man,2013,,,,
IMN,Isle of Man,2014,,,,
IMN,Isle of Man,2015,,,,
IMN,Isle of Man,2016,,,,
IMN,Isle of Man,2017,,,,
IMN,Isle of Man,2018,,,,
IMN,Isle of Man,2019,,,,
IMN,Isle of Man,2020,,,,
IMN,Isle of Man,2021,,,,
IMN,Isle of Man,2022,,,,
IMN,Isle of Man,2023,,,,
IMN,Isle of Man,2024,,,,
IMN,Isle of Man,2025,,,,
IND,India,1960,,,,
IND,India,1961,,,,
IND,India,1962,,,,
IND,India,1963,,,,
IND,India,1964,,,,
IND,India,1965,,,,
IND,India,1966,,,,
IND,India,1967,,,,
IND,India,1968,,,,
IND,India,1969,,,,
IND,India,1970,0.0688503864853239,,0.0110940139052685,0.0799444003905924
IND,India,1971,0.0872182328096747,0.214919827055247,0.0089926196178106,0.3111306794827323
IND,India,1972,0.0784205065259609,0.234750432206207,0.0075671046257213,0.3207380433578892
IND,India,1973,0.0774270359807677,0.246383678365919,0.0065348043642884,0.3303455187109751
IND,India,1974,0.426930778238217,0.469979675603124,0.0082368192329256,0.9051472730742667
IND,India,1975,0.534883411071357,1.175098683783,0.0142727370565399,1.7242548319108968
IND,India,1976,0.613269459126098,1.2214664870532,0.0190834897963209,1.8538194359756186
IND,India,1977,0.677970825323972,1.06095508729809,0.0196461197769277,1.7585720323989897
IND,India,1978,0.675079133466502,0.832841678132775,0.0138545098208999,1.521775321420177
IND,India,1979,1.56638969176912,0.755688359757107,0.009739946967017,2.331817998493244
IND,India,1980,0.985472823424609,0.919847834780402,0.0104937561134681,1.9158144143184792
IND,India,1981,1.60586415416846,1.43688473434832,0.0018267995893837,3.0445756881061636
IND,India,1982,1.36239469995123,1.56172086170919,0.0,2.92411556166042
IND,India,1983,1.72210113737219,0.97660072739886,0.0091917133800878,2.707893578151138
IND,India,1984,1.72794649557927,0.878231542321549,0.0036446809086231,2.6098227188094425
IND,India,1985,2.02171247713905,0.878807726618494,0.0041394724102238,2.9046596761677677
IND,India,1986,0.907033865672225,0.674957950040659,0.0207657011170945,1.6027575168299784
IND,India,1987,1.08844850277486,0.414500895391593,0.0229408449044183,1.5258902430708714
IND,India,1988,0.816441006899181,0.525682545113212,0.0214264241224863,1.3635499761348795
IND,India,1989,1.33074020544064,0.693099716934956,0.0429217411571215,2.0667616635327177
IND,India,1990,1.72936446209105,0.768057500529446,0.0589599448213109,2.5563819074418066
IND,India,1991,1.19195275573098,0.974235498640902,0.0566541437443828,2.2228423981162644
IND,India,1992,0.961307658513148,0.840500822478065,0.0605820955045563,1.8623905764957693
IND,India,1993,0.859559953245587,0.612050715657797,0.0708383202492168,1.5424489891526008
IND,India,1994,0.79702774897854,0.573975195576538,0.0784761639704613,1.4494791085255392
IND,India,1995,0.865833520899187,0.863764803713199,0.089499415436711,1.819097740049097
IND,India,1996,0.960764449555637,0.774428518220195,0.0972584774015403,1.8324514451773724
IND,India,1997,0.850995097336145,0.663859522737113,0.0892682372576617,1.6041228573309196
IND,India,1998,0.429736693495449,0.529120776697301,0.10469366755713,1.0635511377498799
IND,India,1999,0.70843039067171,0.367818969171655,0.121431810155186,1.197681169998551
IND,India,2000,1.19880896935781,0.493768594747216,0.174908287833233,1.867485851938259
IND,India,2001,0.869871197224191,0.803917719626811,0.15302460449569,1.826813521346692
IND,India,2002,0.898515923740017,0.568997608664759,0.228575727565643,1.6960892599704191
IND,India,2003,0.860363359311968,0.573742461427988,0.212533349770852,1.6466391705108079
IND,India,2004,1.06043123794654,1.35785293463509,0.203889436106983,2.622173608688613
IND,India,2005,1.28780837185882,1.09839598619948,0.220626603025343,2.6068309610836433
IND,India,2006,1.33146821912931,1.10274899573459,0.198610657575394,2.632827872439294
IND,India,2007,1.15214697247781,1.18900229850656,0.0988812569418624,2.440030527926232
IND,India,2008,1.58498271088646,2.84447501265705,0.100824736385287,4.530282459928798
IND,India,2009,0.638793187629364,1.38813218734613,0.139884600408234,2.166809975383728
IND,India,2010,0.815747227430213,1.63399933661428,0.158053469617224,2.607800033661717
IND,India,2011,1.34852705756453,2.00973994959679,0.171410338885456,3.529677346046776
IND,India,2012,1.31387208215422,1.48448439843746,0.150297037032533,2.9486535176242135
IND,India,2013,1.19335415579377,1.21260035181289,0.0935065065834165,2.499461014190077
IND,India,2014,0.945192923172492,0.982606993768469,0.0844638547070627,2.012263771648024
IND,India,2015,0.359940708852176,0.767869514330021,0.0689196343932162,1.196729857575413
IND,India,2016,0.220297977730946,0.81269479010056,0.0607616430187198,1.093754410850226
IND,India,2017,0.313225226270499,0.944480460585748,0.0616444207974507,1.3193501076536978
IND,India,2018,0.446629594682818,1.16154280861105,0.0660238912587392,1.6741962945526072
IND,India,2019,0.30502831579148,0.831651347921673,0.0702256864350301,1.206905350148183
IND,India,2020,0.144343868543637,0.699928572284321,0.0675142930826255,0.9117867339105835
IND,India,2021,0.325610194100608,1.28029169863481,0.0774937091732812,1.6833956019086993
IND,India,2022,,,,
IND,India,2023,,,,
IND,India,2024,,,,
IND,India,2025,,,,
IRL,Ireland,1960,,,,
IRL,Ireland,1961,,,,
IRL,Ireland,1962,,,,
IRL,Ireland,1963,,,,
IRL,Ireland,1964,,,,
IRL,Ireland,1965,,,,
IRL,Ireland,1966,,,,
IRL,Ireland,1967,,,,
IRL,Ireland,1968,,,,
IRL,Ireland,1969,,,,
IRL,Ireland,1970,,0.0,0.0,0.0
IRL,Ireland,1971,0.0,5.85617257238479e-05,0.0,5.85617257238479e-05
IRL,Ireland,1972,0.0,4.88711284342654e-05,0.0,4.88711284342654e-05
IRL,Ireland,1973,0.0,4.69051355815947e-05,0.0,4.69051355815947e-05
IRL,Ireland,1974,0.0,0.0001230518126733,0.0,0.0001230518126733
IRL,Ireland,1975,0.0,0.0047840360549153,0.0,0.0047840360549153
IRL,Ireland,1976,0.0,0.004573004148956,0.0,0.004573004148956
IRL,Ireland,1977,0.0,0.0033567256655911,0.0,0.0033567256655911
IRL,Ireland,1978,0.0,0.0004554469200655,0.0207593922002571,0.021214839120322602
IRL,Ireland,1979,0.0,0.0009152989040348,0.0966471756756314,0.0975624745796662
IRL,Ireland,1980,0.0,0.0022938164540638,0.177458361719344,0.1797521781734078
IRL,Ireland,1981,0.0,0.0076719026623555,0.186256182098404,0.1939280847607595
IRL,Ireland,1982,0.0,0.007205658621911,0.122424733506468,0.129630392128379
IRL,Ireland,1983,0.0,0.0026195778589707,0.236264398514679,0.23888397637364972
IRL,Ireland,1984,0.0,0.0008142094593647,0.258102179192962,0.25891638865232675
IRL,Ireland,1985,0.0,0.0013324099900735,0.236199255047858,0.2375316650379315
IRL,Ireland,1986,0.0,0.0001534606205042,0.120689089289117,0.12084254990962119
IRL,Ireland,1987,0.0,1.45140041589358e-05,0.0534146322003406,0.05342914620449954
IRL,Ireland,1988,0.0,2.02960815674808e-05,0.050987078852207,0.051007374933774476
IRL,Ireland,1989,0.0,2.70775313048168e-05,0.0592952603947291,0.05932233792603392
IRL,Ireland,1990,0.0,0.0002476754139412,0.0755327182727983,0.0757803936867395
IRL,Ireland,1991,0.0,8.79002658539598e-06,0.0543885357449183,0.0543973257715037
IRL,Ireland,1992,0.0,4.32744429704362e-06,0.0254447308383767,0.025449058282673742
IRL,Ireland,1993,0.0,8.3045656009386e-07,0.0689214043025995,0.0689222347591596
IRL,Ireland,1994,0.0,1.04626326573123e-06,0.0624864792751415,0.06248752553840723
IRL,Ireland,1995,0.0,3.47044118484074e-06,0.0980042733029527,0.09800774374413754
IRL,Ireland,1996,0.0,0.0,0.0829130553548741,0.0829130553548741
IRL,Ireland,1997,0.0,0.0,0.0721733385265073,0.0721733385265073
IRL,Ireland,1998,0.0,0.0,0.0063865933936877,0.0063865933936877
IRL,Ireland,1999,0.0,0.0,0.0044601457719763,0.0044601457719763
IRL,Ireland,2000,0.0,0.0,0.0259955943827088,0.0259955943827088
IRL,Ireland,2001,0.0,0.0,0.0349499355452399,0.0349499355452399
IRL,Ireland,2002,0.0,0.0,0.0231005716218551,0.0231005716218551
IRL,Ireland,2003,0.0,0.0,0.0157877797428726,0.0157877797428726
IRL,Ireland,2004,0.0,0.0,0.0149647349404642,0.0149647349404642
IRL,Ireland,2005,0.0001045547744813,0.0,0.008262534816399,0.0083670895908803
IRL,Ireland,2006,0.0002203409932964,0.0,0.014972766197026,0.0151931071903224
IRL,Ireland,2007,0.0,0.0,0.0098830405504321,0.0098830405504321
IRL,Ireland,2008,0.0,0.0,0.0201072486080353,0.0201072486080353
IRL,Ireland,2009,0.0,0.0,0.0113752250890897,0.0113752250890897
IRL,Ireland,2010,0.0084342457466574,0.0,0.0100749846678646,0.018509230414522
IRL,Ireland,2011,0.0051812534442973,0.0,0.0120338455814485,0.0172150990257458
IRL,Ireland,2012,0.0058080278809924,0.0,0.0122032013631626,0.018011229244155
IRL,Ireland,2013,0.0042598855963756,0.0,0.0104244823517415,0.014684367948117099
IRL,Ireland,2014,0.0039316133352251,0.0,0.0054879896724336,0.009419603007658699
IRL,Ireland,2015,0.0012754601047334,0.0,0.0030738522139015,0.0043493123186349
IRL,Ireland,2016,0.0010324209743161,0.0,0.0393859966960348,0.0404184176703509
IRL,Ireland,2017,0.0013727324876272,0.0,0.0556548017143667,0.0570275342019939
IRL,Ireland,2018,0.0022263627344311,0.0,0.075032558976219,0.07725892171065009
IRL,Ireland,2019,0.001920754597327,0.0,0.0392733650290757,0.041194119626402695
IRL,Ireland,2020,0.0009604724278913,0.0,0.0140574923991153,0.015017964827006599
IRL,Ireland,2021,0.0019446568064729,0.0,0.0510779344974277,0.0530225913039006
IRL,Ireland,2022,,,,
IRL,Ireland,2023,,,,
IRL,Ireland,2024,,,,
IRL,Ireland,2025,,,,
IRN,"Iran, Islamic Rep.",1960,,,,
IRN,"Iran, Islamic Rep.",1961,,,,
IRN,"Iran, Islamic Rep.",1962,,,,
IRN,"Iran, Islamic Rep.",1963,,,,
IRN,"Iran, Islamic Rep.",1964,,,,
IRN,"Iran, Islamic Rep.",1965,,,,
IRN,"Iran, Islamic Rep.",1966,,,,
IRN,"Iran, Islamic Rep.",1967,,,,
IRN,"Iran, Islamic Rep.",1968,,,,
IRN,"Iran, Islamic Rep.",1969,,,,
IRN,"Iran, Islamic Rep.",1970,11.7339839421763,,0.593952766268505,12.327936708444804
IRN,"Iran, Islamic Rep.",1971,14.8261594078895,0.010349891716658,0.639270070093413,15.475779369699572
IRN,"Iran, Islamic Rep.",1972,16.7252736694196,0.0123706888059277,0.495709239772993,17.23335359799852
IRN,"Iran, Islamic Rep.",1973,18.568940368485,0.0141681851161953,0.451799824779658,19.03490837838085
IRN,"Iran, Islamic Rep.",1974,47.360140628302,0.0192463608870437,0.219838236393895,47.59922522558294
IRN,"Iran, Islamic Rep.",1975,37.2662498162087,0.0424587996189796,0.585498844401855,37.89420746022953
IRN,"Iran, Islamic Rep.",1976,33.2729575358116,0.0419585996413758,0.464939481792818,33.779855617245794
IRN,"Iran, Islamic Rep.",1977,29.6619105232745,0.0355765947131469,0.480033789990037,30.177520907977684
IRN,"Iran, Islamic Rep.",1978,31.7653421755558,0.0268732594998453,0.496080537716456,32.288295972772104
IRN,"Iran, Islamic Rep.",1979,36.2712245910874,0.02447927578259,0.492009633243413,36.787713500113405
IRN,"Iran, Islamic Rep.",1980,34.0602967673368,0.0237816471606177,0.245804219222402,34.32988263371982
IRN,"Iran, Islamic Rep.",1981,26.9572602616531,0.027591347695844,0.166530200351988,27.151381809700933
IRN,"Iran, Islamic Rep.",1982,19.7882685941967,0.0279352557661479,0.0608692800830312,19.877073130045883
IRN,"Iran, Islamic Rep.",1983,15.9331788351053,0.0199593465726801,0.184307601304682,16.137445782982663
IRN,"Iran, Islamic Rep.",1984,14.834775869565,0.0166326788423438,0.243522659378682,15.094931207786026
IRN,"Iran, Islamic Rep.",1985,13.0111600545153,0.0137143797656958,0.266466712686652,13.291341146967648
IRN,"Iran, Islamic Rep.",1986,5.3261828496059,0.0093405126995706,0.219388372194074,5.5549117344995445
IRN,"Iran, Islamic Rep.",1987,11.7165752598757,0.0096006542623269,0.317270813576148,12.043446727714175
IRN,"Iran, Islamic Rep.",1988,11.0534011695511,0.0101394527427307,0.440674775374641,11.504215397668471
IRN,"Iran, Islamic Rep.",1989,17.7018963845968,0.011014298426212,0.488652569892774,18.201563252915786
IRN,"Iran, Islamic Rep.",1990,23.2912360336472,0.0118142061866022,0.547879742496481,23.850929982330282
IRN,"Iran, Islamic Rep.",1991,,,,
IRN,"Iran, Islamic Rep.",1992,,,,
IRN,"Iran, Islamic Rep.",1993,29.3853282211644,0.0162224022609168,1.20206625307342,30.603616876498734
IRN,"Iran, Islamic Rep.",1994,24.2190216392295,0.0091930460290256,1.31815705988469,25.546371745143215
IRN,"Iran, Islamic Rep.",1995,19.3040585759505,0.0093556861415853,1.17406917330279,20.487483435394875
IRN,"Iran, Islamic Rep.",1996,19.6685614584308,0.0076270201042634,1.16892188051012,20.845110359045183
IRN,"Iran, Islamic Rep.",1997,18.0436980240134,0.0073675459458102,1.53703282056056,19.588098390519768
IRN,"Iran, Islamic Rep.",1998,11.6492107603037,0.0090725971070208,1.56906693817168,13.2273502955824
IRN,"Iran, Islamic Rep.",1999,16.7896155043784,0.0023700017640781,1.66822362541216,18.460209131554638
IRN,"Iran, Islamic Rep.",2000,30.6637746707723,0.0036253340187003,2.30162442963997,32.96902443443097
IRN,"Iran, Islamic Rep.",2001,21.4882168458321,0.0076052063198428,2.44405372220749,23.93987577435943
IRN,"Iran, Islamic Rep.",2002,20.4437414632993,0.0078439932351527,2.3496161139381,22.801201570472553
IRN,"Iran, Islamic Rep.",2003,22.0449174416527,0.0048286972236329,2.05072226747438,24.100468406350714
IRN,"Iran, Islamic Rep.",2004,25.1990020398231,0.0115248494401764,1.83655471628029,27.047081605543564
IRN,"Iran, Islamic Rep.",2005,31.6076762648214,0.0214272817010313,2.44636854647738,34.07547209299981
IRN,"Iran, Islamic Rep.",2006,31.5582038058527,0.0222124920623487,2.45659210122043,34.03700839913547
IRN,"Iran, Islamic Rep.",2007,26.1252401169156,0.011983461167409,1.99708594942742,28.134309527510425
IRN,"Iran, Islamic Rep.",2008,30.5659738980313,0.0441506050715156,1.8467989298903,32.456923432993115
IRN,"Iran, Islamic Rep.",2009,17.5512587993854,0.019462552224609,2.28085971648197,19.85158106809198
IRN,"Iran, Islamic Rep.",2010,20.2248363529261,0.0177607864327432,1.8610874879457,22.103684627304542
IRN,"Iran, Islamic Rep.",2011,22.3514589221281,0.0223657016252693,1.91739971657899,24.29122434033236
IRN,"Iran, Islamic Rep.",2012,18.4120723402826,0.0093181906571099,2.01887057952724,20.44026111046695
IRN,"Iran, Islamic Rep.",2013,21.2565665523955,0.0068159154993199,2.7187141958893,23.982096663784123
IRN,"Iran, Islamic Rep.",2014,21.2353758265799,0.0046913823140681,2.97411018568107,24.21417739457504
IRN,"Iran, Islamic Rep.",2015,12.2663527393474,0.0031466308680445,2.62955318037995,14.899052550595396
IRN,"Iran, Islamic Rep.",2016,10.8895031509112,0.0037292500161014,1.91831819745209,12.811550598379391
IRN,"Iran, Islamic Rep.",2017,14.6204399688795,0.0063007061204779,2.33627116072101,16.963011835720987
IRN,"Iran, Islamic Rep.",2018,27.6646471563106,0.0108792652293042,5.80900087982186,33.484527301361766
IRN,"Iran, Islamic Rep.",2019,20.0780490508657,0.0098969808016341,6.82201707137804,26.909963103045378
IRN,"Iran, Islamic Rep.",2020,13.2733495355914,0.0084362770789261,8.49623367431377,21.778019486984096
IRN,"Iran, Islamic Rep.",2021,18.2658980929233,0.0093952624530568,8.80888556489953,27.08417892027589
IRN,"Iran, Islamic Rep.",2022,,,,
IRN,"Iran, Islamic Rep.",2023,,,,
IRN,"Iran, Islamic Rep.",2024,,,,
IRN,"Iran, Islamic Rep.",2025,,,,
IRQ,Iraq,1960,,,,
IRQ,Iraq,1961,,,,
IRQ,Iraq,1962,,,,
IRQ,Iraq,1963,,,,
IRQ,Iraq,1964,,,,
IRQ,Iraq,1965,,,,
IRQ,Iraq,1966,,,,
IRQ,Iraq,1967,,,,
IRQ,Iraq,1968,,,,
IRQ,Iraq,1969,,,,
IRQ,Iraq,1970,15.8858496718005,,0.140467113995769,16.02631678579627
IRQ,Iraq,1971,19.6222511460367,0.0,0.152995955718538,19.775247101755237
IRQ,Iraq,1972,20.4871383827218,0.0,0.172658306086737,20.659796688808537
IRQ,Iraq,1973,28.9614336880603,0.0,0.179956895303151,29.14139058336345
IRQ,Iraq,1974,62.4231050158309,0.0,0.0842665516495748,62.507371567480476
IRQ,Iraq,1975,59.3693162416573,0.0,0.192402880379284,59.561719122036585
IRQ,Iraq,1976,53.2158596377084,0.0,0.188588175524992,53.40444781323339
IRQ,Iraq,1977,49.9166090990382,0.0,0.15666995427776,50.07327905331596
IRQ,Iraq,1978,46.5546857332379,0.0,0.160730816409457,46.71541654964736
IRQ,Iraq,1979,,,,
IRQ,Iraq,1980,55.1993982523256,0.0,0.0794612523644647,55.27885950469007
IRQ,Iraq,1981,27.1091551096744,0.0,0.0484628181406476,27.15761792781505
IRQ,Iraq,1982,20.0233110307364,0.0,0.0173651452096035,20.040676175946004
IRQ,Iraq,1983,20.5796519555524,0.0,0.0411019067420095,20.62075386229441
IRQ,Iraq,1984,21.0730748199989,0.0,0.0353745156821463,21.108449335681048
IRQ,Iraq,1985,23.6158838462632,0.0,0.0482361329268779,23.664119979190076
IRQ,Iraq,1986,14.1460394762865,0.0,0.0989249460865372,14.244964422373037
IRQ,Iraq,1987,19.900227861851,0.0,0.174961230988976,20.075189092839977
IRQ,Iraq,1988,19.472485013566,0.0,0.241395295598101,19.7138803091641
IRQ,Iraq,1989,28.1033198518327,0.0,0.259434082424289,28.36275393425699
IRQ,Iraq,1990,9.43308520348142,0.0,0.0651834988369527,9.498268702318374
IRQ,Iraq,1991,,,,
IRQ,Iraq,1992,,,,
IRQ,Iraq,1993,,,,
IRQ,Iraq,1994,65.0494756773985,0.0,2.36494145515911,67.41441713255762
IRQ,Iraq,1995,22.2780163741492,0.0,0.788428190008421,23.06644456415762
IRQ,Iraq,1996,35.3690100952815,0.0,1.08692306964952,36.455933164931025
IRQ,Iraq,1997,31.5815439751539,0.0,0.547208662489783,32.12875263764368
IRQ,Iraq,1998,36.6105813767315,0.0,0.495158321201736,37.10573969793324
IRQ,Iraq,1999,36.719435347494,0.0,0.283315868177146,37.00275121567115
IRQ,Iraq,2000,48.5807178166885,0.0,0.27271767012468,48.853435486813176
IRQ,Iraq,2001,49.1960317224957,0.0,0.358458660866,49.554490383361696
IRQ,Iraq,2002,46.6719927539111,0.0,0.288807298247214,46.96080005215831
IRQ,Iraq,2003,53.0047978158982,0.0,0.275320664273337,53.28011848017154
IRQ,Iraq,2004,64.6550924823725,0.0,0.113034701108404,64.7681271834809
IRQ,Iraq,2005,65.1575951980304,0.0,0.155363126583441,65.31295832461385
IRQ,Iraq,2006,63.5551402676835,0.0,0.16643949845663,63.72157976614013
IRQ,Iraq,2007,52.9273802567399,0.0,0.282231021341203,53.209611278081105
IRQ,Iraq,2008,55.3793146361864,0.0,0.300021661461576,55.67933629764798
IRQ,Iraq,2009,39.1145928006965,0.0,0.388347267110813,39.502940067807316
IRQ,Iraq,2010,43.2562312170542,0.0,0.301812816732089,43.55804403378629
IRQ,Iraq,2011,50.9263659501053,0.0,0.251799618876453,51.178165568981754
IRQ,Iraq,2012,49.6110993818029,0.0,0.222359214768549,49.833458596571454
IRQ,Iraq,2013,45.3313602184612,0.0,0.236599620839355,45.567959839300556
IRQ,Iraq,2014,46.6038527995508,0.0,0.245416179697298,46.8492689792481
IRQ,Iraq,2015,37.2575416723352,0.0,0.240804420123799,37.498346092459
IRQ,Iraq,2016,32.9650560560142,0.0,0.250135507025277,33.215191563039475
IRQ,Iraq,2017,38.9203120843433,0.0,0.2755088548352,39.1958209391785
IRQ,Iraq,2018,45.7658631354446,0.0,0.378532047680893,46.14439518312549
IRQ,Iraq,2019,40.2312783051026,0.0,0.374622752289475,40.605901057392074
IRQ,Iraq,2020,27.035001916172,0.0,0.378195592280203,27.413197508452203
IRQ,Iraq,2021,42.7870984915076,0.0,0.65552292508507,43.44262141659267
IRQ,Iraq,2022,,,,
IRQ,Iraq,2023,,,,
IRQ,Iraq,2024,,,,
IRQ,Iraq,2025,,,,
ISL,Iceland,1960,,,,
ISL,Iceland,1961,,,,
ISL,Iceland,1962,,,,
ISL,Iceland,1963,,,,
ISL,Iceland,1964,,,,
ISL,Iceland,1965,,,,
ISL,Iceland,1966,,,,
ISL,Iceland,1967,,,,
ISL,Iceland,1968,,,,
ISL,Iceland,1969,,,,
ISL,Iceland,1970,,0.0,0.0,0.0
ISL,Iceland,1971,0.0,0.0,0.0,0.0
ISL,Iceland,1972,0.0,0.0,0.0,0.0
ISL,Iceland,1973,0.0,0.0,0.0,0.0
ISL,Iceland,1974,0.0,0.0,0.0,0.0
ISL,Iceland,1975,0.0,0.0,0.0,0.0
ISL,Iceland,1976,0.0,0.0,0.0,0.0
ISL,Iceland,1977,0.0,0.0,0.0,0.0
ISL,Iceland,1978,0.0,0.0,0.0,0.0
ISL,Iceland,1979,0.0,0.0,0.0,0.0
ISL,Iceland,1980,0.0,0.0,0.0,0.0
ISL,Iceland,1981,0.0,0.0,0.0,0.0
ISL,Iceland,1982,0.0,0.0,0.0,0.0
ISL,Iceland,1983,0.0,0.0,0.0,0.0
ISL,Iceland,1984,0.0,0.0,0.0,0.0
ISL,Iceland,1985,0.0,0.0,0.0,0.0
ISL,Iceland,1986,0.0,0.0,0.0,0.0
ISL,Iceland,1987,0.0,0.0,0.0,0.0
ISL,Iceland,1988,0.0,0.0,0.0,0.0
ISL,Iceland,1989,0.0,0.0,0.0,0.0
ISL,Iceland,1990,0.0,0.0,0.0,0.0
ISL,Iceland,1991,0.0,0.0,0.0,0.0
ISL,Iceland,1992,0.0,0.0,0.0,0.0
ISL,Iceland,1993,0.0,0.0,0.0,0.0
ISL,Iceland,1994,0.0,0.0,0.0,0.0
ISL,Iceland,1995,0.0,0.0,0.0,0.0
ISL,Iceland,1996,0.0,0.0,0.0,0.0
ISL,Iceland,1997,0.0,0.0,0.0,0.0
ISL,Iceland,1998,0.0,0.0,0.0,0.0
ISL,Iceland,1999,0.0,0.0,0.0,0.0
ISL,Iceland,2000,0.0,0.0,0.0,0.0
ISL,Iceland,2001,0.0,0.0,0.0,0.0
ISL,Iceland,2002,0.0,0.0,0.0,0.0
ISL,Iceland,2003,0.0,0.0,0.0,0.0
ISL,Iceland,2004,0.0,0.0,0.0,0.0
ISL,Iceland,2005,0.0,0.0,0.0,0.0
ISL,Iceland,2006,0.0,0.0,0.0,0.0
ISL,Iceland,2007,0.0,0.0,0.0,0.0
ISL,Iceland,2008,0.0,0.0,0.0,0.0
ISL,Iceland,2009,0.0,0.0,0.0,0.0
ISL,Iceland,2010,0.0,0.0,0.0,0.0
ISL,Iceland,2011,0.0,0.0,0.0,0.0
ISL,Iceland,2012,0.0,0.0,0.0,0.0
ISL,Iceland,2013,0.0,0.0,0.0,0.0
ISL,Iceland,2014,0.0,0.0,0.0,0.0
ISL,Iceland,2015,0.0,0.0,0.0,0.0
ISL,Iceland,2016,0.0,0.0,0.0,0.0
ISL,Iceland,2017,0.0,0.0,0.0,0.0
ISL,Iceland,2018,0.0,0.0,0.0,0.0
ISL,Iceland,2019,0.0,0.0,0.0,0.0
ISL,Iceland,2020,0.0,0.0,0.0,0.0
ISL,Iceland,2021,0.0,0.0,0.0,0.0
ISL,Iceland,2022,,,,
ISL,Iceland,2023,,,,
ISL,Iceland,2024,,,,
ISL,Iceland,2025,,,,
ISR,Israel,1960,,,,
ISR,Israel,1961,,,,
ISR,Israel,1962,,,,
ISR,Israel,1963,,,,
ISR,Israel,1964,,,,
ISR,Israel,1965,,,,
ISR,Israel,1966,,,,
ISR,Israel,1967,,,,
ISR,Israel,1968,,,,
ISR,Israel,1969,,,,
ISR,Israel,1970,,,,
ISR,Israel,1971,,,,
ISR,Israel,1972,,,,
ISR,Israel,1973,,,,
ISR,Israel,1974,,,,
ISR,Israel,1975,,,,
ISR,Israel,1976,,,,
ISR,Israel,1977,,,,
ISR,Israel,1978,,,,
ISR,Israel,1979,,,,
ISR,Israel,1980,,,,
ISR,Israel,1981,,,,
ISR,Israel,1982,,,,
ISR,Israel,1983,,,,
ISR,Israel,1984,,,,
ISR,Israel,1985,,,,
ISR,Israel,1986,,,,
ISR,Israel,1987,,,,
ISR,Israel,1988,,,,
ISR,Israel,1989,,,,
ISR,Israel,1990,,,,
ISR,Israel,1991,,,,
ISR,Israel,1992,,,,
ISR,Israel,1993,,,,
ISR,Israel,1994,,,,
ISR,Israel,1995,0.0006616611989177,0.0,0.0007326532533435,0.0013943144522612
ISR,Israel,1996,0.000433694580558,0.0,0.0004640144670843,0.0008977090476423
ISR,Israel,1997,0.0012568150304001,0.0,0.0005032399566685,0.0017600549870686
ISR,Israel,1998,0.0002931789185075,0.0,0.0003296993490516,0.0006228782675591
ISR,Israel,1999,0.0003585383906217,0.0,0.0002747520636068,0.0006332904542285
ISR,Israel,2000,0.0005380298516414,0.0,0.000298152224541,0.0008361820761824
ISR,Israel,2001,0.0004430091814892,0.0,0.0003380329742652,0.0007810421557544
ISR,Israel,2002,0.0006072721548168,0.0,0.0002864592525745,0.0008937314073913
ISR,Israel,2003,0.000405868612191,0.0,0.0002632135769718,0.0006690821891628001
ISR,Israel,2004,0.000336237600645,0.0,0.0349354284996114,0.0352716661002564
ISR,Israel,2005,0.0004721828596713,0.0,0.0589531000944453,0.0594252829541166
ISR,Israel,2006,0.0018314801442047,0.0,0.0871372208920479,0.0889687010362526
ISR,Israel,2007,0.0009826596638425,0.0,0.0931813605943948,0.09416402025823731
ISR,Israel,2008,0.0016717099523263,0.0,0.102676351582405,0.10434806153473129
ISR,Israel,2009,0.0010385914844318,0.0,0.084927621419111,0.08596621290354281
ISR,Israel,2010,0.000829577584663,0.0,0.0857921824744703,0.0866217600591333
ISR,Israel,2011,0.0053564506932549,0.0,0.128582797004934,0.1339392476981889
ISR,Israel,2012,0.0032913846396943,0.0,0.0787009145372555,0.0819922991769498
ISR,Israel,2013,0.0118850270586983,0.0,0.157385100412775,0.1692701274714733
ISR,Israel,2014,0.0117966062119145,0.0,0.166664593681174,0.1784611998930885
ISR,Israel,2015,0.0064472044027384,0.0,0.140168999644038,0.14661620404677642
ISR,Israel,2016,0.0073820403232374,0.0,0.110801914968535,0.1181839552917724
ISR,Israel,2017,0.0058293245500582,0.0,0.127388100686779,0.1332174252368372
ISR,Israel,2018,0.0087876889369425,0.0,0.199534286961076,0.2083219758980185
ISR,Israel,2019,0.008262374941763,0.0,0.181189344161981,0.18945171910374398
ISR,Israel,2020,0.0076086822303689,0.0,0.264595241567274,0.2722039237976429
ISR,Israel,2021,0.0115224616168168,0.0,0.429728212550477,0.4412506741672938
ISR,Israel,2022,,,,
ISR,Israel,2023,,,,
ISR,Israel,2024,,,,
ISR,Israel,2025,,,,
ITA,Italy,1960,,,,
ITA,Italy,1961,,,,
ITA,Italy,1962,,,,
ITA,Italy,1963,,,,
ITA,Italy,1964,,,,
ITA,Italy,1965,,,,
ITA,Italy,1966,,,,
ITA,Italy,1967,,,,
ITA,Italy,1968,,,,
ITA,Italy,1969,,,,
ITA,Italy,1970,0.0010353946369936,0.0,0.0284698321720816,0.029505226809075198
ITA,Italy,1971,0.0028826200241433,0.0001174031711807,0.0331587064110995,0.036158729606423495
ITA,Italy,1972,0.0033216332673381,7.62999367701444e-05,0.0417981171616128,0.045196050365721045
ITA,Italy,1973,0.0045749085171543,0.0001078918299639,0.0307561607006634,0.0354389610477816
ITA,Italy,1974,0.0244170467935244,0.0002119891408706,0.0852484948490926,0.1098775307834876
ITA,Italy,1975,0.0229387904830796,0.0020139724406072,0.104242613120003,0.1291953760436898
ITA,Italy,1976,0.0266073511104005,0.0019696917159236,0.118709502291246,0.14728654511757008
ITA,Italy,1977,0.0235891107761354,0.0016003493108615,0.0921376982072173,0.1173271582942142
ITA,Italy,1978,0.0224558724987596,0.0009307266313447,0.0818900196861245,0.1052766188162288
ITA,Italy,1979,0.0508597298034335,0.0007836184603584,0.107256591889935,0.15889994015372688
ITA,Italy,1980,0.0710650337447697,0.0012461805220867,0.111391023541726,0.1837022378085824
ITA,Italy,1981,0.0642814735244098,0.0027315249722864,0.0904590425225796,0.1574720410192758
ITA,Italy,1982,0.0330719561038048,0.0046388084889282,0.0439309132857637,0.08164167787849669
ITA,Italy,1983,0.056621550512899,0.0017518424735919,0.0661909679456151,0.124564360932106
ITA,Italy,1984,0.0548048253067521,0.0009876570476066,0.0708471616776757,0.1266396440320344
ITA,Italy,1985,0.0588532128711457,0.0014677198443251,0.0644669470204754,0.1247878797359462
ITA,Italy,1986,0.0155743810607093,0.0001694230293759,0.0516173706735184,0.0673611747636036
ITA,Italy,1987,0.0337079485900258,4.01297930630673e-05,0.0220024513265612,0.05575052970965007
ITA,Italy,1988,0.0281088846700528,5.86192436582218e-05,0.0178771537618967,0.04604465767560772
ITA,Italy,1989,0.0415351145211809,7.38210525553221e-05,0.0187086157848379,0.060317551358574126
ITA,Italy,1990,0.0444156422831305,0.0002132509760656,0.0235916325757824,0.06822052583497851
ITA,Italy,1991,0.0190572160816962,0.000171649495443,0.0159429301152163,0.0351717956923555
ITA,Italy,1992,0.0196278174654375,8.59494157366518e-05,0.0083459911824688,0.02805975806364295
ITA,Italy,1993,0.0243464642435962,8.59181109020741e-06,0.0249241501126475,0.04927920616733391
ITA,Italy,1994,0.0219757631427477,4.47799352339986e-06,0.0247347384179311,0.0467149795542022
ITA,Italy,1995,0.0243272748034026,1.33304471651795e-05,0.0423469185783285,0.06668752382889628
ITA,Italy,1996,0.0327950110404903,5.50714220953035e-06,0.0358435332527692,0.06864405143546903
ITA,Italy,1997,0.0296277236320651,3.95683064204356e-06,0.0394231885944635,0.06905486905717065
ITA,Italy,1998,0.0086039880194592,6.52631970413127e-06,0.0049641288901404,0.01357464322930373
ITA,Italy,1999,0.0238337432543426,8.10020277874573e-07,0.0045182232164395,0.028352776491059974
ITA,Italy,2000,0.0491103009051332,9.55690660531109e-07,0.0319380983477865,0.08104935494358023
ITA,Italy,2001,0.0322847284179457,7.35012042924132e-05,0.0613333422247091,0.09369157184694721
ITA,Italy,2002,0.0407901667424972,3.23734497505581e-05,0.0406753020713446,0.08149784226359236
ITA,Italy,2003,0.0400847934902141,4.36295055277936e-05,0.0340885965309502,0.0742170195266921
ITA,Italy,2004,0.0463733545125626,0.0001146798785515,0.0245576717192482,0.0710457061103623
ITA,Italy,2005,0.0747436239867356,7.49835019329792e-05,0.0189293064983278,0.09374791398699639
ITA,Italy,2006,0.0777499536900344,1.64753472770459e-05,0.0366454074969274,0.11441183653423884
ITA,Italy,2007,0.0770690066986577,0.0001744388437297,0.0294703780119245,0.10671382355431189
ITA,Italy,2008,0.0935556302345291,0.0003848312772707,0.0468292126121431,0.1407696741239429
ITA,Italy,2009,0.048036487144922,7.82261563599532e-05,0.0313263165175021,0.07944102981878405
ITA,Italy,2010,0.0632419734880662,0.0002117315293926,0.0304157429260632,0.093869447943522
ITA,Italy,2011,0.101021789830648,0.0002225347995664,0.04369127308513,0.1449355977153444
ITA,Italy,2012,0.108313381680821,0.0001018505246375,0.0512327603307674,0.1596479925362259
ITA,Italy,2013,0.0998160374945312,5.17984459721475e-05,0.0440399256821377,0.14390776162264107
ITA,Italy,2014,0.0967846101416793,5.873478734035e-05,0.0288024323353822,0.12564577726440185
ITA,Italy,2015,0.0462003289451814,5.64826682052003e-05,0.0237498688184848,0.0700066804318714
ITA,Italy,2016,0.0238823821426404,0.0,0.0118200048088784,0.0357023869515188
ITA,Italy,2017,0.0386725733265151,0.0,0.0150296363210049,0.053702209647520004
ITA,Italy,2018,0.0660288682863186,0.0,0.0222242166809606,0.0882530849672792
ITA,Italy,2019,0.055800623981932,0.0,0.0141520951150301,0.0699527190969621
ITA,Italy,2020,0.0398531422796994,0.0,0.006224135068193,0.046077277347892395
ITA,Italy,2021,0.077005203060734,0.0,0.0250363768484909,0.1020415799092249
ITA,Italy,2022,,,,
ITA,Italy,2023,,,,
ITA,Italy,2024,,,,
ITA,Italy,2025,,,,
JAM,Jamaica,1960,,,,
JAM,Jamaica,1961,,,,
JAM,Jamaica,1962,,,,
JAM,Jamaica,1963,,,,
JAM,Jamaica,1964,,,,
JAM,Jamaica,1965,,,,
JAM,Jamaica,1966,,,,
JAM,Jamaica,1967,,,,
JAM,Jamaica,1968,,,,
JAM,Jamaica,1969,,,,
JAM,Jamaica,1970,,,,
JAM,Jamaica,1971,0.0,0.0,0.0,0.0
JAM,Jamaica,1972,0.0,0.0,0.0,0.0
JAM,Jamaica,1973,0.0,0.0,0.0,0.0
JAM,Jamaica,1974,0.0,0.0,0.0,0.0
JAM,Jamaica,1975,0.0,0.0,0.0,0.0
JAM,Jamaica,1976,0.0,0.0,0.0,0.0
JAM,Jamaica,1977,0.0,0.0,0.0,0.0
JAM,Jamaica,1978,0.0,0.0,0.0,0.0
JAM,Jamaica,1979,0.0,0.0,0.0,0.0
JAM,Jamaica,1980,0.0,0.0,0.0,0.0
JAM,Jamaica,1981,0.0,0.0,0.0,0.0
JAM,Jamaica,1982,0.0,0.0,0.0,0.0
JAM,Jamaica,1983,0.0,0.0,0.0,0.0
JAM,Jamaica,1984,0.0,0.0,0.0,0.0
JAM,Jamaica,1985,0.0,0.0,0.0,0.0
JAM,Jamaica,1986,0.0,0.0,0.0,0.0
JAM,Jamaica,1987,0.0,0.0,0.0,0.0
JAM,Jamaica,1988,0.0,0.0,0.0,0.0
JAM,Jamaica,1989,0.0,0.0,0.0,0.0
JAM,Jamaica,1990,0.0,0.0,0.0,0.0
JAM,Jamaica,1991,0.0,0.0,0.0,0.0
JAM,Jamaica,1992,0.0,0.0,0.0,0.0
JAM,Jamaica,1993,0.0,0.0,0.0,0.0
JAM,Jamaica,1994,0.0,0.0,0.0,0.0
JAM,Jamaica,1995,0.0,0.0,0.0,0.0
JAM,Jamaica,1996,0.0,0.0,0.0,0.0
JAM,Jamaica,1997,0.0,0.0,0.0,0.0
JAM,Jamaica,1998,0.0,0.0,0.0,0.0
JAM,Jamaica,1999,0.0,0.0,0.0,0.0
JAM,Jamaica,2000,0.0,0.0,0.0,0.0
JAM,Jamaica,2001,0.0,0.0,0.0,0.0
JAM,Jamaica,2002,0.11501979991379,0.0,0.0,0.11501979991379
JAM,Jamaica,2003,0.178381887913983,0.0,0.0,0.178381887913983
JAM,Jamaica,2004,0.165049939416478,0.0,0.0,0.165049939416478
JAM,Jamaica,2005,0.252469011179102,0.0,0.0,0.252469011179102
JAM,Jamaica,2006,0.683475577091461,0.0,0.0,0.683475577091461
JAM,Jamaica,2007,0.624344515923789,0.0,0.0,0.624344515923789
JAM,Jamaica,2008,1.06917692280528,0.0,0.0,1.06917692280528
JAM,Jamaica,2009,0.645410398235614,0.0,0.0,0.645410398235614
JAM,Jamaica,2010,0.242284268785806,0.0,0.0,0.242284268785806
JAM,Jamaica,2011,0.526914868641309,0.0,0.0,0.526914868641309
JAM,Jamaica,2012,0.49393788378898,0.0,0.0,0.49393788378898
JAM,Jamaica,2013,0.467457901037476,0.0,0.0,0.467457901037476
JAM,Jamaica,2014,0.437195148150247,0.0,0.0,0.437195148150247
JAM,Jamaica,2015,0.0,0.0,0.0,0.0
JAM,Jamaica,2016,0.0687391904547863,0.0,0.0,0.0687391904547863
JAM,Jamaica,2017,0.179462172017927,0.0,0.0,0.179462172017927
JAM,Jamaica,2018,0.268056625056229,0.0,0.0,0.268056625056229
JAM,Jamaica,2019,0.213213396731904,0.0,0.0,0.213213396731904
JAM,Jamaica,2020,0.11529077951409,0.0,0.0,0.11529077951409
JAM,Jamaica,2021,0.294903461359937,0.0,0.0,0.294903461359937
JAM,Jamaica,2022,,,,
JAM,Jamaica,2023,,,,
JAM,Jamaica,2024,,,,
JAM,Jamaica,2025,,,,
JOR,Jordan,1960,,,,
JOR,Jordan,1961,,,,
JOR,Jordan,1962,,,,
JOR,Jordan,1963,,,,
JOR,Jordan,1964,,,,
JOR,Jordan,1965,,,,
JOR,Jordan,1966,,,,
JOR,Jordan,1967,,,,
JOR,Jordan,1968,,,,
JOR,Jordan,1969,,,,
JOR,Jordan,1970,,,,
JOR,Jordan,1971,0.0,0.0,0.0,0.0
JOR,Jordan,1972,0.0,0.0,0.0,0.0
JOR,Jordan,1973,0.0,0.0,0.0,0.0
JOR,Jordan,1974,0.0,0.0,0.0,0.0
JOR,Jordan,1975,0.0,0.0,0.0,0.0
JOR,Jordan,1976,0.0,0.0,0.0,0.0
JOR,Jordan,1977,0.0,0.0,0.0,0.0
JOR,Jordan,1978,0.0,0.0,0.0,0.0
JOR,Jordan,1979,0.0,0.0,0.0,0.0
JOR,Jordan,1980,0.0,0.0,0.0,0.0
JOR,Jordan,1981,0.0,0.0,0.0,0.0
JOR,Jordan,1982,0.0,0.0,0.0,0.0
JOR,Jordan,1983,0.0,0.0,0.0,0.0
JOR,Jordan,1984,0.0004964264944813,0.0,0.0,0.0004964264944813
JOR,Jordan,1985,0.0716634793005074,0.0,0.0,0.0716634793005074
JOR,Jordan,1986,0.027717129766529,0.0,0.0,0.027717129766529
JOR,Jordan,1987,0.0360830137355487,0.0,0.0,0.0360830137355487
JOR,Jordan,1988,0.0324807277661423,0.0,0.0,0.0324807277661423
JOR,Jordan,1989,0.0344011556409836,0.0,0.0396519537008865,0.0740531093418701
JOR,Jordan,1990,0.0698817164768138,0.0,0.0890155368705709,0.1588972533473847
JOR,Jordan,1991,0.0165074302206483,0.0,0.0789616592699017,0.09546908949055
JOR,Jordan,1992,0.005996773193273,0.0,0.0672728590429935,0.07326963223626651
JOR,Jordan,1993,0.0026916778762667,0.0,0.0784283276003653,0.081120005476632
JOR,Jordan,1994,0.0021914684395179,0.0,0.123796552766576,0.1259880212060939
JOR,Jordan,1995,0.0019996615050287,0.0,0.127703678205661,0.1297033397106897
JOR,Jordan,1996,0.0031698526154232,0.0,0.131619732152259,0.1347895847676822
JOR,Jordan,1997,0.002743247474295,0.0,0.14155028414318,0.144293531617475
JOR,Jordan,1998,0.0016900846715067,0.0,0.122037702446029,0.12372778711753571
JOR,Jordan,1999,0.0023458832560269,0.0,0.107510393464204,0.1098562767202309
JOR,Jordan,2000,0.0038251872831013,0.0,0.130141927520723,0.1339671148038243
JOR,Jordan,2001,0.0027049773145521,0.0,0.133126604248854,0.1358315815634061
JOR,Jordan,2002,0.0023658101689277,0.0,0.0976042661274351,0.0999700762963628
JOR,Jordan,2003,0.0023639985254128,0.0,0.10016253005555,0.1025265285809628
JOR,Jordan,2004,0.0025250709342341,0.0,0.0976611039613213,0.1001861748955554
JOR,Jordan,2005,0.0029941737071591,0.0,0.0937984539525814,0.0967926276597405
JOR,Jordan,2006,0.0033669546922726,0.0,0.0914684925633778,0.0948354472556504
JOR,Jordan,2007,0.0032269913821269,0.0,0.0743417462084469,0.0775687375905738
JOR,Jordan,2008,0.0047965442664046,0.0,0.0544049657924836,0.0592015100588882
JOR,Jordan,2009,0.0022318051309287,0.0,0.0547930139717532,0.0570248191026819
JOR,Jordan,2010,0.0022248570371061,0.0,0.0384695756931186,0.0406944327302247
JOR,Jordan,2011,0.0022986497041862,0.0,0.0442667153964485,0.0465653651006347
JOR,Jordan,2012,0.0024752289881027,0.0,0.0384050242726986,0.0408802532608013
JOR,Jordan,2013,0.001912678401558,0.0,0.0331897702669935,0.0351024486685515
JOR,Jordan,2014,0.0016199879026499,0.0,0.0256345153298793,0.0272545032325292
JOR,Jordan,2015,0.0004299110432784,0.0,0.0187836188652648,0.0192135299085432
JOR,Jordan,2016,0.0002508125934632,0.0,0.0116876948660108,0.011938507459474
JOR,Jordan,2017,0.000211794657558,0.0,0.0129980377272639,0.013209832384821901
JOR,Jordan,2018,0.0009805159456756,0.0,0.0187199775746881,0.019700493520363703
JOR,Jordan,2019,0.0007877314129404,0.0,0.0185237744871921,0.0193115059001325
JOR,Jordan,2020,0.0004677203344639,0.0,0.0290878371057246,0.0295555574401885
JOR,Jordan,2021,0.0143633135367042,0.0,0.0430035744363791,0.0573668879730833
JOR,Jordan,2022,,,,
JOR,Jordan,2023,,,,
JOR,Jordan,2024,,,,
JOR,Jordan,2025,,,,
JPN,Japan,1960,,,,
JPN,Japan,1961,,,,
JPN,Japan,1962,,,,
JPN,Japan,1963,,,,
JPN,Japan,1964,,,,
JPN,Japan,1965,,,,
JPN,Japan,1966,,,,
JPN,Japan,1967,,,,
JPN,Japan,1968,,,,
JPN,Japan,1969,,,,
JPN,Japan,1970,0.001991430044959,0.0197706085370971,0.0,0.021762038582056102
JPN,Japan,1971,0.0020228228183879,0.0120636098667791,0.0015461825519393,0.0156326152371063
JPN,Japan,1972,0.0051258804339184,0.0071592681662781,0.0017711089233416,0.014056257523538099
JPN,Japan,1973,0.0119486251427685,0.0053388126408367,0.0021392914773324,0.019426729260937598
JPN,Japan,1974,0.0759537611681884,0.0173300243875726,0.0092380270564573,0.1025218126122183
JPN,Japan,1975,0.0738619929657741,0.0501727264722401,0.0142011040013604,0.1382358234393746
JPN,Japan,1976,0.0719302162281716,0.0567027440033252,0.0136175128323395,0.14225047306383629
JPN,Japan,1977,0.0643728513688187,0.04641773907934,0.011669753356186,0.1224603438043447
JPN,Japan,1978,0.0447604867560379,0.027557868468361,0.0089296415466127,0.0812479967710116
JPN,Japan,1979,0.103392720750003,0.0215968084923057,0.0110453000525285,0.13603482929483718
JPN,Japan,1980,0.0100052471535842,0.0236056769190975,0.0093364793782743,0.042947403450956
JPN,Japan,1981,0.0052069703320673,0.0356765097334935,0.0034022568417756,0.0442857369073364
JPN,Japan,1982,0.0048114647296134,0.0423414929807857,0.0012010867167475,0.048354044427146595
JPN,Japan,1983,0.005131334591643,0.0234197183323731,0.0022526844839754,0.0308037374079915
JPN,Japan,1984,0.0049971922717472,0.0156312008515867,0.0027980885931252,0.0234264817164591
JPN,Japan,1985,0.0059146811019545,0.0146198074796206,0.0035149883571387,0.0240494769387138
JPN,Japan,1986,0.0020376352448,0.0051286457642755,0.003467902955298,0.0106341839643735
JPN,Japan,1987,0.0022960966216339,0.0004361895021861,0.0025699507663024,0.0053022368901223995
JPN,Japan,1988,0.0014198449311382,0.0011268575511095,0.0017162669225659,0.0042629694048135994
JPN,Japan,1989,0.0018838693087779,0.0017043956263301,0.0018435126442509,0.0054317775793589
JPN,Japan,1990,0.002799224373737,0.0014544481645179,0.0026120269622403,0.0068656995004952
JPN,Japan,1991,0.0017066467040879,0.0010297508226297,0.0020085707084924,0.0047449682352099995
JPN,Japan,1992,0.0019312153165334,0.0004658992884247,0.0019685305462659,0.004365645151224
JPN,Japan,1993,0.001682798065669,2.76363161036511e-05,0.0021078482154151,0.003818282597187751
JPN,Japan,1994,0.0012484904444971,2.36450683977734e-05,0.0021547731557102,0.0034269086686050734
JPN,Japan,1995,0.0012694526503513,0.0002788795628097,0.0019807877649731,0.0035291199781341
JPN,Japan,1996,0.0016809144090308,5.96883614161789e-05,0.002588041505755,0.004328644276201979
JPN,Japan,1997,0.0013473311921959,1.91404024602643e-05,0.0030661516971914,0.0044326232918475645
JPN,Japan,1998,0.0007146920411912,6.15213695853278e-05,0.0024131367450624,0.003189350155838928
JPN,Japan,1999,0.0010895373971705,2.45388959504747e-05,0.0023608231545932,0.003474899447714175
JPN,Japan,2000,0.0020460072848765,5.00017498872993e-05,0.0036993015087128,0.005795310543476599
JPN,Japan,2001,0.0011351191409413,0.0004092890261054,0.0038059664772795,0.0053503746443262
JPN,Japan,2002,0.0011255959762716,4.67064859272552e-05,0.0038301351032339,0.005002437565432755
JPN,Japan,2003,0.0011508719842473,4.25530588203287e-05,0.0046100667539936,0.005803491797061229
JPN,Japan,2004,0.0011240016271445,0.000570872179542,0.0050965285045912,0.0067914023112777
JPN,Japan,2005,0.0019079926144148,0.0003775560292246,0.0055807473027226,0.007866295946362
JPN,Japan,2006,0.0021472029958577,0.000465519876078,0.0057403649715426,0.0083530878434783
JPN,Japan,2007,0.002489062183549,0.0007400454694354,0.0062030779159016,0.009432185568886
JPN,Japan,2008,0.0025418789008744,0.0016898957625376,0.0061177843180094,0.0103495589814214
JPN,Japan,2009,0.0012121453968408,0.0004735936014471,0.0054749933850924,0.0071607323833803
JPN,Japan,2010,0.0015807909918811,0.00082079934136,0.0051661659745429,0.007567756307784
JPN,Japan,2011,0.0023460232142381,0.001126753484762,0.0052977277654546,0.0087705044644547
JPN,Japan,2012,0.0024863866562075,0.0006816400891528,0.004814743666897,0.0079827704122573
JPN,Japan,2013,0.0027988858049721,0.0006735840297839,0.0047762987570261,0.008248768591782099
JPN,Japan,2014,0.0036977302079416,0.0006113401538972,0.0062921048995695,0.0106011752614083
JPN,Japan,2015,0.0019760449394356,0.000356434915133,0.0075071208391143,0.0098396006936829
JPN,Japan,2016,0.0012056707749437,0.0003626104286412,0.0050193285479093,0.0065876097514942005
JPN,Japan,2017,0.0018821884916651,0.0005064963100135,0.0055471556244412,0.0079358404261198
JPN,Japan,2018,0.0025412292342122,0.0004063083197594,0.0071127231326354,0.010060260686607
JPN,Japan,2019,0.0019334499880418,0.0002352953674416,0.0064525295343033,0.0086212748897867
JPN,Japan,2020,0.0007107925057107,0.0001951569664897,0.0048405210394081,0.0057464705116084995
JPN,Japan,2021,0.0022313211196428,0.0003574945858023,0.0088070035570798,0.011395819262524899
JPN,Japan,2022,,,,
JPN,Japan,2023,,,,
JPN,Japan,2024,,,,
JPN,Japan,2025,,,,
KAZ,Kazakhstan,1960,,,,
KAZ,Kazakhstan,1961,,,,
KAZ,Kazakhstan,1962,,,,
KAZ,Kazakhstan,1963,,,,
KAZ,Kazakhstan,1964,,,,
KAZ,Kazakhstan,1965,,,,
KAZ,Kazakhstan,1966,,,,
KAZ,Kazakhstan,1967,,,,
KAZ,Kazakhstan,1968,,,,
KAZ,Kazakhstan,1969,,,,
KAZ,Kazakhstan,1970,,,,
KAZ,Kazakhstan,1971,,,,
KAZ,Kazakhstan,1972,,,,
KAZ,Kazakhstan,1973,,,,
KAZ,Kazakhstan,1974,,,,
KAZ,Kazakhstan,1975,,,,
KAZ,Kazakhstan,1976,,,,
KAZ,Kazakhstan,1977,,,,
KAZ,Kazakhstan,1978,,,,
KAZ,Kazakhstan,1979,,,,
KAZ,Kazakhstan,1980,,,,
KAZ,Kazakhstan,1981,,,,
KAZ,Kazakhstan,1982,,,,
KAZ,Kazakhstan,1983,,,,
KAZ,Kazakhstan,1984,,,,
KAZ,Kazakhstan,1985,,,,
KAZ,Kazakhstan,1986,,,,
KAZ,Kazakhstan,1987,,,,
KAZ,Kazakhstan,1988,,,,
KAZ,Kazakhstan,1989,,,,
KAZ,Kazakhstan,1990,12.3213900416644,2.93362908414046,0.429330812608874,15.684349938413735
KAZ,Kazakhstan,1991,6.66253621093101,2.87466511018547,0.271796550002248,9.808997871118729
KAZ,Kazakhstan,1992,5.28304248787578,2.01112441965847,0.17650844905504,7.47067535658929
KAZ,Kazakhstan,1993,5.01465535130142,1.13793527313208,0.346635577768425,6.499226202201926
KAZ,Kazakhstan,1994,4.8610112097215,0.765798258775298,0.249050709376049,5.875860177872847
KAZ,Kazakhstan,1995,5.82930724272583,1.096277531173,0.512015620779939,7.437600394678769
KAZ,Kazakhstan,1996,8.61228017412449,0.877093606571069,0.42354948713628,9.912923267831838
KAZ,Kazakhstan,1997,7.15860668434788,0.636442221249353,0.623717397764218,8.418766303361451
KAZ,Kazakhstan,1998,2.25218755062942,0.545506070842269,0.0735055918357742,2.871199213307463
KAZ,Kazakhstan,1999,10.6811071898123,0.283928508306016,0.0799213839146512,11.044957082032967
KAZ,Kazakhstan,2000,24.7022127271689,0.763275560850573,0.958298497963215,26.42378678598269
KAZ,Kazakhstan,2001,16.8769158317887,1.69987911925213,1.90816103683919,20.48495598788002
KAZ,Kazakhstan,2002,18.663679662836,0.838526701281602,1.68494211935026,21.187148483467862
KAZ,Kazakhstan,2003,19.0561886830313,0.737882921244197,1.55520091837354,21.349272522649038
KAZ,Kazakhstan,2004,21.3287460118204,2.86683924781304,0.904874674279211,25.10045993391265
KAZ,Kazakhstan,2005,24.6119449899113,1.88738405653817,0.707456812413737,27.20678585886321
KAZ,Kazakhstan,2006,21.1400400879889,1.56920831525736,1.05583158575305,23.76507998899931
KAZ,Kazakhstan,2007,18.7183777371544,1.50666818196351,0.885350833081291,21.110396752199197
KAZ,Kazakhstan,2008,22.9379468470309,4.76760578272819,1.65333030135486,29.35888293111395
KAZ,Kazakhstan,2009,15.4811753728879,1.774081648721,1.49618947932301,18.751446500931912
KAZ,Kazakhstan,2010,14.3876480168855,2.44766697370492,1.00856330578242,17.84387829637284
KAZ,Kazakhstan,2011,18.3529532976804,2.47402353369514,1.21331613739192,22.04029296876746
KAZ,Kazakhstan,2012,16.1210271615703,1.16307150777107,1.20333132239427,18.487429991735638
KAZ,Kazakhstan,2013,13.575329365067,0.539678974748581,1.0538090594977,15.168817399313282
KAZ,Kazakhstan,2014,13.4439854013249,0.517573287575169,0.80881514404493,14.770373832945
KAZ,Kazakhstan,2015,6.77396398337604,0.427727747530492,0.789640342060327,7.991332072966859
KAZ,Kazakhstan,2016,6.9499320090465,0.687792012117953,0.670873241173054,8.308597262337507
KAZ,Kazakhstan,2017,9.66346231175396,0.837979080702583,0.86064865819105,11.362090050647593
KAZ,Kazakhstan,2018,15.0881830400628,0.93298984923782,1.38519233067748,17.4063652199781
KAZ,Kazakhstan,2019,13.3329218324239,0.65685203992523,0.925016309467418,14.914790181816548
KAZ,Kazakhstan,2020,7.12577724575059,0.570036728063378,0.43856903709156,8.134383010905527
KAZ,Kazakhstan,2021,14.8448016221428,0.848889916850088,2.04396250834782,17.73765404734071
KAZ,Kazakhstan,2022,,,,
KAZ,Kazakhstan,2023,,,,
KAZ,Kazakhstan,2024,,,,
KAZ,Kazakhstan,2025,,,,
KEN,Kenya,1960,,,,
KEN,Kenya,1961,,,,
KEN,Kenya,1962,,,,
KEN,Kenya,1963,,,,
KEN,Kenya,1964,,,,
KEN,Kenya,1965,,,,
KEN,Kenya,1966,,,,
KEN,Kenya,1967,,,,
KEN,Kenya,1968,,,,
KEN,Kenya,1969,,,,
KEN,Kenya,1970,,,,
KEN,Kenya,1971,0.0,0.0,0.0,0.0
KEN,Kenya,1972,0.0,0.0,0.0,0.0
KEN,Kenya,1973,0.0,0.0,0.0,0.0
KEN,Kenya,1974,0.0,0.0,0.0,0.0
KEN,Kenya,1975,0.0,0.0,0.0,0.0
KEN,Kenya,1976,0.0,0.0,0.0,0.0
KEN,Kenya,1977,0.0,0.0,0.0,0.0
KEN,Kenya,1978,0.0,0.0,0.0,0.0
KEN,Kenya,1979,0.0,0.0,0.0,0.0
KEN,Kenya,1980,0.0,0.0,0.0,0.0
KEN,Kenya,1981,0.0,0.0,0.0,0.0
KEN,Kenya,1982,0.0,0.0,0.0,0.0
KEN,Kenya,1983,0.0,0.0,0.0,0.0
KEN,Kenya,1984,0.0,0.0,0.0,0.0
KEN,Kenya,1985,0.0,0.0,0.0,0.0
KEN,Kenya,1986,0.0,0.0,0.0,0.0
KEN,Kenya,1987,0.0,0.0,0.0,0.0
KEN,Kenya,1988,0.0,0.0,0.0,0.0
KEN,Kenya,1989,0.0,0.0,0.0,0.0
KEN,Kenya,1990,0.0,0.0,0.0,0.0
KEN,Kenya,1991,0.0,0.0,0.0,0.0
KEN,Kenya,1992,0.0,0.0,0.0,0.0
KEN,Kenya,1993,0.0,0.0,0.0,0.0
KEN,Kenya,1994,0.0,0.0,0.0,0.0
KEN,Kenya,1995,0.0,0.0,0.0,0.0
KEN,Kenya,1996,0.0,0.0,0.0,0.0
KEN,Kenya,1997,0.0,0.0,0.0,0.0
KEN,Kenya,1998,0.0,0.0,0.0,0.0
KEN,Kenya,1999,0.0,0.0,0.0,0.0
KEN,Kenya,2000,0.0,0.0,0.0,0.0
KEN,Kenya,2001,0.0,0.0,0.0,0.0
KEN,Kenya,2002,0.0,0.0,0.0,0.0
KEN,Kenya,2003,0.0,0.0,0.0,0.0
KEN,Kenya,2004,0.0,0.0,0.0,0.0
KEN,Kenya,2005,0.0,0.0,0.0,0.0
KEN,Kenya,2006,0.0,0.0,0.0,0.0
KEN,Kenya,2007,0.0,0.0,0.0,0.0
KEN,Kenya,2008,0.0,0.0,0.0,0.0
KEN,Kenya,2009,0.0,0.0,0.0,0.0
KEN,Kenya,2010,0.0166382187818553,0.0,0.0,0.0166382187818553
KEN,Kenya,2011,0.0288123870707702,0.0,0.0,0.0288123870707702
KEN,Kenya,2012,0.0230878177338188,0.0,0.0,0.0230878177338188
KEN,Kenya,2013,0.0251947780243645,0.0,0.0,0.0251947780243645
KEN,Kenya,2014,0.0225273671136455,0.0,0.0,0.0225273671136455
KEN,Kenya,2015,0.0076633080251844,0.0,0.0,0.0076633080251844
KEN,Kenya,2016,0.0065870720582815,0.0,0.0,0.0065870720582815
KEN,Kenya,2017,0.0,0.0,0.0,0.0
KEN,Kenya,2018,0.0014697438220376,0.0,0.0,0.0014697438220376
KEN,Kenya,2019,0.0028424927071065,0.0,0.0,0.0028424927071065
KEN,Kenya,2020,0.0,0.0,0.0,0.0
KEN,Kenya,2021,0.0,0.0,0.0,0.0
KEN,Kenya,2022,,,,
KEN,Kenya,2023,,,,
KEN,Kenya,2024,,,,
KEN,Kenya,2025,,,,
KGZ,Kyrgyz Republic,1960,,,,
KGZ,Kyrgyz Republic,1961,,,,
KGZ,Kyrgyz Republic,1962,,,,
KGZ,Kyrgyz Republic,1963,,,,
KGZ,Kyrgyz Republic,1964,,,,
KGZ,Kyrgyz Republic,1965,,,,
KGZ,Kyrgyz Republic,1966,,,,
KGZ,Kyrgyz Republic,1967,,,,
KGZ,Kyrgyz Republic,1968,,,,
KGZ,Kyrgyz Republic,1969,,,,
KGZ,Kyrgyz Republic,1970,,,,
KGZ,Kyrgyz Republic,1971,,,,
KGZ,Kyrgyz Republic,1972,,,,
KGZ,Kyrgyz Republic,1973,,,,
KGZ,Kyrgyz Republic,1974,,,,
KGZ,Kyrgyz Republic,1975,,,,
KGZ,Kyrgyz Republic,1976,,,,
KGZ,Kyrgyz Republic,1977,,,,
KGZ,Kyrgyz Republic,1978,,,,
KGZ,Kyrgyz Republic,1979,,,,
KGZ,Kyrgyz Republic,1980,,,,
KGZ,Kyrgyz Republic,1981,,,,
KGZ,Kyrgyz Republic,1982,,,,
KGZ,Kyrgyz Republic,1983,,,,
KGZ,Kyrgyz Republic,1984,,,,
KGZ,Kyrgyz Republic,1985,,,,
KGZ,Kyrgyz Republic,1986,,,,
KGZ,Kyrgyz Republic,1987,,,,
KGZ,Kyrgyz Republic,1988,,,,
KGZ,Kyrgyz Republic,1989,,,,
KGZ,Kyrgyz Republic,1990,0.569568177845945,0.45606428703714,0.0626850052273232,1.0883174701104081
KGZ,Kyrgyz Republic,1991,0.256472177966228,0.418749623030347,0.0395058718147468,0.7147276728113219
KGZ,Kyrgyz Republic,1992,0.267890819437102,0.163703874963516,0.0233967691972826,0.45499146359790066
KGZ,Kyrgyz Republic,1993,0.257949979209785,0.0207857517245388,0.0239351605376438,0.3026708914719676
KGZ,Kyrgyz Republic,1994,0.226697701333719,0.0169227062138813,0.0247106774040708,0.26833108495167113
KGZ,Kyrgyz Republic,1995,0.31522046396522,0.0402887332114325,0.0452527003605958,0.40076189753724833
KGZ,Kyrgyz Republic,1996,0.400655642198215,0.0195555351289102,0.027946100086444,0.4481572774135692
KGZ,Kyrgyz Republic,1997,0.393096429371806,0.0119171227264542,0.0233567487880218,0.428370300886282
KGZ,Kyrgyz Republic,1998,0.091713922237507,0.016510213150811,0.0024649499943847,0.1106890853827027
KGZ,Kyrgyz Republic,1999,0.346301645426506,0.0037199686744308,0.0023656304739062,0.352387244574843
KGZ,Kyrgyz Republic,2000,0.900163529762309,0.03503197691603,0.0183743993584071,0.9535699060367461
KGZ,Kyrgyz Republic,2001,0.589736237550232,0.119776193517,0.0433044312245958,0.7528168622918278
KGZ,Kyrgyz Republic,2002,0.445969369196253,0.0391165928677559,0.020217360910022,0.5053033229740309
KGZ,Kyrgyz Republic,2003,0.398560924925991,0.0305895344385065,0.048675322575388,0.47782578193988545
KGZ,Kyrgyz Republic,2004,0.475114651060121,0.26902172298262,0.0400876318612614,0.7842240059040024
KGZ,Kyrgyz Republic,2005,0.900674260856272,0.115019797922825,0.0314911142930956,1.0471851730721926
KGZ,Kyrgyz Republic,2006,0.901919856447568,0.100806703723948,0.0532136005561311,1.055940160727647
KGZ,Kyrgyz Republic,2007,0.372572936622736,0.152101434131713,0.0294386056493686,0.5541129764038176
KGZ,Kyrgyz Republic,2008,0.419785696717881,0.427096068416551,0.0495559616786454,0.8964377268130774
KGZ,Kyrgyz Republic,2009,0.240382537421539,0.172862286981781,0.0255451846363182,0.4387900090396382
KGZ,Kyrgyz Republic,2010,0.293982876159289,0.303050305289713,0.0181811955533565,0.6152143770023585
KGZ,Kyrgyz Republic,2011,0.386664882614064,0.416326855099761,0.0175896749006956,0.8205814126145206
KGZ,Kyrgyz Republic,2012,0.358817908971423,0.236331327157742,0.0526690838341321,0.6478183199632972
KGZ,Kyrgyz Republic,2013,0.308548395714406,0.13882888823816,0.0361147069496845,0.48349199090225053
KGZ,Kyrgyz Republic,2014,0.290808188479066,0.151111714831141,0.0040133476424633,0.4459332509526703
KGZ,Kyrgyz Republic,2015,0.0350561205770026,0.129856171145207,0.0027051725159668,0.16761746423817642
KGZ,Kyrgyz Republic,2016,0.0524748993735499,0.129937189552705,0.001112323777365,0.1835244127036199
KGZ,Kyrgyz Republic,2017,0.0925684065781225,0.154626266886822,0.001236299735989,0.2484309732009335
KGZ,Kyrgyz Republic,2018,0.134682037189741,0.218169107095955,0.0016108490837967,0.3544619933694927
KGZ,Kyrgyz Republic,2019,0.103713879600644,0.160152432876729,0.0009316247507785,0.26479793722815154
KGZ,Kyrgyz Republic,2020,0.0514871230911807,0.172697754818117,0.0004588789649533,0.224643756874251
KGZ,Kyrgyz Republic,2021,0.0824296570356698,0.257836525140979,0.0020805476014286,0.3423467297780774
KGZ,Kyrgyz Republic,2022,,,,
KGZ,Kyrgyz Republic,2023,,,,
KGZ,Kyrgyz Republic,2024,,,,
KGZ,Kyrgyz Republic,2025,,,,
KHM,Cambodia,1960,,,,
KHM,Cambodia,1961,,,,
KHM,Cambodia,1962,,,,
KHM,Cambodia,1963,,,,
KHM,Cambodia,1964,,,,
KHM,Cambodia,1965,,,,
KHM,Cambodia,1966,,,,
KHM,Cambodia,1967,,,,
KHM,Cambodia,1968,,,,
KHM,Cambodia,1969,,,,
KHM,Cambodia,1970,,,,
KHM,Cambodia,1971,,,,
KHM,Cambodia,1972,,,,
KHM,Cambodia,1973,,,,
KHM,Cambodia,1974,,,,
KHM,Cambodia,1975,,,,
KHM,Cambodia,1976,,,,
KHM,Cambodia,1977,,,,
KHM,Cambodia,1978,,,,
KHM,Cambodia,1979,,,,
KHM,Cambodia,1980,,,,
KHM,Cambodia,1981,,,,
KHM,Cambodia,1982,,,,
KHM,Cambodia,1983,,,,
KHM,Cambodia,1984,,,,
KHM,Cambodia,1985,,,,
KHM,Cambodia,1986,,,,
KHM,Cambodia,1987,,,,
KHM,Cambodia,1988,,,,
KHM,Cambodia,1989,,,,
KHM,Cambodia,1990,,,,
KHM,Cambodia,1991,,,,
KHM,Cambodia,1992,,,,
KHM,Cambodia,1993,0.0,,0.0,0.0
KHM,Cambodia,1994,0.0,,0.0,0.0
KHM,Cambodia,1995,0.0,0.0,0.0,0.0
KHM,Cambodia,1996,0.0,0.0,0.0,0.0
KHM,Cambodia,1997,0.0,0.0,0.0,0.0
KHM,Cambodia,1998,0.0,0.0,0.0,0.0
KHM,Cambodia,1999,0.0,0.0,0.0,0.0
KHM,Cambodia,2000,0.0,0.0,0.0,0.0
KHM,Cambodia,2001,0.0,0.0,0.0,0.0
KHM,Cambodia,2002,0.0,0.0,0.0,0.0
KHM,Cambodia,2003,0.0,0.0,0.0,0.0
KHM,Cambodia,2004,0.0,0.0,0.0,0.0
KHM,Cambodia,2005,0.0,0.0,0.0,0.0
KHM,Cambodia,2006,0.0,0.0,0.0,0.0
KHM,Cambodia,2007,0.0,0.0,0.0,0.0
KHM,Cambodia,2008,0.0,0.0,0.0,0.0
KHM,Cambodia,2009,,0.0,0.0,0.0
KHM,Cambodia,2010,0.0,0.0,0.0,0.0
KHM,Cambodia,2011,0.0,0.0,0.0,0.0
KHM,Cambodia,2012,0.0,0.0,0.0,0.0
KHM,Cambodia,2013,0.0,0.0,0.0,0.0
KHM,Cambodia,2014,0.0,0.0,0.0,0.0
KHM,Cambodia,2015,0.0,0.0,0.0,0.0
KHM,Cambodia,2016,0.0,0.0,0.0,0.0
KHM,Cambodia,2017,0.0,0.001783860810394,0.0,0.001783860810394
KHM,Cambodia,2018,0.0,0.0029270417357382,0.0,0.0029270417357382
KHM,Cambodia,2019,0.0,0.0023028938556691,0.0,0.0023028938556691
KHM,Cambodia,2020,0.000136728305235,0.002409511926092,0.0,0.002546240231327
KHM,Cambodia,2021,0.0410317572268778,0.0048054450007172,0.0,0.045837202227595006
KHM,Cambodia,2022,,,,
KHM,Cambodia,2023,,,,
KHM,Cambodia,2024,,,,
KHM,Cambodia,2025,,,,
KIR,Kiribati,1960,,,,
KIR,Kiribati,1961,,,,
KIR,Kiribati,1962,,,,
KIR,Kiribati,1963,,,,
KIR,Kiribati,1964,,,,
KIR,Kiribati,1965,,,,
KIR,Kiribati,1966,,,,
KIR,Kiribati,1967,,,,
KIR,Kiribati,1968,,,,
KIR,Kiribati,1969,,,,
KIR,Kiribati,1970,,,,
KIR,Kiribati,1971,,,,
KIR,Kiribati,1972,,,,
KIR,Kiribati,1973,,,,
KIR,Kiribati,1974,,,,
KIR,Kiribati,1975,,,,
KIR,Kiribati,1976,,,,
KIR,Kiribati,1977,,,,
KIR,Kiribati,1978,,,,
KIR,Kiribati,1979,,,,
KIR,Kiribati,1980,0.0,0.0,0.0,0.0
KIR,Kiribati,1981,0.0,0.0,0.0,0.0
KIR,Kiribati,1982,0.0,0.0,0.0,0.0
KIR,Kiribati,1983,0.0,0.0,0.0,0.0
KIR,Kiribati,1984,0.0,0.0,0.0,0.0
KIR,Kiribati,1985,0.0,0.0,0.0,0.0
KIR,Kiribati,1986,0.0,0.0,0.0,0.0
KIR,Kiribati,1987,0.0,0.0,0.0,0.0
KIR,Kiribati,1988,0.0,0.0,0.0,0.0
KIR,Kiribati,1989,0.0,0.0,0.0,0.0
KIR,Kiribati,1990,0.0,0.0,0.0,0.0
KIR,Kiribati,1991,0.0,0.0,0.0,0.0
KIR,Kiribati,1992,0.0,0.0,0.0,0.0
KIR,Kiribati,1993,0.0,0.0,0.0,0.0
KIR,Kiribati,1994,0.0,0.0,0.0,0.0
KIR,Kiribati,1995,0.0,0.0,0.0,0.0
KIR,Kiribati,1996,0.0,0.0,0.0,0.0
KIR,Kiribati,1997,0.0,0.0,0.0,0.0
KIR,Kiribati,1998,0.0,0.0,0.0,0.0
KIR,Kiribati,1999,0.0,0.0,0.0,0.0
KIR,Kiribati,2000,0.0,0.0,0.0,0.0
KIR,Kiribati,2001,0.0,0.0,0.0,0.0
KIR,Kiribati,2002,0.0,0.0,0.0,0.0
KIR,Kiribati,2003,0.0,0.0,0.0,0.0
KIR,Kiribati,2004,0.0,0.0,0.0,0.0
KIR,Kiribati,2005,0.0,0.0,0.0,0.0
KIR,Kiribati,2006,0.0,0.0,0.0,0.0
KIR,Kiribati,2007,0.0,0.0,0.0,0.0
KIR,Kiribati,2008,0.0,0.0,0.0,0.0
KIR,Kiribati,2009,0.0,0.0,0.0,0.0
KIR,Kiribati,2010,0.0,0.0,0.0,0.0
KIR,Kiribati,2011,0.0,0.0,0.0,0.0
KIR,Kiribati,2012,0.0,0.0,0.0,0.0
KIR,Kiribati,2013,0.0,0.0,0.0,0.0
KIR,Kiribati,2014,0.0,0.0,0.0,0.0
KIR,Kiribati,2015,0.0,0.0,0.0,0.0
KIR,Kiribati,2016,0.0,0.0,0.0,0.0
KIR,Kiribati,2017,0.0,0.0,0.0,0.0
KIR,Kiribati,2018,0.0,0.0,0.0,0.0
KIR,Kiribati,2019,0.0,0.0,0.0,0.0
KIR,Kiribati,2020,0.0,0.0,0.0,0.0
KIR,Kiribati,2021,0.0,0.0,0.0,0.0
KIR,Kiribati,2022,,,,
KIR,Kiribati,2023,,,,
KIR,Kiribati,2024,,,,
KIR,Kiribati,2025,,,,
KNA,St. Kitts and Nevis,1960,,,,
KNA,St. Kitts and Nevis,1961,,,,
KNA,St. Kitts and Nevis,1962,,,,
KNA,St. Kitts and Nevis,1963,,,,
KNA,St. Kitts and Nevis,1964,,,,
KNA,St. Kitts and Nevis,1965,,,,
KNA,St. Kitts and Nevis,1966,,,,
KNA,St. Kitts and Nevis,1967,,,,
KNA,St. Kitts and Nevis,1968,,,,
KNA,St. Kitts and Nevis,1969,,,,
KNA,St. Kitts and Nevis,1970,,,,
KNA,St. Kitts and Nevis,1971,,,,
KNA,St. Kitts and Nevis,1972,,,,
KNA,St. Kitts and Nevis,1973,,,,
KNA,St. Kitts and Nevis,1974,,,,
KNA,St. Kitts and Nevis,1975,,,,
KNA,St. Kitts and Nevis,1976,,,,
KNA,St. Kitts and Nevis,1977,,,,
KNA,St. Kitts and Nevis,1978,,,,
KNA,St. Kitts and Nevis,1979,,,,
KNA,St. Kitts and Nevis,1980,0.0,0.0,0.0,0.0
KNA,St. Kitts and Nevis,1981,0.0,0.0,0.0,0.0
KNA,St. Kitts and Nevis,1982,0.0,0.0,0.0,0.0
KNA,St. Kitts and Nevis,1983,0.0,0.0,0.0,0.0
KNA,St. Kitts and Nevis,1984,0.0,0.0,0.0,0.0
KNA,St. Kitts and Nevis,1985,0.0,0.0,0.0,0.0
KNA,St. Kitts and Nevis,1986,0.0,0.0,0.0,0.0
KNA,St. Kitts and Nevis,1987,0.0,0.0,0.0,0.0
KNA,St. Kitts and Nevis,1988,0.0,0.0,0.0,0.0
KNA,St. Kitts and Nevis,1989,0.0,0.0,0.0,0.0
KNA,St. Kitts and Nevis,1990,0.0,0.0,0.0,0.0
KNA,St. Kitts and Nevis,1991,0.0,0.0,0.0,0.0
KNA,St. Kitts and Nevis,1992,0.0,0.0,0.0,0.0
KNA,St. Kitts and Nevis,1993,0.0,0.0,0.0,0.0
KNA,St. Kitts and Nevis,1994,0.0,0.0,0.0,0.0
KNA,St. Kitts and Nevis,1995,0.0,0.0,0.0,0.0
KNA,St. Kitts and Nevis,1996,0.0,0.0,0.0,0.0
KNA,St. Kitts and Nevis,1997,0.0,0.0,0.0,0.0
KNA,St. Kitts and Nevis,1998,0.0,0.0,0.0,0.0
KNA,St. Kitts and Nevis,1999,0.0,0.0,0.0,0.0
KNA,St. Kitts and Nevis,2000,0.0,0.0,0.0,0.0
KNA,St. Kitts and Nevis,2001,0.0,0.0,0.0,0.0
KNA,St. Kitts and Nevis,2002,0.0,0.0,0.0,0.0
KNA,St. Kitts and Nevis,2003,0.0,0.0,0.0,0.0
KNA,St. Kitts and Nevis,2004,0.0,0.0,0.0,0.0
KNA,St. Kitts and Nevis,2005,0.0,0.0,0.0,0.0
KNA,St. Kitts and Nevis,2006,0.0,0.0,0.0,0.0
KNA,St. Kitts and Nevis,2007,0.0,0.0,0.0,0.0
KNA,St. Kitts and Nevis,2008,0.0,0.0,0.0,0.0
KNA,St. Kitts and Nevis,2009,0.0,0.0,0.0,0.0
KNA,St. Kitts and Nevis,2010,0.0,0.0,0.0,0.0
KNA,St. Kitts and Nevis,2011,0.0,0.0,0.0,0.0
KNA,St. Kitts and Nevis,2012,0.0,0.0,0.0,0.0
KNA,St. Kitts and Nevis,2013,0.0,0.0,0.0,0.0
KNA,St. Kitts and Nevis,2014,0.0,0.0,0.0,0.0
KNA,St. Kitts and Nevis,2015,0.0,0.0,0.0,0.0
KNA,St. Kitts and Nevis,2016,0.0,0.0,0.0,0.0
KNA,St. Kitts and Nevis,2017,0.0,0.0,0.0,0.0
KNA,St. Kitts and Nevis,2018,0.0,0.0,0.0,0.0
KNA,St. Kitts and Nevis,2019,0.0,0.0,0.0,0.0
KNA,St. Kitts and Nevis,2020,0.0,0.0,0.0,0.0
KNA,St. Kitts and Nevis,2021,0.0,0.0,0.0,0.0
KNA,St. Kitts and Nevis,2022,,,,
KNA,St. Kitts and Nevis,2023,,,,
KNA,St. Kitts and Nevis,2024,,,,
KNA,St. Kitts and Nevis,2025,,,,
KOR,"Korea, Rep.",1960,,,,
KOR,"Korea, Rep.",1961,,,,
KOR,"Korea, Rep.",1962,,,,
KOR,"Korea, Rep.",1963,,,,
KOR,"Korea, Rep.",1964,,,,
KOR,"Korea, Rep.",1965,,,,
KOR,"Korea, Rep.",1966,,,,
KOR,"Korea, Rep.",1967,,,,
KOR,"Korea, Rep.",1968,,,,
KOR,"Korea, Rep.",1969,,,,
KOR,"Korea, Rep.",1970,,,,
KOR,"Korea, Rep.",1971,0.0,0.008498855338315,0.0,0.008498855338315
KOR,"Korea, Rep.",1972,0.0,0.0086341629897969,0.0,0.0086341629897969
KOR,"Korea, Rep.",1973,0.0,0.0124646978801575,0.0,0.0124646978801575
KOR,"Korea, Rep.",1974,0.0,0.160024147419944,0.0,0.160024147419944
KOR,"Korea, Rep.",1975,0.0,0.611783236512105,0.0,0.611783236512105
KOR,"Korea, Rep.",1976,0.0,0.420923323555965,0.0,0.420923323555965
KOR,"Korea, Rep.",1977,0.0,0.351481549971064,0.0,0.351481549971064
KOR,"Korea, Rep.",1978,0.0,0.217843536377056,0.0,0.217843536377056
KOR,"Korea, Rep.",1979,0.0,0.163080658926094,0.0,0.163080658926094
KOR,"Korea, Rep.",1980,0.0,0.303847959413872,0.0,0.303847959413872
KOR,"Korea, Rep.",1981,0.0,0.532445138948635,0.0,0.532445138948635
KOR,"Korea, Rep.",1982,0.0,0.533370300470617,0.0,0.533370300470617
KOR,"Korea, Rep.",1983,0.0,0.231659509685997,0.0,0.231659509685997
KOR,"Korea, Rep.",1984,0.0,0.151205056297403,0.0,0.151205056297403
KOR,"Korea, Rep.",1985,0.0,0.193226358137768,0.0,0.193226358137768
KOR,"Korea, Rep.",1986,0.0,0.0848089460919008,0.0,0.0848089460919008
KOR,"Korea, Rep.",1987,0.0,0.0028530747463036,0.0,0.0028530747463036
KOR,"Korea, Rep.",1988,0.0,0.0283420176358323,0.0,0.0283420176358323
KOR,"Korea, Rep.",1989,0.0,0.0328569945433949,0.0,0.0328569945433949
KOR,"Korea, Rep.",1990,0.0,0.0272590874329558,0.0,0.0272590874329558
KOR,"Korea, Rep.",1991,0.0,0.0165510745087183,0.0,0.0165510745087183
KOR,"Korea, Rep.",1992,0.0,0.0056584979697933,0.0,0.0056584979697933
KOR,"Korea, Rep.",1993,0.0,0.0002963610049157,0.0,0.0002963610049157
KOR,"Korea, Rep.",1994,0.0,0.0002084778242016,0.0,0.0002084778242016
KOR,"Korea, Rep.",1995,0.0,0.0019032267066326,0.0,0.0019032267066326
KOR,"Korea, Rep.",1996,0.0,0.0003007209502089,0.0,0.0003007209502089
KOR,"Korea, Rep.",1997,0.0045441462305219,0.0001347443889631,0.0,0.0046788906194849995
KOR,"Korea, Rep.",1998,0.0042366697066015,0.0006115639398864,0.0,0.0048482336464879
KOR,"Korea, Rep.",1999,0.00668755018612,0.0002043089150077,0.0,0.0068918591011277
KOR,"Korea, Rep.",2000,0.0171114384123705,0.0010203696930801,0.0,0.0181318081054506
KOR,"Korea, Rep.",2001,0.0117084529963086,0.0074905749355915,0.0,0.0191990279319001
KOR,"Korea, Rep.",2002,0.0095743357150873,0.0006903412836673,0.0,0.0102646769987546
KOR,"Korea, Rep.",2003,0.0089188228034682,0.0005717909325146,0.0,0.0094906137359828
KOR,"Korea, Rep.",2004,0.0104071686453881,0.0075835846246811,0.0013445848300307,0.0193353381000999
KOR,"Korea, Rep.",2005,0.0152754218373255,0.0037975636256206,0.0045793537016514,0.023652339164597497
KOR,"Korea, Rep.",2006,0.0186508346760964,0.0036494216609673,0.0029059429734621,0.0252061993105258
KOR,"Korea, Rep.",2007,0.0198193989631689,0.0057802339130398,0.0025335512659642,0.0281331841421729
KOR,"Korea, Rep.",2008,0.0327981749761399,0.015710328504768,0.0031433364695756,0.051651839950483495
KOR,"Korea, Rep.",2009,0.023956728591914,0.0049166510922931,0.0035177285279006,0.0323911082121077
KOR,"Korea, Rep.",2010,0.0438448106743931,0.0066702816635492,0.0036050078043883,0.0541201001423306
KOR,"Korea, Rep.",2011,0.0596703107786387,0.0086686532045489,0.0029791805395398,0.0713181445227274
KOR,"Korea, Rep.",2012,0.0569097069190274,0.0048187757508772,0.0027206161612154,0.06444909883112
KOR,"Korea, Rep.",2013,0.0461384584384727,0.0028374905082032,0.0028328691488789,0.0518088180955548
KOR,"Korea, Rep.",2014,0.0403191275638592,0.0020425639768785,0.0022569821681547,0.0446186737088924
KOR,"Korea, Rep.",2015,0.0184101263141833,0.0011509345645292,0.0016237820738286,0.0211848429525411
KOR,"Korea, Rep.",2016,0.0154774466539604,0.0012376422044753,0.0013320109997031,0.0180470998581388
KOR,"Korea, Rep.",2017,0.0156129162216889,0.0013673600325712,0.0026478234498813,0.0196280997041414
KOR,"Korea, Rep.",2018,0.0251346708672274,0.0011630714213993,0.0040776666433177,0.030375408931944396
KOR,"Korea, Rep.",2019,0.0191641999802525,0.0008473327351183,0.0049699083054345,0.0249814410208053
KOR,"Korea, Rep.",2020,0.0089868127458981,0.0006751820324371,0.0043477309220448,0.014009725700380001
KOR,"Korea, Rep.",2021,0.0283124162355571,0.0010989018725859,0.0051989680684581,0.0346102861766011
KOR,"Korea, Rep.",2022,,,,
KOR,"Korea, Rep.",2023,,,,
KOR,"Korea, Rep.",2024,,,,
KOR,"Korea, Rep.",2025,,,,
KWT,Kuwait,1960,,,,
KWT,Kuwait,1961,,,,
KWT,Kuwait,1962,,,,
KWT,Kuwait,1963,,,,
KWT,Kuwait,1964,,,,
KWT,Kuwait,1965,,,,
KWT,Kuwait,1966,,,,
KWT,Kuwait,1967,,,,
KWT,Kuwait,1968,,,,
KWT,Kuwait,1969,,,,
KWT,Kuwait,1970,34.8911039745328,,,34.8911039745328
KWT,Kuwait,1971,36.7302750498032,0.0,0.851886053989745,37.58216110379294
KWT,Kuwait,1972,41.9853561576658,0.0,0.960219165266502,42.9455753229323
KWT,Kuwait,1973,47.6711751051206,0.0,0.856837949307764,48.528013054428364
KWT,Kuwait,1974,70.8100381605946,0.0,0.36045628919285,71.17049444978745
KWT,Kuwait,1975,62.0863342265801,0.0,0.675496613229674,62.761830839809775
KWT,Kuwait,1976,63.7748698739161,0.0,0.67497944117705,64.44984931509315
KWT,Kuwait,1977,58.735191956127,0.0,0.820943882893687,59.55613583902068
KWT,Kuwait,1978,59.2538620326741,0.0,0.907278932238488,60.16114096491259
KWT,Kuwait,1979,,,,
KWT,Kuwait,1980,67.0485655420012,0.0,0.795505600311114,67.84407114231232
KWT,Kuwait,1981,46.2341064084909,0.0,0.604190546249378,46.83829695474028
KWT,Kuwait,1982,32.4824454817627,0.0,0.209023065553326,32.69146854731603
KWT,Kuwait,1983,42.1070948445943,0.0,0.75934314966126,42.86643799425556
KWT,Kuwait,1984,43.8536051297251,0.0,0.705521794993585,44.55912692471869
KWT,Kuwait,1985,34.8846039767679,0.0,0.672722451864901,35.5573264286328
KWT,Kuwait,1986,25.9575961918451,0.0,0.97547862887433,26.93307482071943
KWT,Kuwait,1987,23.618710661554,0.0,0.572766397853557,24.191477059407557
KWT,Kuwait,1988,26.1468844836338,0.0,0.904233295924451,27.051117779558254
KWT,Kuwait,1989,33.5687910279753,0.0,0.897716819238469,34.46650784721377
KWT,Kuwait,1990,38.8702984792295,0.0,0.651183249820197,39.5214817290497
KWT,Kuwait,1991,13.2175755622103,0.0,0.215928765430964,13.433504327641264
KWT,Kuwait,1992,28.1344138531383,0.0,0.674504339045983,28.808918192184283
KWT,Kuwait,1993,39.371407198475,0.0,1.03684391592237,40.408251114397366
KWT,Kuwait,1994,36.6059380592587,0.0,1.12128773466077,37.727225793919466
KWT,Kuwait,1995,36.227064016639,0.0,1.10347928796571,37.33054330460471
KWT,Kuwait,1996,40.1364091145126,0.0,1.04256872930367,41.17897784381627
KWT,Kuwait,1997,38.3929185854833,0.0,1.14732100198997,39.54023958747327
KWT,Kuwait,1998,27.927039066817,0.0,1.27688989600101,29.203928962818008
KWT,Kuwait,1999,33.8805324667688,0.0,0.955691240167222,34.83622370693602
KWT,Kuwait,2000,50.2892381187247,0.0,1.07488964584328,51.364127764567975
KWT,Kuwait,2001,42.7980143074398,0.0,1.29022077016935,44.08823507760915
KWT,Kuwait,2002,37.2003716194143,0.0,0.928084779806332,38.12845639922063
KWT,Kuwait,2003,39.816851302288,0.0,0.81882112644548,40.63567242873348
KWT,Kuwait,2004,46.1128336408051,0.0,0.76931436633299,46.88214800713809
KWT,Kuwait,2005,53.3164834648164,0.0,0.821700960754246,54.13818442557065
KWT,Kuwait,2006,51.0394540758358,0.0,0.742307369022942,51.78176144485874
KWT,Kuwait,2007,48.1550015709463,0.0,0.618508798827339,48.77351036977364
KWT,Kuwait,2008,52.8912935555667,0.0,0.568940384456548,53.460233940023244
KWT,Kuwait,2009,38.854853146546,0.0,0.735530245929982,39.59038339247598
KWT,Kuwait,2010,48.1906069290048,0.0,0.635329840794475,48.82593676979928
KWT,Kuwait,2011,58.3689295808333,0.0,0.700397270610481,59.06932685144378
KWT,Kuwait,2012,57.4129637304674,0.0,0.731563944664216,58.14452767513162
KWT,Kuwait,2013,55.5579394462588,0.0,0.784396720958018,56.34233616721682
KWT,Kuwait,2014,53.239569150436,0.0,0.731307332394645,53.97087648283064
KWT,Kuwait,2015,36.4482994431389,0.0,0.864578423168116,37.31287786630702
KWT,Kuwait,2016,31.6732106195044,0.0,0.690322593013416,32.363533212517815
KWT,Kuwait,2017,36.0090908245608,0.0,0.748172347211654,36.75726317177246
KWT,Kuwait,2018,44.0490671354298,0.0,1.10292151862869,45.15198865405849
KWT,Kuwait,2019,38.6553473115018,0.0,1.18290776369048,39.83825507519228
KWT,Kuwait,2020,27.5816891390019,0.0,1.70268520321554,29.28437434221744
KWT,Kuwait,2021,,,,
KWT,Kuwait,2022,,,,
KWT,Kuwait,2023,,,,
KWT,Kuwait,2024,,,,
KWT,Kuwait,2025,,,,
LAO,Lao PDR,1960,,,,
LAO,Lao PDR,1961,,,,
LAO,Lao PDR,1962,,,,
LAO,Lao PDR,1963,,,,
LAO,Lao PDR,1964,,,,
LAO,Lao PDR,1965,,,,
LAO,Lao PDR,1966,,,,
LAO,Lao PDR,1967,,,,
LAO,Lao PDR,1968,,,,
LAO,Lao PDR,1969,,,,
LAO,Lao PDR,1970,,,,
LAO,Lao PDR,1971,,,,
LAO,Lao PDR,1972,,,,
LAO,Lao PDR,1973,,,,
LAO,Lao PDR,1974,,,,
LAO,Lao PDR,1975,,,,
LAO,Lao PDR,1976,,,,
LAO,Lao PDR,1977,,,,
LAO,Lao PDR,1978,,,,
LAO,Lao PDR,1979,,,,
LAO,Lao PDR,1980,,,,
LAO,Lao PDR,1981,,,,
LAO,Lao PDR,1982,,,,
LAO,Lao PDR,1983,,,,
LAO,Lao PDR,1984,0.0,0.0001880181774114,0.0,0.0001880181774114
LAO,Lao PDR,1985,0.0,0.0004386544773489,0.0,0.0004386544773489
LAO,Lao PDR,1986,0.0,0.0005503526098482,0.0,0.0005503526098482
LAO,Lao PDR,1987,0.0,1.91502023206251e-05,0.0,1.91502023206251e-05
LAO,Lao PDR,1988,0.0,0.0004628953621296,0.0,0.0004628953621296
LAO,Lao PDR,1989,0.0,0.0006526268256726,0.0,0.0006526268256726
LAO,Lao PDR,1990,0.0,0.0018303824109783,0.0,0.0018303824109783
LAO,Lao PDR,1991,0.0,0.0020873712586876,0.0,0.0020873712586876
LAO,Lao PDR,1992,0.0,0.0017546487106307,0.0,0.0017546487106307
LAO,Lao PDR,1993,0.0,0.0001650653960276,0.0,0.0001650653960276
LAO,Lao PDR,1994,0.0,0.0001971806345614,0.0,0.0001971806345614
LAO,Lao PDR,1995,0.0,0.0030541532660946,0.0,0.0030541532660946
LAO,Lao PDR,1996,0.0,0.000678560835778,0.0,0.000678560835778
LAO,Lao PDR,1997,0.0,0.0003279410278175,0.0,0.0003279410278175
LAO,Lao PDR,1998,0.0,0.0324937835582029,0.0,0.0324937835582029
LAO,Lao PDR,1999,0.0,0.0193122136142919,0.0,0.0193122136142919
LAO,Lao PDR,2000,0.0,0.0445899933144997,0.0,0.0445899933144997
LAO,Lao PDR,2001,0.0,0.104442091245031,0.0,0.104442091245031
LAO,Lao PDR,2002,0.0,0.0685645442274591,0.0,0.0685645442274591
LAO,Lao PDR,2003,0.0,0.0515999609543647,0.0,0.0515999609543647
LAO,Lao PDR,2004,0.0,0.297933282046325,0.0,0.297933282046325
LAO,Lao PDR,2005,0.0,0.191304258857786,0.0,0.191304258857786
LAO,Lao PDR,2006,0.0,0.169639597729574,0.0,0.169639597729574
LAO,Lao PDR,2007,0.0,0.433645537959031,0.0,0.433645537959031
LAO,Lao PDR,2008,0.0,0.556859052832542,0.0,0.556859052832542
LAO,Lao PDR,2009,0.0,0.215514625203559,0.0,0.215514625203559
LAO,Lao PDR,2010,0.0,0.397807012077435,0.0,0.397807012077435
LAO,Lao PDR,2011,0.0,0.463089061823866,0.0,0.463089061823866
LAO,Lao PDR,2012,0.0,0.22963196538877,0.0,0.22963196538877
LAO,Lao PDR,2013,0.0,,0.0,0.0
LAO,Lao PDR,2014,0.0,,0.0,0.0
LAO,Lao PDR,2015,0.0,,0.0,0.0
LAO,Lao PDR,2016,0.0,,0.0,0.0
LAO,Lao PDR,2017,0.0,,0.0,0.0
LAO,Lao PDR,2018,0.0,,0.0,0.0
LAO,Lao PDR,2019,0.0,,0.0,0.0
LAO,Lao PDR,2020,0.0,,0.0,0.0
LAO,Lao PDR,2021,0.0,,0.0,0.0
LAO,Lao PDR,2022,,,,
LAO,Lao PDR,2023,,,,
LAO,Lao PDR,2024,,,,
LAO,Lao PDR,2025,,,,
LBN,Lebanon,1960,,,,
LBN,Lebanon,1961,,,,
LBN,Lebanon,1962,,,,
LBN,Lebanon,1963,,,,
LBN,Lebanon,1964,,,,
LBN,Lebanon,1965,,,,
LBN,Lebanon,1966,,,,
LBN,Lebanon,1967,,,,
LBN,Lebanon,1968,,,,
LBN,Lebanon,1969,,,,
LBN,Lebanon,1970,,,,
LBN,Lebanon,1971,,,,
LBN,Lebanon,1972,,,,
LBN,Lebanon,1973,,,,
LBN,Lebanon,1974,,,,
LBN,Lebanon,1975,,,,
LBN,Lebanon,1976,,,,
LBN,Lebanon,1977,,,,
LBN,Lebanon,1978,,,,
LBN,Lebanon,1979,,,,
LBN,Lebanon,1980,,,,
LBN,Lebanon,1981,,,,
LBN,Lebanon,1982,,,,
LBN,Lebanon,1983,,,,
LBN,Lebanon,1984,,,,
LBN,Lebanon,1985,,,,
LBN,Lebanon,1986,,,,
LBN,Lebanon,1987,,,,
LBN,Lebanon,1988,0.0,0.0,0.0,0.0
LBN,Lebanon,1989,0.0,0.0,0.0,0.0
LBN,Lebanon,1990,0.0,0.0,0.0,0.0
LBN,Lebanon,1991,0.0,0.0,0.0,0.0
LBN,Lebanon,1992,0.0,0.0,0.0,0.0
LBN,Lebanon,1993,0.0,0.0,0.0,0.0
LBN,Lebanon,1994,0.0,0.0,0.0,0.0
LBN,Lebanon,1995,0.0,0.0,0.0,0.0
LBN,Lebanon,1996,0.0,0.0,0.0,0.0
LBN,Lebanon,1997,0.0,0.0,0.0,0.0
LBN,Lebanon,1998,0.0,0.0,0.0,0.0
LBN,Lebanon,1999,0.0,0.0,0.0,0.0
LBN,Lebanon,2000,0.0,0.0,0.0,0.0
LBN,Lebanon,2001,0.0,0.0,0.0,0.0
LBN,Lebanon,2002,0.0,0.0,0.0,0.0
LBN,Lebanon,2003,0.0,0.0,0.0,0.0
LBN,Lebanon,2004,0.0,0.0,0.0,0.0
LBN,Lebanon,2005,0.0,0.0,0.0,0.0
LBN,Lebanon,2006,0.0,0.0,0.0,0.0
LBN,Lebanon,2007,0.0,0.0,0.0,0.0
LBN,Lebanon,2008,0.0,0.0,0.0,0.0
LBN,Lebanon,2009,0.0,0.0,0.0,0.0
LBN,Lebanon,2010,0.0,0.0,0.0,0.0
LBN,Lebanon,2011,0.0,0.0,0.0,0.0
LBN,Lebanon,2012,0.0,0.0,0.0,0.0
LBN,Lebanon,2013,0.0,0.0,0.0,0.0
LBN,Lebanon,2014,0.0,0.0,0.0,0.0
LBN,Lebanon,2015,0.0,0.0,0.0,0.0
LBN,Lebanon,2016,0.0,0.0,0.0,0.0
LBN,Lebanon,2017,0.0,0.0,0.0,0.0
LBN,Lebanon,2018,0.0,0.0,0.0,0.0
LBN,Lebanon,2019,0.0,0.0,0.0,0.0
LBN,Lebanon,2020,0.0,0.0,0.0,0.0
LBN,Lebanon,2021,0.0,0.0,0.0,0.0
LBN,Lebanon,2022,,,,
LBN,Lebanon,2023,,,,
LBN,Lebanon,2024,,,,
LBN,Lebanon,2025,,,,
LBR,Liberia,1960,,,,
LBR,Liberia,1961,,,,
LBR,Liberia,1962,,,,
LBR,Liberia,1963,,,,
LBR,Liberia,1964,,,,
LBR,Liberia,1965,,,,
LBR,Liberia,1966,,,,
LBR,Liberia,1967,,,,
LBR,Liberia,1968,,,,
LBR,Liberia,1969,,,,
LBR,Liberia,1970,,,,
LBR,Liberia,1971,,,,
LBR,Liberia,1972,,,,
LBR,Liberia,1973,,,,
LBR,Liberia,1974,,,,
LBR,Liberia,1975,,,,
LBR,Liberia,1976,,,,
LBR,Liberia,1977,,,,
LBR,Liberia,1978,,,,
LBR,Liberia,1979,,,,
LBR,Liberia,1980,,,,
LBR,Liberia,1981,,,,
LBR,Liberia,1982,,,,
LBR,Liberia,1983,,,,
LBR,Liberia,1984,,,,
LBR,Liberia,1985,,,,
LBR,Liberia,1986,,,,
LBR,Liberia,1987,,,,
LBR,Liberia,1988,,,,
LBR,Liberia,1989,,,,
LBR,Liberia,1990,,,,
LBR,Liberia,1991,,,,
LBR,Liberia,1992,,,,
LBR,Liberia,1993,,,,
LBR,Liberia,1994,,,,
LBR,Liberia,1995,,,,
LBR,Liberia,1996,,,,
LBR,Liberia,1997,,,,
LBR,Liberia,1998,,,,
LBR,Liberia,1999,,,,
LBR,Liberia,2000,0.0,0.0,0.0,0.0
LBR,Liberia,2001,0.0,0.0,0.0,0.0
LBR,Liberia,2002,0.0,0.0,0.0,0.0
LBR,Liberia,2003,0.0,0.0,0.0,0.0
LBR,Liberia,2004,0.0,0.0,0.0,0.0
LBR,Liberia,2005,0.0,0.0,0.0,0.0
LBR,Liberia,2006,0.0,0.0,0.0,0.0
LBR,Liberia,2007,0.0,0.0,0.0,0.0
LBR,Liberia,2008,0.0,0.0,0.0,0.0
LBR,Liberia,2009,0.0,0.0,0.0,0.0
LBR,Liberia,2010,0.0,0.0,0.0,0.0
LBR,Liberia,2011,0.0,0.0,0.0,0.0
LBR,Liberia,2012,0.0,0.0,0.0,0.0
LBR,Liberia,2013,0.0,0.0,0.0,0.0
LBR,Liberia,2014,0.0,0.0,0.0,0.0
LBR,Liberia,2015,0.0,0.0,0.0,0.0
LBR,Liberia,2016,0.0,0.0,0.0,0.0
LBR,Liberia,2017,0.0,0.0,0.0,0.0
LBR,Liberia,2018,0.0,0.0,0.0,0.0
LBR,Liberia,2019,0.0,0.0,0.0,0.0
LBR,Liberia,2020,0.0,0.0,0.0,0.0
LBR,Liberia,2021,0.0,0.0,0.0,0.0
LBR,Liberia,2022,,,,
LBR,Liberia,2023,,,,
LBR,Liberia,2024,,,,
LBR,Liberia,2025,,,,
LBY,Libya,1960,,,,
LBY,Libya,1961,,,,
LBY,Libya,1962,,,,
LBY,Libya,1963,,,,
LBY,Libya,1964,,,,
LBY,Libya,1965,,,,
LBY,Libya,1966,,,,
LBY,Libya,1967,,,,
LBY,Libya,1968,,,,
LBY,Libya,1969,,,,
LBY,Libya,1970,,,,
LBY,Libya,1971,,,,
LBY,Libya,1972,,,,
LBY,Libya,1973,,,,
LBY,Libya,1974,,,,
LBY,Libya,1975,,,,
LBY,Libya,1976,,,,
LBY,Libya,1977,,,,
LBY,Libya,1978,,,,
LBY,Libya,1979,,,,
LBY,Libya,1980,,,,
LBY,Libya,1981,,,,
LBY,Libya,1982,,,,
LBY,Libya,1983,,,,
LBY,Libya,1984,,,,
LBY,Libya,1985,,,,
LBY,Libya,1986,,,,
LBY,Libya,1987,,,,
LBY,Libya,1988,,,,
LBY,Libya,1989,,,,
LBY,Libya,1990,39.712189752461,0.0,0.639022421010983,40.351212173471986
LBY,Libya,1991,23.3544314520225,0.0,0.582906557798307,23.937338009820806
LBY,Libya,1992,22.3747268524689,0.0,0.545295583652784,22.920022436121684
LBY,Libya,1993,22.2666014963477,0.0,0.592186420751276,22.858787917098976
LBY,Libya,1994,21.8836084062861,0.0,0.670784940101143,22.554393346387243
LBY,Libya,1995,26.7764550727601,0.0,0.802673310614926,27.579128383375025
LBY,Libya,1996,31.0343606030664,0.0,0.812675513880029,31.84703611694643
LBY,Libya,1997,26.3375156857295,0.0,0.804050121832851,27.14156580756235
LBY,Libya,1998,17.8086785928772,0.0,0.814525728604263,18.623204321481463
LBY,Libya,1999,19.6978468357252,0.0,0.462370901257643,20.160217736982844
LBY,Libya,2000,33.5852838997618,0.0,0.64878145322726,34.234065352989056
LBY,Libya,2001,29.4914880458031,0.0,0.858452679296687,30.349940725099785
LBY,Libya,2002,48.3822928740602,0.0,1.17058840670198,49.55288128076218
LBY,Libya,2003,47.8421621561942,0.0,0.820892853183124,48.663055009377324
LBY,Libya,2004,54.7869519679771,0.0,1.02085475369624,55.807806721673344
LBY,Libya,2005,61.0171738102836,0.0,1.28973568533705,62.30690949562065
LBY,Libya,2006,60.9295741290035,0.0,1.33425165972172,62.26382578872522
LBY,Libya,2007,59.9292830144719,0.0,1.41426530663488,61.34354832110678
LBY,Libya,2008,64.8164362995569,0.0,1.21083129603755,66.02726759559445
LBY,Libya,2009,49.9122829981053,0.0,1.77360153552263,51.68588453362793
LBY,Libya,2010,54.526429982548,0.0,1.39408948599556,55.92051946854356
LBY,Libya,2011,36.3305559734441,0.0,1.15243299574461,37.48298896918871
LBY,Libya,2012,57.6300935046394,0.0,1.42580825881716,59.05590176345656
LBY,Libya,2013,45.8016137051651,0.0,1.88859809428919,47.690211799454296
LBY,Libya,2014,28.6305298163822,0.0,2.28817061051005,30.91870042689225
LBY,Libya,2015,14.4264442000075,0.0,1.86281114357274,16.28925534358024
LBY,Libya,2016,10.7931417666286,0.0,1.37802629270615,12.171168059334748
LBY,Libya,2017,20.9466167504799,0.0,1.13858543021991,22.08520218069981
LBY,Libya,2018,30.0345298438813,0.0,1.54108781216236,31.57561765604366
LBY,Libya,2019,32.7515623093831,0.0,1.68853062615573,34.44009293553883
LBY,Libya,2020,9.24399152945122,0.0,2.16630490857925,11.41029643803047
LBY,Libya,2021,56.3779371892049,0.0,4.58022937363502,60.95816656283992
LBY,Libya,2022,,,,
LBY,Libya,2023,,,,
LBY,Libya,2024,,,,
LBY,Libya,2025,,,,
LCA,St. Lucia,1960,,,,
LCA,St. Lucia,1961,,,,
LCA,St. Lucia,1962,,,,
LCA,St. Lucia,1963,,,,
LCA,St. Lucia,1964,,,,
LCA,St. Lucia,1965,,,,
LCA,St. Lucia,1966,,,,
LCA,St. Lucia,1967,,,,
LCA,St. Lucia,1968,,,,
LCA,St. Lucia,1969,,,,
LCA,St. Lucia,1970,,,,
LCA,St. Lucia,1971,,,,
LCA,St. Lucia,1972,,,,
LCA,St. Lucia,1973,,,,
LCA,St. Lucia,1974,,,,
LCA,St. Lucia,1975,,,,
LCA,St. Lucia,1976,,,,
LCA,St. Lucia,1977,,,,
LCA,St. Lucia,1978,,,,
LCA,St. Lucia,1979,,,,
LCA,St. Lucia,1980,0.0,0.0,0.0,0.0
LCA,St. Lucia,1981,0.0,0.0,0.0,0.0
LCA,St. Lucia,1982,0.0,0.0,0.0,0.0
LCA,St. Lucia,1983,0.0,0.0,0.0,0.0
LCA,St. Lucia,1984,0.0,0.0,0.0,0.0
LCA,St. Lucia,1985,0.0,0.0,0.0,0.0
LCA,St. Lucia,1986,0.0,0.0,0.0,0.0
LCA,St. Lucia,1987,0.0,0.0,0.0,0.0
LCA,St. Lucia,1988,0.0,0.0,0.0,0.0
LCA,St. Lucia,1989,0.0,0.0,0.0,0.0
LCA,St. Lucia,1990,0.0,0.0,0.0,0.0
LCA,St. Lucia,1991,0.0,0.0,0.0,0.0
LCA,St. Lucia,1992,0.0,0.0,0.0,0.0
LCA,St. Lucia,1993,0.0,0.0,0.0,0.0
LCA,St. Lucia,1994,0.0,0.0,0.0,0.0
LCA,St. Lucia,1995,0.0,0.0,0.0,0.0
LCA,St. Lucia,1996,0.0,0.0,0.0,0.0
LCA,St. Lucia,1997,0.0,0.0,0.0,0.0
LCA,St. Lucia,1998,0.0,0.0,0.0,0.0
LCA,St. Lucia,1999,0.0,0.0,0.0,0.0
LCA,St. Lucia,2000,0.0,0.0,0.0,0.0
LCA,St. Lucia,2001,0.0,0.0,0.0,0.0
LCA,St. Lucia,2002,0.0,0.0,0.0,0.0
LCA,St. Lucia,2003,0.0,0.0,0.0,0.0
LCA,St. Lucia,2004,0.0,0.0,0.0,0.0
LCA,St. Lucia,2005,0.0,0.0,0.0,0.0
LCA,St. Lucia,2006,0.0,0.0,0.0,0.0
LCA,St. Lucia,2007,0.0,0.0,0.0,0.0
LCA,St. Lucia,2008,0.0,0.0,0.0,0.0
LCA,St. Lucia,2009,0.0,0.0,0.0,0.0
LCA,St. Lucia,2010,0.0,0.0,0.0,0.0
LCA,St. Lucia,2011,0.0,0.0,0.0,0.0
LCA,St. Lucia,2012,0.0,0.0,0.0,0.0
LCA,St. Lucia,2013,0.0,0.0,0.0,0.0
LCA,St. Lucia,2014,0.0,0.0,0.0,0.0
LCA,St. Lucia,2015,0.0,0.0,0.0,0.0
LCA,St. Lucia,2016,0.0,0.0,0.0,0.0
LCA,St. Lucia,2017,0.0,0.0,0.0,0.0
LCA,St. Lucia,2018,0.0,0.0,0.0,0.0
LCA,St. Lucia,2019,0.0,0.0,0.0,0.0
LCA,St. Lucia,2020,0.0,0.0,0.0,0.0
LCA,St. Lucia,2021,0.0,0.0,0.0,0.0
LCA,St. Lucia,2022,,,,
LCA,St. Lucia,2023,,,,
LCA,St. Lucia,2024,,,,
LCA,St. Lucia,2025,,,,
LIE,Liechtenstein,1960,,,,
LIE,Liechtenstein,1961,,,,
LIE,Liechtenstein,1962,,,,
LIE,Liechtenstein,1963,,,,
LIE,Liechtenstein,1964,,,,
LIE,Liechtenstein,1965,,,,
LIE,Liechtenstein,1966,,,,
LIE,Liechtenstein,1967,,,,
LIE,Liechtenstein,1968,,,,
LIE,Liechtenstein,1969,,,,
LIE,Liechtenstein,1970,,,,
LIE,Liechtenstein,1971,,,,
LIE,Liechtenstein,1972,,,,
LIE,Liechtenstein,1973,,,,
LIE,Liechtenstein,1974,,,,
LIE,Liechtenstein,1975,,,,
LIE,Liechtenstein,1976,,,,
LIE,Liechtenstein,1977,,,,
LIE,Liechtenstein,1978,,,,
LIE,Liechtenstein,1979,,,,
LIE,Liechtenstein,1980,,,,
LIE,Liechtenstein,1981,,,,
LIE,Liechtenstein,1982,,,,
LIE,Liechtenstein,1983,,,,
LIE,Liechtenstein,1984,,,,
LIE,Liechtenstein,1985,,,,
LIE,Liechtenstein,1986,,,,
LIE,Liechtenstein,1987,,,,
LIE,Liechtenstein,1988,,,,
LIE,Liechtenstein,1989,,,,
LIE,Liechtenstein,1990,,,,
LIE,Liechtenstein,1991,,,,
LIE,Liechtenstein,1992,,,,
LIE,Liechtenstein,1993,,,,
LIE,Liechtenstein,1994,,,,
LIE,Liechtenstein,1995,,,,
LIE,Liechtenstein,1996,,,,
LIE,Liechtenstein,1997,,,,
LIE,Liechtenstein,1998,,,,
LIE,Liechtenstein,1999,,,,
LIE,Liechtenstein,2000,,,,
LIE,Liechtenstein,2001,,,,
LIE,Liechtenstein,2002,,,,
LIE,Liechtenstein,2003,,,,
LIE,Liechtenstein,2004,,,,
LIE,Liechtenstein,2005,,,,
LIE,Liechtenstein,2006,,,,
LIE,Liechtenstein,2007,,,,
LIE,Liechtenstein,2008,,,,
LIE,Liechtenstein,2009,,,,
LIE,Liechtenstein,2010,,,,
LIE,Liechtenstein,2011,,,,
LIE,Liechtenstein,2012,,,,
LIE,Liechtenstein,2013,,,,
LIE,Liechtenstein,2014,,,,
LIE,Liechtenstein,2015,,,,
LIE,Liechtenstein,2016,,,,
LIE,Liechtenstein,2017,,,,
LIE,Liechtenstein,2018,,,,
LIE,Liechtenstein,2019,,,,
LIE,Liechtenstein,2020,,,,
LIE,Liechtenstein,2021,,,,
LIE,Liechtenstein,2022,,,,
LIE,Liechtenstein,2023,,,,
LIE,Liechtenstein,2024,,,,
LIE,Liechtenstein,2025,,,,
LKA,Sri Lanka,1960,,,,
LKA,Sri Lanka,1961,,,,
LKA,Sri Lanka,1962,,,,
LKA,Sri Lanka,1963,,,,
LKA,Sri Lanka,1964,,,,
LKA,Sri Lanka,1965,,,,
LKA,Sri Lanka,1966,,,,
LKA,Sri Lanka,1967,,,,
LKA,Sri Lanka,1968,,,,
LKA,Sri Lanka,1969,,,,
LKA,Sri Lanka,1970,,,,
LKA,Sri Lanka,1971,0.0,0.0,0.0,0.0
LKA,Sri Lanka,1972,0.0,0.0,0.0,0.0
LKA,Sri Lanka,1973,0.0,0.0,0.0,0.0
LKA,Sri Lanka,1974,0.0,0.0,0.0,0.0
LKA,Sri Lanka,1975,0.0,0.0,0.0,0.0
LKA,Sri Lanka,1976,0.0,0.0,0.0,0.0
LKA,Sri Lanka,1977,0.0,0.0,0.0,0.0
LKA,Sri Lanka,1978,0.0,0.0,0.0,0.0
LKA,Sri Lanka,1979,0.0,0.0,0.0,0.0
LKA,Sri Lanka,1980,0.0,0.0,0.0,0.0
LKA,Sri Lanka,1981,0.0,0.0,0.0,0.0
LKA,Sri Lanka,1982,0.0,0.0,0.0,0.0
LKA,Sri Lanka,1983,0.0,0.0,0.0,0.0
LKA,Sri Lanka,1984,0.0,0.0,0.0,0.0
LKA,Sri Lanka,1985,0.0,0.0,0.0,0.0
LKA,Sri Lanka,1986,0.0,0.0,0.0,0.0
LKA,Sri Lanka,1987,0.0,0.0,0.0,0.0
LKA,Sri Lanka,1988,0.0,0.0,0.0,0.0
LKA,Sri Lanka,1989,0.0,0.0,0.0,0.0
LKA,Sri Lanka,1990,0.0,0.0,0.0,0.0
LKA,Sri Lanka,1991,0.0,0.0,0.0,0.0
LKA,Sri Lanka,1992,0.0,0.0,0.0,0.0
LKA,Sri Lanka,1993,0.0,0.0,0.0,0.0
LKA,Sri Lanka,1994,0.0,0.0,0.0,0.0
LKA,Sri Lanka,1995,0.0,0.0,0.0,0.0
LKA,Sri Lanka,1996,0.0,0.0,0.0,0.0
LKA,Sri Lanka,1997,0.0,0.0,0.0,0.0
LKA,Sri Lanka,1998,0.0,0.0,0.0,0.0
LKA,Sri Lanka,1999,0.0,0.0,0.0,0.0
LKA,Sri Lanka,2000,0.0,0.0,0.0,0.0
LKA,Sri Lanka,2001,0.0,0.0,0.0,0.0
LKA,Sri Lanka,2002,0.0,0.0,0.0,0.0
LKA,Sri Lanka,2003,0.0,0.0,0.0,0.0
LKA,Sri Lanka,2004,0.0,0.0,0.0,0.0
LKA,Sri Lanka,2005,0.0,0.0,0.0,0.0
LKA,Sri Lanka,2006,0.0,0.0,0.0,0.0
LKA,Sri Lanka,2007,0.0,0.0,0.0,0.0
LKA,Sri Lanka,2008,0.0,0.0,0.0,0.0
LKA,Sri Lanka,2009,0.0,0.0,0.0,0.0
LKA,Sri Lanka,2010,0.0,0.0,0.0,0.0
LKA,Sri Lanka,2011,0.0,0.0,0.0,0.0
LKA,Sri Lanka,2012,0.0,0.0,0.0,0.0
LKA,Sri Lanka,2013,0.0,0.0,0.0,0.0
LKA,Sri Lanka,2014,0.0,0.0,0.0,0.0
LKA,Sri Lanka,2015,0.0,0.0,0.0,0.0
LKA,Sri Lanka,2016,0.0,0.0,0.0,0.0
LKA,Sri Lanka,2017,0.0,0.0,0.0,0.0
LKA,Sri Lanka,2018,0.0,0.0,0.0,0.0
LKA,Sri Lanka,2019,0.0,0.0,0.0,0.0
LKA,Sri Lanka,2020,0.0,0.0,0.0,0.0
LKA,Sri Lanka,2021,0.0,0.0,0.0,0.0
LKA,Sri Lanka,2022,,,,
LKA,Sri Lanka,2023,,,,
LKA,Sri Lanka,2024,,,,
LKA,Sri Lanka,2025,,,,
LSO,Lesotho,1960,,,,
LSO,Lesotho,1961,,,,
LSO,Lesotho,1962,,,,
LSO,Lesotho,1963,,,,
LSO,Lesotho,1964,,,,
LSO,Lesotho,1965,,,,
LSO,Lesotho,1966,,,,
LSO,Lesotho,1967,,,,
LSO,Lesotho,1968,,,,
LSO,Lesotho,1969,,,,
LSO,Lesotho,1970,,,,
LSO,Lesotho,1971,,,,
LSO,Lesotho,1972,,,,
LSO,Lesotho,1973,,,,
LSO,Lesotho,1974,,,,
LSO,Lesotho,1975,,,,
LSO,Lesotho,1976,,,,
LSO,Lesotho,1977,,,,
LSO,Lesotho,1978,,,,
LSO,Lesotho,1979,,,,
LSO,Lesotho,1980,0.0,0.0,0.0,0.0
LSO,Lesotho,1981,0.0,0.0,0.0,0.0
LSO,Lesotho,1982,0.0,0.0,0.0,0.0
LSO,Lesotho,1983,0.0,0.0,0.0,0.0
LSO,Lesotho,1984,0.0,0.0,0.0,0.0
LSO,Lesotho,1985,0.0,0.0,0.0,0.0
LSO,Lesotho,1986,0.0,0.0,0.0,0.0
LSO,Lesotho,1987,0.0,0.0,0.0,0.0
LSO,Lesotho,1988,0.0,0.0,0.0,0.0
LSO,Lesotho,1989,0.0,0.0,0.0,0.0
LSO,Lesotho,1990,0.0,0.0,0.0,0.0
LSO,Lesotho,1991,0.0,0.0,0.0,0.0
LSO,Lesotho,1992,0.0,0.0,0.0,0.0
LSO,Lesotho,1993,0.0,0.0,0.0,0.0
LSO,Lesotho,1994,0.0,0.0,0.0,0.0
LSO,Lesotho,1995,0.0,0.0,0.0,0.0
LSO,Lesotho,1996,0.0,0.0,0.0,0.0
LSO,Lesotho,1997,0.0,0.0,0.0,0.0
LSO,Lesotho,1998,0.0,0.0,0.0,0.0
LSO,Lesotho,1999,0.0,0.0,0.0,0.0
LSO,Lesotho,2000,0.0,0.0,0.0,0.0
LSO,Lesotho,2001,0.0,0.0,0.0,0.0
LSO,Lesotho,2002,0.0,0.0,0.0,0.0
LSO,Lesotho,2003,0.0,0.0,0.0,0.0
LSO,Lesotho,2004,0.0,0.0,0.0,0.0
LSO,Lesotho,2005,0.0,0.0,0.0,0.0
LSO,Lesotho,2006,0.0,0.0,0.0,0.0
LSO,Lesotho,2007,0.0,0.0,0.0,0.0
LSO,Lesotho,2008,0.0,0.0,0.0,0.0
LSO,Lesotho,2009,0.0,0.0,0.0,0.0
LSO,Lesotho,2010,0.0,0.0,0.0,0.0
LSO,Lesotho,2011,0.0,0.0,0.0,0.0
LSO,Lesotho,2012,0.0,0.0,0.0,0.0
LSO,Lesotho,2013,0.0,0.0,0.0,0.0
LSO,Lesotho,2014,0.0,0.0,0.0,0.0
LSO,Lesotho,2015,0.0,0.0,0.0,0.0
LSO,Lesotho,2016,0.0,0.0,0.0,0.0
LSO,Lesotho,2017,0.0,0.0,0.0,0.0
LSO,Lesotho,2018,0.0,0.0,0.0,0.0
LSO,Lesotho,2019,0.0,0.0,0.0,0.0
LSO,Lesotho,2020,0.0,0.0,0.0,0.0
LSO,Lesotho,2021,0.0,0.0,0.0,0.0
LSO,Lesotho,2022,,,,
LSO,Lesotho,2023,,,,
LSO,Lesotho,2024,,,,
LSO,Lesotho,2025,,,,
LTU,Lithuania,1960,,,,
LTU,Lithuania,1961,,,,
LTU,Lithuania,1962,,,,
LTU,Lithuania,1963,,,,
LTU,Lithuania,1964,,,,
LTU,Lithuania,1965,,,,
LTU,Lithuania,1966,,,,
LTU,Lithuania,1967,,,,
LTU,Lithuania,1968,,,,
LTU,Lithuania,1969,,,,
LTU,Lithuania,1970,,,,
LTU,Lithuania,1971,,,,
LTU,Lithuania,1972,,,,
LTU,Lithuania,1973,,,,
LTU,Lithuania,1974,,,,
LTU,Lithuania,1975,,,,
LTU,Lithuania,1976,,,,
LTU,Lithuania,1977,,,,
LTU,Lithuania,1978,,,,
LTU,Lithuania,1979,,,,
LTU,Lithuania,1980,,,,
LTU,Lithuania,1981,,,,
LTU,Lithuania,1982,,,,
LTU,Lithuania,1983,,,,
LTU,Lithuania,1984,,,,
LTU,Lithuania,1985,,,,
LTU,Lithuania,1986,,,,
LTU,Lithuania,1987,,,,
LTU,Lithuania,1988,,,,
LTU,Lithuania,1989,,,,
LTU,Lithuania,1990,,,,
LTU,Lithuania,1991,,,,
LTU,Lithuania,1992,,,,
LTU,Lithuania,1993,,,,
LTU,Lithuania,1994,,,,
LTU,Lithuania,1995,0.0906223738693195,0.0,0.0,0.0906223738693195
LTU,Lithuania,1996,0.14514393938085,0.0,0.0,0.14514393938085
LTU,Lithuania,1997,0.135194229938002,0.0,0.0,0.135194229938002
LTU,Lithuania,1998,0.049179324033605,0.0,0.0,0.049179324033605
LTU,Lithuania,1999,0.124753394103413,0.0,0.0,0.124753394103413
LTU,Lithuania,2000,0.350374403020056,0.0,0.0,0.350374403020056
LTU,Lithuania,2001,0.356954383456659,0.0,0.0,0.356954383456659
LTU,Lithuania,2002,0.298245654690125,0.0,0.0,0.298245654690125
LTU,Lithuania,2003,0.236285179210918,0.0,0.0,0.236285179210918
LTU,Lithuania,2004,0.213297786959526,0.0,0.0,0.213297786959526
LTU,Lithuania,2005,0.199035520535653,0.0,0.0,0.199035520535653
LTU,Lithuania,2006,0.163827335648741,0.0,0.0,0.163827335648741
LTU,Lithuania,2007,0.111123246183541,0.0,0.0,0.111123246183541
LTU,Lithuania,2008,0.120394867137278,0.0,0.0,0.120394867137278
LTU,Lithuania,2009,0.0715728904991753,0.0,0.0,0.0715728904991753
LTU,Lithuania,2010,0.0803743997861436,0.0,0.0,0.0803743997861436
LTU,Lithuania,2011,0.111619814532788,0.0,0.0,0.111619814532788
LTU,Lithuania,2012,0.0974715128859943,0.0,0.0,0.0974715128859943
LTU,Lithuania,2013,0.0739349105055915,0.0,0.0,0.0739349105055915
LTU,Lithuania,2014,0.0624235150052519,0.0,0.0,0.0624235150052519
LTU,Lithuania,2015,0.028369813462494,0.0,0.0,0.028369813462494
LTU,Lithuania,2016,0.0181352318557627,0.0,0.0,0.0181352318557627
LTU,Lithuania,2017,0.0227232483962868,0.0,0.0,0.0227232483962868
LTU,Lithuania,2018,0.0267898297704848,0.0,0.0,0.0267898297704848
LTU,Lithuania,2019,0.0168744393867326,0.0,0.0,0.0168744393867326
LTU,Lithuania,2020,0.00844361118604,0.0,0.0,0.00844361118604
LTU,Lithuania,2021,0.015948543146471,0.0,0.0,0.015948543146471
LTU,Lithuania,2022,,,,
LTU,Lithuania,2023,,,,
LTU,Lithuania,2024,,,,
LTU,Lithuania,2025,,,,
LUX,Luxembourg,1960,,,,
LUX,Luxembourg,1961,,,,
LUX,Luxembourg,1962,,,,
LUX,Luxembourg,1963,,,,
LUX,Luxembourg,1964,,,,
LUX,Luxembourg,1965,,,,
LUX,Luxembourg,1966,,,,
LUX,Luxembourg,1967,,,,
LUX,Luxembourg,1968,,,,
LUX,Luxembourg,1969,,,,
LUX,Luxembourg,1970,,0.0,0.0,0.0
LUX,Luxembourg,1971,0.0,0.0,0.0,0.0
LUX,Luxembourg,1972,0.0,0.0,0.0,0.0
LUX,Luxembourg,1973,0.0,0.0,0.0,0.0
LUX,Luxembourg,1974,0.0,0.0,0.0,0.0
LUX,Luxembourg,1975,0.0,0.0,0.0,0.0
LUX,Luxembourg,1976,0.0,0.0,0.0,0.0
LUX,Luxembourg,1977,0.0,0.0,0.0,0.0
LUX,Luxembourg,1978,0.0,0.0,0.0,0.0
LUX,Luxembourg,1979,0.0,0.0,0.0,0.0
LUX,Luxembourg,1980,0.0,0.0,0.0,0.0
LUX,Luxembourg,1981,0.0,0.0,0.0,0.0
LUX,Luxembourg,1982,0.0,0.0,0.0,0.0
LUX,Luxembourg,1983,0.0,0.0,0.0,0.0
LUX,Luxembourg,1984,0.0,0.0,0.0,0.0
LUX,Luxembourg,1985,0.0,0.0,0.0,0.0
LUX,Luxembourg,1986,0.0,0.0,0.0,0.0
LUX,Luxembourg,1987,0.0,0.0,0.0,0.0
LUX,Luxembourg,1988,0.0,0.0,0.0,0.0
LUX,Luxembourg,1989,0.0,0.0,0.0,0.0
LUX,Luxembourg,1990,0.0,0.0,0.0,0.0
LUX,Luxembourg,1991,0.0,0.0,0.0,0.0
LUX,Luxembourg,1992,0.0,0.0,0.0,0.0
LUX,Luxembourg,1993,0.0,0.0,0.0,0.0
LUX,Luxembourg,1994,0.0,0.0,0.0,0.0
LUX,Luxembourg,1995,0.0,0.0,0.0,0.0
LUX,Luxembourg,1996,0.0,0.0,0.0,0.0
LUX,Luxembourg,1997,0.0,0.0,0.0,0.0
LUX,Luxembourg,1998,0.0,0.0,0.0,0.0
LUX,Luxembourg,1999,0.0,0.0,0.0,0.0
LUX,Luxembourg,2000,0.0,0.0,0.0,0.0
LUX,Luxembourg,2001,0.0,0.0,0.0,0.0
LUX,Luxembourg,2002,0.0,0.0,0.0,0.0
LUX,Luxembourg,2003,0.0,0.0,0.0,0.0
LUX,Luxembourg,2004,0.0,0.0,0.0,0.0
LUX,Luxembourg,2005,0.0,0.0,0.0,0.0
LUX,Luxembourg,2006,0.0,0.0,0.0,0.0
LUX,Luxembourg,2007,0.0,0.0,0.0,0.0
LUX,Luxembourg,2008,0.0,0.0,0.0,0.0
LUX,Luxembourg,2009,0.0,0.0,0.0,0.0
LUX,Luxembourg,2010,0.0,0.0,0.0,0.0
LUX,Luxembourg,2011,0.0,0.0,0.0,0.0
LUX,Luxembourg,2012,0.0,0.0,0.0,0.0
LUX,Luxembourg,2013,0.0,0.0,0.0,0.0
LUX,Luxembourg,2014,0.0,0.0,0.0,0.0
LUX,Luxembourg,2015,0.0,0.0,0.0,0.0
LUX,Luxembourg,2016,0.0,0.0,0.0,0.0
LUX,Luxembourg,2017,0.0,0.0,0.0,0.0
LUX,Luxembourg,2018,0.0,0.0,0.0,0.0
LUX,Luxembourg,2019,0.0,0.0,0.0,0.0
LUX,Luxembourg,2020,0.0,0.0,0.0,0.0
LUX,Luxembourg,2021,0.0,0.0,0.0,0.0
LUX,Luxembourg,2022,,,,
LUX,Luxembourg,2023,,,,
LUX,Luxembourg,2024,,,,
LUX,Luxembourg,2025,,,,
LVA,Latvia,1960,,,,
LVA,Latvia,1961,,,,
LVA,Latvia,1962,,,,
LVA,Latvia,1963,,,,
LVA,Latvia,1964,,,,
LVA,Latvia,1965,,,,
LVA,Latvia,1966,,,,
LVA,Latvia,1967,,,,
LVA,Latvia,1968,,,,
LVA,Latvia,1969,,,,
LVA,Latvia,1970,,,,
LVA,Latvia,1971,,,,
LVA,Latvia,1972,,,,
LVA,Latvia,1973,,,,
LVA,Latvia,1974,,,,
LVA,Latvia,1975,,,,
LVA,Latvia,1976,,,,
LVA,Latvia,1977,,,,
LVA,Latvia,1978,,,,
LVA,Latvia,1979,,,,
LVA,Latvia,1980,,,,
LVA,Latvia,1981,,,,
LVA,Latvia,1982,,,,
LVA,Latvia,1983,,,,
LVA,Latvia,1984,,,,
LVA,Latvia,1985,,,,
LVA,Latvia,1986,,,,
LVA,Latvia,1987,,,,
LVA,Latvia,1988,,,,
LVA,Latvia,1989,,,,
LVA,Latvia,1990,,,,
LVA,Latvia,1991,,,,
LVA,Latvia,1992,,,,
LVA,Latvia,1993,,,,
LVA,Latvia,1994,,,,
LVA,Latvia,1995,0.0,0.0,0.0,0.0
LVA,Latvia,1996,0.0,0.0,0.0,0.0
LVA,Latvia,1997,0.0,0.0,0.0,0.0
LVA,Latvia,1998,0.0,0.0,0.0,0.0
LVA,Latvia,1999,0.0,0.0,0.0,0.0
LVA,Latvia,2000,0.0,0.0,0.0,0.0
LVA,Latvia,2001,0.0,0.0,0.0,0.0
LVA,Latvia,2002,0.0,0.0,0.0,0.0
LVA,Latvia,2003,0.0,0.0,0.0,0.0
LVA,Latvia,2004,0.0103677175607095,0.0,0.0,0.0103677175607095
LVA,Latvia,2005,0.0195425675565115,0.0,0.0,0.0195425675565115
LVA,Latvia,2006,0.0177881524248426,0.0,0.0,0.0177881524248426
LVA,Latvia,2007,0.0227668765867207,0.0,0.0,0.0227668765867207
LVA,Latvia,2008,0.0525767547664309,0.0,0.0,0.0525767547664309
LVA,Latvia,2009,0.0511686185788562,0.0,0.0,0.0511686185788562
LVA,Latvia,2010,0.0638161948318141,0.0,0.0,0.0638161948318141
LVA,Latvia,2011,0.0951786230834513,0.0,0.0,0.0951786230834513
LVA,Latvia,2012,0.137675372248078,0.0,0.0,0.137675372248078
LVA,Latvia,2013,0.0896165354483561,0.0,0.0,0.0896165354483561
LVA,Latvia,2014,0.0891082785579314,0.0,0.0,0.0891082785579314
LVA,Latvia,2015,0.0345824404298269,0.0,0.0,0.0345824404298269
LVA,Latvia,2016,0.0190916739437906,0.0,0.0,0.0190916739437906
LVA,Latvia,2017,0.036360085832959,0.0,0.0,0.036360085832959
LVA,Latvia,2018,0.0795369079908762,0.0,0.0,0.0795369079908762
LVA,Latvia,2019,0.0593681954347841,0.0,0.0,0.0593681954347841
LVA,Latvia,2020,0.0314235592999339,0.0,0.0,0.0314235592999339
LVA,Latvia,2021,0.0653994018600052,0.0,0.0,0.0653994018600052
LVA,Latvia,2022,,,,
LVA,Latvia,2023,,,,
LVA,Latvia,2024,,,,
LVA,Latvia,2025,,,,
MAC,"Macao SAR, China",1960,,,,
MAC,"Macao SAR, China",1961,,,,
MAC,"Macao SAR, China",1962,,,,
MAC,"Macao SAR, China",1963,,,,
MAC,"Macao SAR, China",1964,,,,
MAC,"Macao SAR, China",1965,,,,
MAC,"Macao SAR, China",1966,,,,
MAC,"Macao SAR, China",1967,,,,
MAC,"Macao SAR, China",1968,,,,
MAC,"Macao SAR, China",1969,,,,
MAC,"Macao SAR, China",1970,,,,
MAC,"Macao SAR, China",1971,,,,
MAC,"Macao SAR, China",1972,,,,
MAC,"Macao SAR, China",1973,,,,
MAC,"Macao SAR, China",1974,,,,
MAC,"Macao SAR, China",1975,,,,
MAC,"Macao SAR, China",1976,,,,
MAC,"Macao SAR, China",1977,,,,
MAC,"Macao SAR, China",1978,,,,
MAC,"Macao SAR, China",1979,,,,
MAC,"Macao SAR, China",1980,,,,
MAC,"Macao SAR, China",1981,,,,
MAC,"Macao SAR, China",1982,0.0,0.0,0.0,0.0
MAC,"Macao SAR, China",1983,0.0,0.0,0.0,0.0
MAC,"Macao SAR, China",1984,0.0,0.0,0.0,0.0
MAC,"Macao SAR, China",1985,0.0,0.0,0.0,0.0
MAC,"Macao SAR, China",1986,0.0,0.0,0.0,0.0
MAC,"Macao SAR, China",1987,0.0,0.0,0.0,0.0
MAC,"Macao SAR, China",1988,0.0,0.0,0.0,0.0
MAC,"Macao SAR, China",1989,0.0,0.0,0.0,0.0
MAC,"Macao SAR, China",1990,0.0,0.0,0.0,0.0
MAC,"Macao SAR, China",1991,0.0,0.0,0.0,0.0
MAC,"Macao SAR, China",1992,0.0,0.0,0.0,0.0
MAC,"Macao SAR, China",1993,0.0,0.0,0.0,0.0
MAC,"Macao SAR, China",1994,0.0,0.0,0.0,0.0
MAC,"Macao SAR, China",1995,0.0,0.0,0.0,0.0
MAC,"Macao SAR, China",1996,0.0,0.0,0.0,0.0
MAC,"Macao SAR, China",1997,0.0,0.0,0.0,0.0
MAC,"Macao SAR, China",1998,0.0,0.0,0.0,0.0
MAC,"Macao SAR, China",1999,0.0,0.0,0.0,0.0
MAC,"Macao SAR, China",2000,0.0,0.0,0.0,0.0
MAC,"Macao SAR, China",2001,0.0,0.0,0.0,0.0
MAC,"Macao SAR, China",2002,0.0,0.0,0.0,0.0
MAC,"Macao SAR, China",2003,0.0,0.0,0.0,0.0
MAC,"Macao SAR, China",2004,0.0,0.0,0.0,0.0
MAC,"Macao SAR, China",2005,0.0,0.0,0.0,0.0
MAC,"Macao SAR, China",2006,0.0,0.0,0.0,0.0
MAC,"Macao SAR, China",2007,0.0,0.0,0.0,0.0
MAC,"Macao SAR, China",2008,0.0,0.0,0.0,0.0
MAC,"Macao SAR, China",2009,0.0,0.0,0.0,0.0
MAC,"Macao SAR, China",2010,0.0,0.0,0.0,0.0
MAC,"Macao SAR, China",2011,0.0,0.0,0.0,0.0
MAC,"Macao SAR, China",2012,0.0,0.0,0.0,0.0
MAC,"Macao SAR, China",2013,0.0,0.0,0.0,0.0
MAC,"Macao SAR, China",2014,0.0,0.0,0.0,0.0
MAC,"Macao SAR, China",2015,0.0,0.0,0.0,0.0
MAC,"Macao SAR, China",2016,0.0,0.0,0.0,0.0
MAC,"Macao SAR, China",2017,0.0,0.0,0.0,0.0
MAC,"Macao SAR, China",2018,0.0,0.0,0.0,0.0
MAC,"Macao SAR, China",2019,0.0,0.0,0.0,0.0
MAC,"Macao SAR, China",2020,0.0,0.0,0.0,0.0
MAC,"Macao SAR, China",2021,0.0,0.0,0.0,0.0
MAC,"Macao SAR, China",2022,,,,
MAC,"Macao SAR, China",2023,,,,
MAC,"Macao SAR, China",2024,,,,
MAC,"Macao SAR, China",2025,,,,
MAF,St. Martin (French part),1960,,,,
MAF,St. Martin (French part),1961,,,,
MAF,St. Martin (French part),1962,,,,
MAF,St. Martin (French part),1963,,,,
MAF,St. Martin (French part),1964,,,,
MAF,St. Martin (French part),1965,,,,
MAF,St. Martin (French part),1966,,,,
MAF,St. Martin (French part),1967,,,,
MAF,St. Martin (French part),1968,,,,
MAF,St. Martin (French part),1969,,,,
MAF,St. Martin (French part),1970,,,,
MAF,St. Martin (French part),1971,,,,
MAF,St. Martin (French part),1972,,,,
MAF,St. Martin (French part),1973,,,,
MAF,St. Martin (French part),1974,,,,
MAF,St. Martin (French part),1975,,,,
MAF,St. Martin (French part),1976,,,,
MAF,St. Martin (French part),1977,,,,
MAF,St. Martin (French part),1978,,,,
MAF,St. Martin (French part),1979,,,,
MAF,St. Martin (French part),1980,,,,
MAF,St. Martin (French part),1981,,,,
MAF,St. Martin (French part),1982,,,,
MAF,St. Martin (French part),1983,,,,
MAF,St. Martin (French part),1984,,,,
MAF,St. Martin (French part),1985,,,,
MAF,St. Martin (French part),1986,,,,
MAF,St. Martin (French part),1987,,,,
MAF,St. Martin (French part),1988,,,,
MAF,St. Martin (French part),1989,,,,
MAF,St. Martin (French part),1990,,,,
MAF,St. Martin (French part),1991,,,,
MAF,St. Martin (French part),1992,,,,
MAF,St. Martin (French part),1993,,,,
MAF,St. Martin (French part),1994,,,,
MAF,St. Martin (French part),1995,,,,
MAF,St. Martin (French part),1996,,,,
MAF,St. Martin (French part),1997,,,,
MAF,St. Martin (French part),1998,,,,
MAF,St. Martin (French part),1999,,,,
MAF,St. Martin (French part),2000,,,,
MAF,St. Martin (French part),2001,,,,
MAF,St. Martin (French part),2002,,,,
MAF,St. Martin (French part),2003,,,,
MAF,St. Martin (French part),2004,,,,
MAF,St. Martin (French part),2005,,,,
MAF,St. Martin (French part),2006,,,,
MAF,St. Martin (French part),2007,,,,
MAF,St. Martin (French part),2008,,,,
MAF,St. Martin (French part),2009,,,,
MAF,St. Martin (French part),2010,,,,
MAF,St. Martin (French part),2011,,,,
MAF,St. Martin (French part),2012,,,,
MAF,St. Martin (French part),2013,,,,
MAF,St. Martin (French part),2014,,,,
MAF,St. Martin (French part),2015,,,,
MAF,St. Martin (French part),2016,,,,
MAF,St. Martin (French part),2017,,,,
MAF,St. Martin (French part),2018,,,,
MAF,St. Martin (French part),2019,,,,
MAF,St. Martin (French part),2020,,,,
MAF,St. Martin (French part),2021,,,,
MAF,St. Martin (French part),2022,,,,
MAF,St. Martin (French part),2023,,,,
MAF,St. Martin (French part),2024,,,,
MAF,St. Martin (French part),2025,,,,
MAR,Morocco,1960,,,,
MAR,Morocco,1961,,,,
MAR,Morocco,1962,,,,
MAR,Morocco,1963,,,,
MAR,Morocco,1964,,,,
MAR,Morocco,1965,,,,
MAR,Morocco,1966,,,,
MAR,Morocco,1967,,,,
MAR,Morocco,1968,,,,
MAR,Morocco,1969,,,,
MAR,Morocco,1970,,,,
MAR,Morocco,1971,0.0049010437746121,0.0041704327790617,0.0077166843303083,0.0167881608839821
MAR,Morocco,1972,0.006522746480692,0.0058078119501216,0.008527517795746,0.0208580762265596
MAR,Morocco,1973,0.0119585823329776,0.0085551506375162,0.0087594917177463,0.029273224688240097
MAR,Morocco,1974,0.0245284171591146,0.0286587595248518,0.0087294419251814,0.0619166186091478
MAR,Morocco,1975,0.0166013280568583,0.0850926503487122,0.0126956610602682,0.11438963946583872
MAR,Morocco,1976,0.0076275246932294,0.0868776850259206,0.0134592627278407,0.1079644724469907
MAR,Morocco,1977,0.0174803585788549,0.0780202056685723,0.0155671723540861,0.1110677366015133
MAR,Morocco,1978,0.0162686827564633,0.0556154818215503,0.0141901535487706,0.0860743181267842
MAR,Morocco,1979,0.0249454081248798,0.0445948420829154,0.0172749520505173,0.08681520225831249
MAR,Morocco,1980,0.0154413073181381,0.0522300176734273,0.010332351179635,0.0780036761712004
MAR,Morocco,1981,0.0228064561957411,0.104688254494557,0.0139193628379737,0.14141407352827182
MAR,Morocco,1982,0.0157889098114505,0.11630054432725,0.00499670138987,0.13708615552857048
MAR,Morocco,1983,0.0181573174779498,0.0671766917524382,0.0174130758156611,0.1027470850460491
MAR,Morocco,1984,0.018335367630548,0.0574644756626751,0.0170260184672975,0.0928258617605206
MAR,Morocco,1985,0.0243830497123277,0.0645846092132688,0.0183396494961845,0.107307308421781
MAR,Morocco,1986,0.0101580392209008,0.0277749335226695,0.0146263683811256,0.0525593411246959
MAR,Morocco,1987,0.0093589432183166,0.0056694497066767,0.009345027396584,0.0243734203215773
MAR,Morocco,1988,0.0073448661446723,0.0109794060579752,0.0082529784687435,0.026577250671391
MAR,Morocco,1989,0.0065689680921739,0.0132187455389548,0.0058231278056546,0.0256108414367833
MAR,Morocco,1990,0.0086331793463765,0.0147190427436801,0.0052312432317278,0.0285834653217844
MAR,Morocco,1991,0.0038956474413304,0.0136058154924828,0.0029961723037282,0.0204976352375414
MAR,Morocco,1992,0.0035802606735623,0.0100377627250247,0.0018043959378006,0.0154224193363876
MAR,Morocco,1993,0.0032934305261153,0.0015735577439462,0.0019648496993342,0.0068318379693957
MAR,Morocco,1994,0.0021216430136692,0.0017669683766788,0.0017956976477896,0.0056843090381376
MAR,Morocco,1995,0.0013097799250287,0.0118332933823331,0.0011164140323233,0.014259487339685099
MAR,Morocco,1996,0.0014831045779326,0.0055139620331479,0.001401032287021,0.0083980988981015
MAR,Morocco,1997,0.0035620276937522,0.0021483256713591,0.0030305858108503,0.008740939175961599
MAR,Morocco,1998,0.002083701780773,0.0017308649100537,0.0028931574734707,0.0067077241642974
MAR,Morocco,1999,0.0029532185556764,1.97664646532024e-07,0.0032151814881882,0.006168597708511132
MAR,Morocco,2000,0.0063127252230029,0.0003307922705912,0.0050560166845148,0.0116995341781089
MAR,Morocco,2001,0.0038967899367192,5.52658321011586e-05,0.0055266780553381,0.009478733824158458
MAR,Morocco,2002,0.0048209432798179,0.0,0.0042865136108573,0.0091074568906752
MAR,Morocco,2003,0.0035183313822751,0.0,0.0032357584255989,0.006754089807874
MAR,Morocco,2004,0.0044767617318117,0.0011301845524821,0.0043936738960555,0.0100006201803493
MAR,Morocco,2005,0.0040207024300055,0.0003936749082704,0.0035771807255954,0.0079915580638713
MAR,Morocco,2006,0.0062368292429596,0.000128482825881,0.0053887074909822,0.0117540195598228
MAR,Morocco,2007,0.0064888645629307,0.0,0.0052266946835513,0.011715559246482
MAR,Morocco,2008,0.0061644205483407,0.0,0.0038488289449543,0.010013249493295
MAR,Morocco,2009,0.0032583737265042,0.0,0.0032704552967643,0.0065288290232685
MAR,Morocco,2010,0.0054687744644496,0.0,0.0036884916252408,0.0091572660896904
MAR,Morocco,2011,0.0072686592110911,0.0,0.004871764340395,0.0121404235514861
MAR,Morocco,2012,0.0052845250346448,0.0,0.0069040956027098,0.0121886206373546
MAR,Morocco,2013,0.0053581787411086,0.0,0.0079480430667575,0.0133062218078661
MAR,Morocco,2014,0.0027200756134493,0.0,0.0068782887047693,0.009598364318218599
MAR,Morocco,2015,0.0014273089885363,0.0,0.004323679359373,0.0057509883479093
MAR,Morocco,2016,0.0011328109364847,0.0,0.0029547204521819,0.0040875313886666
MAR,Morocco,2017,0.0013107837217798,0.0,0.0034050283994862,0.004715812121266
MAR,Morocco,2018,0.0017548694429699,0.0,0.0053992427269532,0.0071541121699231006
MAR,Morocco,2019,0.0013723705365759,0.0,0.0058722525176935,0.0072446230542694
MAR,Morocco,2020,0.0008395727088705,0.0,0.0063192977519929,0.0071588704608634
MAR,Morocco,2021,0.0010111851115324,0.0,0.0092134659068733,0.010224651018405698
MAR,Morocco,2022,,,,
MAR,Morocco,2023,,,,
MAR,Morocco,2024,,,,
MAR,Morocco,2025,,,,
MCO,Monaco,1960,,,,
MCO,Monaco,1961,,,,
MCO,Monaco,1962,,,,
MCO,Monaco,1963,,,,
MCO,Monaco,1964,,,,
MCO,Monaco,1965,,,,
MCO,Monaco,1966,,,,
MCO,Monaco,1967,,,,
MCO,Monaco,1968,,,,
MCO,Monaco,1969,,,,
MCO,Monaco,1970,,,,
MCO,Monaco,1971,,,,
MCO,Monaco,1972,,,,
MCO,Monaco,1973,,,,
MCO,Monaco,1974,,,,
MCO,Monaco,1975,,,,
MCO,Monaco,1976,,,,
MCO,Monaco,1977,,,,
MCO,Monaco,1978,,,,
MCO,Monaco,1979,,,,
MCO,Monaco,1980,,,,
MCO,Monaco,1981,,,,
MCO,Monaco,1982,,,,
MCO,Monaco,1983,,,,
MCO,Monaco,1984,,,,
MCO,Monaco,1985,,,,
MCO,Monaco,1986,,,,
MCO,Monaco,1987,,,,
MCO,Monaco,1988,,,,
MCO,Monaco,1989,,,,
MCO,Monaco,1990,,,,
MCO,Monaco,1991,,,,
MCO,Monaco,1992,,,,
MCO,Monaco,1993,,,,
MCO,Monaco,1994,,,,
MCO,Monaco,1995,,,,
MCO,Monaco,1996,,,,
MCO,Monaco,1997,,,,
MCO,Monaco,1998,,,,
MCO,Monaco,1999,,,,
MCO,Monaco,2000,,,,
MCO,Monaco,2001,,,,
MCO,Monaco,2002,,,,
MCO,Monaco,2003,,,,
MCO,Monaco,2004,,,,
MCO,Monaco,2005,,,,
MCO,Monaco,2006,,,,
MCO,Monaco,2007,,,,
MCO,Monaco,2008,,,,
MCO,Monaco,2009,,,,
MCO,Monaco,2010,,,,
MCO,Monaco,2011,,,,
MCO,Monaco,2012,,,,
MCO,Monaco,2013,,,,
MCO,Monaco,2014,,,,
MCO,Monaco,2015,,,,
MCO,Monaco,2016,,,,
MCO,Monaco,2017,,,,
MCO,Monaco,2018,,,,
MCO,Monaco,2019,,,,
MCO,Monaco,2020,,,,
MCO,Monaco,2021,,,,
MCO,Monaco,2022,,,,
MCO,Monaco,2023,,,,
MCO,Monaco,2024,,,,
MCO,Monaco,2025,,,,
MDA,Moldova,1960,,,,
MDA,Moldova,1961,,,,
MDA,Moldova,1962,,,,
MDA,Moldova,1963,,,,
MDA,Moldova,1964,,,,
MDA,Moldova,1965,,,,
MDA,Moldova,1966,,,,
MDA,Moldova,1967,,,,
MDA,Moldova,1968,,,,
MDA,Moldova,1969,,,,
MDA,Moldova,1970,,,,
MDA,Moldova,1971,,,,
MDA,Moldova,1972,,,,
MDA,Moldova,1973,,,,
MDA,Moldova,1974,,,,
MDA,Moldova,1975,,,,
MDA,Moldova,1976,,,,
MDA,Moldova,1977,,,,
MDA,Moldova,1978,,,,
MDA,Moldova,1979,,,,
MDA,Moldova,1980,,,,
MDA,Moldova,1981,,,,
MDA,Moldova,1982,,,,
MDA,Moldova,1983,,,,
MDA,Moldova,1984,,,,
MDA,Moldova,1985,,,,
MDA,Moldova,1986,,,,
MDA,Moldova,1987,,,,
MDA,Moldova,1988,,,,
MDA,Moldova,1989,,,,
MDA,Moldova,1990,,,,
MDA,Moldova,1991,,,,
MDA,Moldova,1992,,,,
MDA,Moldova,1993,,,,
MDA,Moldova,1994,,,,
MDA,Moldova,1995,0.0198602406699322,0.0,0.0003165261569638,0.020176766826896002
MDA,Moldova,1996,0.027368035018493,0.0,0.0002947696897362,0.0276628047082292
MDA,Moldova,1997,0.0178195291815185,0.0,0.000239481600331,0.0180590107818495
MDA,Moldova,1998,0.0059528029594244,0.0,3.55152502530395e-05,0.00598831820967744
MDA,Moldova,1999,0.0245114225787651,0.0,4.61158902682422e-05,0.024557538469033344
MDA,Moldova,2000,0.0462293945531825,0.0,0.0002857256496041,0.0465151202027866
MDA,Moldova,2001,0.027932952617252,0.0,0.0004811674675497,0.0284141200848017
MDA,Moldova,2002,0.0246158649690204,0.0,0.0003239459907299,0.0249398109597503
MDA,Moldova,2003,0.0230683030184434,0.0,0.0002371053293359,0.0233054083477793
MDA,Moldova,2004,0.0224885889043192,0.0,0.0002796901835753,0.0227682790878945
MDA,Moldova,2005,0.0375729585706165,0.0,0.0002070225890086,0.0377799811596251
MDA,Moldova,2006,0.0298150598802193,0.0,0.0954620566988178,0.1252771165790371
MDA,Moldova,2007,0.0519331771812052,0.0,0.0001620720015259,0.0520952491827311
MDA,Moldova,2008,0.104253032464958,0.0,0.0002670870568661,0.10452011952182409
MDA,Moldova,2009,0.0709039203172028,0.0,0.000335684408541,0.0712396047257438
MDA,Moldova,2010,0.0410121464400827,0.0,8.82226050062812e-05,0.04110036904508898
MDA,Moldova,2011,0.0658151040070292,0.0,7.48602823163864e-05,0.06588996428934558
MDA,Moldova,2012,0.0520121651564088,0.0,0.0001514490046966,0.052163614161105404
MDA,Moldova,2013,0.0398922117138423,0.0,0.0001363163417314,0.0400285280555737
MDA,Moldova,2014,0.0299660461211061,0.0,7.29195979032618e-05,0.030038965719009363
MDA,Moldova,2015,0.0136446165022722,0.0,6.62200174007279e-05,0.013710836519672927
MDA,Moldova,2016,0.0086219649039266,0.0,5.04397625609019e-05,0.008672404666487502
MDA,Moldova,2017,0.0092364999527787,0.0,5.84473503480182e-05,0.009294947303126718
MDA,Moldova,2018,0.0127635798638785,0.0,7.31336242755443e-05,0.012836713488154045
MDA,Moldova,2019,0.0102511321031361,0.0,3.54706880923648e-05,0.010286602791228465
MDA,Moldova,2020,0.0061908936452655,0.0,1.97113564430777e-06,0.006192864780909808
MDA,Moldova,2021,0.0117069637364196,0.0,6.08786635979016e-05,0.0117678424000175
MDA,Moldova,2022,,,,
MDA,Moldova,2023,,,,
MDA,Moldova,2024,,,,
MDA,Moldova,2025,,,,
MDG,Madagascar,1960,,,,
MDG,Madagascar,1961,,,,
MDG,Madagascar,1962,,,,
MDG,Madagascar,1963,,,,
MDG,Madagascar,1964,,,,
MDG,Madagascar,1965,,,,
MDG,Madagascar,1966,,,,
MDG,Madagascar,1967,,,,
MDG,Madagascar,1968,,,,
MDG,Madagascar,1969,,,,
MDG,Madagascar,1970,,,,
MDG,Madagascar,1971,,,,
MDG,Madagascar,1972,,,,
MDG,Madagascar,1973,,,,
MDG,Madagascar,1974,,,,
MDG,Madagascar,1975,,,,
MDG,Madagascar,1976,,,,
MDG,Madagascar,1977,,,,
MDG,Madagascar,1978,,,,
MDG,Madagascar,1979,,,,
MDG,Madagascar,1980,0.0,0.0,0.0,0.0
MDG,Madagascar,1981,0.0,0.0,0.0,0.0
MDG,Madagascar,1982,0.0,0.0,0.0,0.0
MDG,Madagascar,1983,0.0,0.0,0.0,0.0
MDG,Madagascar,1984,0.0,0.0,0.0,0.0
MDG,Madagascar,1985,0.0,0.0,0.0,0.0
MDG,Madagascar,1986,0.0,0.0,0.0,0.0
MDG,Madagascar,1987,0.0,0.0,0.0,0.0
MDG,Madagascar,1988,0.0,0.0,0.0,0.0
MDG,Madagascar,1989,0.0,0.0,0.0,0.0
MDG,Madagascar,1990,0.0,0.0,0.0,0.0
MDG,Madagascar,1991,0.0,0.0,0.0,0.0
MDG,Madagascar,1992,0.0,0.0,0.0,0.0
MDG,Madagascar,1993,0.0,0.0,0.0,0.0
MDG,Madagascar,1994,0.0,0.0,0.0,0.0
MDG,Madagascar,1995,0.0,0.0,0.0,0.0
MDG,Madagascar,1996,0.0,0.0,0.0,0.0
MDG,Madagascar,1997,0.0,0.0,0.0,0.0
MDG,Madagascar,1998,0.0,0.0,0.0,0.0
MDG,Madagascar,1999,0.0,0.0,0.0,0.0
MDG,Madagascar,2000,0.0,0.0,0.0,0.0
MDG,Madagascar,2001,0.0,0.0,0.0,0.0
MDG,Madagascar,2002,0.0,0.0,0.0,0.0
MDG,Madagascar,2003,0.0,0.0,0.0,0.0
MDG,Madagascar,2004,0.0,0.0,0.0,0.0
MDG,Madagascar,2005,0.0,0.0,0.0,0.0
MDG,Madagascar,2006,0.0,0.0,0.0,0.0
MDG,Madagascar,2007,0.0,0.0,0.0,0.0
MDG,Madagascar,2008,0.0,0.0,0.0,0.0
MDG,Madagascar,2009,0.0,0.0,0.0,0.0
MDG,Madagascar,2010,0.0,0.0,0.0,0.0
MDG,Madagascar,2011,0.0,0.0003222605506557,0.0,0.0003222605506557
MDG,Madagascar,2012,0.0,0.0004193423458683,0.0,0.0004193423458683
MDG,Madagascar,2013,0.0,0.0005038070614286,0.0,0.0005038070614286
MDG,Madagascar,2014,0.0862831212415832,0.0004282596056678,0.0,0.086711380847251
MDG,Madagascar,2015,0.065733337532039,0.0001639622995895,0.0,0.0658972998316285
MDG,Madagascar,2016,0.058311086080069,0.0001315853296855,0.0,0.058442671409754496
MDG,Madagascar,2017,0.0955254362506415,7.3058283026749e-06,0.0,0.09553274207894417
MDG,Madagascar,2018,0.129091659780245,0.0,0.0,0.129091659780245
MDG,Madagascar,2019,0.0932709055863001,0.0,0.0,0.0932709055863001
MDG,Madagascar,2020,0.0494868182948729,0.0,0.0,0.0494868182948729
MDG,Madagascar,2021,0.0838298700394072,0.0,0.0,0.0838298700394072
MDG,Madagascar,2022,,,,
MDG,Madagascar,2023,,,,
MDG,Madagascar,2024,,,,
MDG,Madagascar,2025,,,,
MDV,Maldives,1960,,,,
MDV,Maldives,1961,,,,
MDV,Maldives,1962,,,,
MDV,Maldives,1963,,,,
MDV,Maldives,1964,,,,
MDV,Maldives,1965,,,,
MDV,Maldives,1966,,,,
MDV,Maldives,1967,,,,
MDV,Maldives,1968,,,,
MDV,Maldives,1969,,,,
MDV,Maldives,1970,,,,
MDV,Maldives,1971,,,,
MDV,Maldives,1972,,,,
MDV,Maldives,1973,,,,
MDV,Maldives,1974,,,,
MDV,Maldives,1975,,,,
MDV,Maldives,1976,,,,
MDV,Maldives,1977,,,,
MDV,Maldives,1978,,,,
MDV,Maldives,1979,,,,
MDV,Maldives,1980,0.0,0.0,0.0,0.0
MDV,Maldives,1981,0.0,0.0,0.0,0.0
MDV,Maldives,1982,0.0,0.0,0.0,0.0
MDV,Maldives,1983,0.0,0.0,0.0,0.0
MDV,Maldives,1984,0.0,0.0,0.0,0.0
MDV,Maldives,1985,0.0,0.0,0.0,0.0
MDV,Maldives,1986,0.0,0.0,0.0,0.0
MDV,Maldives,1987,0.0,0.0,0.0,0.0
MDV,Maldives,1988,0.0,0.0,0.0,0.0
MDV,Maldives,1989,0.0,0.0,0.0,0.0
MDV,Maldives,1990,0.0,0.0,0.0,0.0
MDV,Maldives,1991,0.0,0.0,0.0,0.0
MDV,Maldives,1992,0.0,0.0,0.0,0.0
MDV,Maldives,1993,0.0,0.0,0.0,0.0
MDV,Maldives,1994,0.0,0.0,0.0,0.0
MDV,Maldives,1995,0.0,0.0,0.0,0.0
MDV,Maldives,1996,0.0,0.0,0.0,0.0
MDV,Maldives,1997,0.0,0.0,0.0,0.0
MDV,Maldives,1998,0.0,0.0,0.0,0.0
MDV,Maldives,1999,0.0,0.0,0.0,0.0
MDV,Maldives,2000,0.0,0.0,0.0,0.0
MDV,Maldives,2001,0.0,0.0,0.0,0.0
MDV,Maldives,2002,0.0,0.0,0.0,0.0
MDV,Maldives,2003,0.0,0.0,0.0,0.0
MDV,Maldives,2004,0.0,0.0,0.0,0.0
MDV,Maldives,2005,0.0,0.0,0.0,0.0
MDV,Maldives,2006,0.0,0.0,0.0,0.0
MDV,Maldives,2007,0.0,0.0,0.0,0.0
MDV,Maldives,2008,0.0,0.0,0.0,0.0
MDV,Maldives,2009,0.0,0.0,0.0,0.0
MDV,Maldives,2010,0.0,0.0,0.0,0.0
MDV,Maldives,2011,0.0,0.0,0.0,0.0
MDV,Maldives,2012,0.0,0.0,0.0,0.0
MDV,Maldives,2013,0.0,0.0,0.0,0.0
MDV,Maldives,2014,0.0,0.0,0.0,0.0
MDV,Maldives,2015,0.0,0.0,0.0,0.0
MDV,Maldives,2016,0.0,0.0,0.0,0.0
MDV,Maldives,2017,0.0,0.0,0.0,0.0
MDV,Maldives,2018,0.0,0.0,0.0,0.0
MDV,Maldives,2019,0.0,0.0,0.0,0.0
MDV,Maldives,2020,0.0,0.0,0.0,0.0
MDV,Maldives,2021,0.0,0.0,0.0,0.0
MDV,Maldives,2022,,,,
MDV,Maldives,2023,,,,
MDV,Maldives,2024,,,,
MDV,Maldives,2025,,,,
MEX,Mexico,1960,,,,
MEX,Mexico,1961,,,,
MEX,Mexico,1962,,,,
MEX,Mexico,1963,,,,
MEX,Mexico,1964,,,,
MEX,Mexico,1965,,,,
MEX,Mexico,1966,,,,
MEX,Mexico,1967,,,,
MEX,Mexico,1968,,,,
MEX,Mexico,1969,,,,
MEX,Mexico,1970,0.204288512529996,,0.0105625266256379,0.2148510391556339
MEX,Mexico,1971,0.299015550436243,0.0186834182184142,0.0148118073352325,0.3325107759898897
MEX,Mexico,1972,0.31456660350112,0.0160453060374469,0.0142064173532853,0.3448183268918522
MEX,Mexico,1973,0.471736151765772,0.0172044546066276,0.0124796723483394,0.501420278720739
MEX,Mexico,1974,2.57282025355611,0.0347959638029933,0.0740095234314541,2.6816257407905573
MEX,Mexico,1975,2.49010737213211,0.0692885004366197,0.116208483701958,2.6756043562706875
MEX,Mexico,1976,2.98705970420645,0.0729095749498757,0.110302974016346,3.170272253172672
MEX,Mexico,1977,3.33624660345827,0.0940948500281796,0.0094115273240231,3.4397529808104728
MEX,Mexico,1978,3.62012996831848,0.0749475789727273,0.0223707765461534,3.717448323837361
MEX,Mexico,1979,8.71636010453775,0.0529286509832884,0.140166279255852,8.90945503477689
MEX,Mexico,1980,9.61731417060257,0.031356734801462,0.265099522207148,9.91377042761118
MEX,Mexico,1981,7.42762704678809,0.0295900935287583,0.135305680957537,7.592522821274385
MEX,Mexico,1982,7.50397258889744,0.0556412324912301,0.0440092299798919,7.6036230513685625
MEX,Mexico,1983,11.7261554852808,0.0696050851614401,0.277599325978629,12.07335989642087
MEX,Mexico,1984,9.84444229082766,0.0520637881211353,0.257987746631972,10.154493825580767
MEX,Mexico,1985,8.61459820040424,0.0433284552851177,0.235690402544524,8.89361705823388
MEX,Mexico,1986,4.97962851823254,0.0457242358883196,0.254156712015351,5.2795094661362105
MEX,Mexico,1987,7.73388204379299,0.0247876253640453,0.174430515106447,7.933100184263482
MEX,Mexico,1988,4.64028805528562,0.0162641928972486,0.125497498007817,4.782049746190686
MEX,Mexico,1989,5.79313137345124,0.0230098533410818,0.120228583290821,5.936369810083143
MEX,Mexico,1990,6.8456871360715,0.0282894233064959,0.135611120942481,7.009587680320476
MEX,Mexico,1991,3.28443133736966,0.0195016516298965,0.091267496824553,3.3952004858241094
MEX,Mexico,1992,3.04098381617295,0.0108821335962508,0.0689974712150937,3.1208634209842945
MEX,Mexico,1993,2.11322234509591,0.0045470490873715,0.0651451163398049,2.1829145105230863
MEX,Mexico,1994,1.94028537233214,0.0035821557885248,0.0551058768829018,1.9989734050035666
MEX,Mexico,1995,3.18458587486466,0.0108160359365737,0.069034214647323,3.2644361254485568
MEX,Mexico,1996,3.72059342746973,0.0094602665970484,0.070416169468437,3.800469863535215
MEX,Mexico,1997,2.84312857753682,0.0065484915220829,0.0633338264961717,2.9130108955550744
MEX,Mexico,1998,1.46767139990085,0.0038317013809644,0.0496443227603013,1.5211474240421157
MEX,Mexico,1999,2.1311082380075,0.0009551319488844,0.064072214671326,2.1961355846277106
MEX,Mexico,2000,3.33837327328532,0.0010126660789203,0.101366224193813,3.440752163558053
MEX,Mexico,2001,2.39265778309786,0.0069582517531789,0.0922107414251373,2.4918267762761763
MEX,Mexico,2002,2.56123107950286,0.0026138011690482,0.0725730429832139,2.6364179236551224
MEX,Mexico,2003,3.17250156374492,0.0041883784812983,0.0614333225948134,3.238123264821032
MEX,Mexico,2004,3.91311549345697,0.0273022630858051,0.0603358045511139,4.000753561093889
MEX,Mexico,2005,5.19854636227176,0.0295646975447426,0.107040373383792,5.335151433200294
MEX,Mexico,2006,5.53800257872389,0.0355247371379613,0.150480549487065,5.7240078653489155
MEX,Mexico,2007,5.08084054962981,0.0352874169588699,0.177822600392634,5.293950566981314
MEX,Mexico,2008,6.04436562265737,0.106680413833219,0.187206346731322,6.338252383221911
MEX,Mexico,2009,3.43604404491316,0.0535139993276361,0.301071991179704,3.7906300354205
MEX,Mexico,2010,4.0853189393579,0.0796871696268284,0.152145470781719,4.317151579766447
MEX,Mexico,2011,5.72990793071681,0.132625302569202,0.291352067275173,6.153885300561185
MEX,Mexico,2012,5.40265415074589,0.0594435226719813,0.292312698627022,5.754410372044893
MEX,Mexico,2013,4.59508453903103,0.0394965314684216,0.294655512434139,4.929236582933592
MEX,Mexico,2014,3.9014361869158,0.0296217542584092,0.253327765301614,4.184385706475823
MEX,Mexico,2015,1.54607339138936,0.0146209134508051,0.130969772345063,1.691664077185228
MEX,Mexico,2016,1.23719531597201,0.02079440539794,0.0555286615814859,1.3135183829514359
MEX,Mexico,2017,1.55624412694841,0.0246410567158187,0.0594559535085476,1.640341137172776
MEX,Mexico,2018,2.20735150189898,0.025196241296921,0.120301873913526,2.352849617109427
MEX,Mexico,2019,1.58229584530394,0.0153902956410095,0.117422243869392,1.7151083848143414
MEX,Mexico,2020,0.867384554620089,0.0111313464432547,0.0700656490052309,0.9485815500685747
MEX,Mexico,2021,2.06594374719816,0.0161205544445626,0.0909613894136,2.173025691056323
MEX,Mexico,2022,,,,
MEX,Mexico,2023,,,,
MEX,Mexico,2024,,,,
MEX,Mexico,2025,,,,
MHL,Marshall Islands,1960,,,,
MHL,Marshall Islands,1961,,,,
MHL,Marshall Islands,1962,,,,
MHL,Marshall Islands,1963,,,,
MHL,Marshall Islands,1964,,,,
MHL,Marshall Islands,1965,,,,
MHL,Marshall Islands,1966,,,,
MHL,Marshall Islands,1967,,,,
MHL,Marshall Islands,1968,,,,
MHL,Marshall Islands,1969,,,,
MHL,Marshall Islands,1970,,,,
MHL,Marshall Islands,1971,,,,
MHL,Marshall Islands,1972,,,,
MHL,Marshall Islands,1973,,,,
MHL,Marshall Islands,1974,,,,
MHL,Marshall Islands,1975,,,,
MHL,Marshall Islands,1976,,,,
MHL,Marshall Islands,1977,,,,
MHL,Marshall Islands,1978,,,,
MHL,Marshall Islands,1979,,,,
MHL,Marshall Islands,1980,,,,
MHL,Marshall Islands,1981,,,,
MHL,Marshall Islands,1982,,,,
MHL,Marshall Islands,1983,,,,
MHL,Marshall Islands,1984,,,,
MHL,Marshall Islands,1985,,,,
MHL,Marshall Islands,1986,,,,
MHL,Marshall Islands,1987,,,,
MHL,Marshall Islands,1988,,,,
MHL,Marshall Islands,1989,,,,
MHL,Marshall Islands,1990,,,,
MHL,Marshall Islands,1991,,,,
MHL,Marshall Islands,1992,,,,
MHL,Marshall Islands,1993,,,,
MHL,Marshall Islands,1994,,,,
MHL,Marshall Islands,1995,,,,
MHL,Marshall Islands,1996,,,,
MHL,Marshall Islands,1997,,,,
MHL,Marshall Islands,1998,,,,
MHL,Marshall Islands,1999,,,,
MHL,Marshall Islands,2000,,,,
MHL,Marshall Islands,2001,,,,
MHL,Marshall Islands,2002,,,,
MHL,Marshall Islands,2003,,,,
MHL,Marshall Islands,2004,,,,
MHL,Marshall Islands,2005,,,,
MHL,Marshall Islands,2006,,,,
MHL,Marshall Islands,2007,,,,
MHL,Marshall Islands,2008,,,,
MHL,Marshall Islands,2009,,,,
MHL,Marshall Islands,2010,,,,
MHL,Marshall Islands,2011,,,,
MHL,Marshall Islands,2012,,,,
MHL,Marshall Islands,2013,,,,
MHL,Marshall Islands,2014,,,,
MHL,Marshall Islands,2015,,,,
MHL,Marshall Islands,2016,,,,
MHL,Marshall Islands,2017,,,,
MHL,Marshall Islands,2018,,,,
MHL,Marshall Islands,2019,,,,
MHL,Marshall Islands,2020,,,,
MHL,Marshall Islands,2021,,,,
MHL,Marshall Islands,2022,,,,
MHL,Marshall Islands,2023,,,,
MHL,Marshall Islands,2024,,,,
MHL,Marshall Islands,2025,,,,
MKD,North Macedonia,1960,,,,
MKD,North Macedonia,1961,,,,
MKD,North Macedonia,1962,,,,
MKD,North Macedonia,1963,,,,
MKD,North Macedonia,1964,,,,
MKD,North Macedonia,1965,,,,
MKD,North Macedonia,1966,,,,
MKD,North Macedonia,1967,,,,
MKD,North Macedonia,1968,,,,
MKD,North Macedonia,1969,,,,
MKD,North Macedonia,1970,,,,
MKD,North Macedonia,1971,,,,
MKD,North Macedonia,1972,,,,
MKD,North Macedonia,1973,,,,
MKD,North Macedonia,1974,,,,
MKD,North Macedonia,1975,,,,
MKD,North Macedonia,1976,,,,
MKD,North Macedonia,1977,,,,
MKD,North Macedonia,1978,,,,
MKD,North Macedonia,1979,,,,
MKD,North Macedonia,1980,,,,
MKD,North Macedonia,1981,,,,
MKD,North Macedonia,1982,,,,
MKD,North Macedonia,1983,,,,
MKD,North Macedonia,1984,,,,
MKD,North Macedonia,1985,,,,
MKD,North Macedonia,1986,,,,
MKD,North Macedonia,1987,,,,
MKD,North Macedonia,1988,,,,
MKD,North Macedonia,1989,,,,
MKD,North Macedonia,1990,,0.0045322876506851,,0.0045322876506851
MKD,North Macedonia,1991,,0.0039247457700055,,0.0039247457700055
MKD,North Macedonia,1992,0.0,0.0048537790744932,0.0,0.0048537790744932
MKD,North Macedonia,1993,0.0,0.0007648853178552,0.0,0.0007648853178552
MKD,North Macedonia,1994,0.0,0.0007713810450255,0.0,0.0007713810450255
MKD,North Macedonia,1995,0.0,0.0023040663736317,0.0,0.0023040663736317
MKD,North Macedonia,1996,0.0,0.0017117822467956,0.0,0.0017117822467956
MKD,North Macedonia,1997,0.0,0.0010539732205182,0.0,0.0010539732205182
MKD,North Macedonia,1998,0.0,0.0013399017647661,0.0,0.0013399017647661
MKD,North Macedonia,1999,0.0,0.0001605522695881,0.0,0.0001605522695881
MKD,North Macedonia,2000,0.0,0.0032926242660644,0.0,0.0032926242660644
MKD,North Macedonia,2001,0.0,0.0073963177243985,0.0,0.0073963177243985
MKD,North Macedonia,2002,0.0,0.0035655299560946,0.0,0.0035655299560946
MKD,North Macedonia,2003,0.0,0.0040028371019559,0.0,0.0040028371019559
MKD,North Macedonia,2004,0.0,0.0173735329313722,0.0,0.0173735329313722
MKD,North Macedonia,2005,0.0,0.011025567729415,0.0,0.011025567729415
MKD,North Macedonia,2006,0.0,0.0120998120637082,0.0,0.0120998120637082
MKD,North Macedonia,2007,0.0084809264073617,0.0156339602417874,0.0,0.0241148866491491
MKD,North Macedonia,2008,0.0021136756246601,0.0436126414299653,0.0,0.0457263170546254
MKD,North Macedonia,2009,0.001197837630768,0.013458054029194,0.0,0.014655891659962
MKD,North Macedonia,2010,0.0054810597393639,0.0331827860054843,0.0,0.0386638457448482
MKD,North Macedonia,2011,0.0202744088961322,0.0360413038156159,0.0,0.056315712711748095
MKD,North Macedonia,2012,0.0230402748269549,0.0171110905804179,0.0,0.0401513654073728
MKD,North Macedonia,2013,0.0175104064661129,0.0083035354800365,0.0,0.025813941946149402
MKD,North Macedonia,2014,0.0217970329673458,0.007297130215401,0.0,0.029094163182746803
MKD,North Macedonia,2015,0.0173255645490176,0.006501515947089,0.0,0.0238270804961066
MKD,North Macedonia,2016,0.0128591662869988,0.0051670611231701,0.0,0.018026227410168898
MKD,North Macedonia,2017,0.0,0.0089201288239173,0.0,0.0089201288239173
MKD,North Macedonia,2018,0.0,0.0077429834214032,0.0,0.0077429834214032
MKD,North Macedonia,2019,0.0,0.0054195763373803,0.0,0.0054195763373803
MKD,North Macedonia,2020,0.0,0.0046802562318922,0.0,0.0046802562318922
MKD,North Macedonia,2021,0.0,0.0086323297736044,0.0,0.0086323297736044
MKD,North Macedonia,2022,,,,
MKD,North Macedonia,2023,,,,
MKD,North Macedonia,2024,,,,
MKD,North Macedonia,2025,,,,
MLI,Mali,1960,,,,
MLI,Mali,1961,,,,
MLI,Mali,1962,,,,
MLI,Mali,1963,,,,
MLI,Mali,1964,,,,
MLI,Mali,1965,,,,
MLI,Mali,1966,,,,
MLI,Mali,1967,,,,
MLI,Mali,1968,,,,
MLI,Mali,1969,,,,
MLI,Mali,1970,,,,
MLI,Mali,1971,,,,
MLI,Mali,1972,,,,
MLI,Mali,1973,,,,
MLI,Mali,1974,,,,
MLI,Mali,1975,,,,
MLI,Mali,1976,,,,
MLI,Mali,1977,,,,
MLI,Mali,1978,,,,
MLI,Mali,1979,,,,
MLI,Mali,1980,0.0,0.0,0.0,0.0
MLI,Mali,1981,0.0,0.0,0.0,0.0
MLI,Mali,1982,0.0,0.0,0.0,0.0
MLI,Mali,1983,0.0,0.0,0.0,0.0
MLI,Mali,1984,0.0,0.0,0.0,0.0
MLI,Mali,1985,0.0,0.0,0.0,0.0
MLI,Mali,1986,0.0,0.0,0.0,0.0
MLI,Mali,1987,0.0,0.0,0.0,0.0
MLI,Mali,1988,0.0,0.0,0.0,0.0
MLI,Mali,1989,0.0,0.0,0.0,0.0
MLI,Mali,1990,0.0,0.0,0.0,0.0
MLI,Mali,1991,0.0,0.0,0.0,0.0
MLI,Mali,1992,0.0,0.0,0.0,0.0
MLI,Mali,1993,0.0,0.0,0.0,0.0
MLI,Mali,1994,0.0,0.0,0.0,0.0
MLI,Mali,1995,0.0,0.0,0.0,0.0
MLI,Mali,1996,0.0,0.0,0.0,0.0
MLI,Mali,1997,0.0,0.0,0.0,0.0
MLI,Mali,1998,0.0,0.0,0.0,0.0
MLI,Mali,1999,0.0,0.0,0.0,0.0
MLI,Mali,2000,0.0,0.0,0.0,0.0
MLI,Mali,2001,0.0,0.0,0.0,0.0
MLI,Mali,2002,0.0,0.0,0.0,0.0
MLI,Mali,2003,0.0,0.0,0.0,0.0
MLI,Mali,2004,0.0,0.0,0.0,0.0
MLI,Mali,2005,0.0,0.0,0.0,0.0
MLI,Mali,2006,0.0,0.0,0.0,0.0
MLI,Mali,2007,0.0,0.0,0.0,0.0
MLI,Mali,2008,0.0,0.0,0.0,0.0
MLI,Mali,2009,0.0,0.0,0.0,0.0
MLI,Mali,2010,0.0,0.0,0.0,0.0
MLI,Mali,2011,0.0,0.0,0.0,0.0
MLI,Mali,2012,0.0,0.0,0.0,0.0
MLI,Mali,2013,0.0,0.0,0.0,0.0
MLI,Mali,2014,0.0,0.0,0.0,0.0
MLI,Mali,2015,0.0,0.0,0.0,0.0
MLI,Mali,2016,0.0,0.0,0.0,0.0
MLI,Mali,2017,0.0,0.0,0.0,0.0
MLI,Mali,2018,0.0,0.0,0.0,0.0
MLI,Mali,2019,0.0,0.0,0.0,0.0
MLI,Mali,2020,0.0,0.0,0.0,0.0
MLI,Mali,2021,0.0,0.0,0.0,0.0
MLI,Mali,2022,,,,
MLI,Mali,2023,,,,
MLI,Mali,2024,,,,
MLI,Mali,2025,,,,
MLT,Malta,1960,,,,
MLT,Malta,1961,,,,
MLT,Malta,1962,,,,
MLT,Malta,1963,,,,
MLT,Malta,1964,,,,
MLT,Malta,1965,,,,
MLT,Malta,1966,,,,
MLT,Malta,1967,,,,
MLT,Malta,1968,,,,
MLT,Malta,1969,,,,
MLT,Malta,1970,,,,
MLT,Malta,1971,0.0,0.0,0.0,0.0
MLT,Malta,1972,0.0,0.0,0.0,0.0
MLT,Malta,1973,0.0,0.0,0.0,0.0
MLT,Malta,1974,0.0,0.0,0.0,0.0
MLT,Malta,1975,0.0,0.0,0.0,0.0
MLT,Malta,1976,0.0,0.0,0.0,0.0
MLT,Malta,1977,0.0,0.0,0.0,0.0
MLT,Malta,1978,0.0,0.0,0.0,0.0
MLT,Malta,1979,0.0,0.0,0.0,0.0
MLT,Malta,1980,0.0,0.0,0.0,0.0
MLT,Malta,1981,0.0,0.0,0.0,0.0
MLT,Malta,1982,0.0,0.0,0.0,0.0
MLT,Malta,1983,0.0,0.0,0.0,0.0
MLT,Malta,1984,0.0,0.0,0.0,0.0
MLT,Malta,1985,0.0,0.0,0.0,0.0
MLT,Malta,1986,0.0,0.0,0.0,0.0
MLT,Malta,1987,0.0,0.0,0.0,0.0
MLT,Malta,1988,0.0,0.0,0.0,0.0
MLT,Malta,1989,0.0,0.0,0.0,0.0
MLT,Malta,1990,0.0,0.0,0.0,0.0
MLT,Malta,1991,0.0,0.0,0.0,0.0
MLT,Malta,1992,0.0,0.0,0.0,0.0
MLT,Malta,1993,0.0,0.0,0.0,0.0
MLT,Malta,1994,0.0,0.0,0.0,0.0
MLT,Malta,1995,0.0,0.0,0.0,0.0
MLT,Malta,1996,0.0,0.0,0.0,0.0
MLT,Malta,1997,0.0,0.0,0.0,0.0
MLT,Malta,1998,0.0,0.0,0.0,0.0
MLT,Malta,1999,0.0,0.0,0.0,0.0
MLT,Malta,2000,0.0,0.0,0.0,0.0
MLT,Malta,2001,0.0,0.0,0.0,0.0
MLT,Malta,2002,0.0,0.0,0.0,0.0
MLT,Malta,2003,0.0,0.0,0.0,0.0
MLT,Malta,2004,0.0,0.0,0.0,0.0
MLT,Malta,2005,0.0107363531671732,0.0,0.0,0.0107363531671732
MLT,Malta,2006,0.0121328675494815,0.0,0.0,0.0121328675494815
MLT,Malta,2007,0.0056509041515729,0.0,0.0,0.0056509041515729
MLT,Malta,2008,0.0067133791839848,0.0,0.0,0.0067133791839848
MLT,Malta,2009,0.0041791563907397,0.0,0.0,0.0041791563907397
MLT,Malta,2010,0.0,0.0,0.0,0.0
MLT,Malta,2011,0.0,0.0,0.0,0.0
MLT,Malta,2012,0.0,0.0,0.0,0.0
MLT,Malta,2013,0.0,0.0,0.0,0.0
MLT,Malta,2014,0.0,0.0,0.0,0.0
MLT,Malta,2015,0.0,0.0,0.0,0.0
MLT,Malta,2016,0.0,0.0,0.0,0.0
MLT,Malta,2017,0.0,0.0,0.0,0.0
MLT,Malta,2018,0.0,0.0,0.0,0.0
MLT,Malta,2019,0.0,0.0,0.0,0.0
MLT,Malta,2020,0.0,0.0,0.0,0.0
MLT,Malta,2021,0.0,0.0,0.0,0.0
MLT,Malta,2022,,,,
MLT,Malta,2023,,,,
MLT,Malta,2024,,,,
MLT,Malta,2025,,,,
MMR,Myanmar,1960,,,,
MMR,Myanmar,1961,,,,
MMR,Myanmar,1962,,,,
MMR,Myanmar,1963,,,,
MMR,Myanmar,1964,,,,
MMR,Myanmar,1965,,,,
MMR,Myanmar,1966,,,,
MMR,Myanmar,1967,,,,
MMR,Myanmar,1968,,,,
MMR,Myanmar,1969,,,,
MMR,Myanmar,1970,0.112322934933028,,0.0,0.112322934933028
MMR,Myanmar,1971,0.14099581851896,0.0002472389673459,0.0034096436558021,0.14465270114210801
MMR,Myanmar,1972,0.440919674066485,0.0002670364484541,0.0047921654656333,0.44597887598057245
MMR,Myanmar,1973,1.3997667556787,0.0002675978879571,0.0086312641469923,1.4086656177136494
MMR,Myanmar,1974,6.95348324385402,0.003728594979762,0.248961701761117,7.206173540594899
MMR,Myanmar,1975,6.97292933608767,0.0141019665550498,0.418057485142357,7.405088787785076
MMR,Myanmar,1976,7.8254684772488,0.0120718049930234,0.59711740253125,8.434657684773073
MMR,Myanmar,1977,10.507039214654,0.0197206081454518,0.595076315874945,11.121836138674396
MMR,Myanmar,1978,11.8295079031042,0.0282672042725261,0.869950878413593,12.72772598579032
MMR,Myanmar,1979,31.9273180498944,0.0277480397208343,1.22188078012097,33.176946869736206
MMR,Myanmar,1980,32.8352731314229,0.0362220151565646,1.32964302722091,34.20113817380038
MMR,Myanmar,1981,22.9953780150739,0.0933411494216272,0.578193355283371,23.666912519778897
MMR,Myanmar,1982,13.967242193713,0.105635223060683,0.212616872648731,14.285494289422413
MMR,Myanmar,1983,14.9069188929982,0.0537981777731621,0.465055774250168,15.42577284502153
MMR,Myanmar,1984,16.6482185310175,0.0472946942606576,0.763598019921835,17.459111245199992
MMR,Myanmar,1985,15.8308006289425,0.0603762907828192,1.22757981174292,17.11875673146824
MMR,Myanmar,1986,5.05388693197996,0.0283840944600507,2.1285482288347,7.210819255274711
MMR,Myanmar,1987,6.71502109996961,0.0026878838151681,2.15688269138271,8.874591675167489
MMR,Myanmar,1988,3.89351638171617,0.0125519945522682,1.73739210176829,5.643460478036729
MMR,Myanmar,1989,4.25171643878697,0.0166653924148982,1.6543337699345,5.922715601136369
MMR,Myanmar,1990,4.86297915814427,0.0193791716375348,1.82653976993328,6.7088980997150856
MMR,Myanmar,1991,2.87457588601181,0.0167617637668892,1.39571769216191,4.287055341940609
MMR,Myanmar,1992,2.88692307028693,0.0078477927306567,1.43038034440844,4.3251512074260265
MMR,Myanmar,1993,2.09265639774281,0.0008462721344899,1.44373876503733,3.5372414349146295
MMR,Myanmar,1994,1.31082457279738,0.0007040737552368,1.56439719898042,2.875925845533037
MMR,Myanmar,1995,0.780035740500825,0.0022670079957959,1.46070698160384,2.243009730100461
MMR,Myanmar,1996,0.714927259697034,0.000887108103585,1.4103675273612,2.126181895161819
MMR,Myanmar,1997,0.688794026130438,0.0004609222294521,1.4074117440653,2.09666669242519
MMR,Myanmar,1998,0.48360292752074,0.0011409451511833,1.44765762205338,1.9324014947253034
MMR,Myanmar,1999,0.622091052701597,0.0022066242659568,1.27486861904363,1.8991662960111837
MMR,Myanmar,2000,1.32847770525212,0.0113430463493619,3.2424384672353,4.582259218836782
MMR,Myanmar,2001,0.978658400478298,0.0758051855856943,6.67584865927321,7.730312245337202
MMR,Myanmar,2002,1.34949335508262,0.0152696880925367,7.0882670077694,8.453030050944557
MMR,Myanmar,2003,1.36774097417015,0.0194742616801778,8.04869867586634,9.435913911716668
MMR,Myanmar,2004,1.74505333251524,0.125285309017504,8.14214332520292,10.012481966735663
MMR,Myanmar,2005,2.91494528517854,0.0923815780690894,9.26676467372353,12.27409153697116
MMR,Myanmar,2006,3.19885684353995,0.112014025577255,7.11993514076936,10.430806009886565
MMR,Myanmar,2007,2.31016483558413,0.150157592059017,5.5796017245025,8.039924152145648
MMR,Myanmar,2008,2.15334545377525,0.221707141220914,3.82889756804556,6.203950163041724
MMR,Myanmar,2009,0.716107930719796,0.0500972315373049,2.68196178358611,3.448166945843211
MMR,Myanmar,2010,0.976336261487368,0.0863703805009912,2.39365031149079,3.4563569534791494
MMR,Myanmar,2011,1.00643883600724,0.0860236336627246,1.83559798767907,2.9280604573490345
MMR,Myanmar,2012,0.771527109079778,0.0564573315956754,1.6427752400454,2.470759680720853
MMR,Myanmar,2013,0.661094841513687,0.0270369697390516,1.59345178892816,2.2815836001808987
MMR,Myanmar,2014,0.528936281376954,0.0251479211009174,2.48423798053391,3.0383221830117813
MMR,Myanmar,2015,0.146604102339128,0.0151772971723697,3.15576965417731,3.3175510536888075
MMR,Myanmar,2016,0.103530840750173,0.0085961203633102,2.61215166075448,2.7242786218679633
MMR,Myanmar,2017,0.152347682977876,0.0154298627627981,2.58866845782587,2.756446003566544
MMR,Myanmar,2018,0.15681434683775,0.02945886790351,3.24961569445266,3.43588890919392
MMR,Myanmar,2019,0.101384700071059,0.0340926780571958,3.23186360116772,3.367340979295975
MMR,Myanmar,2020,0.0259006705691479,0.0242925112469022,2.16427590306573,2.21446908488178
MMR,Myanmar,2021,0.0627970227865469,0.0464337290823448,4.39650989335516,4.505740645224051
MMR,Myanmar,2022,,,,
MMR,Myanmar,2023,,,,
MMR,Myanmar,2024,,,,
MMR,Myanmar,2025,,,,
MNE,Montenegro,1960,,,,
MNE,Montenegro,1961,,,,
MNE,Montenegro,1962,,,,
MNE,Montenegro,1963,,,,
MNE,Montenegro,1964,,,,
MNE,Montenegro,1965,,,,
MNE,Montenegro,1966,,,,
MNE,Montenegro,1967,,,,
MNE,Montenegro,1968,,,,
MNE,Montenegro,1969,,,,
MNE,Montenegro,1970,,,,
MNE,Montenegro,1971,,,,
MNE,Montenegro,1972,,,,
MNE,Montenegro,1973,,,,
MNE,Montenegro,1974,,,,
MNE,Montenegro,1975,,,,
MNE,Montenegro,1976,,,,
MNE,Montenegro,1977,,,,
MNE,Montenegro,1978,,,,
MNE,Montenegro,1979,,,,
MNE,Montenegro,1980,,,,
MNE,Montenegro,1981,,,,
MNE,Montenegro,1982,,,,
MNE,Montenegro,1983,,,,
MNE,Montenegro,1984,,,,
MNE,Montenegro,1985,,,,
MNE,Montenegro,1986,,,,
MNE,Montenegro,1987,,,,
MNE,Montenegro,1988,,,,
MNE,Montenegro,1989,,,,
MNE,Montenegro,1990,,,,
MNE,Montenegro,1991,,,,
MNE,Montenegro,1992,,,,
MNE,Montenegro,1993,,,,
MNE,Montenegro,1994,,,,
MNE,Montenegro,1995,,,,
MNE,Montenegro,1996,,,,
MNE,Montenegro,1997,,,,
MNE,Montenegro,1998,,,,
MNE,Montenegro,1999,,,,
MNE,Montenegro,2000,,,,
MNE,Montenegro,2001,,,,
MNE,Montenegro,2002,,,,
MNE,Montenegro,2003,,,,
MNE,Montenegro,2004,,,,
MNE,Montenegro,2005,0.0,0.297073785239654,0.0,0.297073785239654
MNE,Montenegro,2006,0.0,0.299594046102001,0.0,0.299594046102001
MNE,Montenegro,2007,0.0,0.294771011035765,0.0,0.294771011035765
MNE,Montenegro,2008,0.0,1.05263175865509,0.0,1.05263175865509
MNE,Montenegro,2009,0.0,0.185900838034728,0.0,0.185900838034728
MNE,Montenegro,2010,0.0,0.716295403612445,0.0,0.716295403612445
MNE,Montenegro,2011,0.0,0.815341280214694,0.0,0.815341280214694
MNE,Montenegro,2012,0.0,0.346822967174017,0.0,0.346822967174017
MNE,Montenegro,2013,0.0,0.154702162253761,0.0,0.154702162253761
MNE,Montenegro,2014,0.0,0.123513438750382,0.0,0.123513438750382
MNE,Montenegro,2015,0.0,0.0968828936467626,0.0,0.0968828936467626
MNE,Montenegro,2016,0.0,0.0819627752980139,0.0,0.0819627752980139
MNE,Montenegro,2017,0.0,0.104326596931278,0.0,0.104326596931278
MNE,Montenegro,2018,0.0,0.116984497336867,0.0,0.116984497336867
MNE,Montenegro,2019,0.0,0.0931587848680625,0.0,0.0931587848680625
MNE,Montenegro,2020,0.0,0.0925290326993661,0.0,0.0925290326993661
MNE,Montenegro,2021,0.0,0.14484831357974,0.0,0.14484831357974
MNE,Montenegro,2022,,,,
MNE,Montenegro,2023,,,,
MNE,Montenegro,2024,,,,
MNE,Montenegro,2025,,,,
MNG,Mongolia,1960,,,,
MNG,Mongolia,1961,,,,
MNG,Mongolia,1962,,,,
MNG,Mongolia,1963,,,,
MNG,Mongolia,1964,,,,
MNG,Mongolia,1965,,,,
MNG,Mongolia,1966,,,,
MNG,Mongolia,1967,,,,
MNG,Mongolia,1968,,,,
MNG,Mongolia,1969,,,,
MNG,Mongolia,1970,,,,
MNG,Mongolia,1971,,,,
MNG,Mongolia,1972,,,,
MNG,Mongolia,1973,,,,
MNG,Mongolia,1974,,,,
MNG,Mongolia,1975,,,,
MNG,Mongolia,1976,,,,
MNG,Mongolia,1977,,,,
MNG,Mongolia,1978,,,,
MNG,Mongolia,1979,,,,
MNG,Mongolia,1980,,,,
MNG,Mongolia,1981,0.0,2.69908559957294,0.0,2.69908559957294
MNG,Mongolia,1982,0.0,3.17695222834207,0.0,3.17695222834207
MNG,Mongolia,1983,0.0,1.56022499477599,0.0,1.56022499477599
MNG,Mongolia,1984,0.0,1.42435124651694,0.0,1.42435124651694
MNG,Mongolia,1985,0.0,2.38506638220547,0.0,2.38506638220547
MNG,Mongolia,1986,0.0,1.04042719504451,0.0,1.04042719504451
MNG,Mongolia,1987,0.0,0.245347751659661,0.0,0.245347751659661
MNG,Mongolia,1988,0.0,0.735308352913981,0.0,0.735308352913981
MNG,Mongolia,1989,0.0,0.974382585234438,0.0,0.974382585234438
MNG,Mongolia,1990,0.0,1.33140561741337,0.0,1.33140561741337
MNG,Mongolia,1991,0.0,1.36281314259121,0.0,1.36281314259121
MNG,Mongolia,1992,0.0,1.39189755875274,0.0,1.39189755875274
MNG,Mongolia,1993,0.0,0.605844740721407,0.0,0.605844740721407
MNG,Mongolia,1994,0.0,0.486670076692573,0.0,0.486670076692573
MNG,Mongolia,1995,0.0,1.32299876645301,0.0,1.32299876645301
MNG,Mongolia,1996,0.0,0.958756541890785,0.0,0.958756541890785
MNG,Mongolia,1997,0.0,0.588863551790094,0.0,0.588863551790094
MNG,Mongolia,1998,0.0180539444473169,1.15958116737135,0.0,1.177635111818667
MNG,Mongolia,1999,0.0699223221540671,0.602340309576675,0.0,0.6722626317307421
MNG,Mongolia,2000,0.119407654940596,1.51807420998017,0.0,1.637481864920766
MNG,Mongolia,2001,0.0851257034195289,3.00881490469291,0.0,3.093940608112439
MNG,Mongolia,2002,0.148943183083729,1.5492838485279,0.0,1.698227031611629
MNG,Mongolia,2003,0.196826822445144,1.16729060084723,0.0,1.3641174232923738
MNG,Mongolia,2004,0.271188019771381,4.6182672365583,0.0,4.889455256329682
MNG,Mongolia,2005,0.305156747819831,4.7391317641898,0.0,5.044288512009631
MNG,Mongolia,2006,0.498974379028602,4.45031620926175,0.0,4.949290588290352
MNG,Mongolia,2007,0.918313208985426,4.86481895009341,0.0,5.783132159078836
MNG,Mongolia,2008,1.36774431978469,13.3347576972343,0.0,14.70250201701899
MNG,Mongolia,2009,1.34708748725095,10.9115496083324,0.0,12.25863709558335
MNG,Mongolia,2010,1.51728063526244,19.6438178089225,0.0,21.16109844418494
MNG,Mongolia,2011,1.92131227140389,25.8999299043664,0.0,27.821242175770287
MNG,Mongolia,2012,2.12988232376644,10.0374339886047,0.0,12.16731631237114
MNG,Mongolia,2013,2.7278590828164,5.90532113283819,0.0,8.63318021565459
MNG,Mongolia,2014,3.63584891999233,4.99665662998931,0.0,8.63250554998164
MNG,Mongolia,2015,1.71657823790019,2.37083694914676,0.0,4.08741518704695
MNG,Mongolia,2016,1.44692568738784,4.33446955900433,0.0,5.7813952463921705
MNG,Mongolia,2017,1.74982078080304,7.72740017972011,0.0,9.47722096052315
MNG,Mongolia,2018,2.22574065348702,7.86743352891565,0.0,10.09317418240267
MNG,Mongolia,2019,1.44391721947301,6.60165232977836,0.0,8.04556954925137
MNG,Mongolia,2020,0.567774921103161,4.43853996157604,0.0,5.0063148826792006
MNG,Mongolia,2021,1.49715573696848,4.89275510557756,0.0,6.3899108425460405
MNG,Mongolia,2022,,,,
MNG,Mongolia,2023,,,,
MNG,Mongolia,2024,,,,
MNG,Mongolia,2025,,,,
MNP,Northern Mariana Islands,1960,,,,
MNP,Northern Mariana Islands,1961,,,,
MNP,Northern Mariana Islands,1962,,,,
MNP,Northern Mariana Islands,1963,,,,
MNP,Northern Mariana Islands,1964,,,,
MNP,Northern Mariana Islands,1965,,,,
MNP,Northern Mariana Islands,1966,,,,
MNP,Northern Mariana Islands,1967,,,,
MNP,Northern Mariana Islands,1968,,,,
MNP,Northern Mariana Islands,1969,,,,
MNP,Northern Mariana Islands,1970,,,,
MNP,Northern Mariana Islands,1971,,,,
MNP,Northern Mariana Islands,1972,,,,
MNP,Northern Mariana Islands,1973,,,,
MNP,Northern Mariana Islands,1974,,,,
MNP,Northern Mariana Islands,1975,,,,
MNP,Northern Mariana Islands,1976,,,,
MNP,Northern Mariana Islands,1977,,,,
MNP,Northern Mariana Islands,1978,,,,
MNP,Northern Mariana Islands,1979,,,,
MNP,Northern Mariana Islands,1980,,,,
MNP,Northern Mariana Islands,1981,,,,
MNP,Northern Mariana Islands,1982,,,,
MNP,Northern Mariana Islands,1983,,,,
MNP,Northern Mariana Islands,1984,,,,
MNP,Northern Mariana Islands,1985,,,,
MNP,Northern Mariana Islands,1986,,,,
MNP,Northern Mariana Islands,1987,,,,
MNP,Northern Mariana Islands,1988,,,,
MNP,Northern Mariana Islands,1989,,,,
MNP,Northern Mariana Islands,1990,,,,
MNP,Northern Mariana Islands,1991,,,,
MNP,Northern Mariana Islands,1992,,,,
MNP,Northern Mariana Islands,1993,,,,
MNP,Northern Mariana Islands,1994,,,,
MNP,Northern Mariana Islands,1995,,,,
MNP,Northern Mariana Islands,1996,,,,
MNP,Northern Mariana Islands,1997,,,,
MNP,Northern Mariana Islands,1998,,,,
MNP,Northern Mariana Islands,1999,,,,
MNP,Northern Mariana Islands,2000,,,,
MNP,Northern Mariana Islands,2001,,,,
MNP,Northern Mariana Islands,2002,,,0.0,0.0
MNP,Northern Mariana Islands,2003,,,0.0,0.0
MNP,Northern Mariana Islands,2004,,,0.0,0.0
MNP,Northern Mariana Islands,2005,,,0.0,0.0
MNP,Northern Mariana Islands,2006,,,0.0,0.0
MNP,Northern Mariana Islands,2007,,,0.0,0.0
MNP,Northern Mariana Islands,2008,,,0.0,0.0
MNP,Northern Mariana Islands,2009,,,0.0,0.0
MNP,Northern Mariana Islands,2010,,,0.0,0.0
MNP,Northern Mariana Islands,2011,,,0.0,0.0
MNP,Northern Mariana Islands,2012,,,0.0,0.0
MNP,Northern Mariana Islands,2013,,,0.0,0.0
MNP,Northern Mariana Islands,2014,,,0.0,0.0
MNP,Northern Mariana Islands,2015,,,0.0,0.0
MNP,Northern Mariana Islands,2016,,,0.0,0.0
MNP,Northern Mariana Islands,2017,,,0.0,0.0
MNP,Northern Mariana Islands,2018,,,0.0,0.0
MNP,Northern Mariana Islands,2019,,,0.0,0.0
MNP,Northern Mariana Islands,2020,,,,
MNP,Northern Mariana Islands,2021,,,,
MNP,Northern Mariana Islands,2022,,,,
MNP,Northern Mariana Islands,2023,,,,
MNP,Northern Mariana Islands,2024,,,,
MNP,Northern Mariana Islands,2025,,,,
MOZ,Mozambique,1960,,,,
MOZ,Mozambique,1961,,,,
MOZ,Mozambique,1962,,,,
MOZ,Mozambique,1963,,,,
MOZ,Mozambique,1964,,,,
MOZ,Mozambique,1965,,,,
MOZ,Mozambique,1966,,,,
MOZ,Mozambique,1967,,,,
MOZ,Mozambique,1968,,,,
MOZ,Mozambique,1969,,,,
MOZ,Mozambique,1970,,,,
MOZ,Mozambique,1971,,,,
MOZ,Mozambique,1972,,,,
MOZ,Mozambique,1973,,,,
MOZ,Mozambique,1974,,,,
MOZ,Mozambique,1975,,,,
MOZ,Mozambique,1976,,,,
MOZ,Mozambique,1977,,,,
MOZ,Mozambique,1978,,,,
MOZ,Mozambique,1979,,,,
MOZ,Mozambique,1980,,,,
MOZ,Mozambique,1981,,,,
MOZ,Mozambique,1982,,,,
MOZ,Mozambique,1983,,,,
MOZ,Mozambique,1984,,,,
MOZ,Mozambique,1985,,,,
MOZ,Mozambique,1986,,,,
MOZ,Mozambique,1987,,,,
MOZ,Mozambique,1988,,,,
MOZ,Mozambique,1989,,,,
MOZ,Mozambique,1990,,,,
MOZ,Mozambique,1991,0.0,0.0214262708421322,0.0,0.0214262708421322
MOZ,Mozambique,1992,0.0,0.0250474503245564,7.8975268717056e-05,0.02512642559327346
MOZ,Mozambique,1993,0.0,0.0174833234805787,9.58458672240097e-05,0.01757916934780271
MOZ,Mozambique,1994,0.0,0.0179502130113527,9.9102686734565e-05,0.018049315698087265
MOZ,Mozambique,1995,0.0,0.0236495073472511,0.000240967016585,0.0238904743638361
MOZ,Mozambique,1996,0.0,0.0081596696240655,0.0001904287596185,0.008350098383684
MOZ,Mozambique,1997,0.0,0.0048839548867566,0.000180662829301,0.0050646177160576
MOZ,Mozambique,1998,0.0,0.0031182501465343,0.0001606855444283,0.0032789356909626
MOZ,Mozambique,1999,0.0,0.0017661053317961,0.0001952498496256,0.0019613551814217
MOZ,Mozambique,2000,0.0,0.0025506199142022,0.000570471054454,0.0031210909686562004
MOZ,Mozambique,2001,0.0,0.0081771049453362,0.000900031540372,0.009077136485708199
MOZ,Mozambique,2002,0.0,0.0079973613198425,0.0015888196752837,0.0095861809951262
MOZ,Mozambique,2003,0.0,0.0069137831289681,0.0016385641145461,0.0085523472435142
MOZ,Mozambique,2004,0.0784873173881835,0.008026879870086,0.701308197114022,0.7878223943722915
MOZ,Mozambique,2005,0.232148890251788,0.0010053602835455,0.558866557971731,0.7920208085070646
MOZ,Mozambique,2006,0.36782081784457,0.0139501342059779,1.82989350547793,2.211664457528478
MOZ,Mozambique,2007,0.371732317927041,0.0101828236358189,1.56645133238839,1.9483664739512498
MOZ,Mozambique,2008,0.481285902978786,0.0289147181912644,1.80233550297769,2.3125361241477402
MOZ,Mozambique,2009,0.0778446405127864,0.0102326758147043,1.58858003406097,1.6766573503884605
MOZ,Mozambique,2010,0.14400760317542,0.0199714393040125,2.06799636870009,2.2319754111795223
MOZ,Mozambique,2011,0.208892298436241,1.60162322953838,2.46277284263354,4.273288370608161
MOZ,Mozambique,2012,0.239401568530512,1.98801014512389,2.50717835565139,4.734590069305792
MOZ,Mozambique,2013,0.260362393762375,1.7152478444751,2.50355833068363,4.479168568921105
MOZ,Mozambique,2014,0.114254490571332,1.49304929686929,2.49412068073804,4.101424468178662
MOZ,Mozambique,2015,0.050045182177423,1.26833720910738,2.13938758840339,3.457769979688193
MOZ,Mozambique,2016,0.0633248092640754,1.82404678745023,1.97200900578106,3.8593806024953654
MOZ,Mozambique,2017,0.0872960927597713,4.57367559928652,2.16082066537561,6.821792357421901
MOZ,Mozambique,2018,0.11025673875252,5.85840437749124,3.03979938526507,9.00846050150883
MOZ,Mozambique,2019,0.0821437604923504,3.25799776435329,2.70158116067819,6.04172268552383
MOZ,Mozambique,2020,0.0473545337657661,1.81495130833288,2.16476507105305,4.027070913151697
MOZ,Mozambique,2021,0.0793125662089328,3.78124905359831,3.56569180210999,7.426253421917233
MOZ,Mozambique,2022,,,,
MOZ,Mozambique,2023,,,,
MOZ,Mozambique,2024,,,,
MOZ,Mozambique,2025,,,,
MRT,Mauritania,1960,,,,
MRT,Mauritania,1961,,,,
MRT,Mauritania,1962,,,,
MRT,Mauritania,1963,,,,
MRT,Mauritania,1964,,,,
MRT,Mauritania,1965,,,,
MRT,Mauritania,1966,,,,
MRT,Mauritania,1967,,,,
MRT,Mauritania,1968,,,,
MRT,Mauritania,1969,,,,
MRT,Mauritania,1970,,,,
MRT,Mauritania,1971,,,,
MRT,Mauritania,1972,,,,
MRT,Mauritania,1973,,,,
MRT,Mauritania,1974,,,,
MRT,Mauritania,1975,,,,
MRT,Mauritania,1976,,,,
MRT,Mauritania,1977,,,,
MRT,Mauritania,1978,,,,
MRT,Mauritania,1979,,,,
MRT,Mauritania,1980,0.0,7.84600549817757,0.0,7.84600549817757
MRT,Mauritania,1981,0.0,9.01439324938559,0.0,9.01439324938559
MRT,Mauritania,1982,0.0,10.572256419977,0.0,10.572256419977
MRT,Mauritania,1983,0.0,11.1895497485539,0.0,11.1895497485539
MRT,Mauritania,1984,0.0,9.86332374257074,0.0,9.86332374257074
MRT,Mauritania,1985,0.0,9.07545345108703,0.0,9.07545345108703
MRT,Mauritania,1986,0.0,5.6433590277809,0.0,5.6433590277809
MRT,Mauritania,1987,0.0,3.74194722053877,0.0,3.74194722053877
MRT,Mauritania,1988,0.0,2.57454126174617,0.0,2.57454126174617
MRT,Mauritania,1989,0.0,3.99753187859186,0.0,3.99753187859186
MRT,Mauritania,1990,0.0,4.47966206817508,0.0,4.47966206817508
MRT,Mauritania,1991,0.0,2.94997845544948,0.0,2.94997845544948
MRT,Mauritania,1992,0.0,2.48663631561685,0.0,2.48663631561685
MRT,Mauritania,1993,0.0,2.40635147046665,0.0,2.40635147046665
MRT,Mauritania,1994,0.0,1.70891955845009,0.0,1.70891955845009
MRT,Mauritania,1995,0.0,2.01177712194494,0.0,2.01177712194494
MRT,Mauritania,1996,0.0,2.30399243012289,0.0,2.30399243012289
MRT,Mauritania,1997,0.0,2.43573371972698,0.0,2.43573371972698
MRT,Mauritania,1998,0.0,2.56559086811147,0.0,2.56559086811147
MRT,Mauritania,1999,0.0,1.93287240542391,0.0,1.93287240542391
MRT,Mauritania,2000,0.0,2.03141338076991,0.0,2.03141338076991
MRT,Mauritania,2001,0.0,2.58932160062699,0.0,2.58932160062699
MRT,Mauritania,2002,0.0,2.73071651595988,0.0,2.73071651595988
MRT,Mauritania,2003,0.0,2.10232364238981,0.0,2.10232364238981
MRT,Mauritania,2004,0.0,2.35598406080186,0.0,2.35598406080186
MRT,Mauritania,2005,0.0,4.08895330007849,0.0,4.08895330007849
MRT,Mauritania,2006,11.4339025984773,3.53662207542126,0.0,14.97052467389856
MRT,Mauritania,2007,5.94490221432553,2.26137529725392,0.0,8.206277511579449
MRT,Mauritania,2008,5.46163646578312,6.4404399840998,0.0,11.90207644988292
MRT,Mauritania,2009,2.65898185019521,4.09870414799325,0.0,6.75768599818846
MRT,Mauritania,2010,2.43044511982911,4.56933510281066,0.0,6.99978022263977
MRT,Mauritania,2011,2.80489508955736,5.02486052168533,0.0,7.82975561124269
MRT,Mauritania,2012,2.34921054003086,2.41583961574517,0.0,4.76505015577603
MRT,Mauritania,2013,1.92187619455113,1.63001628883715,0.0,3.55189248338828
MRT,Mauritania,2014,1.48326200444495,1.4942762150545,0.0,2.9775382194994497
MRT,Mauritania,2015,0.513819837621705,1.02486804494166,0.0,1.538687882563365
MRT,Mauritania,2016,0.407544888538057,0.920132418687253,0.0,1.32767730722531
MRT,Mauritania,2017,0.541318938190263,1.25601532337934,0.0,1.797334261569603
MRT,Mauritania,2018,0.0,1.11226349111224,0.0,1.11226349111224
MRT,Mauritania,2019,0.0,0.784232241959444,0.0,0.784232241959444
MRT,Mauritania,2020,0.0,0.513765063076087,0.0,0.513765063076087
MRT,Mauritania,2021,0.0,0.670017115111406,0.0,0.670017115111406
MRT,Mauritania,2022,,,,
MRT,Mauritania,2023,,,,
MRT,Mauritania,2024,,,,
MRT,Mauritania,2025,,,,
MUS,Mauritius,1960,,,,
MUS,Mauritius,1961,,,,
MUS,Mauritius,1962,,,,
MUS,Mauritius,1963,,,,
MUS,Mauritius,1964,,,,
MUS,Mauritius,1965,,,,
MUS,Mauritius,1966,,,,
MUS,Mauritius,1967,,,,
MUS,Mauritius,1968,,,,
MUS,Mauritius,1969,,,,
MUS,Mauritius,1970,,,,
MUS,Mauritius,1971,,,,
MUS,Mauritius,1972,,,,
MUS,Mauritius,1973,,,,
MUS,Mauritius,1974,,,,
MUS,Mauritius,1975,,,,
MUS,Mauritius,1976,0.0,0.0,0.0,0.0
MUS,Mauritius,1977,0.0,0.0,0.0,0.0
MUS,Mauritius,1978,0.0,0.0,0.0,0.0
MUS,Mauritius,1979,0.0,0.0,0.0,0.0
MUS,Mauritius,1980,0.0,0.0,0.0,0.0
MUS,Mauritius,1981,0.0,0.0,0.0,0.0
MUS,Mauritius,1982,0.0,0.0,0.0,0.0
MUS,Mauritius,1983,0.0,0.0,0.0,0.0
MUS,Mauritius,1984,0.0,0.0,0.0,0.0
MUS,Mauritius,1985,0.0,0.0,0.0,0.0
MUS,Mauritius,1986,0.0,0.0,0.0,0.0
MUS,Mauritius,1987,0.0,0.0,0.0,0.0
MUS,Mauritius,1988,0.0,0.0,0.0,0.0
MUS,Mauritius,1989,0.0,0.0,0.0,0.0
MUS,Mauritius,1990,0.0,0.0,0.0,0.0
MUS,Mauritius,1991,0.0,0.0,0.0,0.0
MUS,Mauritius,1992,0.0,0.0,0.0,0.0
MUS,Mauritius,1993,0.0,0.0,0.0,0.0
MUS,Mauritius,1994,0.0,0.0,0.0,0.0
MUS,Mauritius,1995,0.0,0.0,0.0,0.0
MUS,Mauritius,1996,0.0,0.0,0.0,0.0
MUS,Mauritius,1997,0.0,0.0,0.0,0.0
MUS,Mauritius,1998,0.0,0.0,0.0,0.0
MUS,Mauritius,1999,0.0,0.0,0.0,0.0
MUS,Mauritius,2000,0.0,0.0,0.0,0.0
MUS,Mauritius,2001,0.0,0.0,0.0,0.0
MUS,Mauritius,2002,0.0,0.0,0.0,0.0
MUS,Mauritius,2003,0.0,0.0,0.0,0.0
MUS,Mauritius,2004,0.0,0.0,0.0,0.0
MUS,Mauritius,2005,0.0,0.0,0.0,0.0
MUS,Mauritius,2006,0.0,0.0,0.0,0.0
MUS,Mauritius,2007,0.0,0.0,0.0,0.0
MUS,Mauritius,2008,0.0,0.0,0.0,0.0
MUS,Mauritius,2009,0.0,0.0,0.0,0.0
MUS,Mauritius,2010,0.09058786343855,0.0,0.0,0.09058786343855
MUS,Mauritius,2011,0.109303420945243,0.0,0.0,0.109303420945243
MUS,Mauritius,2012,0.09302537199132,0.0,0.0,0.09302537199132
MUS,Mauritius,2013,0.075948511699122,0.0,0.0,0.075948511699122
MUS,Mauritius,2014,0.0823071655778768,0.0,0.0,0.0823071655778768
MUS,Mauritius,2015,0.0268410183705881,0.0,0.0,0.0268410183705881
MUS,Mauritius,2016,0.0234690891049759,0.0,0.0,0.0234690891049759
MUS,Mauritius,2017,0.0,0.0,0.0,0.0
MUS,Mauritius,2018,0.0,0.0,0.0,0.0
MUS,Mauritius,2019,0.0,0.0,0.0,0.0
MUS,Mauritius,2020,0.0,0.0,0.0,0.0
MUS,Mauritius,2021,0.0,0.0,0.0,0.0
MUS,Mauritius,2022,,,,
MUS,Mauritius,2023,,,,
MUS,Mauritius,2024,,,,
MUS,Mauritius,2025,,,,
MWI,Malawi,1960,,,,
MWI,Malawi,1961,,,,
MWI,Malawi,1962,,,,
MWI,Malawi,1963,,,,
MWI,Malawi,1964,,,,
MWI,Malawi,1965,,,,
MWI,Malawi,1966,,,,
MWI,Malawi,1967,,,,
MWI,Malawi,1968,,,,
MWI,Malawi,1969,,,,
MWI,Malawi,1970,,,,
MWI,Malawi,1971,,,,
MWI,Malawi,1972,,,,
MWI,Malawi,1973,,,,
MWI,Malawi,1974,,,,
MWI,Malawi,1975,,,,
MWI,Malawi,1976,,,,
MWI,Malawi,1977,,,,
MWI,Malawi,1978,,,,
MWI,Malawi,1979,,,,
MWI,Malawi,1980,0.0,0.0,0.0,0.0
MWI,Malawi,1981,0.0,0.0,0.0,0.0
MWI,Malawi,1982,0.0,0.0,0.0,0.0
MWI,Malawi,1983,0.0,0.0183412104969235,0.0,0.0183412104969235
MWI,Malawi,1984,0.0,0.0163333977665017,0.0,0.0163333977665017
MWI,Malawi,1985,0.0,0.0507120470878278,0.0,0.0507120470878278
MWI,Malawi,1986,0.0,0.0407753314005407,0.0,0.0407753314005407
MWI,Malawi,1987,0.0,0.0305393412283546,0.0,0.0305393412283546
MWI,Malawi,1988,0.0,0.0477296499335569,0.0,0.0477296499335569
MWI,Malawi,1989,0.0,0.0566751951260851,0.0,0.0566751951260851
MWI,Malawi,1990,0.0,0.0481345202818517,0.0,0.0481345202818517
MWI,Malawi,1991,0.0,0.0406865455596066,0.0,0.0406865455596066
MWI,Malawi,1992,0.0,0.0453073592848027,0.0,0.0453073592848027
MWI,Malawi,1993,0.0,0.0283932637936015,0.0,0.0283932637936015
MWI,Malawi,1994,0.0,0.051299570173038,0.0,0.051299570173038
MWI,Malawi,1995,0.0,0.0599214349060257,0.0,0.0599214349060257
MWI,Malawi,1996,0.0,0.0346127415910678,0.0,0.0346127415910678
MWI,Malawi,1997,0.0,0.0246498175419337,0.0,0.0246498175419337
MWI,Malawi,1998,0.0,0.0280987971206182,0.0,0.0280987971206182
MWI,Malawi,1999,0.0,0.0209245895180209,0.0,0.0209245895180209
MWI,Malawi,2000,0.0807881603585492,0.0385169697693728,0.0,0.119305130127922
MWI,Malawi,2001,0.0598971612045519,0.0419802307583337,0.0,0.1018773919628856
MWI,Malawi,2002,0.0310630990812267,0.01756687476736,0.0,0.0486299738485867
MWI,Malawi,2003,0.0344193619672947,0.0282565235614179,0.0,0.0626758855287126
MWI,Malawi,2004,0.0452942648318498,0.0507704027095983,0.0,0.0960646675414481
MWI,Malawi,2005,0.0685179503607441,0.0384324342348724,0.0,0.1069503845956165
MWI,Malawi,2006,0.0748603124282387,0.0446080880730234,0.0,0.1194684005012621
MWI,Malawi,2007,0.0787195782768977,0.0554261308582828,0.0,0.1341457091351805
MWI,Malawi,2008,0.0912165620723904,0.102860825132369,0.0,0.1940773872047594
MWI,Malawi,2009,0.0373878734787395,0.0289060472212568,0.0,0.0662939206999963
MWI,Malawi,2010,0.0823566866553219,0.0626336908273944,0.0,0.14499037748271631
MWI,Malawi,2011,0.112587609355475,0.0680857990480494,0.0,0.18067340840352442
MWI,Malawi,2012,0.144130794366265,0.0567668631872671,0.0,0.2008976575535321
MWI,Malawi,2013,0.140975415777245,0.0471963118263986,0.0,0.18817172760364362
MWI,Malawi,2014,0.101801477666212,0.0298560004976618,0.0,0.1316574781638738
MWI,Malawi,2015,0.0421572569811812,0.0184546431382984,0.0,0.0606119001194796
MWI,Malawi,2016,0.0544029137872334,0.0179067532663158,0.0,0.0723096670535492
MWI,Malawi,2017,0.0,0.0201542594156459,0.0,0.0201542594156459
MWI,Malawi,2018,0.0,0.0178482861472595,0.0,0.0178482861472595
MWI,Malawi,2019,0.0,0.0113816426802696,0.0,0.0113816426802696
MWI,Malawi,2020,0.0,0.008467424093766,0.0,0.008467424093766
MWI,Malawi,2021,0.0,0.0166282857564063,0.0,0.0166282857564063
MWI,Malawi,2022,,,,
MWI,Malawi,2023,,,,
MWI,Malawi,2024,,,,
MWI,Malawi,2025,,,,
MYS,Malaysia,1960,,,,
MYS,Malaysia,1961,,,,
MYS,Malaysia,1962,,,,
MYS,Malaysia,1963,,,,
MYS,Malaysia,1964,,,,
MYS,Malaysia,1965,,,,
MYS,Malaysia,1966,,,,
MYS,Malaysia,1967,,,,
MYS,Malaysia,1968,,,,
MYS,Malaysia,1969,,,,
MYS,Malaysia,1970,0.0168146816605373,,0.0,0.0168146816605373
MYS,Malaysia,1971,0.0668842004969055,0.0,0.0026141289229976,0.0694983294199031
MYS,Malaysia,1972,0.253118828194178,0.0,0.0045946548284441,0.25771348302262215
MYS,Malaysia,1973,0.515906818444802,0.0,0.0047330564244998,0.5206398748693019
MYS,Malaysia,1974,2.64251075151027,0.0,0.0385051314013889,2.6810158829116593
MYS,Malaysia,1975,3.59264852012829,0.0,0.0836616511255468,3.676310171253837
MYS,Malaysia,1976,5.53236920059649,0.0,0.0882625779244373,5.620631778520927
MYS,Malaysia,1977,5.79618674041397,0.0,0.0636902778285379,5.859877018242508
MYS,Malaysia,1978,5.48461744904904,0.0,0.434831494546686,5.919448943595726
MYS,Malaysia,1979,13.3339842412618,0.0,0.586069737089136,13.920053978350937
MYS,Malaysia,1980,12.7544859581505,0.0,0.439435645227137,13.193921603377637
MYS,Malaysia,1981,9.48820932436969,0.0,0.152255294841169,9.640464619210858
MYS,Malaysia,1982,6.95026678656724,0.0,0.060286981701395,7.010553768268635
MYS,Malaysia,1983,9.08509496998775,0.0,0.259133722152286,9.344228692140037
MYS,Malaysia,1984,9.38668970307597,0.0,0.45310942230313,9.8397991253791
MYS,Malaysia,1985,10.039182090438,0.0,0.695948968714012,10.735131059152012
MYS,Malaysia,1986,5.9985712191174,0.0,1.63186582579791,7.630437044915309
MYS,Malaysia,1987,7.6046790210216,0.0,1.33299935379474,8.93767837481634
MYS,Malaysia,1988,5.64035979972944,0.0002269893578841,1.05149750689059,6.6920842959779145
MYS,Malaysia,1989,7.96651029868657,0.0017419099331928,1.15218347556655,9.120435684186313
MYS,Malaysia,1990,10.2305989016965,0.0016207053481824,1.35111267167773,11.583332278722413
MYS,Malaysia,1991,5.42149160741163,0.002133740402971,1.20305301686435,6.62667836467895
MYS,Malaysia,1992,4.93163394069584,0.0003831385412259,1.12888881154376,6.060905890780826
MYS,Malaysia,1993,4.18799363570595,0.0001205377326611,1.27057779115455,5.458691964593161
MYS,Malaysia,1994,3.26542845465158,3.73902061760798e-05,1.37033221835892,4.635798063216676
MYS,Malaysia,1995,3.17116110941302,0.0004197463776146,1.32399421350459,4.495575069295224
MYS,Malaysia,1996,3.56410340235547,0.0001293627128203,1.73836802829887,5.30260079336716
MYS,Malaysia,1997,3.09025555254095,5.92895687381115e-05,2.07195524134305,5.1622700834527375
MYS,Malaysia,1998,2.0250566884991,0.0003725180571083,2.07084121911673,4.096270425672938
MYS,Malaysia,1999,3.08538088119353,0.0001211124254619,2.13223667818743,5.217738671806422
MYS,Malaysia,2000,5.00305271845637,0.0004171394527218,3.29597588490104,8.299445742810132
MYS,Malaysia,2001,3.80612191711308,0.0045386605815816,2.9945164708919,6.805177048586561
MYS,Malaysia,2002,3.7943040184147,0.0006469182370388,2.47122884853955,6.266179785191289
MYS,Malaysia,2003,4.23640666645896,0.0002739809096828,2.97162062750446,7.208301274873103
MYS,Malaysia,2004,5.61137530219416,0.0083240281271414,3.45269384358654,9.072393173907841
MYS,Malaysia,2005,7.08944062793991,0.0097466302611816,3.40113242923192,10.500319687433011
MYS,Malaysia,2006,7.01882709402704,0.0106744057710384,2.655793721263,9.685295221061079
MYS,Malaysia,2007,5.89566119166293,0.0178770495644514,2.14793890756065,8.06147714878803
MYS,Malaysia,2008,7.12611467503542,0.0441804095537564,2.0355192417994,9.205814326388577
MYS,Malaysia,2009,3.92901312526175,0.0266907484328461,2.13948778482423,6.095191658518827
MYS,Malaysia,2010,4.63501988366743,0.0471703338910635,1.83057086618171,6.5127610837402035
MYS,Malaysia,2011,5.48169161167852,0.0699189725385976,1.79059723598374,7.342207820200858
MYS,Malaysia,2012,4.89957757600977,0.0391007523260482,1.68402080313272,6.622699131468538
MYS,Malaysia,2013,4.34705959022544,0.0271783392705705,1.68061798005116,6.054855909547171
MYS,Malaysia,2014,3.85543153552736,0.0195299738547053,2.11733139913897,5.992292908521035
MYS,Malaysia,2015,1.86528956443024,0.0115048278541161,2.76972655209539,4.646520944379747
MYS,Malaysia,2016,1.5297271888572,0.0114268952634963,2.02024347199899,3.5613975561196862
MYS,Malaysia,2017,2.07911297067253,0.0190568093450257,2.06070771057807,4.158877490595626
MYS,Malaysia,2018,2.71329599019211,0.0177159930363127,2.61106308483195,5.342075068060373
MYS,Malaysia,2019,1.83020222238435,0.016618676675233,2.55969990465384,4.406520803713423
MYS,Malaysia,2020,0.685563649053848,0.0143527755858021,1.97988206097094,2.67979848561059
MYS,Malaysia,2021,1.84561185301968,0.0252334817053191,3.34718425272374,5.218029587448739
MYS,Malaysia,2022,,,,
MYS,Malaysia,2023,,,,
MYS,Malaysia,2024,,,,
MYS,Malaysia,2025,,,,
NAM,Namibia,1960,,,,
NAM,Namibia,1961,,,,
NAM,Namibia,1962,,,,
NAM,Namibia,1963,,,,
NAM,Namibia,1964,,,,
NAM,Namibia,1965,,,,
NAM,Namibia,1966,,,,
NAM,Namibia,1967,,,,
NAM,Namibia,1968,,,,
NAM,Namibia,1969,,,,
NAM,Namibia,1970,,,,
NAM,Namibia,1971,,,,
NAM,Namibia,1972,,,,
NAM,Namibia,1973,,,,
NAM,Namibia,1974,,,,
NAM,Namibia,1975,,,,
NAM,Namibia,1976,,,,
NAM,Namibia,1977,,,,
NAM,Namibia,1978,,,,
NAM,Namibia,1979,,,,
NAM,Namibia,1980,,,,
NAM,Namibia,1981,,,,
NAM,Namibia,1982,,,,
NAM,Namibia,1983,,,,
NAM,Namibia,1984,,,,
NAM,Namibia,1985,,,,
NAM,Namibia,1986,,,,
NAM,Namibia,1987,,,,
NAM,Namibia,1988,,,,
NAM,Namibia,1989,,,,
NAM,Namibia,1990,0.0,,0.0,0.0
NAM,Namibia,1991,0.0,0.0,0.0,0.0
NAM,Namibia,1992,0.0,0.0,0.0,0.0
NAM,Namibia,1993,0.0,0.0,0.0,0.0
NAM,Namibia,1994,0.0,0.0,0.0,0.0
NAM,Namibia,1995,0.0,0.0,0.0,0.0
NAM,Namibia,1996,0.0,0.0,0.0,0.0
NAM,Namibia,1997,0.0,0.0,0.0,0.0
NAM,Namibia,1998,0.0,0.0,0.0,0.0
NAM,Namibia,1999,0.0,0.0,0.0,0.0
NAM,Namibia,2000,0.0,0.0,0.0,0.0
NAM,Namibia,2001,0.0,0.0,0.0,0.0
NAM,Namibia,2002,0.0,0.0,0.0,0.0
NAM,Namibia,2003,0.0,0.0,0.0,0.0
NAM,Namibia,2004,0.0,0.0,0.0,0.0
NAM,Namibia,2005,0.0,0.0,0.0,0.0
NAM,Namibia,2006,0.0,0.0,0.0,0.0
NAM,Namibia,2007,0.0,0.0,0.0,0.0
NAM,Namibia,2008,0.0,0.0,0.0,0.0
NAM,Namibia,2009,0.0,0.0,0.0,0.0
NAM,Namibia,2010,0.0,0.0,0.0,0.0
NAM,Namibia,2011,0.0,0.0,0.0,0.0
NAM,Namibia,2012,0.0,0.0,0.0,0.0
NAM,Namibia,2013,0.0,0.0,0.0,0.0
NAM,Namibia,2014,0.0,0.0,0.0,0.0
NAM,Namibia,2015,0.0,0.0,0.0,0.0
NAM,Namibia,2016,0.0,0.0,0.0,0.0
NAM,Namibia,2017,0.0,0.0,0.0,0.0
NAM,Namibia,2018,0.0,0.0,0.0,0.0
NAM,Namibia,2019,0.0,0.0,0.0,0.0
NAM,Namibia,2020,0.0,0.0,0.0,0.0
NAM,Namibia,2021,0.0,0.0,0.0,0.0
NAM,Namibia,2022,,,,
NAM,Namibia,2023,,,,
NAM,Namibia,2024,,,,
NAM,Namibia,2025,,,,
NCL,New Caledonia,1960,,,,
NCL,New Caledonia,1961,,,,
NCL,New Caledonia,1962,,,,
NCL,New Caledonia,1963,,,,
NCL,New Caledonia,1964,,,,
NCL,New Caledonia,1965,,,,
NCL,New Caledonia,1966,,,,
NCL,New Caledonia,1967,,,,
NCL,New Caledonia,1968,,,,
NCL,New Caledonia,1969,,,,
NCL,New Caledonia,1970,,,,
NCL,New Caledonia,1971,,,,
NCL,New Caledonia,1972,,,,
NCL,New Caledonia,1973,,,,
NCL,New Caledonia,1974,,,,
NCL,New Caledonia,1975,,,,
NCL,New Caledonia,1976,,,,
NCL,New Caledonia,1977,,,,
NCL,New Caledonia,1978,,,,
NCL,New Caledonia,1979,,,,
NCL,New Caledonia,1980,0.0,0.0,0.0,0.0
NCL,New Caledonia,1981,0.0,0.0,0.0,0.0
NCL,New Caledonia,1982,0.0,0.0,0.0,0.0
NCL,New Caledonia,1983,0.0,0.0,0.0,0.0
NCL,New Caledonia,1984,0.0,0.0,0.0,0.0
NCL,New Caledonia,1985,0.0,0.0,0.0,0.0
NCL,New Caledonia,1986,0.0,0.0,0.0,0.0
NCL,New Caledonia,1987,0.0,0.0,0.0,0.0
NCL,New Caledonia,1988,0.0,0.0,0.0,0.0
NCL,New Caledonia,1989,0.0,0.0,0.0,0.0
NCL,New Caledonia,1990,0.0,0.0,0.0,0.0
NCL,New Caledonia,1991,0.0,0.0,0.0,0.0
NCL,New Caledonia,1992,0.0,0.0,0.0,0.0
NCL,New Caledonia,1993,0.0,0.0,0.0,0.0
NCL,New Caledonia,1994,0.0,0.0,0.0,0.0
NCL,New Caledonia,1995,0.0,0.0,0.0,0.0
NCL,New Caledonia,1996,0.0,0.0,0.0,0.0
NCL,New Caledonia,1997,0.0,0.0,0.0,0.0
NCL,New Caledonia,1998,0.0,0.0,0.0,0.0
NCL,New Caledonia,1999,0.0,0.0,0.0,0.0
NCL,New Caledonia,2000,0.0,0.0,0.0,0.0
NCL,New Caledonia,2001,0.0,0.0,0.0,0.0
NCL,New Caledonia,2002,0.0,0.0,0.0,0.0
NCL,New Caledonia,2003,0.0,0.0,0.0,0.0
NCL,New Caledonia,2004,0.0,0.0,0.0,0.0
NCL,New Caledonia,2005,0.0,0.0,0.0,0.0
NCL,New Caledonia,2006,0.0,0.0,0.0,0.0
NCL,New Caledonia,2007,0.0,0.0,0.0,0.0
NCL,New Caledonia,2008,0.0,0.0,0.0,0.0
NCL,New Caledonia,2009,0.0,0.0,0.0,0.0
NCL,New Caledonia,2010,0.0,0.0,0.0,0.0
NCL,New Caledonia,2011,0.0,0.0,0.0,0.0
NCL,New Caledonia,2012,0.0,0.0,0.0,0.0
NCL,New Caledonia,2013,0.0,0.0,0.0,0.0
NCL,New Caledonia,2014,0.0,0.0,0.0,0.0
NCL,New Caledonia,2015,0.0,0.0,0.0,0.0
NCL,New Caledonia,2016,0.0,0.0,0.0,0.0
NCL,New Caledonia,2017,0.0,0.0,0.0,0.0
NCL,New Caledonia,2018,0.0,0.0,0.0,0.0
NCL,New Caledonia,2019,0.0,0.0,0.0,0.0
NCL,New Caledonia,2020,0.0,0.0,0.0,0.0
NCL,New Caledonia,2021,0.0,0.0,0.0,0.0
NCL,New Caledonia,2022,,,,
NCL,New Caledonia,2023,,,,
NCL,New Caledonia,2024,,,,
NCL,New Caledonia,2025,,,,
NER,Niger,1960,,,,
NER,Niger,1961,,,,
NER,Niger,1962,,,,
NER,Niger,1963,,,,
NER,Niger,1964,,,,
NER,Niger,1965,,,,
NER,Niger,1966,,,,
NER,Niger,1967,,,,
NER,Niger,1968,,,,
NER,Niger,1969,,,,
NER,Niger,1970,,,,
NER,Niger,1971,0.0,0.0,0.0,0.0
NER,Niger,1972,0.0,0.0,0.0,0.0
NER,Niger,1973,0.0,0.0,0.0,0.0
NER,Niger,1974,0.0,0.0,0.0,0.0
NER,Niger,1975,0.0,0.0,0.0,0.0
NER,Niger,1976,0.0,0.0,0.0,0.0
NER,Niger,1977,0.0,0.0,0.0,0.0
NER,Niger,1978,0.0,0.0,0.0,0.0
NER,Niger,1979,0.0,0.0,0.0,0.0
NER,Niger,1980,0.0,0.009430022768384,0.0,0.009430022768384
NER,Niger,1981,0.0,0.0242782019684016,0.0,0.0242782019684016
NER,Niger,1982,0.0,0.0406289176777071,0.0,0.0406289176777071
NER,Niger,1983,0.0,0.0813559633591178,0.0,0.0813559633591178
NER,Niger,1984,0.0,0.0926192859067218,0.0,0.0926192859067218
NER,Niger,1985,0.0,0.106120803235269,0.0,0.106120803235269
NER,Niger,1986,0.0,0.0509754777378203,0.0,0.0509754777378203
NER,Niger,1987,0.0,0.0415694405124975,0.0,0.0415694405124975
NER,Niger,1988,0.0,0.0488946650668598,0.0,0.0488946650668598
NER,Niger,1989,0.0,0.0670192657175205,0.0,0.0670192657175205
NER,Niger,1990,0.0,0.0397681253143936,0.0,0.0397681253143936
NER,Niger,1991,0.0,0.0421661533025482,0.0,0.0421661533025482
NER,Niger,1992,0.0,0.0311445169125108,0.0,0.0311445169125108
NER,Niger,1993,0.0,0.0290264012485893,0.0,0.0290264012485893
NER,Niger,1994,0.0,0.0480932153000268,0.0,0.0480932153000268
NER,Niger,1995,0.0,0.0638128481220491,0.0,0.0638128481220491
NER,Niger,1996,0.0,0.0566755512021052,0.0,0.0566755512021052
NER,Niger,1997,0.0,0.0427394072165981,0.0,0.0427394072165981
NER,Niger,1998,0.0,0.029727592795103,0.0,0.029727592795103
NER,Niger,1999,0.0,0.0195684009473752,0.0,0.0195684009473752
NER,Niger,2000,0.0,0.0302576124785667,0.0,0.0302576124785667
NER,Niger,2001,0.0,0.0499647133055402,0.0,0.0499647133055402
NER,Niger,2002,0.0,0.032312520938159,0.0,0.032312520938159
NER,Niger,2003,0.0,0.0312263490860586,0.0,0.0312263490860586
NER,Niger,2004,0.0,0.108115808400168,0.0,0.108115808400168
NER,Niger,2005,0.0,0.0565882238700283,0.0,0.0565882238700283
NER,Niger,2006,0.0,0.055007466870775,0.0,0.055007466870775
NER,Niger,2007,0.0,0.0629841200401747,0.0,0.0629841200401747
NER,Niger,2008,0.0,0.114066529268946,0.0,0.114066529268946
NER,Niger,2009,0.0,0.0396820694312682,0.0,0.0396820694312682
NER,Niger,2010,0.0,0.0973243501897151,0.0,0.0973243501897151
NER,Niger,2011,0.897289901092115,0.107227307110315,0.0,1.00451720820243
NER,Niger,2012,2.66870372209961,0.0645920818469523,0.0,2.7332958039465622
NER,Niger,2013,4.23042002083649,0.046299642680483,0.0,4.276719663516974
NER,Niger,2014,2.79681841817513,0.0344822080892499,0.0,2.83130062626438
NER,Niger,2015,0.90069467580531,0.0234772390851172,0.0,0.9241719148904273
NER,Niger,2016,0.920918399439848,0.0268755656188016,0.0,0.9477939650586495
NER,Niger,2017,1.29768887354329,0.0314688786329333,0.0,1.3291577521762235
NER,Niger,2018,1.38714615007191,0.0311126942946068,0.0248077115644434,1.4430665559309601
NER,Niger,2019,0.933683949773014,0.0227923510814171,0.0250536967376847,0.9815299975921158
NER,Niger,2020,0.393738499216623,0.0197947937949763,0.0176684406437786,0.4312017336553779
NER,Niger,2021,0.622678205533793,0.0372529254036624,0.0303136934860688,0.6902448244235243
NER,Niger,2022,,,,
NER,Niger,2023,,,,
NER,Niger,2024,,,,
NER,Niger,2025,,,,
NGA,Nigeria,1960,,,,
NGA,Nigeria,1961,,,,
NGA,Nigeria,1962,,,,
NGA,Nigeria,1963,,,,
NGA,Nigeria,1964,,,,
NGA,Nigeria,1965,,,,
NGA,Nigeria,1966,,,,
NGA,Nigeria,1967,,,,
NGA,Nigeria,1968,,,,
NGA,Nigeria,1969,,,,
NGA,Nigeria,1970,0.744583874202483,,0.0020850825663079,0.7466689567687909
NGA,Nigeria,1971,0.570453170827289,0.0079302286812323,0.0067169317639189,0.5851003312724401
NGA,Nigeria,1972,1.73540426995942,0.0117219265339003,0.0071610003701895,1.7542871968635099
NGA,Nigeria,1973,2.79133237194799,0.0111821882623815,0.0092485839219445,2.811763144132316
NGA,Nigeria,1974,26.9907856714977,0.0110105855196732,0.0113766519795778,27.013172908996953
NGA,Nigeria,1975,18.264625689521,0.0142086051239447,0.0234721950220156,18.30230648966696
NGA,Nigeria,1976,16.2579292072575,0.0066186327609061,0.0233358572708917,16.287883697289296
NGA,Nigeria,1977,20.412281031815,0.0100477842829305,0.0262406106550305,20.44856942675296
NGA,Nigeria,1978,16.4070585230072,0.0105051008095787,0.0305895349798055,16.448153158796586
NGA,Nigeria,1979,40.906778772599,0.0065999839868843,0.0454401447389477,40.958818901324825
NGA,Nigeria,1980,24.7025134759538,0.0070297410376989,0.0538457908356116,24.76338900782711
NGA,Nigeria,1981,3.90947139545585,0.0026863585440154,0.0176209808221895,3.9297787348220554
NGA,Nigeria,1982,1.57387573008516,0.0015491237949917,0.0081950603319637,1.5836199142121152
NGA,Nigeria,1983,4.62229786170895,0.0013354201688721,0.0441564474264562,4.667789729304278
NGA,Nigeria,1984,8.0029614407281,0.0020231314420434,0.0546480218244979,8.059632593994642
NGA,Nigeria,1985,9.36777496664601,0.0041670123640321,0.0638219422615765,9.435763921271619
NGA,Nigeria,1986,4.23930215420131,0.0044589950616107,0.0945316609664455,4.338292810229365
NGA,Nigeria,1987,8.76376619051025,0.0033779078587897,0.0893088359011094,8.856452934270148
NGA,Nigeria,1988,7.85120632984746,0.0025758063999537,0.0838523306835196,7.937634466930934
NGA,Nigeria,1989,19.9070837346417,0.0035354356847712,0.130982245242775,20.041601415569247
NGA,Nigeria,1990,21.9637183323591,0.0032752667398199,0.122506743855576,22.089500342954498
NGA,Nigeria,1991,14.3917349452664,0.0038952317181014,0.142400654945907,14.538030831930408
NGA,Nigeria,1992,17.3838477866202,0.0031060167342926,0.141771493467997,17.52872529682249
NGA,Nigeria,1993,28.7054393824039,0.0012424595594686,0.334653528360017,29.041335370323385
NGA,Nigeria,1994,18.6990486531124,0.0009571890318289,0.284984593313852,18.98499043545808
NGA,Nigeria,1995,16.2953221371822,0.0008455761163335,0.249609362907884,16.545777076206416
NGA,Nigeria,1996,16.7094356163404,0.0002543963794057,0.229376543029772,16.939066555749577
NGA,Nigeria,1997,14.538489437452,0.0002390832766692,0.222939191897664,14.761667712626334
NGA,Nigeria,1998,7.09759652792726,0.0002068555491218,0.165376593030192,7.263179976506574
NGA,Nigeria,1999,10.1094177919185,0.0001727063489231,0.207621907106723,10.317212405374146
NGA,Nigeria,2000,22.0499275524037,4.02063709273317e-05,0.564094593247378,22.614062352022007
NGA,Nigeria,2001,15.2354705757222,6.70645190902397e-05,0.726754459284971,15.96229209952626
NGA,Nigeria,2002,11.1446404443733,0.000481811735688,0.501989566605627,11.647111822714614
NGA,Nigeria,2003,12.1202192108891,0.000266977305556,0.778807998966763,12.899294187161418
NGA,Nigeria,2004,14.4183481253408,0.0002191572255001,0.689215296398891,15.10778257896519
NGA,Nigeria,2005,17.695803965512,0.0001345616257104,0.287750139206183,17.98368866634389
NGA,Nigeria,2006,14.8803763188218,0.0001081285095256,0.732425679471773,15.612910126803097
NGA,Nigeria,2007,13.8343651228424,0.0003783124845786,0.757101200988554,14.591844636315532
NGA,Nigeria,2008,15.529944090028,0.0009296096354736,0.749813672501435,16.28068737216491
NGA,Nigeria,2009,8.67398818858118,0.0003816725797867,0.522028083602619,9.196397944763586
NGA,Nigeria,2010,12.0986066267503,0.0006237720302393,0.620085796949933,12.719316195730473
NGA,Nigeria,2011,15.5113433318503,0.0005964587795861,0.95137055258512,16.463310343215007
NGA,Nigeria,2012,13.0904727134596,0.0005441244250987,0.944828584323691,14.035845422208391
NGA,Nigeria,2013,9.88011499667836,0.0003587942632094,0.707231138877851,10.587704929819422
NGA,Nigeria,2014,7.0738580847829,0.000247381085254,0.706958402345768,7.781063868213922
NGA,Nigeria,2015,2.78345150643408,0.0002256107808246,0.606650567592808,3.3903276848077124
NGA,Nigeria,2016,2.68429043488445,0.0003152419820836,0.482590199613052,3.167195876479586
NGA,Nigeria,2017,5.47262882301734,0.0004466789600321,0.679652469225142,6.1527279712025145
NGA,Nigeria,2018,7.69068153465603,0.0004414315722529,0.968367262124034,8.659490228352317
NGA,Nigeria,2019,6.51475056054778,0.0003441901707943,0.855086670258244,7.370181420976818
NGA,Nigeria,2020,3.31241719212516,0.0002399117758831,0.66919749440088,3.981854598301923
NGA,Nigeria,2021,6.24674969005013,0.0004784316388258,1.16400248668311,7.411230608372066
NGA,Nigeria,2022,,,,
NGA,Nigeria,2023,,,,
NGA,Nigeria,2024,,,,
NGA,Nigeria,2025,,,,
NIC,Nicaragua,1960,,,,
NIC,Nicaragua,1961,,,,
NIC,Nicaragua,1962,,,,
NIC,Nicaragua,1963,,,,
NIC,Nicaragua,1964,,,,
NIC,Nicaragua,1965,,,,
NIC,Nicaragua,1966,,,,
NIC,Nicaragua,1967,,,,
NIC,Nicaragua,1968,,,,
NIC,Nicaragua,1969,,,,
NIC,Nicaragua,1970,,,,
NIC,Nicaragua,1971,0.0,0.0,0.0,0.0
NIC,Nicaragua,1972,0.0,0.0,0.0,0.0
NIC,Nicaragua,1973,0.0,0.0,0.0,0.0
NIC,Nicaragua,1974,0.0,0.0,0.0,0.0
NIC,Nicaragua,1975,0.0,0.0,0.0,0.0
NIC,Nicaragua,1976,0.0,0.0,0.0,0.0
NIC,Nicaragua,1977,0.0,0.0,0.0,0.0
NIC,Nicaragua,1978,0.0,0.0,0.0,0.0
NIC,Nicaragua,1979,0.0,0.0,0.0,0.0
NIC,Nicaragua,1980,0.0,0.0,0.0,0.0
NIC,Nicaragua,1981,0.0,0.0,0.0,0.0
NIC,Nicaragua,1982,0.0,0.0,0.0,0.0
NIC,Nicaragua,1983,0.0,0.0,0.0,0.0
NIC,Nicaragua,1984,0.0,0.0,0.0,0.0
NIC,Nicaragua,1985,0.0,0.0,0.0,0.0
NIC,Nicaragua,1986,0.0,0.0,0.0,0.0
NIC,Nicaragua,1987,0.0,0.0,0.0,0.0
NIC,Nicaragua,1988,0.0,0.0,0.0,0.0
NIC,Nicaragua,1989,0.0,0.0,0.0,0.0
NIC,Nicaragua,1990,0.0,0.0,0.0,0.0
NIC,Nicaragua,1991,0.0,0.0,0.0,0.0
NIC,Nicaragua,1992,0.0,0.0,0.0,0.0
NIC,Nicaragua,1993,0.0,0.0,0.0,0.0
NIC,Nicaragua,1994,0.0,0.0,0.0,0.0
NIC,Nicaragua,1995,0.0,0.0,0.0,0.0
NIC,Nicaragua,1996,0.0,0.0,0.0,0.0
NIC,Nicaragua,1997,0.0,0.0,0.0,0.0
NIC,Nicaragua,1998,0.0,0.0,0.0,0.0
NIC,Nicaragua,1999,0.0,0.0,0.0,0.0
NIC,Nicaragua,2000,0.0,0.0,0.0,0.0
NIC,Nicaragua,2001,0.0,0.0,0.0,0.0
NIC,Nicaragua,2002,0.0,0.0,0.0,0.0
NIC,Nicaragua,2003,0.0,0.0,0.0,0.0
NIC,Nicaragua,2004,0.0,0.0,0.0,0.0
NIC,Nicaragua,2005,0.0,0.0,0.0,0.0
NIC,Nicaragua,2006,0.0,0.0,0.0,0.0
NIC,Nicaragua,2007,0.0,0.0,0.0,0.0
NIC,Nicaragua,2008,0.241718443242608,0.0,0.0,0.241718443242608
NIC,Nicaragua,2009,0.136614559984771,0.0,0.0,0.136614559984771
NIC,Nicaragua,2010,0.0252340770771501,0.0,0.0,0.0252340770771501
NIC,Nicaragua,2011,0.0519123138385869,0.0,0.0,0.0519123138385869
NIC,Nicaragua,2012,0.0462955853539498,0.0,0.0,0.0462955853539498
NIC,Nicaragua,2013,0.0404742289870495,0.0,0.0,0.0404742289870495
NIC,Nicaragua,2014,0.0340990650048295,0.0,0.0,0.0340990650048295
NIC,Nicaragua,2015,0.0,0.0,0.0,0.0
NIC,Nicaragua,2016,0.0076947579467499,0.0,0.0,0.0076947579467499
NIC,Nicaragua,2017,0.0128520280376942,0.0,0.0,0.0128520280376942
NIC,Nicaragua,2018,0.0215824227322452,0.0,0.0,0.0215824227322452
NIC,Nicaragua,2019,0.0178636683851291,0.0,0.0,0.0178636683851291
NIC,Nicaragua,2020,0.0084343580954292,0.0,0.0,0.0084343580954292
NIC,Nicaragua,2021,0.0205645534300319,0.0,0.0,0.0205645534300319
NIC,Nicaragua,2022,,,,
NIC,Nicaragua,2023,,,,
NIC,Nicaragua,2024,,,,
NIC,Nicaragua,2025,,,,
NLD,Netherlands,1960,,,,
NLD,Netherlands,1961,,,,
NLD,Netherlands,1962,,,,
NLD,Netherlands,1963,,,,
NLD,Netherlands,1964,,,,
NLD,Netherlands,1965,,,,
NLD,Netherlands,1966,,,,
NLD,Netherlands,1967,,,,
NLD,Netherlands,1968,,,,
NLD,Netherlands,1969,,,,
NLD,Netherlands,1970,0.0037288922211001,0.0,0.187627040682771,0.1913559329038711
NLD,Netherlands,1971,0.0105197798987112,0.0002410449603204,0.278792121900835,0.28955294675986665
NLD,Netherlands,1972,0.0119800468109578,0.0001893175819687,0.41998433826706,0.4321537026599865
NLD,Netherlands,1973,0.0155183279142982,0.0001189438275857,0.32010954808458,0.33574681982646387
NLD,Netherlands,1974,0.0758363178483783,0.000112008698046,0.987235252309747,1.0631835788561712
NLD,Netherlands,1975,0.0592830338812027,0.0,1.35461366298042,1.4138966968616227
NLD,Netherlands,1976,0.057142654858118,0.0,1.39336920206056,1.450511856918678
NLD,Netherlands,1977,0.0525942534791969,0.0,1.20957920658852,1.262173460067717
NLD,Netherlands,1978,0.0441130666922606,0.0,0.982390383284719,1.0265034499769796
NLD,Netherlands,1979,0.0880124084237036,0.0,1.50851733165945,1.5965297400831535
NLD,Netherlands,1980,0.0991602713339389,0.0,1.84751073298612,1.9466710043200588
NLD,Netherlands,1981,0.0998527388759243,0.0,1.33474372870246,1.4345964675783842
NLD,Netherlands,1982,0.0789326603045302,0.0,0.546036473708636,0.6249691340131661
NLD,Netherlands,1983,0.16750131553101,0.0,1.0457734474145,1.21327476294551
NLD,Netherlands,1984,0.21908064826428,0.0,1.12244317438002,1.3415238226443
NLD,Netherlands,1985,0.269599275870849,0.0,1.07198897537057,1.341588251241419
NLD,Netherlands,1986,0.09472777125738,0.0,0.712019364121164,0.8067471353785439
NLD,Netherlands,1987,0.115679936555752,0.0,0.307356225751946,0.42303616230769797
NLD,Netherlands,1988,0.0750961021774671,0.0,0.224200461485898,0.2992965636633651
NLD,Netherlands,1989,0.105830170311003,0.0,0.264955256621157,0.37078542693216
NLD,Netherlands,1990,0.123024890879415,0.0,0.340615242694369,0.463640133573784
NLD,Netherlands,1991,0.0536064393908414,0.0,0.265578115721853,0.31918455511269445
NLD,Netherlands,1992,0.0457012196410724,0.0,0.127838977285178,0.17354019692625042
NLD,Netherlands,1993,0.0424748831970111,0.0,0.299076540262906,0.34155142345991707
NLD,Netherlands,1994,0.045482278029272,0.0,0.256842367989298,0.30232464601857
NLD,Netherlands,1995,0.033702618174493,0.0,0.405396325147202,0.43909894332169497
NLD,Netherlands,1996,0.0387344513492524,0.0,0.443242674406277,0.4819771257555294
NLD,Netherlands,1997,0.0304655261421261,0.0,0.459155377773329,0.4896209039154551
NLD,Netherlands,1998,0.0074630304410427,0.0,0.0544001863523158,0.061863216793358496
NLD,Netherlands,1999,0.0203269079678711,0.0,0.0483883755868226,0.0687152835546937
NLD,Netherlands,2000,0.0428661703754643,0.0,0.343533262762868,0.3863994331383323
NLD,Netherlands,2001,0.0288835905371522,0.0,0.747341370036793,0.7762249605739452
NLD,Netherlands,2002,0.0447970205533278,0.0,0.505350536423084,0.5501475569764118
NLD,Netherlands,2003,0.0444408788956073,0.0,0.430352698895937,0.4747935777915443
NLD,Netherlands,2004,0.0482013400128872,0.0,0.395244249969581,0.4434455899824682
NLD,Netherlands,2005,0.0486888872963133,0.0,0.294878106120457,0.3435669934167703
NLD,Netherlands,2006,0.0474303353534585,0.0,0.607059769493383,0.6544901048468416
NLD,Netherlands,2007,0.0695823476637214,0.0,0.52120335320914,0.5907857008728614
NLD,Netherlands,2008,0.0767004716623707,0.0,0.963753121969128,1.0404535936314987
NLD,Netherlands,2009,0.0342324179411298,0.0,0.686149183988494,0.7203816019296239
NLD,Netherlands,2010,0.0313299442533534,0.0,0.728762153920343,0.7600920981736965
NLD,Netherlands,2011,0.0513023587099409,0.0,0.967144018557186,1.0184463772671268
NLD,Netherlands,2012,0.0544334924427504,0.0,1.07545709194109,1.1298905843838403
NLD,Netherlands,2013,0.0489230990645562,0.0,1.06858270146467,1.1175058005292262
NLD,Netherlands,2014,0.0610565682264859,0.0,0.625839472123598,0.6868960403500839
NLD,Netherlands,2015,0.0277934109206209,0.0,0.409802071791948,0.4375954827125689
NLD,Netherlands,2016,0.0142927116318486,0.0,0.229978465875855,0.2442711775077036
NLD,Netherlands,2017,0.0205884596366125,0.0,0.257105896754391,0.2776943563910035
NLD,Netherlands,2018,0.0285323898225818,0.0,0.320392140389771,0.3489245302123528
NLD,Netherlands,2019,0.0211765776530471,0.0,0.192462763398317,0.2136393410513641
NLD,Netherlands,2020,0.0111244987898519,0.0,0.0687746204407482,0.0798991192306001
NLD,Netherlands,2021,0.024399192645775,0.0,0.312284681581925,0.3366838742277
NLD,Netherlands,2022,,,,
NLD,Netherlands,2023,,,,
NLD,Netherlands,2024,,,,
NLD,Netherlands,2025,,,,
NOR,Norway,1960,,,,
NOR,Norway,1961,,,,
NOR,Norway,1962,,,,
NOR,Norway,1963,,,,
NOR,Norway,1964,,,,
NOR,Norway,1965,,,,
NOR,Norway,1966,,,,
NOR,Norway,1967,,,,
NOR,Norway,1968,,,,
NOR,Norway,1969,,,,
NOR,Norway,1970,,0.0085935813931102,0.0,0.0085935813931102
NOR,Norway,1971,0.0057164004468347,0.0086836275236957,0.0066367120241021,0.0210367399946325
NOR,Norway,1972,0.0389789106875158,0.0073752612182408,0.0120437777051807,0.058397949610937305
NOR,Norway,1973,0.0529198330230973,0.0058263369943539,0.0103010553990721,0.0690472254165233
NOR,Norway,1974,0.28685137660801,0.0103266122134586,0.0340969301208647,0.3312749189423333
NOR,Norway,1975,1.19535280878629,0.0210016639384372,0.0497926836736527,1.2661471563983797
NOR,Norway,1976,1.75797761239712,0.0311351071606554,0.0559944256632773,1.8451071452210528
NOR,Norway,1977,1.65434243168867,0.0233433422680228,0.103535714300614,1.7812214882573065
NOR,Norway,1978,1.85916082584113,0.0169531788593868,0.538091717127153,2.41420572182767
NOR,Norway,1979,4.34647457860653,0.0115591874842365,1.15047994855836,5.508513714649126
NOR,Norway,1980,5.6752746570003,0.0085036634982487,1.70771948751378,7.391497808012328
NOR,Norway,1981,4.49310364538214,0.0180457759723958,1.14126304889567,5.652412470250206
NOR,Norway,1982,2.97425059785102,0.0213374909972518,0.524774829435701,3.5203629182839724
NOR,Norway,1983,4.90691426644312,0.0152851666517027,0.941380474785597,5.863579907880419
NOR,Norway,1984,5.76841668650316,0.0117780493461013,0.988565263283021,6.768759999132282
NOR,Norway,1985,6.08456118509164,0.009629323250276,0.835484394039454,6.929674902381369
NOR,Norway,1986,2.1644132909421,0.0044142019278528,0.738810424576747,2.9076379174466997
NOR,Norway,1987,3.36318065072751,0.0029444051778874,0.340335534988503,3.7064605908939003
NOR,Norway,1988,2.71684171463548,4.74613344638537e-05,0.280333591557995,2.997222767527939
NOR,Norway,1989,5.7682743263294,8.77591678006498e-05,0.306398919121662,6.074761004618862
NOR,Norway,1990,7.38778559694277,0.0013287377691992,0.371596575304196,7.760710910016165
NOR,Norway,1991,4.08595620770174,0.0012743912031463,0.257283968549398,4.344514567454284
NOR,Norway,1992,4.72988779950069,0.0007140549117805,0.136496728960407,4.8670985833728775
NOR,Norway,1993,5.26252270326991,0.0001040295471683,0.308154036854618,5.570780769671696
NOR,Norway,1994,5.00755972112755,0.0001521095955943,0.305296079703074,5.313007910426218
NOR,Norway,1995,5.03140095731558,0.0004956230700868,0.489092475439507,5.520989055825174
NOR,Norway,1996,7.37375599562261,0.0002482328974412,0.587601100844924,7.961605329364975
NOR,Norway,1997,5.89130932999415,0.0002119898270413,0.723471313949213,6.614992633770404
NOR,Norway,1998,1.83600242485291,0.0002166557165856,0.0993953934597692,1.935614474029265
NOR,Norway,1999,5.22432027600053,2.69160994134634e-05,0.0995255032194957,5.323872695319438
NOR,Norway,2000,11.563574057982,0.0006868320300199,0.679904114559037,12.244165004571057
NOR,Norway,2001,8.3238485310557,0.006708969293521,1.48859968754872,9.819157187897943
NOR,Norway,2002,7.51237284652343,0.0029223855920247,1.24076789974642,8.756063131861875
NOR,Norway,2003,7.33585281468421,0.003743267688378,1.29552036796538,8.635116450337968
NOR,Norway,2004,8.3587259592575,0.0245300406476059,1.08040519257243,9.463661192477536
NOR,Norway,2005,9.62679537974438,0.0073823124488355,0.820750880317894,10.45492857251111
NOR,Norway,2006,9.19503274522247,0.0112032034829543,1.64947339703,10.855709345735425
NOR,Norway,2007,7.98287863833131,0.0262338956782607,1.50336052705427,9.51247306106384
NOR,Norway,2008,9.87352536152341,0.0621317157696806,2.61547062464106,12.55112770193415
NOR,Norway,2009,5.99263870550393,0.0172755566331691,2.31051856857528,8.32043283071238
NOR,Norway,2010,5.61799364871918,0.0213595659401432,1.91715331956751,7.556506534226833
NOR,Norway,2011,7.50443616793107,0.0163198243427435,2.41175101682902,9.932507009102833
NOR,Norway,2012,6.46713141316121,0.006773704007227,2.79793704881972,9.271842165988158
NOR,Norway,2013,5.54926522150093,0.0057000048196468,2.53697378296224,8.091939009282816
NOR,Norway,2014,5.54233636695862,0.0052446870046392,1.90179376677279,7.449374820736049
NOR,Norway,2015,3.14606557734506,0.0038804476228649,1.95702125326246,5.106967278230385
NOR,Norway,2016,2.60460301891109,0.0033766040855692,1.2124850625234,3.8204646855200597
NOR,Norway,2017,3.63541371456372,0.0006683856135104,1.65858536349106,5.29466746366829
NOR,Norway,2018,4.96722177394478,0.0008236266703394,2.37284790629379,7.340893306908908
NOR,Norway,2019,4.53800306780214,0.000523832286015,1.68596945226407,6.224496352352224
NOR,Norway,2020,3.22981815901586,0.0002809732126369,0.91000200178554,4.140101134014037
NOR,Norway,2021,6.06347788332955,0.0007581754590275,3.94366899283053,10.007905051619106
NOR,Norway,2022,,,,
NOR,Norway,2023,,,,
NOR,Norway,2024,,,,
NOR,Norway,2025,,,,
NPL,Nepal,1960,,,,
NPL,Nepal,1961,,,,
NPL,Nepal,1962,,,,
NPL,Nepal,1963,,,,
NPL,Nepal,1964,,,,
NPL,Nepal,1965,,,,
NPL,Nepal,1966,,,,
NPL,Nepal,1967,,,,
NPL,Nepal,1968,,,,
NPL,Nepal,1969,,,,
NPL,Nepal,1970,,,,
NPL,Nepal,1971,0.0,0.0,0.0,0.0
NPL,Nepal,1972,0.0,0.0,0.0,0.0
NPL,Nepal,1973,0.0,0.0,0.0,0.0
NPL,Nepal,1974,0.0,0.0,0.0,0.0
NPL,Nepal,1975,0.0,0.0,0.0,0.0
NPL,Nepal,1976,0.0,0.0,0.0,0.0
NPL,Nepal,1977,0.0,0.0,0.0,0.0
NPL,Nepal,1978,0.0,0.0,0.0,0.0
NPL,Nepal,1979,0.0,0.0,0.0,0.0
NPL,Nepal,1980,0.0,0.0,0.0,0.0
NPL,Nepal,1981,0.0,0.0,0.0,0.0
NPL,Nepal,1982,0.0,0.0,0.0,0.0
NPL,Nepal,1983,0.0,0.0,0.0,0.0
NPL,Nepal,1984,0.0,0.0,0.0,0.0
NPL,Nepal,1985,0.0,0.0,0.0,0.0
NPL,Nepal,1986,0.0,0.0,0.0,0.0
NPL,Nepal,1987,0.0,0.0,0.0,0.0
NPL,Nepal,1988,0.0,0.0,0.0,0.0
NPL,Nepal,1989,0.0,0.0,0.0,0.0
NPL,Nepal,1990,0.0,0.0,0.0,0.0
NPL,Nepal,1991,0.0,0.0,0.0,0.0
NPL,Nepal,1992,0.0,0.0,0.0,0.0
NPL,Nepal,1993,0.0,0.0,0.0,0.0
NPL,Nepal,1994,0.0,0.0,0.0,0.0
NPL,Nepal,1995,0.0,0.0,0.0,0.0
NPL,Nepal,1996,0.0,0.0,0.0,0.0
NPL,Nepal,1997,0.0,0.0,0.0,0.0
NPL,Nepal,1998,0.0,0.0,0.0,0.0
NPL,Nepal,1999,0.0,0.0,0.0,0.0
NPL,Nepal,2000,0.0,0.0036195712070021,0.0,0.0036195712070021
NPL,Nepal,2001,0.0,0.0030875211130769,0.0,0.0030875211130769
NPL,Nepal,2002,0.0,0.0026007696963569,0.0,0.0026007696963569
NPL,Nepal,2003,0.0,0.0023546752098633,0.0,0.0023546752098633
NPL,Nepal,2004,0.0,0.0048826057325937,0.0,0.0048826057325937
NPL,Nepal,2005,0.0,0.0047790390127327,0.0,0.0047790390127327
NPL,Nepal,2006,0.0,0.0078452261156711,0.0,0.0078452261156711
NPL,Nepal,2007,0.0,0.0066486950048122,0.0,0.0066486950048122
NPL,Nepal,2008,0.0,0.0123667547612362,0.0,0.0123667547612362
NPL,Nepal,2009,0.0,0.0061701418760256,0.0,0.0061701418760256
NPL,Nepal,2010,0.0,0.0078338999279562,0.0,0.0078338999279562
NPL,Nepal,2011,0.0,0.0076489297530097,0.0,0.0076489297530097
NPL,Nepal,2012,0.0,0.0057322551658517,0.0,0.0057322551658517
NPL,Nepal,2013,0.0,0.004958637066494,0.0,0.004958637066494
NPL,Nepal,2014,0.0,0.0043466207673777,0.0,0.0043466207673777
NPL,Nepal,2015,0.0,0.0033106740353512,0.0,0.0033106740353512
NPL,Nepal,2016,0.0,0.00369891103745,0.0,0.00369891103745
NPL,Nepal,2017,0.0,0.0045554497433397,0.0,0.0045554497433397
NPL,Nepal,2018,0.0,0.0050520223337201,0.0,0.0050520223337201
NPL,Nepal,2019,0.0,0.0038213736882493,0.0,0.0038213736882493
NPL,Nepal,2020,0.0,0.0032349277959954,0.0,0.0032349277959954
NPL,Nepal,2021,0.0,0.0060622659539092,0.0,0.0060622659539092
NPL,Nepal,2022,,,,
NPL,Nepal,2023,,,,
NPL,Nepal,2024,,,,
NPL,Nepal,2025,,,,
NRU,Naoero,1960,,,,
NRU,Naoero,1961,,,,
NRU,Naoero,1962,,,,
NRU,Naoero,1963,,,,
NRU,Naoero,1964,,,,
NRU,Naoero,1965,,,,
NRU,Naoero,1966,,,,
NRU,Naoero,1967,,,,
NRU,Naoero,1968,,,,
NRU,Naoero,1969,,,,
NRU,Naoero,1970,,,,
NRU,Naoero,1971,,,,
NRU,Naoero,1972,,,,
NRU,Naoero,1973,,,,
NRU,Naoero,1974,,,,
NRU,Naoero,1975,,,,
NRU,Naoero,1976,,,,
NRU,Naoero,1977,,,,
NRU,Naoero,1978,,,,
NRU,Naoero,1979,,,,
NRU,Naoero,1980,,,,
NRU,Naoero,1981,,,,
NRU,Naoero,1982,,,,
NRU,Naoero,1983,,,,
NRU,Naoero,1984,,,,
NRU,Naoero,1985,,,,
NRU,Naoero,1986,,,,
NRU,Naoero,1987,,,,
NRU,Naoero,1988,,,,
NRU,Naoero,1989,,,,
NRU,Naoero,1990,,,,
NRU,Naoero,1991,,,,
NRU,Naoero,1992,,,,
NRU,Naoero,1993,,,,
NRU,Naoero,1994,,,,
NRU,Naoero,1995,,,,
NRU,Naoero,1996,,,,
NRU,Naoero,1997,,,,
NRU,Naoero,1998,,,,
NRU,Naoero,1999,,,,
NRU,Naoero,2000,,,,
NRU,Naoero,2001,,,,
NRU,Naoero,2002,,,,
NRU,Naoero,2003,,,,
NRU,Naoero,2004,,,,
NRU,Naoero,2005,,,,
NRU,Naoero,2006,,,,
NRU,Naoero,2007,,,,
NRU,Naoero,2008,,,,
NRU,Naoero,2009,,,,
NRU,Naoero,2010,,,,
NRU,Naoero,2011,,,,
NRU,Naoero,2012,,,,
NRU,Naoero,2013,0.0,,0.0,0.0
NRU,Naoero,2014,0.0,,0.0,0.0
NRU,Naoero,2015,0.0,,0.0,0.0
NRU,Naoero,2016,0.0,,0.0,0.0
NRU,Naoero,2017,0.0,,0.0,0.0
NRU,Naoero,2018,0.0,,0.0,0.0
NRU,Naoero,2019,0.0,,0.0,0.0
NRU,Naoero,2020,0.0,,0.0,0.0
NRU,Naoero,2021,0.0,,0.0,0.0
NRU,Naoero,2022,,,,
NRU,Naoero,2023,,,,
NRU,Naoero,2024,,,,
NRU,Naoero,2025,,,,
NZL,New Zealand,1960,,,,
NZL,New Zealand,1961,,,,
NZL,New Zealand,1962,,,,
NZL,New Zealand,1963,,,,
NZL,New Zealand,1964,,,,
NZL,New Zealand,1965,,,,
NZL,New Zealand,1966,,,,
NZL,New Zealand,1967,,,,
NZL,New Zealand,1968,,,,
NZL,New Zealand,1969,,,,
NZL,New Zealand,1970,,,,
NZL,New Zealand,1971,0.0011480468796901,0.0044078965332915,0.002298696180437,0.007854639593418599
NZL,New Zealand,1972,0.0043966902883498,0.004439127076121,0.0064685862964969,0.0153044036609677
NZL,New Zealand,1973,0.011917421577411,0.0067126492882157,0.0089151455461964,0.0275452164118231
NZL,New Zealand,1974,0.0831944819036464,0.0519651607276772,0.0437873081927048,0.1789469508240284
NZL,New Zealand,1975,0.100285518600237,0.181051322109879,0.0921510902050902,0.3734879309152062
NZL,New Zealand,1976,0.275955799881073,0.1788697626675,0.215317914390993,0.670143476939566
NZL,New Zealand,1977,0.386925178989264,0.153484558746466,0.301504599527084,0.841914337262814
NZL,New Zealand,1978,0.269346314260152,0.0939212651635544,0.269013048653246,0.6322806280769524
NZL,New Zealand,1979,0.377231726500989,0.0705418197090678,0.226473492472121,0.6742470386821778
NZL,New Zealand,1980,0.343456553412476,0.126018700137297,0.181890009083689,0.651365262633462
NZL,New Zealand,1981,0.357009799321799,0.214182889112231,0.0887253866558758,0.6599180750899057
NZL,New Zealand,1982,0.376108767022231,0.234068534759696,0.0536539427581969,0.6638312445401239
NZL,New Zealand,1983,0.428301473661285,0.139843553026591,0.116551917638465,0.684696944326341
NZL,New Zealand,1984,0.609034924104481,0.119095530066355,0.214608451802994,0.94273890597383
NZL,New Zealand,1985,0.749820912697048,0.115534466170299,0.308269125077081,1.173624503944428
NZL,New Zealand,1986,0.314820645805043,0.0520548495175689,0.462484518445445,0.8293600137680569
NZL,New Zealand,1987,0.337507720653316,0.0116283113211446,0.295920548148611,0.6450565801230717
NZL,New Zealand,1988,0.271055261498928,0.0203046936693782,0.239771517692074,0.5311314728603802
NZL,New Zealand,1989,0.445800866432559,0.0382051188861164,0.282874952365328,0.7668809376840033
NZL,New Zealand,1990,0.603822307255642,0.0387777276902437,0.363191075660817,1.0057911106067028
NZL,New Zealand,1991,0.385349735576981,0.0403104817232841,0.351734092859848,0.7773943101601131
NZL,New Zealand,1992,0.40879460628373,0.0347860463739671,0.413470498241587,0.8570511508992841
NZL,New Zealand,1993,0.374716724926812,0.0179837783318941,0.422783529280981,0.815484032539687
NZL,New Zealand,1994,0.256298823328335,0.0077108075472322,0.378063285137816,0.6420729160133831
NZL,New Zealand,1995,0.208650223142853,0.02344342103635,0.321191744567059,0.553285388746262
NZL,New Zealand,1996,0.319966777938508,0.0167401602660161,0.390643652760791,0.7273505909653151
NZL,New Zealand,1997,0.384457081951756,0.0138341599598687,0.459082598431121,0.8573738403427457
NZL,New Zealand,1998,0.169233561075115,0.0213047069092806,0.346477610957549,0.5370158789419446
NZL,New Zealand,1999,0.258126851839409,0.0125625987987789,0.422735774189358,0.6934252248275459
NZL,New Zealand,2000,0.520025634346264,0.027335482931185,0.772533985252861,1.31989510253031
NZL,New Zealand,2001,0.333507075013648,0.0695684221761093,0.723273881016931,1.1263493782066885
NZL,New Zealand,2002,0.303997253208924,0.0507879701521111,0.483237932251309,0.8380231556123441
NZL,New Zealand,2003,0.200234078312301,0.0290566144094623,0.350848212212797,0.5801389049345603
NZL,New Zealand,2004,0.211058993281138,0.0811835089170043,0.308753759135773,0.6009962613339153
NZL,New Zealand,2005,0.278111552185467,0.103598332435624,0.262193836171953,0.643903720793044
NZL,New Zealand,2006,0.278552388345492,0.12993003806763,0.245663011673657,0.654145438086779
NZL,New Zealand,2007,0.506514577589481,0.0709625941558605,0.211060317270213,0.7885374890155545
NZL,New Zealand,2008,1.05778347154292,0.319784688769179,0.226628534151768,1.6041966944638668
NZL,New Zealand,2009,0.544779024480274,0.153723685036484,0.250322841303481,0.948825550820239
NZL,New Zealand,2010,0.660975990307668,0.20750694875161,0.2438841728747,1.112367111933978
NZL,New Zealand,2011,0.77791212195698,0.246103790643507,0.212996832549146,1.237012745149633
NZL,New Zealand,2012,0.607739113456127,0.123873930791891,0.212958954478484,0.944571998726502
NZL,New Zealand,2013,0.453082035859237,0.0670833164312877,0.203838462621952,0.7240038149124768
NZL,New Zealand,2014,0.427387592230975,0.0417798979558715,0.279204464595017,0.7483719547818635
NZL,New Zealand,2015,0.196512069556291,0.0230559013337265,0.318725269522909,0.5382932404129266
NZL,New Zealand,2016,0.127171106470809,0.0214309623807079,0.229710795872046,0.3783128647235629
NZL,New Zealand,2017,0.150386335561469,0.028685250841757,0.215964024290082,0.39503561069330795
NZL,New Zealand,2018,0.174430202025453,0.0353255664680367,0.277834411287836,0.4875901797813257
NZL,New Zealand,2019,0.12988820598752,0.0277129818164676,0.295210632582245,0.4528118203862326
NZL,New Zealand,2020,0.0439077405671644,0.0194952178038486,0.231004223323853,0.294407181694866
NZL,New Zealand,2021,0.102256581182383,0.0306624632958425,0.294661482258359,0.4275805267365845
NZL,New Zealand,2022,,,,
NZL,New Zealand,2023,,,,
NZL,New Zealand,2024,,,,
NZL,New Zealand,2025,,,,
OMN,Oman,1960,,,,
OMN,Oman,1961,,,,
OMN,Oman,1962,,,,
OMN,Oman,1963,,,,
OMN,Oman,1964,,,,
OMN,Oman,1965,,,,
OMN,Oman,1966,,,,
OMN,Oman,1967,,,,
OMN,Oman,1968,,,,
OMN,Oman,1969,,,,
OMN,Oman,1970,43.4488291702311,,0.0,43.4488291702311
OMN,Oman,1971,43.5468374447573,0.0,0.0,43.5468374447573
OMN,Oman,1972,43.7574402568,0.0,0.0,43.7574402568
OMN,Oman,1973,51.7768701876827,0.0,0.0,51.7768701876827
OMN,Oman,1974,63.723577167643,0.0,0.0,63.723577167643
OMN,Oman,1975,58.2532208951386,0.0,0.0,58.2532208951386
OMN,Oman,1976,56.0736509431069,0.0,0.0,56.0736509431069
OMN,Oman,1977,52.3007724748365,0.0,0.0,52.3007724748365
OMN,Oman,1978,49.3783439087918,0.0,0.23498775034632,49.61333165913812
OMN,Oman,1979,79.2807414922271,0.0,0.458544199828265,79.73928569205536
OMN,Oman,1980,54.9888356030285,0.0,0.434286927638439,55.42312253066694
OMN,Oman,1981,46.6170456761006,0.0,0.36229868426439,46.97934436036499
OMN,Oman,1982,37.5141492944712,0.0,0.16642461298414,37.68057390745534
OMN,Oman,1983,41.0902547500145,0.0,0.597694624787102,41.687949374801605
OMN,Oman,1984,38.8599320861153,0.0,0.442334343051872,39.302266429167176
OMN,Oman,1985,40.0357823978528,0.0,0.439876654080647,40.47565905193345
OMN,Oman,1986,30.4656609703086,0.0,0.817997164850998,31.283658135159598
OMN,Oman,1987,40.9126836626402,0.0,0.770711851931452,41.68339551457165
OMN,Oman,1988,33.8811369411923,0.0,0.668620482774323,34.549757423966625
OMN,Oman,1989,44.3572211516765,0.0,0.793328439356494,45.15054959103299
OMN,Oman,1990,49.6173962343468,0.0,0.708664530666467,50.32606076501327
OMN,Oman,1991,31.7780235003255,0.0,0.760529501298545,32.538553001624045
OMN,Oman,1992,31.7405798958589,0.0,0.719331540260705,32.459911436119604
OMN,Oman,1993,31.4612344977031,0.0,0.897222149934688,32.35845664763779
OMN,Oman,1994,28.7489456153524,0.0,0.979676155525534,29.728621770877936
OMN,Oman,1995,30.8793481244036,0.0,0.968902504651822,31.84825062905542
OMN,Oman,1996,36.1991174614756,0.0,0.943907685845744,37.143025147321346
OMN,Oman,1997,32.0318310544737,0.0,1.1738087030327,33.2056397575064
OMN,Oman,1998,22.5419118763231,0.0,1.73317242646012,24.275084302783217
OMN,Oman,1999,31.1434378961453,0.0,1.17793947306719,32.32137736921249
OMN,Oman,2000,44.475781466106,0.0,1.95544231164374,46.43122377774974
OMN,Oman,2001,36.285347329679,0.0,3.37433221536619,39.659679545045186
OMN,Oman,2002,33.51317909328,0.0,3.00081952390751,36.51399861718751
OMN,Oman,2003,33.3255110511249,0.0,2.83911460251647,36.164625653641366
OMN,Oman,2004,36.7966643908859,0.0,2.88939866107243,39.68606305195833
OMN,Oman,2005,42.841561539357,0.0,3.43896048338828,46.28052202274528
OMN,Oman,2006,40.7520000982427,0.0,3.83739990543483,44.58940000367753
OMN,Oman,2007,37.7986997972135,0.0,3.56690047305781,41.365600270271315
OMN,Oman,2008,37.9131008037865,0.0,2.58617896745128,40.49927977123778
OMN,Oman,2009,30.5131215016084,0.0,3.44253307350361,33.95565457511201
OMN,Oman,2010,32.5688653439524,0.0,2.58478670992998,35.15365205388238
OMN,Oman,2011,40.4074409203453,0.0,2.70638988975639,43.11383081010169
OMN,Oman,2012,37.5396768679582,0.0,2.79525403477041,40.33493090272861
OMN,Oman,2013,35.9895065337986,0.0,2.80564328885222,38.795149822650814
OMN,Oman,2014,31.6791185960483,0.0,2.61536016043644,34.29447875648474
OMN,Oman,2015,18.8680645519097,0.0,2.20871236883756,21.07677692074726
OMN,Oman,2016,16.2724873177614,0.0,1.7770747170444,18.0495620348058
OMN,Oman,2017,19.3050063067708,0.0,2.04633987256907,21.35134617933987
OMN,Oman,2018,23.7087990780384,0.0,3.3045927232868,27.0133918013252
OMN,Oman,2019,21.6117797561797,0.0,3.36669233100504,24.97847208718474
OMN,Oman,2020,14.994277961787,0.0,3.89069264786266,18.88497060964966
OMN,Oman,2021,23.5387435070386,0.0,5.67148047353265,29.21022398057125
OMN,Oman,2022,,,,
OMN,Oman,2023,,,,
OMN,Oman,2024,,,,
OMN,Oman,2025,,,,
PAK,Pakistan,1960,,,,
PAK,Pakistan,1961,,,,
PAK,Pakistan,1962,,,,
PAK,Pakistan,1963,,,,
PAK,Pakistan,1964,,,,
PAK,Pakistan,1965,,,,
PAK,Pakistan,1966,,,,
PAK,Pakistan,1967,,,,
PAK,Pakistan,1968,,,,
PAK,Pakistan,1969,,,,
PAK,Pakistan,1970,0.324810705961588,,0.286084047244452,0.61089475320604
PAK,Pakistan,1971,0.421186277575956,0.0257178191558243,0.256187583986445,0.7030916807182253
PAK,Pakistan,1972,0.389610805520855,0.0319733408310946,0.223796411618444,0.6453805579703935
PAK,Pakistan,1973,0.817752430933634,0.0525656005008357,0.393186468442781,1.2635044998772507
PAK,Pakistan,1974,3.91098969101427,0.0753378044257144,0.366706510099092,4.353034005539076
PAK,Pakistan,1975,3.73431996247341,0.13364121854475,0.43282495606401,4.30078613708217
PAK,Pakistan,1976,3.70308522535093,0.0939434094047155,0.432364255395891,4.229392890151536
PAK,Pakistan,1977,3.98283274916567,0.09692466285582,0.464722313261185,4.544479725282675
PAK,Pakistan,1978,3.55833110476852,0.0707574649529701,0.287720587005888,3.9168091567273784
PAK,Pakistan,1979,8.68153657339598,0.0727138047229611,0.238632114969691,8.992882493088633
PAK,Pakistan,1980,0.608067628391009,0.0998071966659108,0.414832880392151,1.1227077054490708
PAK,Pakistan,1981,0.445263335252003,0.129755808303983,0.0553337518960539,0.63035289545204
PAK,Pakistan,1982,0.305780402172892,0.137142822366657,0.0,0.442923224539549
PAK,Pakistan,1983,0.37929411711431,0.0805787731268041,0.201296467417763,0.6611693576588771
PAK,Pakistan,1984,0.385273994950384,0.0673258569826144,0.0695721981156022,0.5221720500486006
PAK,Pakistan,1985,0.851518487934904,0.0918914491823417,0.0745551722313354,1.017965109348581
PAK,Pakistan,1986,0.471893666903092,0.064461296434731,0.314974530767547,0.85132949410537
PAK,Pakistan,1987,0.627546251829285,0.0415602586697357,0.316268972292343,0.9853754827913637
PAK,Pakistan,1988,0.445922508923439,0.0583833853643481,0.211963220932514,0.716269115220301
PAK,Pakistan,1989,0.722043753242761,0.0633928427846024,0.425579591293374,1.2110161873207375
PAK,Pakistan,1990,1.21484685318654,0.0764821321664448,0.509832489039669,1.8011614743926538
PAK,Pakistan,1991,0.604785838863681,0.0720894577662194,0.355867740506191,1.0327430371360915
PAK,Pakistan,1992,0.566738014880155,0.0610634531222653,0.369116333039283,0.9969178010417032
PAK,Pakistan,1993,0.438293443851917,0.0445875717742327,0.37357897201113,0.8564599876372797
PAK,Pakistan,1994,0.405537823495565,0.0420669732210625,0.462961152344449,0.9105659490610765
PAK,Pakistan,1995,0.43607956088188,0.0694993763065574,0.488320152686289,0.9938990898747264
PAK,Pakistan,1996,0.521201638149299,0.0584266353715166,0.539939108577813,1.1195673820986287
PAK,Pakistan,1997,0.477123800065846,0.0449434789796401,0.516996203835465,1.039063482880951
PAK,Pakistan,1998,0.235044426782297,0.0412898239187601,0.590611201508659,0.8669454522097161
PAK,Pakistan,1999,0.410262653806964,0.0288989098158679,0.822703961461551,1.2618655250843829
PAK,Pakistan,2000,0.57523060801743,0.0294023180237195,1.06406108831938,1.6686940143605296
PAK,Pakistan,2001,0.499846315824726,0.0517410438117924,1.10586200793431,1.6574493675708284
PAK,Pakistan,2002,0.55283472801061,0.035974556751227,1.38103962241738,1.969848907179217
PAK,Pakistan,2003,0.522591846064124,0.035765161747124,1.42372959467998,1.9820866024912278
PAK,Pakistan,2004,0.661270328742457,0.105631310798181,1.53358885408368,2.300490493624318
PAK,Pakistan,2005,0.913653665209943,0.0834562245990744,1.74837050193472,2.7454803917437376
PAK,Pakistan,2006,0.883595451345289,0.0633889914136207,1.58009187746378,2.52707632022269
PAK,Pakistan,2007,0.947147229187945,0.0899951154742049,0.910234348934176,1.947376693596326
PAK,Pakistan,2008,1.0846584932923,0.156190732694083,0.816351312264696,2.057200538251079
PAK,Pakistan,2009,0.525570260608523,0.0671108211230262,1.02766760910678,1.620348690838329
PAK,Pakistan,2010,0.72864364053068,0.0949511696372946,1.06533599428264,1.8889308044506143
PAK,Pakistan,2011,1.01863575475154,0.0978910040824315,1.15135968525352,2.267886444087491
PAK,Pakistan,2012,1.0633112529615,0.0601665816498387,1.16061935619345,2.284097190804789
PAK,Pakistan,2013,1.06026413011729,0.0535736323775322,0.810320846360073,1.9241586088548952
PAK,Pakistan,2014,0.93400190583338,0.0475600073916129,0.804257582672484,1.785819495897477
PAK,Pakistan,2015,0.333804259360431,0.0392103536960419,0.640277340950594,1.0132919540070668
PAK,Pakistan,2016,0.187153081394228,0.0371350757558438,0.529799379684657,0.7540875368347287
PAK,Pakistan,2017,0.300559741011292,0.0463691812512946,0.578433998743213,0.9253629210057996
PAK,Pakistan,2018,0.443490416507805,0.0721555292760785,0.592895257258281,1.1085412030421646
PAK,Pakistan,2019,0.358191529536938,0.0786917241446841,0.705622138819343,1.1425053925009652
PAK,Pakistan,2020,0.159470063577414,0.0707443480836731,0.715021946350587,0.945236358011674
PAK,Pakistan,2021,0.380197434318265,0.121668638591279,0.736337565284813,1.2382036381943569
PAK,Pakistan,2022,,,,
PAK,Pakistan,2023,,,,
PAK,Pakistan,2024,,,,
PAK,Pakistan,2025,,,,
PAN,Panama,1960,,,,
PAN,Panama,1961,,,,
PAN,Panama,1962,,,,
PAN,Panama,1963,,,,
PAN,Panama,1964,,,,
PAN,Panama,1965,,,,
PAN,Panama,1966,,,,
PAN,Panama,1967,,,,
PAN,Panama,1968,,,,
PAN,Panama,1969,,,,
PAN,Panama,1970,,,,
PAN,Panama,1971,0.0,0.0,0.0,0.0
PAN,Panama,1972,0.0,0.0,0.0,0.0
PAN,Panama,1973,0.0,0.0,0.0,0.0
PAN,Panama,1974,0.0,0.0,0.0,0.0
PAN,Panama,1975,0.0,0.0,0.0,0.0
PAN,Panama,1976,0.0,0.0,0.0,0.0
PAN,Panama,1977,0.0,0.0,0.0,0.0
PAN,Panama,1978,0.0,0.0,0.0,0.0
PAN,Panama,1979,0.0,0.0,0.0,0.0
PAN,Panama,1980,0.0,0.0,0.0,0.0
PAN,Panama,1981,0.0,0.0,0.0,0.0
PAN,Panama,1982,0.0,0.0,0.0,0.0
PAN,Panama,1983,0.0,0.0,0.0,0.0
PAN,Panama,1984,0.0,0.0,0.0,0.0
PAN,Panama,1985,0.0,0.0,0.0,0.0
PAN,Panama,1986,0.0,0.0,0.0,0.0
PAN,Panama,1987,0.0,0.0,0.0,0.0
PAN,Panama,1988,0.0,0.0,0.0,0.0
PAN,Panama,1989,0.0,0.0,0.0,0.0
PAN,Panama,1990,0.0,0.0,0.0,0.0
PAN,Panama,1991,0.0,0.0,0.0,0.0
PAN,Panama,1992,0.0,0.0,0.0,0.0
PAN,Panama,1993,0.0,0.0,0.0,0.0
PAN,Panama,1994,0.0,0.0,0.0,0.0
PAN,Panama,1995,0.0,0.0,0.0,0.0
PAN,Panama,1996,0.0,0.0,0.0,0.0
PAN,Panama,1997,0.0,0.0,0.0,0.0
PAN,Panama,1998,0.0,0.0,0.0,0.0
PAN,Panama,1999,0.0,0.0,0.0,0.0
PAN,Panama,2000,0.0,0.0,0.0,0.0
PAN,Panama,2001,0.0,0.0,0.0,0.0
PAN,Panama,2002,0.0,0.0,0.0,0.0
PAN,Panama,2003,0.0,0.0,0.0,0.0
PAN,Panama,2004,0.0,0.0,0.0,0.0
PAN,Panama,2005,0.0,0.0,0.0,0.0
PAN,Panama,2006,0.0,0.0,0.0,0.0
PAN,Panama,2007,0.0,0.0,0.0,0.0
PAN,Panama,2008,0.0,0.0,0.0,0.0
PAN,Panama,2009,0.0,0.0,0.0,0.0
PAN,Panama,2010,0.0,0.0,0.0,0.0
PAN,Panama,2011,0.0,0.0,0.0,0.0
PAN,Panama,2012,0.0,0.0,0.0,0.0
PAN,Panama,2013,0.0148663619351819,0.0,0.0,0.0148663619351819
PAN,Panama,2014,0.0277938429371604,0.0,0.0,0.0277938429371604
PAN,Panama,2015,0.00371461934835,0.0,0.0,0.00371461934835
PAN,Panama,2016,0.0045778550895998,0.0,0.0,0.0045778550895998
PAN,Panama,2017,0.0,0.0,0.0,0.0
PAN,Panama,2018,0.0,0.0,0.0,0.0
PAN,Panama,2019,0.0,0.0,0.0,0.0
PAN,Panama,2020,0.0,0.0,0.0,0.0
PAN,Panama,2021,0.0,0.0,0.0,0.0
PAN,Panama,2022,,,,
PAN,Panama,2023,,,,
PAN,Panama,2024,,,,
PAN,Panama,2025,,,,
PER,Peru,1960,,,,
PER,Peru,1961,,,,
PER,Peru,1962,,,,
PER,Peru,1963,,,,
PER,Peru,1964,,,,
PER,Peru,1965,,,,
PER,Peru,1966,,,,
PER,Peru,1967,,,,
PER,Peru,1968,,,,
PER,Peru,1969,,,,
PER,Peru,1970,0.150304432391528,,0.0006427515360197,0.1509471839275477
PER,Peru,1971,0.189000016187519,0.0,0.0011383503082174,0.1901383664957364
PER,Peru,1972,0.207514874595296,0.0,0.0013260885265692,0.2088409631218652
PER,Peru,1973,0.338910086839485,2.28332924737211e-05,0.0013248827537368,0.3402578028856955
PER,Peru,1974,1.64923657903746,0.00071013099901,0.0094897412436146,1.6594364512800845
PER,Peru,1975,1.21962834802737,0.0016059176636695,0.017799056417098,1.2390333221081375
PER,Peru,1976,1.47549087952018,0.0014933346198636,0.0224965714119768,1.4994807855520202
PER,Peru,1977,1.63447304759415,0.0021614568942544,0.0022099065112185,1.638844410999623
PER,Peru,1978,3.45075495157518,0.0019934112348801,0.0074335909950079,3.4601819538050678
PER,Peru,1979,8.86881875190456,0.0015440166077947,0.0479367194060331,8.918299487918388
PER,Peru,1980,9.91195166574628,0.0037356975985625,0.133330907712036,10.049018271056879
PER,Peru,1981,6.82024918127284,0.0127342997380734,0.0833635366521819,6.916347017663095
PER,Peru,1982,4.13444340824906,0.010472345773119,0.0164195247777956,4.1613352787999744
PER,Peru,1983,6.2465288224448,0.0082125027550292,0.112035743733411,6.36677706893324
PER,Peru,1984,6.57960174250341,0.0061363578323134,0.123245675912431,6.708983776248155
PER,Peru,1985,6.71602531992587,0.0101802810502172,0.130806971951338,6.857012572927425
PER,Peru,1986,2.94682987318263,0.0056779188796962,0.12406302837034,3.076570820432666
PER,Peru,1987,3.1906968263384,0.0,0.0650634926498974,3.255760318988297
PER,Peru,1988,2.76589592812373,0.001634040920088,0.0717714917859841,2.8393014608298017
PER,Peru,1989,2.65765930840085,0.0030572676878363,0.0560116823328013,2.7167282584214876
PER,Peru,1990,3.13283320915742,0.0022816254593047,0.0282259554538611,3.163340790070586
PER,Peru,1991,1.17448848618291,0.0009579620993168,0.0170001791952997,1.1924466274775263
PER,Peru,1992,1.2179342533227,0.0007588731051515,0.0141706816635769,1.2328638080914285
PER,Peru,1993,1.30479276893617,0.0,0.0343792790208076,1.3391720479569775
PER,Peru,1994,0.994850062611212,0.0,0.0235705341051369,1.0184205967163489
PER,Peru,1995,0.921671598814834,0.0002880987856721,0.0163479111443391,0.9383076087448452
PER,Peru,1996,1.11407545596255,1.63561303760724e-05,0.0170270415573997,1.1311188536503258
PER,Peru,1997,0.909550276779091,0.0,0.0039786832517811,0.913528960030872
PER,Peru,1998,0.50318964076563,0.0,0.0054704571321185,0.5086600978977485
PER,Peru,1999,0.885131390279513,0.0,0.0087907266811201,0.8939221169606332
PER,Peru,2000,1.47089124400805,0.0,0.0128404214528288,1.4837316654608788
PER,Peru,2001,1.05261095605344,6.58831227251724e-05,0.0136618526548523,1.0663386918310174
PER,Peru,2002,1.02180114719449,0.0,0.0120529488613556,1.0338540960558456
PER,Peru,2003,1.07774091532319,7.11286015901435e-09,0.0101218305766864,1.0878627530127365
PER,Peru,2004,1.06753835340617,0.0007909968179411,0.014819540128034,1.0831488903521451
PER,Peru,2005,1.34041583277284,0.0008136967914133,0.0455535327521676,1.386783062316421
PER,Peru,2006,1.43686129313732,0.0019567827661501,0.0620325376535218,1.500850613556992
PER,Peru,2007,1.30152657637918,0.0033417427074192,0.0969856042215098,1.4018539233081089
PER,Peru,2008,1.51772504698259,0.0098841808858724,0.125348633260744,1.6529578611292066
PER,Peru,2009,0.697970782680752,0.005612741238721,0.130444390715236,0.8340279146347089
PER,Peru,2010,0.792083877152532,0.0028732169644857,0.157433236068114,0.9523903301851318
PER,Peru,2011,1.03123460325427,0.0064344876650262,0.47607012128038,1.5137392121996762
PER,Peru,2012,0.846764293465381,0.0046981160269931,0.468935749806255,1.3203981592986291
PER,Peru,2013,0.697556616786882,0.0032585113220827,0.504613783048346,1.2054289111573107
PER,Peru,2014,0.701848750280175,0.0027646917333029,0.482495638298715,1.1871090803121929
PER,Peru,2015,0.235255947792189,0.0026210095524561,0.252767387549924,0.4906443448945691
PER,Peru,2016,0.125482139363681,0.0030118798222283,0.119359528240305,0.2478535474262143
PER,Peru,2017,0.183583190148902,0.0041301663539903,0.134357001744173,0.3220703582470653
PER,Peru,2018,0.309747444730138,0.0032389838632573,0.297824249758661,0.6108106783520564
PER,Peru,2019,0.262076250939903,0.0019775148331628,0.325180505319842,0.5892342710929077
PER,Peru,2020,0.104811146749273,0.0012495015521715,0.178951972137191,0.2850126204386355
PER,Peru,2021,0.249104440244954,0.0024927182730362,0.258002993482149,0.5096001520001392
PER,Peru,2022,,,,
PER,Peru,2023,,,,
PER,Peru,2024,,,,
PER,Peru,2025,,,,
PHL,Philippines,1960,,,,
PHL,Philippines,1961,,,,
PHL,Philippines,1962,,,,
PHL,Philippines,1963,,,,
PHL,Philippines,1964,,,,
PHL,Philippines,1965,,,,
PHL,Philippines,1966,,,,
PHL,Philippines,1967,,,,
PHL,Philippines,1968,,,,
PHL,Philippines,1969,,,,
PHL,Philippines,1970,,,,
PHL,Philippines,1971,0.0,0.0001011294387139,0.0,0.0001011294387139
PHL,Philippines,1972,0.0,0.0001176315415822,0.0,0.0001176315415822
PHL,Philippines,1973,0.0,0.0001725126719724,0.0,0.0001725126719724
PHL,Philippines,1974,0.0,0.0009611100148849,0.0,0.0009611100148849
PHL,Philippines,1975,0.0,0.0060219967169326,0.0,0.0060219967169326
PHL,Philippines,1976,0.0,0.0061023775437763,0.0,0.0061023775437763
PHL,Philippines,1977,0.0,0.012807191499746,0.0,0.012807191499746
PHL,Philippines,1978,0.0,0.0081316527522545,0.0,0.0081316527522545
PHL,Philippines,1979,0.687768091805142,0.0067083660088738,0.0,0.6944764578140158
PHL,Philippines,1980,0.298025563754551,0.012272114128146,0.0,0.310297677882697
PHL,Philippines,1981,0.114392800953084,0.0200291123084291,0.0,0.1344219132615131
PHL,Philippines,1982,0.141007790266949,0.034373427081841,0.0,0.17538121734879
PHL,Philippines,1983,0.251796754055236,0.0358679514752278,0.0,0.2876647055304638
PHL,Philippines,1984,0.2120950352319,0.031485434832471,0.0,0.243580470064371
PHL,Philippines,1985,0.145385262325631,0.041602247981902,0.0,0.18698751030753302
PHL,Philippines,1986,0.0831561089283709,0.0227739169245668,0.0,0.1059300258529377
PHL,Philippines,1987,0.0683466246918075,0.0048559372858754,0.0,0.07320256197768289
PHL,Philippines,1988,0.0486124862888635,0.0124492147174172,0.0,0.0610617010062807
PHL,Philippines,1989,0.056637308911101,0.0160296774826108,0.0,0.0726669863937118
PHL,Philippines,1990,0.0673842755889314,0.0164235262366575,0.0,0.08380780182558889
PHL,Philippines,1991,0.0236527180965635,0.0153479087998934,0.0,0.0390006268964569
PHL,Philippines,1992,0.0655855357701965,0.0114830159074041,0.0,0.0770685516776006
PHL,Philippines,1993,0.0634476756612458,0.003856902212811,0.0,0.0673045778740568
PHL,Philippines,1994,0.0229908401686568,0.0030908945429755,0.0003199905505493,0.026401725262181597
PHL,Philippines,1995,0.0122620602147757,0.009089054974437,0.0002779402958468,0.0216290554850595
PHL,Philippines,1996,0.0047987924871754,0.0041790834456228,0.0004896933925065,0.0094675693253047
PHL,Philippines,1997,0.0037034398862424,0.002262580492098,0.0003109293193281,0.0062769496976685
PHL,Philippines,1998,0.002146031953046,0.0056060167417287,0.0004825820771037,0.008234630771878401
PHL,Philippines,1999,0.0037479554737241,0.0024675343580373,0.000355184812512,0.0065706746442734006
PHL,Philippines,2000,0.0104038241654931,0.0075243014100572,0.0008407411030208,0.018768866678571097
PHL,Philippines,2001,0.0144915389746712,0.0160221222310816,0.0107019940170264,0.0412156552227792
PHL,Philippines,2002,0.0953215148068828,0.0108959226384649,0.109402120912428,0.2156195583577757
PHL,Philippines,2003,0.0995952840686412,0.0115711742241458,0.203637427054306,0.314803885347093
PHL,Philippines,2004,0.120921357203037,0.067532240818793,0.198664386952604,0.38711798497443395
PHL,Philippines,2005,0.208173196873912,0.0477348222671089,0.234305446036162,0.4902134651771829
PHL,Philippines,2006,0.189561366939243,0.0337449921646886,0.164000003440187,0.3873063625441186
PHL,Philippines,2007,0.175523561601761,0.0645624841882037,0.154454254234892,0.39454030002485674
PHL,Philippines,2008,0.237100244347381,0.144234555171899,0.154156135874608,0.535490935393888
PHL,Philippines,2009,0.157110268663192,0.0692845741543917,0.154336054863015,0.3807308976805987
PHL,Philippines,2010,0.174056441360051,0.141497292534211,0.135702232896107,0.451255966790369
PHL,Philippines,2011,0.225427511195249,0.168097504910434,0.144806874906116,0.538331891011799
PHL,Philippines,2012,0.158243887624787,0.089523293632695,0.119117794440186,0.366884975697668
PHL,Philippines,2013,0.131161173186058,0.0552783685574472,0.0990805691189983,0.2855201108625035
PHL,Philippines,2014,0.135190051391655,0.0464954919979855,0.131768950998499,0.3134544943881395
PHL,Philippines,2015,0.0435510310012169,0.0279728252969464,0.13169808513133,0.2032219414294933
PHL,Philippines,2016,0.0331707917845771,0.0459804255789144,0.10602405844169,0.1851752758051815
PHL,Philippines,2017,0.0417218027567957,0.063378916996683,0.105639145946104,0.2107398656995827
PHL,Philippines,2018,0.0571201423493892,0.0696404953218149,0.166364708759932,0.2931253464311361
PHL,Philippines,2019,0.0343292239111028,0.0549027596736656,0.153193275613716,0.2424252591984844
PHL,Philippines,2020,0.0120548345049257,0.0455449547968138,0.115070223869134,0.1726700131708735
PHL,Philippines,2021,0.0341868982411901,0.0944068332804607,0.156099110143511,0.28469284166516184
PHL,Philippines,2022,,,,
PHL,Philippines,2023,,,,
PHL,Philippines,2024,,,,
PHL,Philippines,2025,,,,
PLW,Palau,1960,,,,
PLW,Palau,1961,,,,
PLW,Palau,1962,,,,
PLW,Palau,1963,,,,
PLW,Palau,1964,,,,
PLW,Palau,1965,,,,
PLW,Palau,1966,,,,
PLW,Palau,1967,,,,
PLW,Palau,1968,,,,
PLW,Palau,1969,,,,
PLW,Palau,1970,,,,
PLW,Palau,1971,,,,
PLW,Palau,1972,,,,
PLW,Palau,1973,,,,
PLW,Palau,1974,,,,
PLW,Palau,1975,,,,
PLW,Palau,1976,,,,
PLW,Palau,1977,,,,
PLW,Palau,1978,,,,
PLW,Palau,1979,,,,
PLW,Palau,1980,,,,
PLW,Palau,1981,,,,
PLW,Palau,1982,,,,
PLW,Palau,1983,,,,
PLW,Palau,1984,,,,
PLW,Palau,1985,,,,
PLW,Palau,1986,,,,
PLW,Palau,1987,,,,
PLW,Palau,1988,,,,
PLW,Palau,1989,,,,
PLW,Palau,1990,,,,
PLW,Palau,1991,,,,
PLW,Palau,1992,,,,
PLW,Palau,1993,,,,
PLW,Palau,1994,,,,
PLW,Palau,1995,,,,
PLW,Palau,1996,,,,
PLW,Palau,1997,,,,
PLW,Palau,1998,,,,
PLW,Palau,1999,,,,
PLW,Palau,2000,,,,
PLW,Palau,2001,,,,
PLW,Palau,2002,,,,
PLW,Palau,2003,,,,
PLW,Palau,2004,,,,
PLW,Palau,2005,,,,
PLW,Palau,2006,,,,
PLW,Palau,2007,,,,
PLW,Palau,2008,,,,
PLW,Palau,2009,,,,
PLW,Palau,2010,,,,
PLW,Palau,2011,,,,
PLW,Palau,2012,,,,
PLW,Palau,2013,,,,
PLW,Palau,2014,,,,
PLW,Palau,2015,,,,
PLW,Palau,2016,,,,
PLW,Palau,2017,,,,
PLW,Palau,2018,,,,
PLW,Palau,2019,,,,
PLW,Palau,2020,,,,
PLW,Palau,2021,,,,
PLW,Palau,2022,,,,
PLW,Palau,2023,,,,
PLW,Palau,2024,,,,
PLW,Palau,2025,,,,
PNG,Papua New Guinea,1960,,,,
PNG,Papua New Guinea,1961,,,,
PNG,Papua New Guinea,1962,,,,
PNG,Papua New Guinea,1963,,,,
PNG,Papua New Guinea,1964,,,,
PNG,Papua New Guinea,1965,,,,
PNG,Papua New Guinea,1966,,,,
PNG,Papua New Guinea,1967,,,,
PNG,Papua New Guinea,1968,,,,
PNG,Papua New Guinea,1969,,,,
PNG,Papua New Guinea,1970,,,,
PNG,Papua New Guinea,1971,,,,
PNG,Papua New Guinea,1972,,,,
PNG,Papua New Guinea,1973,,,,
PNG,Papua New Guinea,1974,,,,
PNG,Papua New Guinea,1975,,,,
PNG,Papua New Guinea,1976,,,,
PNG,Papua New Guinea,1977,,,,
PNG,Papua New Guinea,1978,,,,
PNG,Papua New Guinea,1979,,,,
PNG,Papua New Guinea,1980,0.0,0.0,0.0,0.0
PNG,Papua New Guinea,1981,0.0,0.0,0.0,0.0
PNG,Papua New Guinea,1982,0.0,0.0,0.0,0.0
PNG,Papua New Guinea,1983,0.0,0.0,0.0,0.0
PNG,Papua New Guinea,1984,0.0,0.0,0.0,0.0
PNG,Papua New Guinea,1985,0.0,0.0,0.0,0.0
PNG,Papua New Guinea,1986,0.0,0.0,0.0,0.0
PNG,Papua New Guinea,1987,0.0,0.0,0.0,0.0
PNG,Papua New Guinea,1988,0.0,0.0,0.0,0.0
PNG,Papua New Guinea,1989,0.0,0.0,0.0,0.0
PNG,Papua New Guinea,1990,,0.0,0.0859585575691142,0.0859585575691142
PNG,Papua New Guinea,1991,0.0029648899814909,0.0,0.0611671871071438,0.06413207708863469
PNG,Papua New Guinea,1992,5.38860442050228,0.0,0.0571055310042285,5.445709951506508
PNG,Papua New Guinea,1993,10.9428432938506,0.0,0.0610081727895186,11.00385146664012
PNG,Papua New Guinea,1994,8.08616038106637,0.0,0.0675842186367791,8.153744599703149
PNG,Papua New Guinea,1995,8.581281596906,0.0,0.0960955847491219,8.677377181655123
PNG,Papua New Guinea,1996,10.3285381227809,0.0,0.142366093181278,10.470904215962179
PNG,Papua New Guinea,1997,6.63547270216546,0.0,0.131282218642344,6.766754920807804
PNG,Papua New Guinea,1998,4.33852138425411,0.0,0.14288503154503,4.481406415799141
PNG,Papua New Guinea,1999,9.35013445235168,0.0,0.151746045571037,9.501880497922718
PNG,Papua New Guinea,2000,15.1343158261002,0.0,0.245727169392993,15.380042995493193
PNG,Papua New Guinea,2001,10.0494445711599,0.0,0.309445269409677,10.358889840569576
PNG,Papua New Guinea,2002,8.30071007566483,0.0,0.276285278534893,8.576995354199722
PNG,Papua New Guinea,2003,8.5315713263891,0.0,0.2712926589633,8.802863985352401
PNG,Papua New Guinea,2004,9.98265210787866,0.0,0.259537194188596,10.242189302067256
PNG,Papua New Guinea,2005,13.5759956853375,0.0,0.246725853729445,13.822721539066944
PNG,Papua New Guinea,2006,9.32165114223731,0.0,0.120639617794781,9.44229076003209
PNG,Papua New Guinea,2007,8.10660630103675,0.0,0.0947961865374602,8.20140248757421
PNG,Papua New Guinea,2008,8.52783686957129,0.0,0.0955224826288264,8.623359352200117
PNG,Papua New Guinea,2009,4.00467749044639,0.0,0.0949891028567753,4.099666593303166
PNG,Papua New Guinea,2010,4.61457234233034,0.0,0.082654095456029,4.697226437786369
PNG,Papua New Guinea,2011,4.85140837264189,0.0,0.0756884883830316,4.927096861024921
PNG,Papua New Guinea,2012,3.56540758499502,0.0,0.053034038226872,3.618441623221892
PNG,Papua New Guinea,2013,3.43617432270382,0.0,0.0519952379140586,3.4881695606178784
PNG,Papua New Guinea,2014,4.5168090264406,0.0,2.68508035101574,7.20188937745634
PNG,Papua New Guinea,2015,2.27122940050953,0.0,6.24715048464434,8.51837988515387
PNG,Papua New Guinea,2016,1.86576642511912,0.0,5.09675442660281,6.96252085172193
PNG,Papua New Guinea,2017,2.22581954930201,0.0,5.08750323001255,7.313322779314561
PNG,Papua New Guinea,2018,2.22689061511957,0.0,6.33134746755824,8.55823808267781
PNG,Papua New Guinea,2019,1.5719422304623,0.0,7.06589944245783,8.63784167292013
PNG,Papua New Guinea,2020,0.709889074758713,0.0,5.95976828593876,6.669657360697473
PNG,Papua New Guinea,2021,1.87502650776602,0.0,9.13965766574147,11.01468417350749
PNG,Papua New Guinea,2022,,,,
PNG,Papua New Guinea,2023,,,,
PNG,Papua New Guinea,2024,,,,
PNG,Papua New Guinea,2025,,,,
POL,Poland,1960,,,,
POL,Poland,1961,,,,
POL,Poland,1962,,,,
POL,Poland,1963,,,,
POL,Poland,1964,,,,
POL,Poland,1965,,,,
POL,Poland,1966,,,,
POL,Poland,1967,,,,
POL,Poland,1968,,,,
POL,Poland,1969,,,,
POL,Poland,1970,,,,
POL,Poland,1971,,,,
POL,Poland,1972,,,,
POL,Poland,1973,,,,
POL,Poland,1974,,,,
POL,Poland,1975,,,,
POL,Poland,1976,,,,
POL,Poland,1977,,,,
POL,Poland,1978,,,,
POL,Poland,1979,,,,
POL,Poland,1980,,,,
POL,Poland,1981,,,,
POL,Poland,1982,,,,
POL,Poland,1983,,,,
POL,Poland,1984,,,,
POL,Poland,1985,,,,
POL,Poland,1986,,,,
POL,Poland,1987,,,,
POL,Poland,1988,,,,
POL,Poland,1989,,,,
POL,Poland,1990,0.0167916861938739,1.97614239509284,0.0716669583829853,2.064601039669699
POL,Poland,1991,0.0093176477666693,1.34620433940916,0.0438614768403348,1.399383464016164
POL,Poland,1992,0.0097763457104261,0.904135332718223,0.020335897897736,0.9342475763263851
POL,Poland,1993,0.0142175417105698,0.533789517920567,0.0570573484635839,0.6050644080947206
POL,Poland,1994,0.0112970514764707,0.317332515081773,0.0454954102384608,0.37412497679670453
POL,Poland,1995,0.0111794366658501,0.445422274815314,0.0671005274935716,0.5237022389747357
POL,Poland,1996,0.0133583590986962,0.335364780043221,0.0568249170385154,0.4055480561804326
POL,Poland,1997,0.011582347033565,0.28736512391939,0.0630760420279643,0.3620235129809193
POL,Poland,1998,0.0040010504471849,0.220098632518271,0.0076147441657696,0.2317144271312255
POL,Poland,1999,0.0150485769674635,0.106825150766781,0.0072935061291908,0.1291672338634353
POL,Poland,2000,0.0465319775920722,0.182328645236043,0.0522971648633047,0.2811577876914199
POL,Poland,2001,0.0366402877333744,0.425432376113189,0.106139238526915,0.5682119023734784
POL,Poland,2002,0.0319240191640549,0.240319506924247,0.0786090314640388,0.3508525575523407
POL,Poland,2003,0.0369313368575611,0.206937984031917,0.0792732257402106,0.3231425466296887
POL,Poland,2004,0.0493919088310566,0.874452636399812,0.0650540141879174,0.988898559418786
POL,Poland,2005,0.0578824280780389,0.646343231447487,0.0456447637979442,0.7498704233234701
POL,Poland,2006,0.0615454869644112,0.607458268480463,0.0904545761308149,0.7594583315756891
POL,Poland,2007,0.0473205232861409,0.526973536099691,0.0753472556324657,0.6496413150182976
POL,Poland,2008,0.0547816525517377,1.5059062078238,0.104042762263623,1.6647306226391607
POL,Poland,2009,0.031855529279931,0.584647363043364,0.0888019526839617,0.7053048450072567
POL,Poland,2010,0.0346450541991475,0.880482208360642,0.0740776597756864,0.9892049223354759
POL,Poland,2011,0.0482151843545218,1.00712315525847,0.107566552009593,1.1629048916225848
POL,Poland,2012,0.0514476768766974,0.537469258136828,0.121012078064414,0.7099290130779394
POL,Poland,2013,0.0680195690834472,0.260062450425264,0.111601125490911,0.4396831449996222
POL,Poland,2014,0.0603215388253716,0.214340467626121,0.0743317862351285,0.34899379268662106
POL,Poland,2015,0.0284289039455379,0.209535994376333,0.0613923434078407,0.2993572417297116
POL,Poland,2016,0.0235512516028107,0.238184095866543,0.0357887237693169,0.2975240712386706
POL,Poland,2017,0.0316721725753569,0.278751933992603,0.0439980215053745,0.35442212807333445
POL,Poland,2018,0.0456118701886835,0.271492418074562,0.0620713643428421,0.3791756526060876
POL,Poland,2019,0.0402025974033284,0.200889167784234,0.0420603621099536,0.283152127297516
POL,Poland,2020,0.0207199460419149,0.144342767072706,0.0205391007038032,0.1856018138184241
POL,Poland,2021,0.0413524772617714,0.246377814021137,0.100227855236231,0.3879581465191394
POL,Poland,2022,,,,
POL,Poland,2023,,,,
POL,Poland,2024,,,,
POL,Poland,2025,,,,
PRI,Puerto Rico (US),1960,,,,
PRI,Puerto Rico (US),1961,,,,
PRI,Puerto Rico (US),1962,,,,
PRI,Puerto Rico (US),1963,,,,
PRI,Puerto Rico (US),1964,,,,
PRI,Puerto Rico (US),1965,,,,
PRI,Puerto Rico (US),1966,,,,
PRI,Puerto Rico (US),1967,,,,
PRI,Puerto Rico (US),1968,,,,
PRI,Puerto Rico (US),1969,,,,
PRI,Puerto Rico (US),1970,,,,
PRI,Puerto Rico (US),1971,,,,
PRI,Puerto Rico (US),1972,,,,
PRI,Puerto Rico (US),1973,,,,
PRI,Puerto Rico (US),1974,,,,
PRI,Puerto Rico (US),1975,,,,
PRI,Puerto Rico (US),1976,,,,
PRI,Puerto Rico (US),1977,,,,
PRI,Puerto Rico (US),1978,,,,
PRI,Puerto Rico (US),1979,,,,
PRI,Puerto Rico (US),1980,0.0,0.0,0.0,0.0
PRI,Puerto Rico (US),1981,0.0,0.0,0.0,0.0
PRI,Puerto Rico (US),1982,0.0,0.0,0.0,0.0
PRI,Puerto Rico (US),1983,0.0,0.0,0.0,0.0
PRI,Puerto Rico (US),1984,0.0,0.0,0.0,0.0
PRI,Puerto Rico (US),1985,0.0,0.0,0.0,0.0
PRI,Puerto Rico (US),1986,0.0,0.0,0.0,0.0
PRI,Puerto Rico (US),1987,0.0,0.0,0.0,0.0
PRI,Puerto Rico (US),1988,0.0,0.0,0.0,0.0
PRI,Puerto Rico (US),1989,0.0,0.0,0.0,0.0
PRI,Puerto Rico (US),1990,0.0,0.0,0.0,0.0
PRI,Puerto Rico (US),1991,0.0,0.0,0.0,0.0
PRI,Puerto Rico (US),1992,0.0,0.0,0.0,0.0
PRI,Puerto Rico (US),1993,0.0,0.0,0.0,0.0
PRI,Puerto Rico (US),1994,0.0,0.0,0.0,0.0
PRI,Puerto Rico (US),1995,0.0,0.0,0.0,0.0
PRI,Puerto Rico (US),1996,0.0,0.0,0.0,0.0
PRI,Puerto Rico (US),1997,0.0,0.0,0.0,0.0
PRI,Puerto Rico (US),1998,0.0,0.0,0.0,0.0
PRI,Puerto Rico (US),1999,0.0,0.0,0.0,0.0
PRI,Puerto Rico (US),2000,0.0,0.0,0.0,0.0
PRI,Puerto Rico (US),2001,0.0,0.0,0.0,0.0
PRI,Puerto Rico (US),2002,0.0,0.0,0.0,0.0
PRI,Puerto Rico (US),2003,0.0,0.0,0.0,0.0
PRI,Puerto Rico (US),2004,0.0,0.0,0.0,0.0
PRI,Puerto Rico (US),2005,0.0,0.0,0.0,0.0
PRI,Puerto Rico (US),2006,0.0,0.0,0.0,0.0
PRI,Puerto Rico (US),2007,0.0,0.0,0.0,0.0
PRI,Puerto Rico (US),2008,0.0,0.0,0.0,0.0
PRI,Puerto Rico (US),2009,0.0,0.0,0.0,0.0
PRI,Puerto Rico (US),2010,0.0,0.0,0.0,0.0
PRI,Puerto Rico (US),2011,0.0,0.0,0.0,0.0
PRI,Puerto Rico (US),2012,0.0,0.0,0.0,0.0
PRI,Puerto Rico (US),2013,0.0,0.0,0.0,0.0
PRI,Puerto Rico (US),2014,0.0,0.0,0.0,0.0
PRI,Puerto Rico (US),2015,0.0,0.0,0.0,0.0
PRI,Puerto Rico (US),2016,0.0,0.0,0.0,0.0
PRI,Puerto Rico (US),2017,0.0,0.0,0.0,0.0
PRI,Puerto Rico (US),2018,0.0,0.0,0.0,0.0
PRI,Puerto Rico (US),2019,0.0,0.0,0.0,0.0
PRI,Puerto Rico (US),2020,0.0,0.0,0.0,0.0
PRI,Puerto Rico (US),2021,0.0,0.0,0.0,0.0
PRI,Puerto Rico (US),2022,,,,
PRI,Puerto Rico (US),2023,,,,
PRI,Puerto Rico (US),2024,,,,
PRI,Puerto Rico (US),2025,,,,
PRK,"Korea, Dem. People's Rep.",1960,,,,
PRK,"Korea, Dem. People's Rep.",1961,,,,
PRK,"Korea, Dem. People's Rep.",1962,,,,
PRK,"Korea, Dem. People's Rep.",1963,,,,
PRK,"Korea, Dem. People's Rep.",1964,,,,
PRK,"Korea, Dem. People's Rep.",1965,,,,
PRK,"Korea, Dem. People's Rep.",1966,,,,
PRK,"Korea, Dem. People's Rep.",1967,,,,
PRK,"Korea, Dem. People's Rep.",1968,,,,
PRK,"Korea, Dem. People's Rep.",1969,,,,
PRK,"Korea, Dem. People's Rep.",1970,,,,
PRK,"Korea, Dem. People's Rep.",1971,,,,
PRK,"Korea, Dem. People's Rep.",1972,,,,
PRK,"Korea, Dem. People's Rep.",1973,,,,
PRK,"Korea, Dem. People's Rep.",1974,,,,
PRK,"Korea, Dem. People's Rep.",1975,,,,
PRK,"Korea, Dem. People's Rep.",1976,,,,
PRK,"Korea, Dem. People's Rep.",1977,,,,
PRK,"Korea, Dem. People's Rep.",1978,,,,
PRK,"Korea, Dem. People's Rep.",1979,,,,
PRK,"Korea, Dem. People's Rep.",1980,,,,
PRK,"Korea, Dem. People's Rep.",1981,,,,
PRK,"Korea, Dem. People's Rep.",1982,,,,
PRK,"Korea, Dem. People's Rep.",1983,,,,
PRK,"Korea, Dem. People's Rep.",1984,,,,
PRK,"Korea, Dem. People's Rep.",1985,,,,
PRK,"Korea, Dem. People's Rep.",1986,,,,
PRK,"Korea, Dem. People's Rep.",1987,,,,
PRK,"Korea, Dem. People's Rep.",1988,,,,
PRK,"Korea, Dem. People's Rep.",1989,,,,
PRK,"Korea, Dem. People's Rep.",1990,,,,
PRK,"Korea, Dem. People's Rep.",1991,,,,
PRK,"Korea, Dem. People's Rep.",1992,,,,
PRK,"Korea, Dem. People's Rep.",1993,,,,
PRK,"Korea, Dem. People's Rep.",1994,,,,
PRK,"Korea, Dem. People's Rep.",1995,,,,
PRK,"Korea, Dem. People's Rep.",1996,,,,
PRK,"Korea, Dem. People's Rep.",1997,,,,
PRK,"Korea, Dem. People's Rep.",1998,,,,
PRK,"Korea, Dem. People's Rep.",1999,,,,
PRK,"Korea, Dem. People's Rep.",2000,,,,
PRK,"Korea, Dem. People's Rep.",2001,,,,
PRK,"Korea, Dem. People's Rep.",2002,,,,
PRK,"Korea, Dem. People's Rep.",2003,,,,
PRK,"Korea, Dem. People's Rep.",2004,,,,
PRK,"Korea, Dem. People's Rep.",2005,,,,
PRK,"Korea, Dem. People's Rep.",2006,,,,
PRK,"Korea, Dem. People's Rep.",2007,,,,
PRK,"Korea, Dem. People's Rep.",2008,,,,
PRK,"Korea, Dem. People's Rep.",2009,,,,
PRK,"Korea, Dem. People's Rep.",2010,,,,
PRK,"Korea, Dem. People's Rep.",2011,,,,
PRK,"Korea, Dem. People's Rep.",2012,,,,
PRK,"Korea, Dem. People's Rep.",2013,,,,
PRK,"Korea, Dem. People's Rep.",2014,,,,
PRK,"Korea, Dem. People's Rep.",2015,,,,
PRK,"Korea, Dem. People's Rep.",2016,,,,
PRK,"Korea, Dem. People's Rep.",2017,,,,
PRK,"Korea, Dem. People's Rep.",2018,,,,
PRK,"Korea, Dem. People's Rep.",2019,,,,
PRK,"Korea, Dem. People's Rep.",2020,,,,
PRK,"Korea, Dem. People's Rep.",2021,,,,
PRK,"Korea, Dem. People's Rep.",2022,,,,
PRK,"Korea, Dem. People's Rep.",2023,,,,
PRK,"Korea, Dem. People's Rep.",2024,,,,
PRK,"Korea, Dem. People's Rep.",2025,,,,
PRT,Portugal,1960,,,,
PRT,Portugal,1961,,,,
PRT,Portugal,1962,,,,
PRT,Portugal,1963,,,,
PRT,Portugal,1964,,,,
PRT,Portugal,1965,,,,
PRT,Portugal,1966,,,,
PRT,Portugal,1967,,,,
PRT,Portugal,1968,,,,
PRT,Portugal,1969,,,,
PRT,Portugal,1970,,0.0,0.0,0.0
PRT,Portugal,1971,0.0,7.78528946876279e-05,0.0,7.78528946876279e-05
PRT,Portugal,1972,0.0,7.89325222382731e-05,0.0,7.89325222382731e-05
PRT,Portugal,1973,0.0,6.84205914419255e-05,0.0,6.84205914419255e-05
PRT,Portugal,1974,0.0,0.0001602264686656,0.0,0.0001602264686656
PRT,Portugal,1975,0.0,0.0065125498336536,0.0,0.0065125498336536
PRT,Portugal,1976,0.0,0.0053715474017232,0.0,0.0053715474017232
PRT,Portugal,1977,0.0,0.0049451204263536,0.0,0.0049451204263536
PRT,Portugal,1978,0.0,0.0030484251866083,0.0,0.0030484251866083
PRT,Portugal,1979,0.0,0.0024091067637517,0.0,0.0024091067637517
PRT,Portugal,1980,0.0,0.0040809595313281,0.0,0.0040809595313281
PRT,Portugal,1981,0.0,0.00914507907783,0.0,0.00914507907783
PRT,Portugal,1982,0.0,0.0099492094734709,0.0,0.0099492094734709
PRT,Portugal,1983,0.0,0.004939913517177,0.0,0.004939913517177
PRT,Portugal,1984,0.0,0.0030671248942904,0.0,0.0030671248942904
PRT,Portugal,1985,0.0,0.0050285419245285,0.0,0.0050285419245285
PRT,Portugal,1986,0.0,0.00105171234967,0.0,0.00105171234967
PRT,Portugal,1987,0.0,0.0002980973234205,0.0,0.0002980973234205
PRT,Portugal,1988,0.0,0.0003453101949146,0.0,0.0003453101949146
PRT,Portugal,1989,0.0,0.0004659270243679,0.0,0.0004659270243679
PRT,Portugal,1990,0.0,0.0013689464444816,0.0,0.0013689464444816
PRT,Portugal,1991,0.0,0.0010905535617222,0.0,0.0010905535617222
PRT,Portugal,1992,0.0,0.0004336518370496,0.0,0.0004336518370496
PRT,Portugal,1993,0.0,4.77823309738546e-05,0.0,4.77823309738546e-05
PRT,Portugal,1994,0.0,4.458421667216e-05,0.0,4.458421667216e-05
PRT,Portugal,1995,0.0,0.0,0.0,0.0
PRT,Portugal,1996,0.0,0.0,0.0,0.0
PRT,Portugal,1997,0.0,0.0,0.0,0.0
PRT,Portugal,1998,0.0,0.0,0.0,0.0
PRT,Portugal,1999,0.0,0.0,0.0,0.0
PRT,Portugal,2000,0.0,0.0,0.0,0.0
PRT,Portugal,2001,0.0,0.0,0.0,0.0
PRT,Portugal,2002,0.0,0.0,0.0,0.0
PRT,Portugal,2003,0.0,0.0,0.0,0.0
PRT,Portugal,2004,0.0,0.0,0.0,0.0
PRT,Portugal,2005,0.0001123057819766,0.0,0.0,0.0001123057819766
PRT,Portugal,2006,0.009802601641711,0.0,0.0,0.009802601641711
PRT,Portugal,2007,0.0132250729170734,0.0,0.0,0.0132250729170734
PRT,Portugal,2008,0.0298507363601294,0.0,0.0,0.0298507363601294
PRT,Portugal,2009,0.0046028735659451,0.0,0.0,0.0046028735659451
PRT,Portugal,2010,0.0338886834591529,0.0,0.0,0.0338886834591529
PRT,Portugal,2011,0.0714397773870135,0.0,0.0,0.0714397773870135
PRT,Portugal,2012,0.0566415168053355,0.0,0.0,0.0566415168053355
PRT,Portugal,2013,0.0588929000862641,0.0,0.0,0.0588929000862641
PRT,Portugal,2014,0.0587105859995099,0.0,0.0,0.0587105859995099
PRT,Portugal,2015,0.0246227517816,0.0,0.0,0.0246227517816
PRT,Portugal,2016,0.0185088381110048,0.0,0.0,0.0185088381110048
PRT,Portugal,2017,0.0283872427651081,0.0,0.0,0.0283872427651081
PRT,Portugal,2018,0.0422964969836641,0.0,0.0,0.0422964969836641
PRT,Portugal,2019,0.0375136266059601,0.0,0.0,0.0375136266059601
PRT,Portugal,2020,0.023939484713493,0.0,0.0,0.023939484713493
PRT,Portugal,2021,0.0518131827535177,0.0,0.0,0.0518131827535177
PRT,Portugal,2022,,,,
PRT,Portugal,2023,,,,
PRT,Portugal,2024,,,,
PRT,Portugal,2025,,,,
PRY,Paraguay,1960,,,,
PRY,Paraguay,1961,,,,
PRY,Paraguay,1962,,,,
PRY,Paraguay,1963,,,,
PRY,Paraguay,1964,,,,
PRY,Paraguay,1965,,,,
PRY,Paraguay,1966,,,,
PRY,Paraguay,1967,,,,
PRY,Paraguay,1968,,,,
PRY,Paraguay,1969,,,,
PRY,Paraguay,1970,,,,
PRY,Paraguay,1971,0.0,0.0,0.0,0.0
PRY,Paraguay,1972,0.0,0.0,0.0,0.0
PRY,Paraguay,1973,0.0,0.0,0.0,0.0
PRY,Paraguay,1974,0.0,0.0,0.0,0.0
PRY,Paraguay,1975,0.0,0.0,0.0,0.0
PRY,Paraguay,1976,0.0,0.0,0.0,0.0
PRY,Paraguay,1977,0.0,0.0,0.0,0.0
PRY,Paraguay,1978,0.0,0.0,0.0,0.0
PRY,Paraguay,1979,0.0,0.0,0.0,0.0
PRY,Paraguay,1980,0.0,0.0,0.0,0.0
PRY,Paraguay,1981,0.0,0.0,0.0,0.0
PRY,Paraguay,1982,0.0,0.0,0.0,0.0
PRY,Paraguay,1983,0.0,0.0,0.0,0.0
PRY,Paraguay,1984,0.0,0.0,0.0,0.0
PRY,Paraguay,1985,0.0,0.0,0.0,0.0
PRY,Paraguay,1986,0.0,0.0,0.0,0.0
PRY,Paraguay,1987,0.0,0.0,0.0,0.0
PRY,Paraguay,1988,0.0,0.0,0.0,0.0
PRY,Paraguay,1989,0.0,0.0,0.0,0.0
PRY,Paraguay,1990,0.0,0.0,0.0,0.0
PRY,Paraguay,1991,0.0,0.0,0.0,0.0
PRY,Paraguay,1992,0.0,0.0,0.0,0.0
PRY,Paraguay,1993,0.0,0.0,0.0,0.0
PRY,Paraguay,1994,0.0,0.0,0.0,0.0
PRY,Paraguay,1995,0.0,0.0,0.0,0.0
PRY,Paraguay,1996,0.0,0.0,0.0,0.0
PRY,Paraguay,1997,0.0,0.0,0.0,0.0
PRY,Paraguay,1998,0.0,0.0,0.0,0.0
PRY,Paraguay,1999,0.0,0.0,0.0,0.0
PRY,Paraguay,2000,0.0033852367083102,0.0,0.0,0.0033852367083102
PRY,Paraguay,2001,0.0012965948720607,0.0,0.0,0.0012965948720607
PRY,Paraguay,2002,0.0016351759841967,0.0,0.0,0.0016351759841967
PRY,Paraguay,2003,0.0016823879677269,0.0,0.0,0.0016823879677269
PRY,Paraguay,2004,0.0088571448814193,0.0,0.0,0.0088571448814193
PRY,Paraguay,2005,0.0721023170796774,0.0,0.0,0.0721023170796774
PRY,Paraguay,2006,0.093411156274331,0.0,0.0,0.093411156274331
PRY,Paraguay,2007,0.101460877412438,0.0,0.0,0.101460877412438
PRY,Paraguay,2008,0.157606646082066,0.0,0.0,0.157606646082066
PRY,Paraguay,2009,0.111570934639677,0.0,0.0,0.111570934639677
PRY,Paraguay,2010,0.143936547562155,0.0,0.0,0.143936547562155
PRY,Paraguay,2011,0.198340645226439,0.0,0.0,0.198340645226439
PRY,Paraguay,2012,0.21578841647676,0.0,0.0,0.21578841647676
PRY,Paraguay,2013,0.191256763032491,0.0,0.0,0.191256763032491
PRY,Paraguay,2014,0.179139183622576,0.0,0.0,0.179139183622576
PRY,Paraguay,2015,0.102441199876795,0.0,0.0,0.102441199876795
PRY,Paraguay,2016,0.0771925125540579,0.0,0.0,0.0771925125540579
PRY,Paraguay,2017,0.0454333185625002,0.0,0.0,0.0454333185625002
PRY,Paraguay,2018,0.0698851710974406,0.0,0.0,0.0698851710974406
PRY,Paraguay,2019,0.0593329259382367,0.0,0.0,0.0593329259382367
PRY,Paraguay,2020,0.0299623174238903,0.0,0.0,0.0299623174238903
PRY,Paraguay,2021,0.0729632593043703,0.0,0.0,0.0729632593043703
PRY,Paraguay,2022,,,,
PRY,Paraguay,2023,,,,
PRY,Paraguay,2024,,,,
PRY,Paraguay,2025,,,,
PSE,West Bank and Gaza,1960,,,,
PSE,West Bank and Gaza,1961,,,,
PSE,West Bank and Gaza,1962,,,,
PSE,West Bank and Gaza,1963,,,,
PSE,West Bank and Gaza,1964,,,,
PSE,West Bank and Gaza,1965,,,,
PSE,West Bank and Gaza,1966,,,,
PSE,West Bank and Gaza,1967,,,,
PSE,West Bank and Gaza,1968,,,,
PSE,West Bank and Gaza,1969,,,,
PSE,West Bank and Gaza,1970,,,,
PSE,West Bank and Gaza,1971,,,,
PSE,West Bank and Gaza,1972,,,,
PSE,West Bank and Gaza,1973,,,,
PSE,West Bank and Gaza,1974,,,,
PSE,West Bank and Gaza,1975,,,,
PSE,West Bank and Gaza,1976,,,,
PSE,West Bank and Gaza,1977,,,,
PSE,West Bank and Gaza,1978,,,,
PSE,West Bank and Gaza,1979,,,,
PSE,West Bank and Gaza,1980,,,,
PSE,West Bank and Gaza,1981,,,,
PSE,West Bank and Gaza,1982,,,,
PSE,West Bank and Gaza,1983,,,,
PSE,West Bank and Gaza,1984,,,,
PSE,West Bank and Gaza,1985,,,,
PSE,West Bank and Gaza,1986,,,,
PSE,West Bank and Gaza,1987,,,,
PSE,West Bank and Gaza,1988,,,,
PSE,West Bank and Gaza,1989,,,,
PSE,West Bank and Gaza,1990,,,,
PSE,West Bank and Gaza,1991,,,,
PSE,West Bank and Gaza,1992,,,,
PSE,West Bank and Gaza,1993,,,,
PSE,West Bank and Gaza,1994,,,,
PSE,West Bank and Gaza,1995,,,,
PSE,West Bank and Gaza,1996,,,,
PSE,West Bank and Gaza,1997,0.0,0.0,,0.0
PSE,West Bank and Gaza,1998,0.0,0.0,,0.0
PSE,West Bank and Gaza,1999,0.0,0.0,,0.0
PSE,West Bank and Gaza,2000,0.0,0.0,,0.0
PSE,West Bank and Gaza,2001,0.0,0.0,,0.0
PSE,West Bank and Gaza,2002,0.0,0.0,,0.0
PSE,West Bank and Gaza,2003,0.0,0.0,,0.0
PSE,West Bank and Gaza,2004,0.0,0.0,,0.0
PSE,West Bank and Gaza,2005,0.0,0.0,,0.0
PSE,West Bank and Gaza,2006,0.0,0.0,,0.0
PSE,West Bank and Gaza,2007,0.0,0.0,,0.0
PSE,West Bank and Gaza,2008,0.0,0.0,,0.0
PSE,West Bank and Gaza,2009,0.0,0.0,,0.0
PSE,West Bank and Gaza,2010,0.0,0.0,,0.0
PSE,West Bank and Gaza,2011,0.0,0.0,,0.0
PSE,West Bank and Gaza,2012,0.0,0.0,,0.0
PSE,West Bank and Gaza,2013,0.0,0.0,,0.0
PSE,West Bank and Gaza,2014,0.0,0.0,,0.0
PSE,West Bank and Gaza,2015,0.0,0.0,,0.0
PSE,West Bank and Gaza,2016,0.0,0.0,,0.0
PSE,West Bank and Gaza,2017,0.0,0.0,,0.0
PSE,West Bank and Gaza,2018,0.0,0.0,,0.0
PSE,West Bank and Gaza,2019,0.0,0.0,,0.0
PSE,West Bank and Gaza,2020,0.0,0.0,,0.0
PSE,West Bank and Gaza,2021,0.0,0.0,,0.0
PSE,West Bank and Gaza,2022,,,,
PSE,West Bank and Gaza,2023,,,,
PSE,West Bank and Gaza,2024,,,,
PSE,West Bank and Gaza,2025,,,,
PYF,French Polynesia,1960,,,,
PYF,French Polynesia,1961,,,,
PYF,French Polynesia,1962,,,,
PYF,French Polynesia,1963,,,,
PYF,French Polynesia,1964,,,,
PYF,French Polynesia,1965,,,,
PYF,French Polynesia,1966,,,,
PYF,French Polynesia,1967,,,,
PYF,French Polynesia,1968,,,,
PYF,French Polynesia,1969,,,,
PYF,French Polynesia,1970,,,,
PYF,French Polynesia,1971,,,,
PYF,French Polynesia,1972,,,,
PYF,French Polynesia,1973,,,,
PYF,French Polynesia,1974,,,,
PYF,French Polynesia,1975,,,,
PYF,French Polynesia,1976,,,,
PYF,French Polynesia,1977,,,,
PYF,French Polynesia,1978,,,,
PYF,French Polynesia,1979,,,,
PYF,French Polynesia,1980,0.0,0.0,0.0,0.0
PYF,French Polynesia,1981,0.0,0.0,0.0,0.0
PYF,French Polynesia,1982,0.0,0.0,0.0,0.0
PYF,French Polynesia,1983,0.0,0.0,0.0,0.0
PYF,French Polynesia,1984,0.0,0.0,0.0,0.0
PYF,French Polynesia,1985,0.0,0.0,0.0,0.0
PYF,French Polynesia,1986,0.0,0.0,0.0,0.0
PYF,French Polynesia,1987,0.0,0.0,0.0,0.0
PYF,French Polynesia,1988,0.0,0.0,0.0,0.0
PYF,French Polynesia,1989,0.0,0.0,0.0,0.0
PYF,French Polynesia,1990,0.0,0.0,0.0,0.0
PYF,French Polynesia,1991,0.0,0.0,0.0,0.0
PYF,French Polynesia,1992,0.0,0.0,0.0,0.0
PYF,French Polynesia,1993,0.0,0.0,0.0,0.0
PYF,French Polynesia,1994,0.0,0.0,0.0,0.0
PYF,French Polynesia,1995,0.0,0.0,0.0,0.0
PYF,French Polynesia,1996,0.0,0.0,0.0,0.0
PYF,French Polynesia,1997,0.0,0.0,0.0,0.0
PYF,French Polynesia,1998,0.0,0.0,0.0,0.0
PYF,French Polynesia,1999,0.0,0.0,0.0,0.0
PYF,French Polynesia,2000,0.0,0.0,0.0,0.0
PYF,French Polynesia,2001,0.0,0.0,0.0,0.0
PYF,French Polynesia,2002,0.0,0.0,0.0,0.0
PYF,French Polynesia,2003,0.0,0.0,0.0,0.0
PYF,French Polynesia,2004,0.0,0.0,0.0,0.0
PYF,French Polynesia,2005,0.0,0.0,0.0,0.0
PYF,French Polynesia,2006,0.0,0.0,0.0,0.0
PYF,French Polynesia,2007,0.0,0.0,0.0,0.0
PYF,French Polynesia,2008,0.0,0.0,0.0,0.0
PYF,French Polynesia,2009,0.0,0.0,0.0,0.0
PYF,French Polynesia,2010,0.0,0.0,0.0,0.0
PYF,French Polynesia,2011,0.0,0.0,0.0,0.0
PYF,French Polynesia,2012,0.0,0.0,0.0,0.0
PYF,French Polynesia,2013,0.0,0.0,0.0,0.0
PYF,French Polynesia,2014,0.0,0.0,0.0,0.0
PYF,French Polynesia,2015,0.0,0.0,0.0,0.0
PYF,French Polynesia,2016,0.0,0.0,0.0,0.0
PYF,French Polynesia,2017,0.0,0.0,0.0,0.0
PYF,French Polynesia,2018,0.0,0.0,0.0,0.0
PYF,French Polynesia,2019,0.0,0.0,0.0,0.0
PYF,French Polynesia,2020,0.0,0.0,0.0,0.0
PYF,French Polynesia,2021,0.0,0.0,0.0,0.0
PYF,French Polynesia,2022,,,,
PYF,French Polynesia,2023,,,,
PYF,French Polynesia,2024,,,,
PYF,French Polynesia,2025,,,,
QAT,Qatar,1960,,,,
QAT,Qatar,1961,,,,
QAT,Qatar,1962,,,,
QAT,Qatar,1963,,,,
QAT,Qatar,1964,,,,
QAT,Qatar,1965,,,,
QAT,Qatar,1966,,,,
QAT,Qatar,1967,,,,
QAT,Qatar,1968,,,,
QAT,Qatar,1969,,,,
QAT,Qatar,1970,35.3251136581002,,2.1441583160666,37.4692719741668
QAT,Qatar,1971,44.7741117017585,0.0,1.61627352043725,46.39038522219575
QAT,Qatar,1972,49.251510260831,0.0,1.60158928875346,50.853099549584456
QAT,Qatar,1973,57.1917107418153,0.0,1.49014725165755,58.681857993472846
QAT,Qatar,1974,74.4411307327222,0.0,0.432222660377401,74.8733533930996
QAT,Qatar,1975,62.4964158962862,0.0,1.22661949938007,63.72303539566627
QAT,Qatar,1976,58.1535293042443,0.0,0.518300936913564,58.67183024115786
QAT,Qatar,1977,48.7792804025432,0.0,0.816618790416206,49.59589919295941
QAT,Qatar,1978,48.8013379079207,0.0,0.804074345282742,49.60541225320344
QAT,Qatar,1979,84.3541829203139,0.0,2.69582274966558,87.05000566997948
QAT,Qatar,1980,67.7107851315441,0.0,1.96191112206189,69.67269625360599
QAT,Qatar,1981,47.0368951632638,0.0,1.38903745974287,48.42593262300667
QAT,Qatar,1982,35.2293531320697,0.0,0.712559649671324,35.941912781741024
QAT,Qatar,1983,36.1362132278585,0.0,2.62766165960392,38.76387488746242
QAT,Qatar,1984,49.4302385895143,0.0,2.56422955112082,51.99446814063512
QAT,Qatar,1985,36.9529767218709,0.0,2.47950525819219,39.43248198006309
QAT,Qatar,1986,22.8930495726225,0.0,3.43037459912289,26.323424171745387
QAT,Qatar,1987,27.5796827056572,0.0,2.7067185159601,30.286401221617297
QAT,Qatar,1988,24.7421614619954,0.0,2.60307747343438,27.34523893542978
QAT,Qatar,1989,36.1993936981514,0.0,2.50621301497617,38.705606713127565
QAT,Qatar,1990,48.6558768141096,0.0,2.50003392551172,51.15591073962132
QAT,Qatar,1991,27.8476783265963,0.0,3.09939488413303,30.94707321072933
QAT,Qatar,1992,28.2611526136542,0.0,2.78135944026471,31.042512053918912
QAT,Qatar,1993,27.8285185550461,0.0,3.23904351806882,31.067562073114917
QAT,Qatar,1994,27.8536283294125,0.0,3.4491470626364,31.3027753920489
QAT,Qatar,1995,26.8649643256338,0.0,3.5046340742533,30.3695983998871
QAT,Qatar,1996,36.8699208406966,0.0,3.58192022129042,40.45184106198702
QAT,Qatar,1997,33.9039217305219,0.0,4.2250114124786,38.1289331430005
QAT,Qatar,1998,26.4784043103748,0.0,5.23208291455393,31.710487224928727
QAT,Qatar,1999,32.8896055971835,0.0,5.41184949514692,38.301455092330414
QAT,Qatar,2000,40.7661397416806,0.0,5.8049734481771,46.5711131898577
QAT,Qatar,2001,34.9268648116195,0.0,7.15223785160177,42.07910266322127
QAT,Qatar,2002,31.8348108510858,0.0,6.07035853153518,37.905169382620976
QAT,Qatar,2003,33.8929726986092,0.0,5.12871457863623,39.02168727724543
QAT,Qatar,2004,34.825040164201,0.0,5.07734420990481,39.90238437410581
QAT,Qatar,2005,38.1771562134119,0.0,5.44352090574478,43.62067711915668
QAT,Qatar,2006,34.1520126219521,0.0,4.95980535473162,39.111817976683724
QAT,Qatar,2007,30.8003611618771,0.0,4.89547281730169,35.695833979178786
QAT,Qatar,2008,32.6040710093919,0.0,4.32386730680106,36.927938316192964
QAT,Qatar,2009,23.0165618959946,0.0,6.07315860076268,29.08972049675728
QAT,Qatar,2010,26.6026039782648,0.0,5.82722775061414,32.42983172887894
QAT,Qatar,2011,29.9468705202351,0.0,6.77128125187135,36.71815177210645
QAT,Qatar,2012,28.3389822463275,0.0,6.7671639000861,35.1061461464136
QAT,Qatar,2013,25.3595869913171,0.0,6.70372963647687,32.063316627793974
QAT,Qatar,2014,21.5388184142326,0.0,6.15888218994419,27.69770060417679
QAT,Qatar,2015,13.0300594635573,0.0,6.03394269918749,19.064002162744792
QAT,Qatar,2016,11.1615579117458,0.0,4.82010069228067,15.981658604026471
QAT,Qatar,2017,13.5394624768111,0.0,5.35908283407917,18.89854531089027
QAT,Qatar,2018,16.2911609453974,0.0,7.70831016537843,23.99947111077583
QAT,Qatar,2019,14.5084244384971,0.0,7.86548262532752,22.373907063824618
QAT,Qatar,2020,10.5957303632833,0.0,9.63014041427711,20.22587077756041
QAT,Qatar,2021,15.2784667126988,0.0,12.0112545642563,27.2897212769551
QAT,Qatar,2022,,,,
QAT,Qatar,2023,,,,
QAT,Qatar,2024,,,,
QAT,Qatar,2025,,,,
ROU,Romania,1960,,,,
ROU,Romania,1961,,,,
ROU,Romania,1962,,,,
ROU,Romania,1963,,,,
ROU,Romania,1964,,,,
ROU,Romania,1965,,,,
ROU,Romania,1966,,,,
ROU,Romania,1967,,,,
ROU,Romania,1968,,,,
ROU,Romania,1969,,,,
ROU,Romania,1970,,,,
ROU,Romania,1971,,,,
ROU,Romania,1972,,,,
ROU,Romania,1973,,,,
ROU,Romania,1974,,,,
ROU,Romania,1975,,,,
ROU,Romania,1976,,,,
ROU,Romania,1977,,,,
ROU,Romania,1978,,,,
ROU,Romania,1979,,,,
ROU,Romania,1980,,,,
ROU,Romania,1981,,,,
ROU,Romania,1982,,,,
ROU,Romania,1983,,,,
ROU,Romania,1984,,,,
ROU,Romania,1985,,,,
ROU,Romania,1986,,,,
ROU,Romania,1987,1.83104061867374,0.101453906666433,1.05310844000135,2.9856029653415233
ROU,Romania,1988,1.18170353093632,0.113504493660965,0.860247928086543,2.155455952683828
ROU,Romania,1989,1.70639084452163,0.150911364432523,0.798825937215444,2.656128146169597
ROU,Romania,1990,2.29357782835182,0.245022338915829,1.16827504136058,3.7068752086282286
ROU,Romania,1991,1.28822981550087,0.226773271962699,0.975804176363073,2.490807263826642
ROU,Romania,1992,1.56374472534785,0.206791541518694,0.525400307600594,2.295936574467138
ROU,Romania,1993,1.40427200203448,0.0466422353725717,1.06512653033891,2.5160407677459617
ROU,Romania,1994,1.13809830972109,0.0331186648031836,0.80169379758028,1.9729107721045536
ROU,Romania,1995,1.00099144053812,0.0852183515667878,1.16255246782124,2.2487622599261474
ROU,Romania,1996,1.42614316633189,0.0559416788686419,1.08021855713211,2.562303402332642
ROU,Romania,1997,1.14873206278261,0.0276511100491298,1.05007718028031,2.22646035311205
ROU,Romania,1998,0.298065348562516,0.0264900194151803,0.109495919951228,0.4340512879289243
ROU,Romania,1999,0.981639514434116,0.0066514035294187,0.1244469910258,1.1127379089893348
ROU,Romania,2000,2.05194073825512,0.0471360430458419,0.800310156362475,2.899386937663437
ROU,Romania,2001,1.38020102615678,0.148910028910058,1.54852812299773,3.077639178064568
ROU,Romania,2002,1.23167374745268,0.0473375696093841,1.00878753147777,2.287798848539834
ROU,Romania,2003,1.11571675681484,0.0427125133532241,0.862627148393439,2.021056418561503
ROU,Romania,2004,1.1236125349855,0.302346005342054,0.584918699286346,2.0108772396139
ROU,Romania,2005,1.19701667171786,0.137550843403067,0.354487682531617,1.689055197652544
ROU,Romania,2006,1.03069280818371,0.131023596989686,0.629281730062376,1.790998135235772
ROU,Romania,2007,0.811152284107306,0.160288656570398,0.438713383746894,1.410154324424598
ROU,Romania,2008,0.909321004650877,0.406049107691184,0.631334600169183,1.9467047125112438
ROU,Romania,2009,0.572798400996102,0.138463665594626,0.545113760093543,1.256375826684271
ROU,Romania,2010,0.651277335844004,0.241667876490204,0.483676559163372,1.3766217714975801
ROU,Romania,2011,0.928598823680941,0.295278539729938,0.659254438284072,1.883131801694951
ROU,Romania,2012,0.944058149450528,0.127830873583113,0.743533575959798,1.8154225989934392
ROU,Romania,2013,0.818028540119226,0.0455428280245193,0.682228898080954,1.5458002662246992
ROU,Romania,2014,0.710972260249342,0.034718339478214,0.471981769489163,1.217672369216719
ROU,Romania,2015,0.33486139473849,0.0266754601414304,0.392792284292433,0.7543291391723534
ROU,Romania,2016,0.237281273734058,0.0258870672734479,0.198912810370521,0.4620811513780269
ROU,Romania,2017,0.306819119328612,0.0321491452863581,0.266555154371857,0.605523418986827
ROU,Romania,2018,0.417895750376407,0.0294045200544209,0.367013896608261,0.814314167039089
ROU,Romania,2019,0.356049741091749,0.0204076426370487,0.238741949260169,0.6151993329889667
ROU,Romania,2020,0.18364537995674,0.0113713893764254,0.105530553930276,0.30054732326344136
ROU,Romania,2021,0.378228984068352,0.0241444525656809,0.530624056118085,0.932997492752118
ROU,Romania,2022,,,,
ROU,Romania,2023,,,,
ROU,Romania,2024,,,,
ROU,Romania,2025,,,,
RUS,Russian Federation,1960,,,,
RUS,Russian Federation,1961,,,,
RUS,Russian Federation,1962,,,,
RUS,Russian Federation,1963,,,,
RUS,Russian Federation,1964,,,,
RUS,Russian Federation,1965,,,,
RUS,Russian Federation,1966,,,,
RUS,Russian Federation,1967,,,,
RUS,Russian Federation,1968,,,,
RUS,Russian Federation,1969,,,,
RUS,Russian Federation,1970,,,,
RUS,Russian Federation,1971,,,,
RUS,Russian Federation,1972,,,,
RUS,Russian Federation,1973,,,,
RUS,Russian Federation,1974,,,,
RUS,Russian Federation,1975,,,,
RUS,Russian Federation,1976,,,,
RUS,Russian Federation,1977,,,,
RUS,Russian Federation,1978,,,,
RUS,Russian Federation,1979,,,,
RUS,Russian Federation,1980,,,,
RUS,Russian Federation,1981,,,,
RUS,Russian Federation,1982,,,,
RUS,Russian Federation,1983,,,,
RUS,Russian Federation,1984,,,,
RUS,Russian Federation,1985,,,,
RUS,Russian Federation,1986,,,,
RUS,Russian Federation,1987,,,,
RUS,Russian Federation,1988,4.8801806220118,,0.937852541769293,5.8180331637810925
RUS,Russian Federation,1989,8.27450107289347,,1.10695717052832,9.38145824342179
RUS,Russian Federation,1990,10.3750693468342,0.585287943364218,1.7721032955856,12.732460585784018
RUS,Russian Federation,1991,4.52442508791731,0.457174509678797,1.28449222848941,6.266091826085517
RUS,Russian Federation,1992,4.80032510802607,0.401995246357121,0.755606174542978,5.957926528926168
RUS,Russian Federation,1993,4.30486115047474,0.240180748237356,1.71898786190779,6.264029760619886
RUS,Russian Federation,1994,3.85813139293591,0.163744054907525,1.80713998715345,5.829015434996885
RUS,Russian Federation,1995,4.54593521684435,0.261275642112783,3.27402902079779,8.081239879754921
RUS,Russian Federation,1996,6.32131864255256,0.238313684602075,3.01657028458803,9.576202611742666
RUS,Russian Federation,1997,4.82777869917989,0.184131293814738,3.00765731529941,8.019567308294038
RUS,Russian Federation,1998,2.22399348794497,0.267635672143723,0.604675750621871,3.096304910710564
RUS,Russian Federation,1999,8.76039094628312,0.227577992971664,0.821322846506518,9.809291785761303
RUS,Russian Federation,2000,15.355993811466,0.267292850766668,4.1520862923239,19.775372954556566
RUS,Russian Federation,2001,10.3003624423723,0.543231109180164,7.44451981829648,18.288113369848944
RUS,Russian Federation,2002,10.4623662427989,0.332078896134252,5.10909236952929,15.903537508462442
RUS,Russian Federation,2003,10.9344981048,0.257760611118803,4.66262486735643,15.854883583275232
RUS,Russian Federation,2004,11.6957615431619,0.763856154475936,3.07700843859375,15.536626136231586
RUS,Russian Federation,2005,13.686863716874,0.672065787615228,2.09070756907338,16.44963707356261
RUS,Russian Federation,2006,12.4450132664814,0.558289896787985,3.71352780552611,16.716830968795495
RUS,Russian Federation,2007,10.7326206704977,0.438320419083283,2.88422228176728,14.055163371348264
RUS,Russian Federation,2008,12.3954143055606,1.38101613489841,4.15561654866874,17.93204698912775
RUS,Russian Federation,2009,9.19214468199248,0.7302260729598,3.50581589927238,13.428186654224659
RUS,Russian Federation,2010,8.57128659193273,0.880991448539494,2.8068678510359,12.259145891508123
RUS,Russian Federation,2011,10.6778918258558,0.826216078938521,3.41958000572264,14.92368791051696
RUS,Russian Federation,2012,9.61307623916807,0.43162981739037,3.18608357236399,13.23078962892243
RUS,Russian Federation,2013,8.68048261508321,0.19902062006838,3.05775631125077,11.93725954640236
RUS,Russian Federation,2014,9.08748946492807,0.205841953422573,2.31599937992039,11.609330798271033
RUS,Russian Federation,2015,5.93285842314704,0.29593673861839,2.50292237351811,8.73171753528354
RUS,Russian Federation,2016,5.00613659535062,0.381520993635713,1.63670203160983,7.024359620596163
RUS,Russian Federation,2017,6.22864519091822,0.463399759438158,1.96827097946533,8.660315929821708
RUS,Russian Federation,2018,9.65476095672088,0.540453511939203,3.18408544311332,13.379299911773403
RUS,Russian Federation,2019,8.49370743083853,0.441616890263136,2.19179127550364,11.127115596605305
RUS,Russian Federation,2020,4.70777096931075,0.362611722051707,1.11948785487127,6.189870546233727
RUS,Russian Federation,2021,9.67159402978612,0.612542293942399,5.85907379530895,16.14321011903747
RUS,Russian Federation,2022,,,,
RUS,Russian Federation,2023,,,,
RUS,Russian Federation,2024,,,,
RUS,Russian Federation,2025,,,,
RWA,Rwanda,1960,,,,
RWA,Rwanda,1961,,,,
RWA,Rwanda,1962,,,,
RWA,Rwanda,1963,,,,
RWA,Rwanda,1964,,,,
RWA,Rwanda,1965,,,,
RWA,Rwanda,1966,,,,
RWA,Rwanda,1967,,,,
RWA,Rwanda,1968,,,,
RWA,Rwanda,1969,,,,
RWA,Rwanda,1970,,,,
RWA,Rwanda,1971,,,,
RWA,Rwanda,1972,,,,
RWA,Rwanda,1973,,,,
RWA,Rwanda,1974,,,,
RWA,Rwanda,1975,,,,
RWA,Rwanda,1976,,,,
RWA,Rwanda,1977,,,,
RWA,Rwanda,1978,,,,
RWA,Rwanda,1979,,,,
RWA,Rwanda,1980,0.0,0.0,0.0,0.0
RWA,Rwanda,1981,0.0,0.0,0.0,0.0
RWA,Rwanda,1982,0.0,0.0,0.0,0.0
RWA,Rwanda,1983,0.0,0.0,0.0,0.0
RWA,Rwanda,1984,0.0,0.0,0.0,0.0
RWA,Rwanda,1985,0.0,0.0,0.0,0.0
RWA,Rwanda,1986,0.0,0.0,0.0,0.0
RWA,Rwanda,1987,0.0,0.0,0.0,0.0
RWA,Rwanda,1988,0.0,0.0,0.0,0.0
RWA,Rwanda,1989,0.0,0.0,0.0,0.0
RWA,Rwanda,1990,0.0,0.0,0.0001024654414652,0.0001024654414652
RWA,Rwanda,1991,0.0,0.0,9.87044339511962e-05,9.87044339511962e-05
RWA,Rwanda,1992,0.0,0.0,0.0001027542000158,0.0001027542000158
RWA,Rwanda,1993,0.0,0.0,0.0001548134969043,0.0001548134969043
RWA,Rwanda,1994,0.0,0.0,0.0004290352286669,0.0004290352286669
RWA,Rwanda,1995,0.0,0.0,0.0002908844753084,0.0002908844753084
RWA,Rwanda,1996,0.0,0.0,0.0002860889348843,0.0002860889348843
RWA,Rwanda,1997,0.0,0.0,0.000241921247142,0.000241921247142
RWA,Rwanda,1998,0.0,0.0,0.0006754712843172,0.0006754712843172
RWA,Rwanda,1999,0.0,0.0,0.0011431052127006,0.0011431052127006
RWA,Rwanda,2000,0.0,0.0,0.0021439284722124,0.0021439284722124
RWA,Rwanda,2001,0.0,0.0,0.0015340940904083,0.0015340940904083
RWA,Rwanda,2002,0.0,0.0,0.0001808825816489,0.0001808825816489
RWA,Rwanda,2003,0.0,0.0,0.0005590305214869,0.0005590305214869
RWA,Rwanda,2004,0.0,0.0,0.0008402734658186,0.0008402734658186
RWA,Rwanda,2005,0.0,0.0,0.000438677656249,0.000438677656249
RWA,Rwanda,2006,0.0,0.0,0.0011751627322132,0.0011751627322132
RWA,Rwanda,2007,0.0,0.0,0.0009269057690334,0.0009269057690334
RWA,Rwanda,2008,0.0,0.0,0.0008995918997188,0.0008995918997188
RWA,Rwanda,2009,0.0020406358081122,0.0,0.0007611365769011,0.0028017723850133
RWA,Rwanda,2010,0.0,0.0,0.0006764282615647,0.0006764282615647
RWA,Rwanda,2011,0.0,0.0,0.0024698891305257,0.0024698891305257
RWA,Rwanda,2012,0.0,0.0,0.0033230732252469,0.0033230732252469
RWA,Rwanda,2013,0.0,0.0,0.0034056614494191,0.0034056614494191
RWA,Rwanda,2014,0.0,0.0,0.0049111615988141,0.0049111615988141
RWA,Rwanda,2015,0.0,0.0,0.0208868684461887,0.0208868684461887
RWA,Rwanda,2016,0.0,0.0,0.02382024508965,0.02382024508965
RWA,Rwanda,2017,0.0,0.0,0.0273775740346356,0.0273775740346356
RWA,Rwanda,2018,0.0,0.0,0.0463394536508861,0.0463394536508861
RWA,Rwanda,2019,0.0,0.0,0.0394278230414972,0.0394278230414972
RWA,Rwanda,2020,0.0,0.0,0.0289606341966977,0.0289606341966977
RWA,Rwanda,2021,0.0,0.0,0.0509828455510816,0.0509828455510816
RWA,Rwanda,2022,,,,
RWA,Rwanda,2023,,,,
RWA,Rwanda,2024,,,,
RWA,Rwanda,2025,,,,
SAU,Saudi Arabia,1960,,,,
SAU,Saudi Arabia,1961,,,,
SAU,Saudi Arabia,1962,,,,
SAU,Saudi Arabia,1963,,,,
SAU,Saudi Arabia,1964,,,,
SAU,Saudi Arabia,1965,,,,
SAU,Saudi Arabia,1966,,,,
SAU,Saudi Arabia,1967,,,,
SAU,Saudi Arabia,1968,,,,
SAU,Saudi Arabia,1969,,,,
SAU,Saudi Arabia,1970,25.438880689077,,0.177717023288752,25.616597712365753
SAU,Saudi Arabia,1971,29.6100837592392,0.0,0.107453703513631,29.71753746275283
SAU,Saudi Arabia,1972,36.3557374019613,0.0,0.107596435634286,36.463333837595584
SAU,Saudi Arabia,1973,43.1880069488909,0.0,0.082759299928388,43.27076624881929
SAU,Saudi Arabia,1974,67.4836347877409,0.0,0.0368175581388104,67.5204523458797
SAU,Saudi Arabia,1975,54.3017782360594,0.0,0.0818349042986915,54.38361314035809
SAU,Saudi Arabia,1976,52.9958854989597,0.0,0.0652789095603888,53.06116440852009
SAU,Saudi Arabia,1977,51.8167556317189,0.0,0.0970183907679663,51.91377402248686
SAU,Saudi Arabia,1978,44.7691658421512,0.0,0.143011015417534,44.91217685756874
SAU,Saudi Arabia,1979,87.0852388864372,0.0,0.19910755032849,87.28434643676569
SAU,Saudi Arabia,1980,70.2905296586652,0.0,0.175741063857884,70.46627072252309
SAU,Saudi Arabia,1981,55.6440431663442,0.0,0.157153288805082,55.80119645514928
SAU,Saudi Arabia,1982,36.8350298892649,0.0,0.0770788552767199,36.91210874454162
SAU,Saudi Arabia,1983,34.697295601868,0.0,0.270680528718936,34.96797613058693
SAU,Saudi Arabia,1984,33.6838087918767,0.0,0.404850650428934,34.088659442305634
SAU,Saudi Arabia,1985,27.6445211447861,0.0,0.464103234671404,28.108624379457506
SAU,Saudi Arabia,1986,23.1470283478854,0.0,0.794911813013319,23.941940160898717
SAU,Saudi Arabia,1987,27.2523746977218,0.0,0.754309968862473,28.006684666584274
SAU,Saudi Arabia,1988,26.19177456012,0.0,0.811759249427067,27.003533809547065
SAU,Saudi Arabia,1989,34.170454056182,0.0,0.75237748778517,34.92283154396717
SAU,Saudi Arabia,1990,46.4263034955234,0.0,0.76397168107964,47.19027517660304
SAU,Saudi Arabia,1991,29.9055063618569,0.0,0.682669446311753,30.588175808168653
SAU,Saudi Arabia,1992,30.7693919537356,0.0,0.685297987231163,31.454689940966762
SAU,Saudi Arabia,1993,29.6876073953684,0.0,0.773608396246902,30.461215791615302
SAU,Saudi Arabia,1994,26.5482079082086,0.0,0.8551740297686,27.4033819379772
SAU,Saudi Arabia,1995,28.1270341731817,0.0,0.871700807357614,28.99873498053931
SAU,Saudi Arabia,1996,33.4650950203584,0.0,0.889193075017178,34.35428809537557
SAU,Saudi Arabia,1997,29.2775398263987,0.0,0.923736449968715,30.201276276367416
SAU,Saudi Arabia,1998,21.2667758956326,0.0,1.00191561592737,22.268691511559968
SAU,Saudi Arabia,1999,27.124767270241,0.0,0.851995279435896,27.9767625496769
SAU,Saudi Arabia,2000,41.6691708446825,0.0,0.998843715023241,42.66801455970574
SAU,Saudi Arabia,2001,33.3526627413963,0.0,1.24338083100153,34.59604357239783
SAU,Saudi Arabia,2002,31.342447837027,0.0,1.09369419273788,32.43614202976488
SAU,Saudi Arabia,2003,37.0345220176731,0.0,0.981911882856783,38.01643390052988
SAU,Saudi Arabia,2004,42.6409301097693,0.0,0.958424224616402,43.5993543343857
SAU,Saudi Arabia,2005,48.8606315090549,0.0,1.05365154740854,49.91428305646344
SAU,Saudi Arabia,2006,49.6700972841917,0.0,1.06551704434779,50.73561432853949
SAU,Saudi Arabia,2007,47.4394429695294,0.0,1.0139541488802,48.453397118409605
SAU,Saudi Arabia,2008,54.085800995618,0.0,0.919659531970458,55.00546052758846
SAU,Saudi Arabia,2009,34.6315417084598,0.0,1.11612931255224,35.74767102101204
SAU,Saudi Arabia,2010,37.9011314342465,0.0,0.933726326116803,38.834857760363306
SAU,Saudi Arabia,2011,49.1612188808623,0.0,0.986593617537963,50.14781249840026
SAU,Saudi Arabia,2012,47.4093852263553,0.0,0.997298930703395,48.40668415705869
SAU,Saudi Arabia,2013,44.4564985480281,0.0,1.00992809301707,45.466426641045175
SAU,Saudi Arabia,2014,40.3219689900701,0.0,0.964006595598744,41.285975585668844
SAU,Saudi Arabia,2015,23.9567993223384,0.0,0.841619086055516,24.798418408393918
SAU,Saudi Arabia,2016,20.0051771356735,0.0,0.683364774046233,20.68854190971973
SAU,Saudi Arabia,2017,23.6170719123709,0.0,0.803215172603651,24.42028708497455
SAU,Saudi Arabia,2018,28.0842811588989,0.0,1.10731401057809,29.19159516947699
SAU,Saudi Arabia,2019,24.3295780055005,0.0,1.07981796945695,25.40939597495745
SAU,Saudi Arabia,2020,15.9789107766923,0.0,1.2777495582411,17.2566603349334
SAU,Saudi Arabia,2021,23.6862940574499,0.0,1.715848461975,25.4021425194249
SAU,Saudi Arabia,2022,,,,
SAU,Saudi Arabia,2023,,,,
SAU,Saudi Arabia,2024,,,,
SAU,Saudi Arabia,2025,,,,
SDN,Sudan,1960,,,,
SDN,Sudan,1961,,,,
SDN,Sudan,1962,,,,
SDN,Sudan,1963,,,,
SDN,Sudan,1964,,,,
SDN,Sudan,1965,,,,
SDN,Sudan,1966,,,,
SDN,Sudan,1967,,,,
SDN,Sudan,1968,,,,
SDN,Sudan,1969,,,,
SDN,Sudan,1970,,,,
SDN,Sudan,1971,0.0,0.0,0.0,0.0
SDN,Sudan,1972,0.0,0.0,0.0,0.0
SDN,Sudan,1973,0.0,0.0,0.0,0.0
SDN,Sudan,1974,0.0,0.0,0.0,0.0
SDN,Sudan,1975,0.0,0.0,0.0,0.0
SDN,Sudan,1976,0.0,0.0,0.0,0.0
SDN,Sudan,1977,0.0,0.0,0.0,0.0
SDN,Sudan,1978,0.0,0.0,0.0,0.0
SDN,Sudan,1979,0.0,0.0,0.0,0.0
SDN,Sudan,1980,0.0,0.0,0.0,0.0
SDN,Sudan,1981,0.0,0.0,0.0,0.0
SDN,Sudan,1982,0.0,0.0,0.0,0.0
SDN,Sudan,1983,0.0,0.0,0.0,0.0
SDN,Sudan,1984,0.0,0.0,0.0,0.0
SDN,Sudan,1985,0.0,0.0,0.0,0.0
SDN,Sudan,1986,0.0,0.0,0.0,0.0
SDN,Sudan,1987,0.0,0.0,0.0,0.0
SDN,Sudan,1988,0.0,0.0,0.0,0.0
SDN,Sudan,1989,0.0,0.0,0.0,0.0
SDN,Sudan,1990,0.0,0.0,0.0,0.0
SDN,Sudan,1991,0.0,0.0,0.0,0.0
SDN,Sudan,1992,0.0174385079751148,0.0,0.0,0.0174385079751148
SDN,Sudan,1993,0.0133327100348666,0.0,0.0,0.0133327100348666
SDN,Sudan,1994,0.0025569300590992,0.0,0.0,0.0025569300590992
SDN,Sudan,1995,0.0053287606501896,0.0,0.0,0.0053287606501896
SDN,Sudan,1996,0.0956575689513029,0.0,0.0,0.0956575689513029
SDN,Sudan,1997,0.170635538350137,0.0,0.0,0.170635538350137
SDN,Sudan,1998,0.170280620046711,0.0,0.0,0.170280620046711
SDN,Sudan,1999,2.04975331963217,0.0,0.0,2.04975331963217
SDN,Sudan,2000,10.6869859368028,0.0,0.0,10.6869859368028
SDN,Sudan,2001,6.84045041990384,0.0,0.0,6.84045041990384
SDN,Sudan,2002,7.14772574801421,0.0,0.0,7.14772574801421
SDN,Sudan,2003,6.97515874031986,0.0,0.0,6.97515874031986
SDN,Sudan,2004,10.1194980180566,0.0,0.0,10.1194980180566
SDN,Sudan,2005,12.4599426156015,0.0,0.0,12.4599426156015
SDN,Sudan,2006,12.500471606345,0.0,0.0,12.500471606345
SDN,Sudan,2007,13.6134936785449,0.0,0.0,13.6134936785449
SDN,Sudan,2008,17.885274592108,0.0,0.0,17.885274592108
SDN,Sudan,2009,9.59675943554232,0.0,0.0,9.59675943554232
SDN,Sudan,2010,11.493125709502,0.0,0.0,11.493125709502
SDN,Sudan,2011,15.1004983871528,0.0,0.0,15.1004983871528
SDN,Sudan,2012,3.69537931902747,0.0,0.0,3.69537931902747
SDN,Sudan,2013,4.59958496637169,0.0,0.0,4.59958496637169
SDN,Sudan,2014,2.65704566740931,0.0,0.0,2.65704566740931
SDN,Sudan,2015,0.798069583603201,0.0,0.0,0.798069583603201
SDN,Sudan,2016,0.586718855776161,0.0,0.0,0.586718855776161
SDN,Sudan,2017,0.823819483095822,0.0,0.0,0.823819483095822
SDN,Sudan,2018,3.36467879804277,0.0,0.0,3.36467879804277
SDN,Sudan,2019,2.99936703162155,0.0,0.0,2.99936703162155
SDN,Sudan,2020,1.87511902407651,0.0,0.0,1.87511902407651
SDN,Sudan,2021,3.30226845710475,0.0,0.0,3.30226845710475
SDN,Sudan,2022,,,,
SDN,Sudan,2023,,,,
SDN,Sudan,2024,,,,
SDN,Sudan,2025,,,,
SEN,Senegal,1960,,,,
SEN,Senegal,1961,,,,
SEN,Senegal,1962,,,,
SEN,Senegal,1963,,,,
SEN,Senegal,1964,,,,
SEN,Senegal,1965,,,,
SEN,Senegal,1966,,,,
SEN,Senegal,1967,,,,
SEN,Senegal,1968,,,,
SEN,Senegal,1969,,,,
SEN,Senegal,1970,,,,
SEN,Senegal,1971,0.0,0.0,0.0,0.0
SEN,Senegal,1972,0.0,0.0,0.0,0.0
SEN,Senegal,1973,0.0,0.0,0.0,0.0
SEN,Senegal,1974,0.0,0.0,0.0,0.0
SEN,Senegal,1975,0.0,0.0,0.0,0.0
SEN,Senegal,1976,0.0,0.0,0.0,0.0
SEN,Senegal,1977,0.0,0.0,0.0,0.0
SEN,Senegal,1978,0.0,0.0,0.0,0.0
SEN,Senegal,1979,0.0,0.0,0.0,0.0
SEN,Senegal,1980,0.0,0.0,0.0,0.0
SEN,Senegal,1981,0.0,0.0,0.0,0.0
SEN,Senegal,1982,0.0,0.0,0.0,0.0
SEN,Senegal,1983,0.0,0.0,0.0,0.0
SEN,Senegal,1984,0.0,0.0,0.0,0.0
SEN,Senegal,1985,0.0,0.0,0.0,0.0
SEN,Senegal,1986,4.82959487089045e-05,0.0,0.0010920657710598,0.0011403617197687044
SEN,Senegal,1987,0.0002593691342605,0.0,0.0008024232071036,0.0010617923413641
SEN,Senegal,1988,0.0003468032608925,0.0,0.0007934480994396,0.0011402513603321
SEN,Senegal,1989,0.000848929962563,0.0,0.000983037524203,0.001831967486766
SEN,Senegal,1990,0.000861805862205,0.0,0.0010770229224759,0.0019388287846809002
SEN,Senegal,1991,0.0003943395262749,0.0,0.0010041736314534,0.0013985131577283
SEN,Senegal,1992,0.000360446074423,0.0,0.0009093270239661,0.0012697730983891
SEN,Senegal,1993,0.0004256512069045,0.0,0.0039108946117364,0.0043365458186409005
SEN,Senegal,1994,0.0007476945031816,0.0,0.0123570515051294,0.013104746008311
SEN,Senegal,1995,0.0009255349261925,0.0,0.0143071692621602,0.0152327041883527
SEN,Senegal,1996,0.0013201424622602,0.0,0.0174080286094272,0.018728171071687397
SEN,Senegal,1997,0.0016157127149988,0.0,0.0125036362250003,0.0141193489399991
SEN,Senegal,1998,0.0004840618347657,0.0,0.008313928786964,0.008797990621729701
SEN,Senegal,1999,0.0005529704408194,0.0,0.0095030904663506,0.01005606090717
SEN,Senegal,2000,0.0009626427316306,0.0,0.0001260946623099,0.0010887373939405
SEN,Senegal,2001,0.0,0.0,0.0003589526496096,0.0003589526496096
SEN,Senegal,2002,0.0,0.0,0.0014850599357993,0.0014850599357993
SEN,Senegal,2003,0.0,0.0,0.0047603066062789,0.0047603066062789
SEN,Senegal,2004,0.0,0.0,0.0052333697148962,0.0052333697148962
SEN,Senegal,2005,0.0,0.0,0.002682502417082,0.002682502417082
SEN,Senegal,2006,0.0,0.0,0.0060688778483572,0.0060688778483572
SEN,Senegal,2007,0.0,0.0,0.003771814568848,0.003771814568848
SEN,Senegal,2008,0.0,0.0,0.0026180982739931,0.0026180982739931
SEN,Senegal,2009,0.0,0.0,0.0059617966754395,0.0059617966754395
SEN,Senegal,2010,0.0,0.0,0.0094024758346695,0.0094024758346695
SEN,Senegal,2011,0.0,0.0,0.0197850926236519,0.0197850926236519
SEN,Senegal,2012,0.0,0.0,0.0212573626003178,0.0212573626003178
SEN,Senegal,2013,0.0,0.0,0.0193208661484993,0.0193208661484993
SEN,Senegal,2014,0.0,0.0,0.0152501972623905,0.0152501972623905
SEN,Senegal,2015,0.0,0.0,0.0079953009109831,0.0079953009109831
SEN,Senegal,2016,0.0,0.0,0.0046192184758748,0.0046192184758748
SEN,Senegal,2017,0.0,0.0,0.0043860960440322,0.0043860960440322
SEN,Senegal,2018,0.0,0.0,0.0041837480514123,0.0041837480514123
SEN,Senegal,2019,0.0,0.0,0.0054369036750935,0.0054369036750935
SEN,Senegal,2020,0.0,0.0,0.0034485204397438,0.0034485204397438
SEN,Senegal,2021,0.0,0.0,0.002598848530208,0.002598848530208
SEN,Senegal,2022,,,,
SEN,Senegal,2023,,,,
SEN,Senegal,2024,,,,
SEN,Senegal,2025,,,,
SGP,Singapore,1960,,,,
SGP,Singapore,1961,,,,
SGP,Singapore,1962,,,,
SGP,Singapore,1963,,,,
SGP,Singapore,1964,,,,
SGP,Singapore,1965,,,,
SGP,Singapore,1966,,,,
SGP,Singapore,1967,,,,
SGP,Singapore,1968,,,,
SGP,Singapore,1969,,,,
SGP,Singapore,1970,,,,
SGP,Singapore,1971,0.0,0.0,0.0,0.0
SGP,Singapore,1972,0.0,0.0,0.0,0.0
SGP,Singapore,1973,0.0,0.0,0.0,0.0
SGP,Singapore,1974,0.0,0.0,0.0,0.0
SGP,Singapore,1975,0.0,0.0,0.0,0.0
SGP,Singapore,1976,0.0,0.0,0.0,0.0
SGP,Singapore,1977,0.0,0.0,0.0,0.0
SGP,Singapore,1978,0.0,0.0,0.0,0.0
SGP,Singapore,1979,0.0,0.0,0.0,0.0
SGP,Singapore,1980,0.0,0.0,0.0,0.0
SGP,Singapore,1981,0.0,0.0,0.0,0.0
SGP,Singapore,1982,0.0,0.0,0.0,0.0
SGP,Singapore,1983,0.0,0.0,0.0,0.0
SGP,Singapore,1984,0.0,0.0,0.0,0.0
SGP,Singapore,1985,0.0,0.0,0.0,0.0
SGP,Singapore,1986,0.0,0.0,0.0,0.0
SGP,Singapore,1987,0.0,0.0,0.0,0.0
SGP,Singapore,1988,0.0,0.0,0.0,0.0
SGP,Singapore,1989,0.0,0.0,0.0,0.0
SGP,Singapore,1990,0.0,0.0,0.0,0.0
SGP,Singapore,1991,0.0,0.0,0.0,0.0
SGP,Singapore,1992,0.0,0.0,0.0,0.0
SGP,Singapore,1993,0.0,0.0,0.0,0.0
SGP,Singapore,1994,0.0,0.0,0.0,0.0
SGP,Singapore,1995,0.0,0.0,0.0,0.0
SGP,Singapore,1996,0.0,0.0,0.0,0.0
SGP,Singapore,1997,0.0,0.0,0.0,0.0
SGP,Singapore,1998,0.0,0.0,0.0,0.0
SGP,Singapore,1999,0.0,0.0,0.0,0.0
SGP,Singapore,2000,0.0,0.0,0.0,0.0
SGP,Singapore,2001,0.0,0.0,0.0,0.0
SGP,Singapore,2002,0.0,0.0,0.0,0.0
SGP,Singapore,2003,0.0,0.0,0.0,0.0
SGP,Singapore,2004,0.0,0.0,0.0,0.0
SGP,Singapore,2005,0.0002190947402181,0.0,0.0,0.0002190947402181
SGP,Singapore,2006,0.0033318298961492,0.0,0.0,0.0033318298961492
SGP,Singapore,2007,0.0064600151031482,0.0,0.0,0.0064600151031482
SGP,Singapore,2008,0.0247658429846694,0.0,0.0,0.0247658429846694
SGP,Singapore,2009,0.0062081095239493,0.0,0.0,0.0062081095239493
SGP,Singapore,2010,0.0380589445820771,0.0,0.0,0.0380589445820771
SGP,Singapore,2011,0.153787333426844,0.0,0.0,0.153787333426844
SGP,Singapore,2012,0.142898804490871,0.0,0.0,0.142898804490871
SGP,Singapore,2013,0.11912189370539,0.0,0.0,0.11912189370539
SGP,Singapore,2014,0.104388992582944,0.0,0.0,0.104388992582944
SGP,Singapore,2015,0.0340084198311141,0.0,0.0,0.0340084198311141
SGP,Singapore,2016,0.0289302386437418,0.0,0.0,0.0289302386437418
SGP,Singapore,2017,0.0,0.0,0.0,0.0
SGP,Singapore,2018,0.0,0.0,0.0,0.0
SGP,Singapore,2019,0.0,0.0,0.0,0.0
SGP,Singapore,2020,0.0,0.0,0.0,0.0
SGP,Singapore,2021,0.0,0.0,0.0,0.0
SGP,Singapore,2022,,,,
SGP,Singapore,2023,,,,
SGP,Singapore,2024,,,,
SGP,Singapore,2025,,,,
SLB,Solomon Islands,1960,,,,
SLB,Solomon Islands,1961,,,,
SLB,Solomon Islands,1962,,,,
SLB,Solomon Islands,1963,,,,
SLB,Solomon Islands,1964,,,,
SLB,Solomon Islands,1965,,,,
SLB,Solomon Islands,1966,,,,
SLB,Solomon Islands,1967,,,,
SLB,Solomon Islands,1968,,,,
SLB,Solomon Islands,1969,,,,
SLB,Solomon Islands,1970,,,,
SLB,Solomon Islands,1971,,,,
SLB,Solomon Islands,1972,,,,
SLB,Solomon Islands,1973,,,,
SLB,Solomon Islands,1974,,,,
SLB,Solomon Islands,1975,,,,
SLB,Solomon Islands,1976,,,,
SLB,Solomon Islands,1977,,,,
SLB,Solomon Islands,1978,,,,
SLB,Solomon Islands,1979,,,,
SLB,Solomon Islands,1980,0.0,0.0,0.0,0.0
SLB,Solomon Islands,1981,0.0,0.0,0.0,0.0
SLB,Solomon Islands,1982,0.0,0.0,0.0,0.0
SLB,Solomon Islands,1983,0.0,0.0,0.0,0.0
SLB,Solomon Islands,1984,0.0,0.0,0.0,0.0
SLB,Solomon Islands,1985,0.0,0.0,0.0,0.0
SLB,Solomon Islands,1986,0.0,0.0,0.0,0.0
SLB,Solomon Islands,1987,0.0,0.0,0.0,0.0
SLB,Solomon Islands,1988,0.0,0.0,0.0,0.0
SLB,Solomon Islands,1989,0.0,0.0,0.0,0.0
SLB,Solomon Islands,1990,0.0,0.0,0.0,0.0
SLB,Solomon Islands,1991,0.0,0.0,0.0,0.0
SLB,Solomon Islands,1992,0.0,0.0,0.0,0.0
SLB,Solomon Islands,1993,0.0,0.0,0.0,0.0
SLB,Solomon Islands,1994,0.0,0.0,0.0,0.0
SLB,Solomon Islands,1995,0.0,0.0,0.0,0.0
SLB,Solomon Islands,1996,0.0,0.0,0.0,0.0
SLB,Solomon Islands,1997,0.0,0.0,0.0,0.0
SLB,Solomon Islands,1998,0.0,0.0,0.0,0.0
SLB,Solomon Islands,1999,0.0,0.0,0.0,0.0
SLB,Solomon Islands,2000,0.0,0.0,0.0,0.0
SLB,Solomon Islands,2001,0.0,0.0,0.0,0.0
SLB,Solomon Islands,2002,0.0,0.0,0.0,0.0
SLB,Solomon Islands,2003,0.0,0.0,0.0,0.0
SLB,Solomon Islands,2004,0.0,0.0,0.0,0.0
SLB,Solomon Islands,2005,0.0,0.0,0.0,0.0
SLB,Solomon Islands,2006,0.0,0.0,0.0,0.0
SLB,Solomon Islands,2007,0.0,0.0,0.0,0.0
SLB,Solomon Islands,2008,0.0,0.0,0.0,0.0
SLB,Solomon Islands,2009,0.0,0.0,0.0,0.0
SLB,Solomon Islands,2010,0.0,0.0,0.0,0.0
SLB,Solomon Islands,2011,0.0,0.0,0.0,0.0
SLB,Solomon Islands,2012,0.0,0.0,0.0,0.0
SLB,Solomon Islands,2013,0.0,0.0,0.0,0.0
SLB,Solomon Islands,2014,0.0,0.0,0.0,0.0
SLB,Solomon Islands,2015,0.0,0.0,0.0,0.0
SLB,Solomon Islands,2016,0.0,0.0,0.0,0.0
SLB,Solomon Islands,2017,0.0,0.0,0.0,0.0
SLB,Solomon Islands,2018,0.0,0.0,0.0,0.0
SLB,Solomon Islands,2019,0.0,0.0,0.0,0.0
SLB,Solomon Islands,2020,0.0,0.0,0.0,0.0
SLB,Solomon Islands,2021,0.0,0.0,0.0,0.0
SLB,Solomon Islands,2022,,,,
SLB,Solomon Islands,2023,,,,
SLB,Solomon Islands,2024,,,,
SLB,Solomon Islands,2025,,,,
SLE,Sierra Leone,1960,,,,
SLE,Sierra Leone,1961,,,,
SLE,Sierra Leone,1962,,,,
SLE,Sierra Leone,1963,,,,
SLE,Sierra Leone,1964,,,,
SLE,Sierra Leone,1965,,,,
SLE,Sierra Leone,1966,,,,
SLE,Sierra Leone,1967,,,,
SLE,Sierra Leone,1968,,,,
SLE,Sierra Leone,1969,,,,
SLE,Sierra Leone,1970,,,,
SLE,Sierra Leone,1971,,,,
SLE,Sierra Leone,1972,,,,
SLE,Sierra Leone,1973,,,,
SLE,Sierra Leone,1974,,,,
SLE,Sierra Leone,1975,,,,
SLE,Sierra Leone,1976,,,,
SLE,Sierra Leone,1977,,,,
SLE,Sierra Leone,1978,,,,
SLE,Sierra Leone,1979,,,,
SLE,Sierra Leone,1980,0.0,0.0,,0.0
SLE,Sierra Leone,1981,0.0,0.0,,0.0
SLE,Sierra Leone,1982,0.0,0.0,,0.0
SLE,Sierra Leone,1983,0.0,0.0,,0.0
SLE,Sierra Leone,1984,0.0,0.0,,0.0
SLE,Sierra Leone,1985,0.0,0.0,,0.0
SLE,Sierra Leone,1986,0.0,0.0,,0.0
SLE,Sierra Leone,1987,0.0,0.0,,0.0
SLE,Sierra Leone,1988,0.0,0.0,,0.0
SLE,Sierra Leone,1989,0.0,0.0,,0.0
SLE,Sierra Leone,1990,0.0,0.0,,0.0
SLE,Sierra Leone,1991,0.0,0.0,,0.0
SLE,Sierra Leone,1992,0.0,0.0,,0.0
SLE,Sierra Leone,1993,0.0,0.0,,0.0
SLE,Sierra Leone,1994,0.0,0.0,,0.0
SLE,Sierra Leone,1995,0.0,0.0,,0.0
SLE,Sierra Leone,1996,0.0,0.0,,0.0
SLE,Sierra Leone,1997,0.0,0.0,,0.0
SLE,Sierra Leone,1998,0.0,0.0,,0.0
SLE,Sierra Leone,1999,0.0,0.0,,0.0
SLE,Sierra Leone,2000,0.0,0.0,,0.0
SLE,Sierra Leone,2001,0.0,0.0,,0.0
SLE,Sierra Leone,2002,0.0,0.0,,0.0
SLE,Sierra Leone,2003,0.0,0.0,,0.0
SLE,Sierra Leone,2004,0.0,0.0,,0.0
SLE,Sierra Leone,2005,0.0,0.0,,0.0
SLE,Sierra Leone,2006,0.0,0.0,,0.0
SLE,Sierra Leone,2007,0.0,0.0,,0.0
SLE,Sierra Leone,2008,0.0,0.0,,0.0
SLE,Sierra Leone,2009,0.0,0.0,,0.0
SLE,Sierra Leone,2010,0.0,0.0,,0.0
SLE,Sierra Leone,2011,0.0,0.0,,0.0
SLE,Sierra Leone,2012,0.0,0.0,,0.0
SLE,Sierra Leone,2013,0.0,0.0,,0.0
SLE,Sierra Leone,2014,0.0,0.0,,0.0
SLE,Sierra Leone,2015,0.0,0.0,,0.0
SLE,Sierra Leone,2016,0.0,0.0,,0.0
SLE,Sierra Leone,2017,0.0,0.0,,0.0
SLE,Sierra Leone,2018,0.0,0.0,,0.0
SLE,Sierra Leone,2019,0.0,0.0,,0.0
SLE,Sierra Leone,2020,0.0,0.0,,0.0
SLE,Sierra Leone,2021,0.0,0.0,,0.0
SLE,Sierra Leone,2022,,,,
SLE,Sierra Leone,2023,,,,
SLE,Sierra Leone,2024,,,,
SLE,Sierra Leone,2025,,,,
SLV,El Salvador,1960,,,,
SLV,El Salvador,1961,,,,
SLV,El Salvador,1962,,,,
SLV,El Salvador,1963,,,,
SLV,El Salvador,1964,,,,
SLV,El Salvador,1965,,,,
SLV,El Salvador,1966,,,,
SLV,El Salvador,1967,,,,
SLV,El Salvador,1968,,,,
SLV,El Salvador,1969,,,,
SLV,El Salvador,1970,,,,
SLV,El Salvador,1971,0.0,0.0,0.0,0.0
SLV,El Salvador,1972,0.0,0.0,0.0,0.0
SLV,El Salvador,1973,0.0,0.0,0.0,0.0
SLV,El Salvador,1974,0.0,0.0,0.0,0.0
SLV,El Salvador,1975,0.0,0.0,0.0,0.0
SLV,El Salvador,1976,0.0,0.0,0.0,0.0
SLV,El Salvador,1977,0.0,0.0,0.0,0.0
SLV,El Salvador,1978,0.0,0.0,0.0,0.0
SLV,El Salvador,1979,0.0,0.0,0.0,0.0
SLV,El Salvador,1980,0.0,0.0,0.0,0.0
SLV,El Salvador,1981,0.0,0.0,0.0,0.0
SLV,El Salvador,1982,0.0,0.0,0.0,0.0
SLV,El Salvador,1983,0.0,0.0,0.0,0.0
SLV,El Salvador,1984,0.0,0.0,0.0,0.0
SLV,El Salvador,1985,0.0,0.0,0.0,0.0
SLV,El Salvador,1986,0.0,0.0,0.0,0.0
SLV,El Salvador,1987,0.0,0.0,0.0,0.0
SLV,El Salvador,1988,0.0,0.0,0.0,0.0
SLV,El Salvador,1989,0.0,0.0,0.0,0.0
SLV,El Salvador,1990,0.0,0.0,0.0,0.0
SLV,El Salvador,1991,0.0,0.0,0.0,0.0
SLV,El Salvador,1992,0.0,0.0,0.0,0.0
SLV,El Salvador,1993,0.0,0.0,0.0,0.0
SLV,El Salvador,1994,0.0,0.0,0.0,0.0
SLV,El Salvador,1995,0.0,0.0,0.0,0.0
SLV,El Salvador,1996,0.0,0.0,0.0,0.0
SLV,El Salvador,1997,0.0,0.0,0.0,0.0
SLV,El Salvador,1998,0.0,0.0,0.0,0.0
SLV,El Salvador,1999,0.0,0.0,0.0,0.0
SLV,El Salvador,2000,0.0,0.0,0.0,0.0
SLV,El Salvador,2001,0.0,0.0,0.0,0.0
SLV,El Salvador,2002,0.0139375107962022,0.0,0.0,0.0139375107962022
SLV,El Salvador,2003,0.0195408780039438,0.0,0.0,0.0195408780039438
SLV,El Salvador,2004,0.0217385679327602,0.0,0.0,0.0217385679327602
SLV,El Salvador,2005,0.135195934882048,0.0,0.0,0.135195934882048
SLV,El Salvador,2006,0.56647035112419,0.0,0.0,0.56647035112419
SLV,El Salvador,2007,0.458911583353226,0.0,0.0,0.458911583353226
SLV,El Salvador,2008,0.577913009476031,0.0,0.0,0.577913009476031
SLV,El Salvador,2009,0.138481519538933,0.0,0.0,0.138481519538933
SLV,El Salvador,2010,0.0,0.0,0.0,0.0
SLV,El Salvador,2011,0.0003752310294187,0.0,0.0,0.0003752310294187
SLV,El Salvador,2012,0.0003419868074962,0.0,0.0,0.0003419868074962
SLV,El Salvador,2013,0.0003032116047482,0.0,0.0,0.0003032116047482
SLV,El Salvador,2014,0.0002689571546547,0.0,0.0,0.0002689571546547
SLV,El Salvador,2015,0.0,0.0,0.0,0.0
SLV,El Salvador,2016,0.0,0.0,0.0,0.0
SLV,El Salvador,2017,0.0001063947033347,0.0,0.0,0.0001063947033347
SLV,El Salvador,2018,0.0001620524890476,0.0,0.0,0.0001620524890476
SLV,El Salvador,2019,0.0001255650591976,0.0,0.0,0.0001255650591976
SLV,El Salvador,2020,6.48310040641576e-05,0.0,0.0,6.48310040641576e-05
SLV,El Salvador,2021,0.000150418698822,0.0,0.0,0.000150418698822
SLV,El Salvador,2022,,,,
SLV,El Salvador,2023,,,,
SLV,El Salvador,2024,,,,
SLV,El Salvador,2025,,,,
SMR,San Marino,1960,,,,
SMR,San Marino,1961,,,,
SMR,San Marino,1962,,,,
SMR,San Marino,1963,,,,
SMR,San Marino,1964,,,,
SMR,San Marino,1965,,,,
SMR,San Marino,1966,,,,
SMR,San Marino,1967,,,,
SMR,San Marino,1968,,,,
SMR,San Marino,1969,,,,
SMR,San Marino,1970,,,,
SMR,San Marino,1971,,,,
SMR,San Marino,1972,,,,
SMR,San Marino,1973,,,,
SMR,San Marino,1974,,,,
SMR,San Marino,1975,,,,
SMR,San Marino,1976,,,,
SMR,San Marino,1977,,,,
SMR,San Marino,1978,,,,
SMR,San Marino,1979,,,,
SMR,San Marino,1980,,,,
SMR,San Marino,1981,,,,
SMR,San Marino,1982,,,,
SMR,San Marino,1983,,,,
SMR,San Marino,1984,,,,
SMR,San Marino,1985,,,,
SMR,San Marino,1986,,,,
SMR,San Marino,1987,,,,
SMR,San Marino,1988,,,,
SMR,San Marino,1989,,,,
SMR,San Marino,1990,,,,
SMR,San Marino,1991,,,,
SMR,San Marino,1992,,,,
SMR,San Marino,1993,,,,
SMR,San Marino,1994,,,,
SMR,San Marino,1995,,,,
SMR,San Marino,1996,,,,
SMR,San Marino,1997,,,,
SMR,San Marino,1998,,,,
SMR,San Marino,1999,,,,
SMR,San Marino,2000,,,,
SMR,San Marino,2001,,,,
SMR,San Marino,2002,,,,
SMR,San Marino,2003,,,,
SMR,San Marino,2004,,,,
SMR,San Marino,2005,,,,
SMR,San Marino,2006,,,,
SMR,San Marino,2007,,,,
SMR,San Marino,2008,,,,
SMR,San Marino,2009,,,,
SMR,San Marino,2010,,,,
SMR,San Marino,2011,,,,
SMR,San Marino,2012,,,,
SMR,San Marino,2013,,,,
SMR,San Marino,2014,,,,
SMR,San Marino,2015,,,,
SMR,San Marino,2016,,,,
SMR,San Marino,2017,,,,
SMR,San Marino,2018,,,,
SMR,San Marino,2019,,,,
SMR,San Marino,2020,,,,
SMR,San Marino,2021,,,,
SMR,San Marino,2022,,,,
SMR,San Marino,2023,,,,
SMR,San Marino,2024,,,,
SMR,San Marino,2025,,,,
SOM,"Somalia, Fed. Rep.",1960,,,,
SOM,"Somalia, Fed. Rep.",1961,,,,
SOM,"Somalia, Fed. Rep.",1962,,,,
SOM,"Somalia, Fed. Rep.",1963,,,,
SOM,"Somalia, Fed. Rep.",1964,,,,
SOM,"Somalia, Fed. Rep.",1965,,,,
SOM,"Somalia, Fed. Rep.",1966,,,,
SOM,"Somalia, Fed. Rep.",1967,,,,
SOM,"Somalia, Fed. Rep.",1968,,,,
SOM,"Somalia, Fed. Rep.",1969,,,,
SOM,"Somalia, Fed. Rep.",1970,,,,
SOM,"Somalia, Fed. Rep.",1971,,,,
SOM,"Somalia, Fed. Rep.",1972,,,,
SOM,"Somalia, Fed. Rep.",1973,,,,
SOM,"Somalia, Fed. Rep.",1974,,,,
SOM,"Somalia, Fed. Rep.",1975,,,,
SOM,"Somalia, Fed. Rep.",1976,,,,
SOM,"Somalia, Fed. Rep.",1977,,,,
SOM,"Somalia, Fed. Rep.",1978,,,,
SOM,"Somalia, Fed. Rep.",1979,,,,
SOM,"Somalia, Fed. Rep.",1980,0.0,0.0,0.0,0.0
SOM,"Somalia, Fed. Rep.",1981,0.0,0.0,0.0,0.0
SOM,"Somalia, Fed. Rep.",1982,0.0,0.0,0.0,0.0
SOM,"Somalia, Fed. Rep.",1983,0.0,0.0,0.0,0.0
SOM,"Somalia, Fed. Rep.",1984,0.0,0.0,0.0,0.0
SOM,"Somalia, Fed. Rep.",1985,0.0,0.0,0.0,0.0
SOM,"Somalia, Fed. Rep.",1986,0.0,0.0,0.0,0.0
SOM,"Somalia, Fed. Rep.",1987,0.0,0.0,0.0,0.0
SOM,"Somalia, Fed. Rep.",1988,0.0,0.0,0.0,0.0
SOM,"Somalia, Fed. Rep.",1989,0.0,0.0,0.0,0.0
SOM,"Somalia, Fed. Rep.",1990,0.0,0.0,0.0,0.0
SOM,"Somalia, Fed. Rep.",1991,,,,
SOM,"Somalia, Fed. Rep.",1992,,,,
SOM,"Somalia, Fed. Rep.",1993,,,,
SOM,"Somalia, Fed. Rep.",1994,,,,
SOM,"Somalia, Fed. Rep.",1995,,,,
SOM,"Somalia, Fed. Rep.",1996,,,,
SOM,"Somalia, Fed. Rep.",1997,,,,
SOM,"Somalia, Fed. Rep.",1998,,,,
SOM,"Somalia, Fed. Rep.",1999,,,,
SOM,"Somalia, Fed. Rep.",2000,,,,
SOM,"Somalia, Fed. Rep.",2001,,,,
SOM,"Somalia, Fed. Rep.",2002,,,,
SOM,"Somalia, Fed. Rep.",2003,,,,
SOM,"Somalia, Fed. Rep.",2004,,,,
SOM,"Somalia, Fed. Rep.",2005,,,,
SOM,"Somalia, Fed. Rep.",2006,,,,
SOM,"Somalia, Fed. Rep.",2007,,,,
SOM,"Somalia, Fed. Rep.",2008,,,,
SOM,"Somalia, Fed. Rep.",2009,,,,
SOM,"Somalia, Fed. Rep.",2010,,,,
SOM,"Somalia, Fed. Rep.",2011,,,,
SOM,"Somalia, Fed. Rep.",2012,,,,
SOM,"Somalia, Fed. Rep.",2013,0.0,0.0,0.0,0.0
SOM,"Somalia, Fed. Rep.",2014,0.0,0.0,0.0,0.0
SOM,"Somalia, Fed. Rep.",2015,0.0,0.0,0.0,0.0
SOM,"Somalia, Fed. Rep.",2016,0.0,0.0,0.0,0.0
SOM,"Somalia, Fed. Rep.",2017,0.0,0.0,0.0,0.0
SOM,"Somalia, Fed. Rep.",2018,0.0,0.0,0.0,0.0
SOM,"Somalia, Fed. Rep.",2019,0.0,0.0,0.0,0.0
SOM,"Somalia, Fed. Rep.",2020,0.0,0.0,0.0,0.0
SOM,"Somalia, Fed. Rep.",2021,0.0,0.0,0.0,0.0
SOM,"Somalia, Fed. Rep.",2022,,,,
SOM,"Somalia, Fed. Rep.",2023,,,,
SOM,"Somalia, Fed. Rep.",2024,,,,
SOM,"Somalia, Fed. Rep.",2025,,,,
SRB,Serbia,1960,,,,
SRB,Serbia,1961,,,,
SRB,Serbia,1962,,,,
SRB,Serbia,1963,,,,
SRB,Serbia,1964,,,,
SRB,Serbia,1965,,,,
SRB,Serbia,1966,,,,
SRB,Serbia,1967,,,,
SRB,Serbia,1968,,,,
SRB,Serbia,1969,,,,
SRB,Serbia,1970,,,,
SRB,Serbia,1971,,,,
SRB,Serbia,1972,,,,
SRB,Serbia,1973,,,,
SRB,Serbia,1974,,,,
SRB,Serbia,1975,,,,
SRB,Serbia,1976,,,,
SRB,Serbia,1977,,,,
SRB,Serbia,1978,,,,
SRB,Serbia,1979,,,,
SRB,Serbia,1980,,,,
SRB,Serbia,1981,,,,
SRB,Serbia,1982,,,,
SRB,Serbia,1983,,,,
SRB,Serbia,1984,,,,
SRB,Serbia,1985,,,,
SRB,Serbia,1986,,,,
SRB,Serbia,1987,,,,
SRB,Serbia,1988,,,,
SRB,Serbia,1989,,,,
SRB,Serbia,1990,,,,
SRB,Serbia,1991,,,,
SRB,Serbia,1992,,,,
SRB,Serbia,1993,,,,
SRB,Serbia,1994,,,,
SRB,Serbia,1995,0.360409734074695,0.191536069522713,0.117146261770044,0.6690920653674519
SRB,Serbia,1996,0.374713227300187,0.0880509121451614,0.0646451025366397,0.5274092419819881
SRB,Serbia,1997,0.238803566956788,0.0339261544028075,0.0607975385581407,0.3335272599177362
SRB,Serbia,1998,0.091426987990608,0.0893391624358371,0.0143214237984465,0.19508757422489162
SRB,Serbia,1999,0.288136800492102,0.0136266441748068,0.0101282259290125,0.3118916705959213
SRB,Serbia,2000,1.7969801995401,0.380086161152018,0.155676752650817,2.332743113342935
SRB,Serbia,2001,0.640648703587362,0.667174467093844,0.194580351731074,1.50240352241228
SRB,Serbia,2002,0.386999681263742,0.180307652658389,0.0614026504358946,0.6287099843580257
SRB,Serbia,2003,0.334564655960938,0.15271895942731,0.0471253269258943,0.5344089423141423
SRB,Serbia,2004,0.383259938589225,1.28070649480875,0.0350931615188001,1.6990595949167753
SRB,Serbia,2005,0.519958421629116,0.629976776204547,0.0318367581904063,1.1817719560240691
SRB,Serbia,2006,0.511008373929242,0.594114632707021,0.0666669962598812,1.171790002896144
SRB,Serbia,2007,0.42016623623444,0.745993990194135,0.0524474312654164,1.2186076576939915
SRB,Serbia,2008,0.512169486154177,1.96972891573608,0.0797398435489287,2.5616382454391857
SRB,Serbia,2009,0.335048938768352,0.596213698310541,0.0656187640385259,0.996881401117419
SRB,Serbia,2010,0.53158669566208,1.20333406740157,0.0650552472058194,1.7999760102694695
SRB,Serbia,2011,0.890629908467004,1.35617409823919,0.116728343146514,2.363532349852708
SRB,Serbia,2012,1.09069028770519,0.606423310734233,0.142271504595546,1.839385103034969
SRB,Serbia,2013,0.939643703344488,0.294236336295419,0.123419277420797,1.357299317060704
SRB,Serbia,2014,0.863046421127908,0.189197922364837,0.0916939120491321,1.143938255541877
SRB,Serbia,2015,0.402583557210894,0.182885402088284,0.082663006792981,0.668131966092159
SRB,Serbia,2016,0.27662651720577,0.200469124583999,0.0464410927292416,0.5235367345190105
SRB,Serbia,2017,0.363808378643262,0.247052965110584,0.0555773475209731,0.666438691274819
SRB,Serbia,2018,0.502181565265322,0.232480155594805,0.0776448789031451,0.812306599763272
SRB,Serbia,2019,0.426534457626405,0.172809612137558,0.0495486966264631,0.6488927663904261
SRB,Serbia,2020,0.213906994350929,0.148927174115007,0.0227812082960578,0.38561537676199376
SRB,Serbia,2021,0.42442078759101,0.235195620780373,0.0971253332700918,0.7567417416414748
SRB,Serbia,2022,,,,
SRB,Serbia,2023,,,,
SRB,Serbia,2024,,,,
SRB,Serbia,2025,,,,
SSD,South Sudan,1960,,,,
SSD,South Sudan,1961,,,,
SSD,South Sudan,1962,,,,
SSD,South Sudan,1963,,,,
SSD,South Sudan,1964,,,,
SSD,South Sudan,1965,,,,
SSD,South Sudan,1966,,,,
SSD,South Sudan,1967,,,,
SSD,South Sudan,1968,,,,
SSD,South Sudan,1969,,,,
SSD,South Sudan,1970,,,,
SSD,South Sudan,1971,,,,
SSD,South Sudan,1972,,,,
SSD,South Sudan,1973,,,,
SSD,South Sudan,1974,,,,
SSD,South Sudan,1975,,,,
SSD,South Sudan,1976,,,,
SSD,South Sudan,1977,,,,
SSD,South Sudan,1978,,,,
SSD,South Sudan,1979,,,,
SSD,South Sudan,1980,,,,
SSD,South Sudan,1981,,,,
SSD,South Sudan,1982,,,,
SSD,South Sudan,1983,,,,
SSD,South Sudan,1984,,,,
SSD,South Sudan,1985,,,,
SSD,South Sudan,1986,,,,
SSD,South Sudan,1987,,,,
SSD,South Sudan,1988,,,,
SSD,South Sudan,1989,,,,
SSD,South Sudan,1990,,,,
SSD,South Sudan,1991,,,,
SSD,South Sudan,1992,,,,
SSD,South Sudan,1993,,,,
SSD,South Sudan,1994,,,,
SSD,South Sudan,1995,,,,
SSD,South Sudan,1996,,,,
SSD,South Sudan,1997,,,,
SSD,South Sudan,1998,,,,
SSD,South Sudan,1999,,,,
SSD,South Sudan,2000,,,,
SSD,South Sudan,2001,,,,
SSD,South Sudan,2002,,,,
SSD,South Sudan,2003,,,,
SSD,South Sudan,2004,,,,
SSD,South Sudan,2005,,,,
SSD,South Sudan,2006,,,,
SSD,South Sudan,2007,,,,
SSD,South Sudan,2008,58.2776601424041,,,58.2776601424041
SSD,South Sudan,2009,35.188657039956,,,35.188657039956
SSD,South Sudan,2010,43.7092935094988,,,43.7092935094988
SSD,South Sudan,2011,50.3820140463065,,,50.3820140463065
SSD,South Sudan,2012,3.55150590979899,0.0,0.0,3.55150590979899
SSD,South Sudan,2013,13.3083956321822,0.0,0.0,13.3083956321822
SSD,South Sudan,2014,26.3604396814303,0.0,0.0,26.3604396814303
SSD,South Sudan,2015,10.3913729191421,0.0,0.0,10.3913729191421
SSD,South Sudan,2016,,,,
SSD,South Sudan,2017,,,,
SSD,South Sudan,2018,,,,
SSD,South Sudan,2019,,,,
SSD,South Sudan,2020,,,,
SSD,South Sudan,2021,,,,
SSD,South Sudan,2022,,,,
SSD,South Sudan,2023,,,,
SSD,South Sudan,2024,,,,
SSD,South Sudan,2025,,,,
STP,Sao Tome and Principe,1960,,,,
STP,Sao Tome and Principe,1961,,,,
STP,Sao Tome and Principe,1962,,,,
STP,Sao Tome and Principe,1963,,,,
STP,Sao Tome and Principe,1964,,,,
STP,Sao Tome and Principe,1965,,,,
STP,Sao Tome and Principe,1966,,,,
STP,Sao Tome and Principe,1967,,,,
STP,Sao Tome and Principe,1968,,,,
STP,Sao Tome and Principe,1969,,,,
STP,Sao Tome and Principe,1970,,,,
STP,Sao Tome and Principe,1971,,,,
STP,Sao Tome and Principe,1972,,,,
STP,Sao Tome and Principe,1973,,,,
STP,Sao Tome and Principe,1974,,,,
STP,Sao Tome and Principe,1975,,,,
STP,Sao Tome and Principe,1976,,,,
STP,Sao Tome and Principe,1977,,,,
STP,Sao Tome and Principe,1978,,,,
STP,Sao Tome and Principe,1979,,,,
STP,Sao Tome and Principe,1980,,,,
STP,Sao Tome and Principe,1981,,,,
STP,Sao Tome and Principe,1982,,,,
STP,Sao Tome and Principe,1983,,,,
STP,Sao Tome and Principe,1984,,,,
STP,Sao Tome and Principe,1985,,,,
STP,Sao Tome and Principe,1986,,,,
STP,Sao Tome and Principe,1987,,,,
STP,Sao Tome and Principe,1988,,,,
STP,Sao Tome and Principe,1989,,,,
STP,Sao Tome and Principe,1990,,,,
STP,Sao Tome and Principe,1991,,,,
STP,Sao Tome and Principe,1992,,,,
STP,Sao Tome and Principe,1993,,,,
STP,Sao Tome and Principe,1994,,,,
STP,Sao Tome and Principe,1995,,,,
STP,Sao Tome and Principe,1996,,,,
STP,Sao Tome and Principe,1997,,,,
STP,Sao Tome and Principe,1998,,,,
STP,Sao Tome and Principe,1999,,,,
STP,Sao Tome and Principe,2000,,,,
STP,Sao Tome and Principe,2001,0.0,0.0,0.0,0.0
STP,Sao Tome and Principe,2002,0.0,0.0,0.0,0.0
STP,Sao Tome and Principe,2003,0.0,0.0,0.0,0.0
STP,Sao Tome and Principe,2004,0.0,0.0,0.0,0.0
STP,Sao Tome and Principe,2005,0.0,0.0,0.0,0.0
STP,Sao Tome and Principe,2006,0.0,0.0,0.0,0.0
STP,Sao Tome and Principe,2007,0.0,0.0,0.0,0.0
STP,Sao Tome and Principe,2008,0.0,0.0,0.0,0.0
STP,Sao Tome and Principe,2009,0.0,0.0,0.0,0.0
STP,Sao Tome and Principe,2010,0.0,0.0,0.0,0.0
STP,Sao Tome and Principe,2011,0.0,0.0,0.0,0.0
STP,Sao Tome and Principe,2012,0.0,0.0,0.0,0.0
STP,Sao Tome and Principe,2013,0.0,0.0,0.0,0.0
STP,Sao Tome and Principe,2014,0.0,0.0,0.0,0.0
STP,Sao Tome and Principe,2015,0.0,0.0,0.0,0.0
STP,Sao Tome and Principe,2016,0.0,0.0,0.0,0.0
STP,Sao Tome and Principe,2017,0.0,0.0,0.0,0.0
STP,Sao Tome and Principe,2018,0.0,0.0,0.0,0.0
STP,Sao Tome and Principe,2019,0.0,0.0,0.0,0.0
STP,Sao Tome and Principe,2020,0.0,0.0,0.0,0.0
STP,Sao Tome and Principe,2021,0.0,0.0,0.0,0.0
STP,Sao Tome and Principe,2022,,,,
STP,Sao Tome and Principe,2023,,,,
STP,Sao Tome and Principe,2024,,,,
STP,Sao Tome and Principe,2025,,,,
SUR,Suriname,1960,,,,
SUR,Suriname,1961,,,,
SUR,Suriname,1962,,,,
SUR,Suriname,1963,,,,
SUR,Suriname,1964,,,,
SUR,Suriname,1965,,,,
SUR,Suriname,1966,,,,
SUR,Suriname,1967,,,,
SUR,Suriname,1968,,,,
SUR,Suriname,1969,,,,
SUR,Suriname,1970,,,,
SUR,Suriname,1971,,,,
SUR,Suriname,1972,,,,
SUR,Suriname,1973,,,,
SUR,Suriname,1974,,,,
SUR,Suriname,1975,,,,
SUR,Suriname,1976,,,,
SUR,Suriname,1977,,,,
SUR,Suriname,1978,,,,
SUR,Suriname,1979,,,,
SUR,Suriname,1980,0.0,,0.0,0.0
SUR,Suriname,1981,0.0,,0.0,0.0
SUR,Suriname,1982,0.280038834678944,,0.0,0.280038834678944
SUR,Suriname,1983,0.387361223441769,,0.0,0.387361223441769
SUR,Suriname,1984,0.32928120711935,,0.0,0.32928120711935
SUR,Suriname,1985,0.688035762997561,,0.0,0.688035762997561
SUR,Suriname,1986,0.540075608205263,,0.0,0.540075608205263
SUR,Suriname,1987,0.892539517373402,,0.0,0.892539517373402
SUR,Suriname,1988,0.875946431225653,,0.0,0.875946431225653
SUR,Suriname,1989,3.18690065242386,,0.0,3.18690065242386
SUR,Suriname,1990,6.48868176638466,,0.0,6.48868176638466
SUR,Suriname,1991,3.27359378253324,,0.0,3.27359378253324
SUR,Suriname,1992,4.66907449228185,,0.0,4.66907449228185
SUR,Suriname,1993,4.48964578891102,,0.0,4.48964578891102
SUR,Suriname,1994,3.6497472360016,,0.0,3.6497472360016
SUR,Suriname,1995,4.20272952774132,,0.0,4.20272952774132
SUR,Suriname,1996,4.57306400000621,,0.0,4.57306400000621
SUR,Suriname,1997,4.57159624352455,,0.0,4.57159624352455
SUR,Suriname,1998,2.22792645485833,,0.0,2.22792645485833
SUR,Suriname,1999,5.54774661240561,,0.0,5.54774661240561
SUR,Suriname,2000,9.6570386910926,0.0,0.0,9.6570386910926
SUR,Suriname,2001,8.57701308174341,0.0,0.0088000500514565,8.585813131794866
SUR,Suriname,2002,6.6713651664465,0.0,0.0050251047321131,6.676390271178613
SUR,Suriname,2003,5.97914212009237,0.0,0.0031429255614286,5.982285045653799
SUR,Suriname,2004,6.45522246853907,0.0,0.0025923277373233,6.457814796276393
SUR,Suriname,2005,8.63608457094893,0.0,0.0043483675207183,8.640432938469647
SUR,Suriname,2006,7.84880116051496,0.0,0.004588553096066,7.853389713611026
SUR,Suriname,2007,8.36431435476551,0.0,0.0056009874717888,8.369915342237299
SUR,Suriname,2008,10.4429452069185,0.0,0.0056286725236785,10.44857387944218
SUR,Suriname,2009,4.70070969381809,0.0,0.0055984975475813,4.706308191365671
SUR,Suriname,2010,5.82683537587144,0.0,0.0034737955988175,5.830309171470257
SUR,Suriname,2011,9.41801678852129,0.0,0.0072200994186196,9.42523688793991
SUR,Suriname,2012,7.99471670842876,0.0,0.0069064115190479,8.001623119947807
SUR,Suriname,2013,7.07724159024642,0.0,0.007681554810173,7.084923145056592
SUR,Suriname,2014,6.48885277692169,0.0,0.006883551506635,6.495736328428325
SUR,Suriname,2015,2.53674856688081,0.0,0.003306403765562,2.540054970646372
SUR,Suriname,2016,2.93811167650529,0.0,0.0023368956109642,2.9404485721162543
SUR,Suriname,2017,4.01262933516518,0.0,0.003170853961294,4.015800189126473
SUR,Suriname,2018,5.79745793323679,0.0,0.0073787333698098,5.804836666606599
SUR,Suriname,2019,4.64572430249017,0.0,0.0084664624214097,4.65419076491158
SUR,Suriname,2020,2.99417364471055,0.0,0.0068415489224602,3.00101519363301
SUR,Suriname,2021,7.93252614181898,0.0,0.0114578354460793,7.943983977265059
SUR,Suriname,2022,,,,
SUR,Suriname,2023,,,,
SUR,Suriname,2024,,,,
SUR,Suriname,2025,,,,
SVK,Slovak Republic,1960,,,,
SVK,Slovak Republic,1961,,,,
SVK,Slovak Republic,1962,,,,
SVK,Slovak Republic,1963,,,,
SVK,Slovak Republic,1964,,,,
SVK,Slovak Republic,1965,,,,
SVK,Slovak Republic,1966,,,,
SVK,Slovak Republic,1967,,,,
SVK,Slovak Republic,1968,,,,
SVK,Slovak Republic,1969,,,,
SVK,Slovak Republic,1970,,,,
SVK,Slovak Republic,1971,,,,
SVK,Slovak Republic,1972,,,,
SVK,Slovak Republic,1973,,,,
SVK,Slovak Republic,1974,,,,
SVK,Slovak Republic,1975,,,,
SVK,Slovak Republic,1976,,,,
SVK,Slovak Republic,1977,,,,
SVK,Slovak Republic,1978,,,,
SVK,Slovak Republic,1979,,,,
SVK,Slovak Republic,1980,,,,
SVK,Slovak Republic,1981,,,,
SVK,Slovak Republic,1982,,,,
SVK,Slovak Republic,1983,,,,
SVK,Slovak Republic,1984,,,,
SVK,Slovak Republic,1985,,,,
SVK,Slovak Republic,1986,,,,
SVK,Slovak Republic,1987,,,,
SVK,Slovak Republic,1988,,,,
SVK,Slovak Republic,1989,,,,
SVK,Slovak Republic,1990,0.0281402221439932,0.102489741305278,0.05275906360157,0.1833890270508412
SVK,Slovak Republic,1991,0.013627016418704,0.0743451292797634,0.0230251727425651,0.1109973184410325
SVK,Slovak Republic,1992,0.0122661772789879,0.0340592354958962,0.0102656547698441,0.0565910675447282
SVK,Slovak Republic,1993,0.0213759915575167,0.0035368659735557,0.0198246010845898,0.0447374586156622
SVK,Slovak Republic,1994,0.0156386182294211,0.0039360809950123,0.0179473022866676,0.037522001511101
SVK,Slovak Republic,1995,0.0149998130978498,0.0143294277537448,0.0307966363609679,0.060125877212562504
SVK,Slovak Republic,1996,0.0223281669641781,0.0077627010398856,0.0250953694647095,0.0551862374687732
SVK,Slovak Republic,1997,0.016510382368542,0.0034877099397214,0.0251842167096787,0.045182309017942096
SVK,Slovak Republic,1998,0.0037940962216565,0.0062517830011548,0.002741455501945,0.0127873347247563
SVK,Slovak Republic,1999,0.0084629982033908,0.0012552448505565,0.0021491748976511,0.011867417951598399
SVK,Slovak Republic,2000,0.0241597051195618,0.0109042669454798,0.0123527678853131,0.047416739950354704
SVK,Slovak Republic,2001,0.0158003204347444,0.033598729963812,0.0284041624044545,0.0778032128030109
SVK,Slovak Republic,2002,0.0138850270798446,0.00936864566598,0.0180339708315129,0.041287643577337496
SVK,Slovak Republic,2003,0.0114928737044564,0.0065721280781694,0.0169668404135207,0.0350318421961465
SVK,Slovak Republic,2004,0.0115043850236051,0.0512222167853151,0.0104427357183609,0.07316933752728111
SVK,Slovak Republic,2005,0.0123977111611511,0.0237111395220124,0.0072347055637516,0.043343556246915105
SVK,Slovak Republic,2006,0.0115567670110504,0.0195921805750578,0.019978118315044,0.0511270659011522
SVK,Slovak Republic,2007,0.0082301455398637,0.0259605788731998,0.0104156861286163,0.0446064105416798
SVK,Slovak Republic,2008,0.0089820773880756,0.0772952604119315,0.0130329314947467,0.0993102692947538
SVK,Slovak Republic,2009,0.0045867361308343,0.0268393573979669,0.0104113495244654,0.0418374430532666
SVK,Slovak Republic,2010,0.0046138618340476,0.0468397922200368,0.0092430296117691,0.0606966836658535
SVK,Slovak Republic,2011,0.0079282610757199,0.0514007693903246,0.0150694280939769,0.0743984585600214
SVK,Slovak Republic,2012,0.0077126838026071,0.0216387601585785,0.0206197380233814,0.049971181984567
SVK,Slovak Republic,2013,0.0060061101829395,0.0109632160952374,0.0158850726127309,0.0328543988909078
SVK,Slovak Republic,2014,0.0049117724875757,0.0089017514545121,0.0088875208200161,0.022701044762103897
SVK,Slovak Republic,2015,0.0023961089915075,0.005611659091903,0.0069615431290524,0.014969311212462899
SVK,Slovak Republic,2016,0.0014293291046049,0.005689190196584,0.0040303740905239,0.011148893391712801
SVK,Slovak Republic,2017,0.0015119312864531,0.0070583846585728,0.0080255461313325,0.0165958620763584
SVK,Slovak Republic,2018,0.0019836339816227,0.0061591334452401,0.0077005080235649,0.0158432754504277
SVK,Slovak Republic,2019,0.0015669428982889,0.0043857923388116,0.0071331079237376,0.0130858431608381
SVK,Slovak Republic,2020,0.0004918748572735,0.0025259562095748,0.0018579570682178,0.0048757881350661
SVK,Slovak Republic,2021,0.0017634878469993,0.0051504475138018,0.0085420690496797,0.015456004410480801
SVK,Slovak Republic,2022,,,,
SVK,Slovak Republic,2023,,,,
SVK,Slovak Republic,2024,,,,
SVK,Slovak Republic,2025,,,,
SVN,Slovenia,1960,,,,
SVN,Slovenia,1961,,,,
SVN,Slovenia,1962,,,,
SVN,Slovenia,1963,,,,
SVN,Slovenia,1964,,,,
SVN,Slovenia,1965,,,,
SVN,Slovenia,1966,,,,
SVN,Slovenia,1967,,,,
SVN,Slovenia,1968,,,,
SVN,Slovenia,1969,,,,
SVN,Slovenia,1970,,,,
SVN,Slovenia,1971,,,,
SVN,Slovenia,1972,,,,
SVN,Slovenia,1973,,,,
SVN,Slovenia,1974,,,,
SVN,Slovenia,1975,,,,
SVN,Slovenia,1976,,,,
SVN,Slovenia,1977,,,,
SVN,Slovenia,1978,,,,
SVN,Slovenia,1979,,,,
SVN,Slovenia,1980,,,,
SVN,Slovenia,1981,,,,
SVN,Slovenia,1982,,,,
SVN,Slovenia,1983,,,,
SVN,Slovenia,1984,,,,
SVN,Slovenia,1985,,,,
SVN,Slovenia,1986,,,,
SVN,Slovenia,1987,,,,
SVN,Slovenia,1988,,,,
SVN,Slovenia,1989,,,,
SVN,Slovenia,1990,,,,
SVN,Slovenia,1991,,,,
SVN,Slovenia,1992,,,,
SVN,Slovenia,1993,,,,
SVN,Slovenia,1994,,,,
SVN,Slovenia,1995,7.47604676557127e-05,0.0203284097679051,0.0021958997093581,0.022599069944918913
SVN,Slovenia,1996,8.94628877796405e-05,0.0108285599206418,0.0015008403422283,0.01241886315064974
SVN,Slovenia,1997,6.01617847945739e-05,0.0051683614258628,0.0015589682640078,0.006787491474665173
SVN,Slovenia,1998,1.40135241061114e-05,0.0094583356810189,0.0001267848682343,0.00959913407335931
SVN,Slovenia,1999,3.7464529598148e-05,0.0016893656299688,8.58891412788655e-05,0.0018127193008458135
SVN,Slovenia,2000,7.48466914379018e-05,0.0163917600364402,0.0008092503484916,0.017275857076369704
SVN,Slovenia,2001,5.32255557663364e-05,0.0509555107401783,0.0014339527999448,0.05244268909588944
SVN,Slovenia,2002,4.39489545980475e-05,0.0177864077166854,0.0009629597375629,0.018793316408846347
SVN,Slovenia,2003,3.58600452949128e-05,0.0150453316994758,0.0006902232365196,0.015771414981290314
SVN,Slovenia,2004,4.17014661148403e-05,0.125648797600669,0.000530541183289,0.12622104025007283
SVN,Slovenia,2005,4.19073137576575e-05,0.0764419788031346,0.0003417383566642,0.07682562447355645
SVN,Slovenia,2006,4.43761975018317e-05,0.0756138916344056,0.0006998323249208,0.07635810015682823
SVN,Slovenia,2007,,0.105199115901079,0.0004451933543034,0.1056443092553824
SVN,Slovenia,2008,,0.265542987225275,0.0006958143965071,0.2662388016217821
SVN,Slovenia,2009,,0.0842431123503214,0.0005416287198345,0.0847847410701559
SVN,Slovenia,2010,,0.172692452920431,0.0011870927785528,0.1738795456989838
SVN,Slovenia,2011,,0.198688191035297,0.000488447837896,0.199176638873193
SVN,Slovenia,2012,,0.0846941827577808,0.0005663601933554,0.0852605429511362
SVN,Slovenia,2013,,0.0412122663771344,0.0008021523751533,0.042014418752287695
SVN,Slovenia,2014,,0.0255015689572061,0.0005548151275294,0.026056384084735502
SVN,Slovenia,2015,,0.0201511430029735,0.0004759171676123,0.020627060170585798
SVN,Slovenia,2016,,0.0238351869758312,0.0004524425260059,0.024287629501837098
SVN,Slovenia,2017,8.56129547999711e-05,0.0290558127086212,0.0009714597992659,0.03011288546268707
SVN,Slovenia,2018,0.0002827546108903,0.0296353423505825,0.0026510687563406,0.032569165717813396
SVN,Slovenia,2019,6.44611831761803e-05,0.0213962789454941,0.0007910621390699,0.022251802267740182
SVN,Slovenia,2020,1.39101147863392e-05,0.017769657212655,0.0003095243146509,0.01809309164209224
SVN,Slovenia,2021,2.90014634526052e-05,0.0258661890048008,0.0014338782731892,0.027329068741442607
SVN,Slovenia,2022,,,,
SVN,Slovenia,2023,,,,
SVN,Slovenia,2024,,,,
SVN,Slovenia,2025,,,,
SWE,Sweden,1960,,,,
SWE,Sweden,1961,,,,
SWE,Sweden,1962,,,,
SWE,Sweden,1963,,,,
SWE,Sweden,1964,,,,
SWE,Sweden,1965,,,,
SWE,Sweden,1966,,,,
SWE,Sweden,1967,,,,
SWE,Sweden,1968,,,,
SWE,Sweden,1969,,,,
SWE,Sweden,1970,,0.0,0.0,0.0
SWE,Sweden,1971,0.0,0.0,0.0,0.0
SWE,Sweden,1972,0.0,0.0,0.0,0.0
SWE,Sweden,1973,0.0,5.34899596628433e-07,0.0,5.34899596628433e-07
SWE,Sweden,1974,0.0,1.15000100087788e-06,0.0,1.15000100087788e-06
SWE,Sweden,1975,0.0,0.0003226799833777,0.0,0.0003226799833777
SWE,Sweden,1976,0.0001527528092862,4.31344538744034e-05,0.0,0.0001958872631606034
SWE,Sweden,1977,5.11686480933587e-05,6.54331481763206e-06,0.0,5.771196291099076e-05
SWE,Sweden,1978,4.69544134790783e-05,2.35041034471207e-05,0.0,7.0458516926199e-05
SWE,Sweden,1979,9.73856166314279e-05,1.4584664569886e-05,0.0,0.0001119702812013139
SWE,Sweden,1980,0.0026418899058242,5.08663039234364e-05,0.0,0.0026927562097476365
SWE,Sweden,1981,0.0004642996506461,0.0001369385951545,0.0,0.0006012382458006
SWE,Sweden,1982,0.0009926031548464,0.0001369950799575,0.0,0.0011295982348039
SWE,Sweden,1983,0.0018727375735052,4.89069024209752e-05,0.0,0.0019216444759261751
SWE,Sweden,1984,0.0009244358360591,1.51650786854688e-05,0.0,0.0009396009147445688
SWE,Sweden,1985,0.00045142979882,3.08496682590041e-05,0.0,0.0004822794670790041
SWE,Sweden,1986,9.87641431645724e-05,3.5441122691869e-06,0.0,0.0001023082554337593
SWE,Sweden,1987,0.0001305034430995,7.81494768483101e-07,0.0,0.0001312849378679831
SWE,Sweden,1988,6.51882945464175e-05,7.17313742957238e-07,0.0,6.590560828937474e-05
SWE,Sweden,1989,9.89312376055159e-05,0.0,0.0,9.89312376055159e-05
SWE,Sweden,1990,0.0001132140922169,1.11794616192312e-05,0.0,0.0001243935538361312
SWE,Sweden,1991,3.50341886107007e-05,2.46260744298986e-05,0.0,5.966026304059929e-05
SWE,Sweden,1992,1.83309389348241e-05,1.73548144160105e-05,0.0,3.5685753350834604e-05
SWE,Sweden,1993,1.30703650373528e-05,0.0,0.0,1.30703650373528e-05
SWE,Sweden,1994,,0.0,0.0,0.0
SWE,Sweden,1995,,0.0,0.0,0.0
SWE,Sweden,1996,0.0,0.0,0.0,0.0
SWE,Sweden,1997,0.0,0.0,0.0,0.0
SWE,Sweden,1998,0.0,0.0,0.0,0.0
SWE,Sweden,1999,0.0,0.0,0.0,0.0
SWE,Sweden,2000,0.0,0.0,0.0,0.0
SWE,Sweden,2001,0.0008551786349884,0.0,0.0,0.0008551786349884
SWE,Sweden,2002,0.0018709938768809,0.0,0.0,0.0018709938768809
SWE,Sweden,2003,0.0017899679501674,0.0,0.0,0.0017899679501674
SWE,Sweden,2004,0.0027203525656138,0.0,0.0,0.0027203525656138
SWE,Sweden,2005,0.0045184557264244,0.0,0.0,0.0045184557264244
SWE,Sweden,2006,0.0069526892616705,0.0,0.0,0.0069526892616705
SWE,Sweden,2007,0.010650077737385,0.0,0.0,0.010650077737385
SWE,Sweden,2008,0.0182062873540388,0.0,0.0,0.0182062873540388
SWE,Sweden,2009,0.0167686492033472,0.0,0.0,0.0167686492033472
SWE,Sweden,2010,0.0203671152425583,0.0,0.0,0.0203671152425583
SWE,Sweden,2011,0.0295942454553409,0.0,0.0,0.0295942454553409
SWE,Sweden,2012,0.026228031109986,0.0,0.0,0.026228031109986
SWE,Sweden,2013,0.020164251116792,0.0,0.0,0.020164251116792
SWE,Sweden,2014,0.0174025911395759,0.0,0.0,0.0174025911395759
SWE,Sweden,2015,0.0096049689495981,0.0,0.0,0.0096049689495981
SWE,Sweden,2016,0.0076934048407406,0.0,0.0,0.0076934048407406
SWE,Sweden,2017,0.0099777920128798,0.0,0.0,0.0099777920128798
SWE,Sweden,2018,0.0261727179380502,0.0,0.0,0.0261727179380502
SWE,Sweden,2019,0.0253712710404297,0.0,0.0,0.0253712710404297
SWE,Sweden,2020,0.0132039613355993,0.0,0.0,0.0132039613355993
SWE,Sweden,2021,0.0272391808431431,0.0,0.0,0.0272391808431431
SWE,Sweden,2022,,,,
SWE,Sweden,2023,,,,
SWE,Sweden,2024,,,,
SWE,Sweden,2025,,,,
SWZ,Eswatini,1960,,,,
SWZ,Eswatini,1961,,,,
SWZ,Eswatini,1962,,,,
SWZ,Eswatini,1963,,,,
SWZ,Eswatini,1964,,,,
SWZ,Eswatini,1965,,,,
SWZ,Eswatini,1966,,,,
SWZ,Eswatini,1967,,,,
SWZ,Eswatini,1968,,,,
SWZ,Eswatini,1969,,,,
SWZ,Eswatini,1970,,,,
SWZ,Eswatini,1971,,,,
SWZ,Eswatini,1972,,,,
SWZ,Eswatini,1973,,,,
SWZ,Eswatini,1974,,,,
SWZ,Eswatini,1975,,,,
SWZ,Eswatini,1976,,,,
SWZ,Eswatini,1977,,,,
SWZ,Eswatini,1978,,,,
SWZ,Eswatini,1979,,,,
SWZ,Eswatini,1980,0.0,0.776132533512522,0.0,0.776132533512522
SWZ,Eswatini,1981,0.0,1.02026116512738,0.0,1.02026116512738
SWZ,Eswatini,1982,0.0,0.913975886962388,0.0,0.913975886962388
SWZ,Eswatini,1983,0.0,0.418684846546073,0.0,0.418684846546073
SWZ,Eswatini,1984,0.0,0.460725270515158,0.0,0.460725270515158
SWZ,Eswatini,1985,0.0,0.942972208587562,0.0,0.942972208587562
SWZ,Eswatini,1986,0.0,0.605788367460221,0.0,0.605788367460221
SWZ,Eswatini,1987,0.0,0.323418499319877,0.0,0.323418499319877
SWZ,Eswatini,1988,0.0,0.306937044780335,0.0,0.306937044780335
SWZ,Eswatini,1989,0.0,0.379367547614054,0.0,0.379367547614054
SWZ,Eswatini,1990,0.0,0.263047868760782,0.0,0.263047868760782
SWZ,Eswatini,1991,0.0,0.189776596294442,0.0,0.189776596294442
SWZ,Eswatini,1992,0.0,0.12261719465641,0.0,0.12261719465641
SWZ,Eswatini,1993,0.0,0.0472668478569081,0.0,0.0472668478569081
SWZ,Eswatini,1994,0.0,0.148574413225218,0.0,0.148574413225218
SWZ,Eswatini,1995,0.0,0.175607464978374,0.0,0.175607464978374
SWZ,Eswatini,1996,0.0,0.121728433425632,0.0,0.121728433425632
SWZ,Eswatini,1997,0.0,0.14793543692964,0.0,0.14793543692964
SWZ,Eswatini,1998,0.0,0.190154080523832,0.0,0.190154080523832
SWZ,Eswatini,1999,0.0,0.139358730283263,0.0,0.139358730283263
SWZ,Eswatini,2000,0.0,0.189353306502732,0.0,0.189353306502732
SWZ,Eswatini,2001,0.0,0.309258466417908,0.0,0.309258466417908
SWZ,Eswatini,2002,0.0,0.293444161299127,0.0,0.293444161299127
SWZ,Eswatini,2003,0.0,0.230948851392131,0.0,0.230948851392131
SWZ,Eswatini,2004,0.0,0.609981752707433,0.0,0.609981752707433
SWZ,Eswatini,2005,0.0,0.390358332774146,0.0,0.390358332774146
SWZ,Eswatini,2006,0.0,0.402830471706429,0.0,0.402830471706429
SWZ,Eswatini,2007,0.0,0.563215649827655,0.0,0.563215649827655
SWZ,Eswatini,2008,0.0,1.24172908912956,0.0,1.24172908912956
SWZ,Eswatini,2009,0.0,0.253220270716695,0.0,0.253220270716695
SWZ,Eswatini,2010,0.170197299227968,0.181367359083379,0.0,0.351564658311347
SWZ,Eswatini,2011,0.298564481507319,0.208422536147497,0.0,0.506987017654816
SWZ,Eswatini,2012,0.42623661227343,0.150205014904108,0.0,0.576441627177538
SWZ,Eswatini,2013,0.405654265154514,0.111475552315871,0.0,0.517129817470385
SWZ,Eswatini,2014,0.312695221324426,0.0916667255052954,0.0,0.4043619468297214
SWZ,Eswatini,2015,0.124269749067541,0.0697393884469083,0.0,0.19400913751444931
SWZ,Eswatini,2016,0.116108859833854,0.110834094905383,0.0,0.22694295473923698
SWZ,Eswatini,2017,0.0,0.137972175952829,0.0,0.137972175952829
SWZ,Eswatini,2018,0.0,0.120450164054326,0.0,0.120450164054326
SWZ,Eswatini,2019,0.0,0.0804154048931186,0.0,0.0804154048931186
SWZ,Eswatini,2020,0.0,0.0757427100687126,0.0,0.0757427100687126
SWZ,Eswatini,2021,0.0,0.13654443934385,0.0,0.13654443934385
SWZ,Eswatini,2022,,,,
SWZ,Eswatini,2023,,,,
SWZ,Eswatini,2024,,,,
SWZ,Eswatini,2025,,,,
SXM,Sint Maarten (Dutch part),1960,,,,
SXM,Sint Maarten (Dutch part),1961,,,,
SXM,Sint Maarten (Dutch part),1962,,,,
SXM,Sint Maarten (Dutch part),1963,,,,
SXM,Sint Maarten (Dutch part),1964,,,,
SXM,Sint Maarten (Dutch part),1965,,,,
SXM,Sint Maarten (Dutch part),1966,,,,
SXM,Sint Maarten (Dutch part),1967,,,,
SXM,Sint Maarten (Dutch part),1968,,,,
SXM,Sint Maarten (Dutch part),1969,,,,
SXM,Sint Maarten (Dutch part),1970,,,,
SXM,Sint Maarten (Dutch part),1971,,,,
SXM,Sint Maarten (Dutch part),1972,,,,
SXM,Sint Maarten (Dutch part),1973,,,,
SXM,Sint Maarten (Dutch part),1974,,,,
SXM,Sint Maarten (Dutch part),1975,,,,
SXM,Sint Maarten (Dutch part),1976,,,,
SXM,Sint Maarten (Dutch part),1977,,,,
SXM,Sint Maarten (Dutch part),1978,,,,
SXM,Sint Maarten (Dutch part),1979,,,,
SXM,Sint Maarten (Dutch part),1980,,,,
SXM,Sint Maarten (Dutch part),1981,,,,
SXM,Sint Maarten (Dutch part),1982,,,,
SXM,Sint Maarten (Dutch part),1983,,,,
SXM,Sint Maarten (Dutch part),1984,,,,
SXM,Sint Maarten (Dutch part),1985,,,,
SXM,Sint Maarten (Dutch part),1986,,,,
SXM,Sint Maarten (Dutch part),1987,,,,
SXM,Sint Maarten (Dutch part),1988,,,,
SXM,Sint Maarten (Dutch part),1989,,,,
SXM,Sint Maarten (Dutch part),1990,,,,
SXM,Sint Maarten (Dutch part),1991,,,,
SXM,Sint Maarten (Dutch part),1992,,,,
SXM,Sint Maarten (Dutch part),1993,,,,
SXM,Sint Maarten (Dutch part),1994,,,,
SXM,Sint Maarten (Dutch part),1995,,,,
SXM,Sint Maarten (Dutch part),1996,,,,
SXM,Sint Maarten (Dutch part),1997,,,,
SXM,Sint Maarten (Dutch part),1998,,,,
SXM,Sint Maarten (Dutch part),1999,,,,
SXM,Sint Maarten (Dutch part),2000,,,,
SXM,Sint Maarten (Dutch part),2001,,,,
SXM,Sint Maarten (Dutch part),2002,,,,
SXM,Sint Maarten (Dutch part),2003,,,,
SXM,Sint Maarten (Dutch part),2004,,,,
SXM,Sint Maarten (Dutch part),2005,,,,
SXM,Sint Maarten (Dutch part),2006,,,,
SXM,Sint Maarten (Dutch part),2007,,,,
SXM,Sint Maarten (Dutch part),2008,,,,
SXM,Sint Maarten (Dutch part),2009,,,,
SXM,Sint Maarten (Dutch part),2010,,,,
SXM,Sint Maarten (Dutch part),2011,,,,
SXM,Sint Maarten (Dutch part),2012,,,,
SXM,Sint Maarten (Dutch part),2013,,,,
SXM,Sint Maarten (Dutch part),2014,,,,
SXM,Sint Maarten (Dutch part),2015,,,,
SXM,Sint Maarten (Dutch part),2016,,,,
SXM,Sint Maarten (Dutch part),2017,,,,
SXM,Sint Maarten (Dutch part),2018,,,,
SXM,Sint Maarten (Dutch part),2019,,,,
SXM,Sint Maarten (Dutch part),2020,,,,
SXM,Sint Maarten (Dutch part),2021,,,,
SXM,Sint Maarten (Dutch part),2022,,,,
SXM,Sint Maarten (Dutch part),2023,,,,
SXM,Sint Maarten (Dutch part),2024,,,,
SXM,Sint Maarten (Dutch part),2025,,,,
SYC,Seychelles,1960,,,,
SYC,Seychelles,1961,,,,
SYC,Seychelles,1962,,,,
SYC,Seychelles,1963,,,,
SYC,Seychelles,1964,,,,
SYC,Seychelles,1965,,,,
SYC,Seychelles,1966,,,,
SYC,Seychelles,1967,,,,
SYC,Seychelles,1968,,,,
SYC,Seychelles,1969,,,,
SYC,Seychelles,1970,,,,
SYC,Seychelles,1971,,,,
SYC,Seychelles,1972,,,,
SYC,Seychelles,1973,,,,
SYC,Seychelles,1974,,,,
SYC,Seychelles,1975,,,,
SYC,Seychelles,1976,,,,
SYC,Seychelles,1977,,,,
SYC,Seychelles,1978,,,,
SYC,Seychelles,1979,,,,
SYC,Seychelles,1980,0.0,0.0,0.0,0.0
SYC,Seychelles,1981,0.0,0.0,0.0,0.0
SYC,Seychelles,1982,0.0,0.0,0.0,0.0
SYC,Seychelles,1983,0.0,0.0,0.0,0.0
SYC,Seychelles,1984,0.0,0.0,0.0,0.0
SYC,Seychelles,1985,0.0,0.0,0.0,0.0
SYC,Seychelles,1986,0.0,0.0,0.0,0.0
SYC,Seychelles,1987,0.0,0.0,0.0,0.0
SYC,Seychelles,1988,0.0,0.0,0.0,0.0
SYC,Seychelles,1989,0.0,0.0,0.0,0.0
SYC,Seychelles,1990,0.0,0.0,0.0,0.0
SYC,Seychelles,1991,0.0,0.0,0.0,0.0
SYC,Seychelles,1992,0.0,0.0,0.0,0.0
SYC,Seychelles,1993,0.0,0.0,0.0,0.0
SYC,Seychelles,1994,0.0,0.0,0.0,0.0
SYC,Seychelles,1995,0.0,0.0,0.0,0.0
SYC,Seychelles,1996,0.0,0.0,0.0,0.0
SYC,Seychelles,1997,0.0,0.0,0.0,0.0
SYC,Seychelles,1998,0.0,0.0,0.0,0.0
SYC,Seychelles,1999,0.0,0.0,0.0,0.0
SYC,Seychelles,2000,0.0,0.0,0.0,0.0
SYC,Seychelles,2001,0.0,0.0,0.0,0.0
SYC,Seychelles,2002,0.0,0.0,0.0,0.0
SYC,Seychelles,2003,0.0,0.0,0.0,0.0
SYC,Seychelles,2004,0.0,0.0,0.0,0.0
SYC,Seychelles,2005,0.0,0.0,0.0,0.0
SYC,Seychelles,2006,0.0,0.0,0.0,0.0
SYC,Seychelles,2007,0.0,0.0,0.0,0.0
SYC,Seychelles,2008,0.0,0.0,0.0,0.0
SYC,Seychelles,2009,0.0,0.0,0.0,0.0
SYC,Seychelles,2010,0.0,0.0,0.0,0.0
SYC,Seychelles,2011,0.0,0.0,0.0,0.0
SYC,Seychelles,2012,0.0,0.0,0.0,0.0
SYC,Seychelles,2013,0.0,0.0,0.0,0.0
SYC,Seychelles,2014,0.0,0.0,0.0,0.0
SYC,Seychelles,2015,0.0,0.0,0.0,0.0
SYC,Seychelles,2016,0.0,0.0,0.0,0.0
SYC,Seychelles,2017,0.0,0.0,0.0,0.0
SYC,Seychelles,2018,0.0,0.0,0.0,0.0
SYC,Seychelles,2019,0.0,0.0,0.0,0.0
SYC,Seychelles,2020,0.0,0.0,0.0,0.0
SYC,Seychelles,2021,0.0,0.0,0.0,0.0
SYC,Seychelles,2022,,,,
SYC,Seychelles,2023,,,,
SYC,Seychelles,2024,,,,
SYC,Seychelles,2025,,,,
SYR,Syrian Arab Republic,1960,,,,
SYR,Syrian Arab Republic,1961,,,,
SYR,Syrian Arab Republic,1962,,,,
SYR,Syrian Arab Republic,1963,,,,
SYR,Syrian Arab Republic,1964,,,,
SYR,Syrian Arab Republic,1965,,,,
SYR,Syrian Arab Republic,1966,,,,
SYR,Syrian Arab Republic,1967,,,,
SYR,Syrian Arab Republic,1968,,,,
SYR,Syrian Arab Republic,1969,,,,
SYR,Syrian Arab Republic,1970,1.51692199518822,,0.0,1.51692199518822
SYR,Syrian Arab Republic,1971,2.14362702161,0.0,0.0,2.14362702161
SYR,Syrian Arab Republic,1972,2.62681949029117,0.0,0.0,2.62681949029117
SYR,Syrian Arab Republic,1973,3.4979919567417,0.0,0.0,3.4979919567417
SYR,Syrian Arab Republic,1974,10.4405513385578,0.0,0.0,10.4405513385578
SYR,Syrian Arab Republic,1975,11.7440667642906,0.0,0.110176911061907,11.854243675352508
SYR,Syrian Arab Republic,1976,11.6385886302933,0.0,0.0999947253453612,11.738583355638662
SYR,Syrian Arab Republic,1977,10.6512436815037,0.0,0.117434044146612,10.768677725650313
SYR,Syrian Arab Republic,1978,9.88212755521074,0.0,0.116714433486016,9.998841988696757
SYR,Syrian Arab Republic,1979,16.7646667415908,0.0,0.157583049483535,16.922249791074336
SYR,Syrian Arab Republic,1980,15.2769187804736,0.0,0.120746067422329,15.39766484789593
SYR,Syrian Arab Republic,1981,10.8854680897114,0.0,0.0418489988572949,10.927317088568696
SYR,Syrian Arab Republic,1982,8.07814697178203,0.0,0.015747859388655,8.093894831170685
SYR,Syrian Arab Republic,1983,7.82989860232749,0.0,0.0438120145475615,7.8737106168750515
SYR,Syrian Arab Republic,1984,7.50091052630776,0.0,0.0389254547573918,7.539835981065152
SYR,Syrian Arab Republic,1985,6.51353038101444,0.0,0.0188696092298042,6.532399990244244
SYR,Syrian Arab Republic,1986,2.73388073976416,0.0,0.0302527458694018,2.7641334856335615
SYR,Syrian Arab Republic,1987,3.96633657327268,0.0,0.0508802813585206,4.017216854631201
SYR,Syrian Arab Republic,1988,7.44098662854038,0.0,0.0834178586346553,7.524404487175036
SYR,Syrian Arab Republic,1989,11.8951959290728,0.0,0.14125071301687,12.03644664208967
SYR,Syrian Arab Republic,1990,14.260823036194,0.0,0.360407226944227,14.621230263138226
SYR,Syrian Arab Republic,1991,8.92841463608632,0.0,0.357725837663305,9.286140473749624
SYR,Syrian Arab Republic,1992,8.18580221007131,0.0,0.294257757808473,8.480059967879784
SYR,Syrian Arab Republic,1993,7.26196334517648,0.0,0.28413289010584,7.54609623528232
SYR,Syrian Arab Republic,1994,5.82564319070209,0.0,0.250971342156214,6.076614532858304
SYR,Syrian Arab Republic,1995,5.88048416705209,0.0,0.185361198615347,6.065845365667437
SYR,Syrian Arab Republic,1996,5.79836509975941,0.0,0.2286211077537,6.02698620751311
SYR,Syrian Arab Republic,1997,4.78815895353369,0.0,0.255767536456045,5.043926489989735
SYR,Syrian Arab Republic,1998,2.82312756899585,0.0,0.282578526409711,3.105706095405561
SYR,Syrian Arab Republic,1999,4.21015883331316,0.0,0.271984500428486,4.482143333741646
SYR,Syrian Arab Republic,2000,6.13966972588644,0.0,0.316939048157981,6.456608774044422
SYR,Syrian Arab Republic,2001,4.92261404061527,0.0,0.302685305856379,5.225299346471648
SYR,Syrian Arab Republic,2002,5.18459530453076,0.0,0.302584914619139,5.487180219149899
SYR,Syrian Arab Republic,2003,5.5304418274807,0.0,0.278268172734875,5.808710000215575
SYR,Syrian Arab Republic,2004,4.57641557385435,0.0,0.261697893974132,4.838113467828482
SYR,Syrian Arab Republic,2005,5.29082341663287,0.0,0.243289229404521,5.534112646037391
SYR,Syrian Arab Republic,2006,5.16369608370094,0.0,0.244769083877966,5.408465167578906
SYR,Syrian Arab Republic,2007,4.59093161345655,0.0,0.208110443917523,4.799042057374073
SYR,Syrian Arab Republic,2008,5.19652182902386,0.0,0.177136328257636,5.373658157281496
SYR,Syrian Arab Republic,2009,2.96166778457661,0.0,0.194996151328667,3.1566639359052773
SYR,Syrian Arab Republic,2010,3.83125650391356,0.0,0.219467459099197,4.050723963012757
SYR,Syrian Arab Republic,2011,18.8708007318397,0.0,0.921556688835187,19.79235742067489
SYR,Syrian Arab Republic,2012,13.5972766904663,0.0,1.21586112609928,14.81313781656558
SYR,Syrian Arab Republic,2013,8.17348065756745,0.0,2.06076023244341,10.234240890010861
SYR,Syrian Arab Republic,2014,3.75849764649316,0.0,1.78816109480561,5.54665874129877
SYR,Syrian Arab Republic,2015,1.97169808202096,0.0,1.51664453933771,3.4883426213586697
SYR,Syrian Arab Republic,2016,1.84950445227804,0.0,1.30377150544308,3.15327595772112
SYR,Syrian Arab Republic,2017,1.8857145317546,0.0,1.19779659055655,3.08351112231115
SYR,Syrian Arab Republic,2018,1.87604739024899,0.0,1.45527201835553,3.33131940860452
SYR,Syrian Arab Republic,2019,2.46515545695966,0.0,1.28568177450559,3.7508372314652503
SYR,Syrian Arab Republic,2020,4.01504490668102,0.0,2.33049215153531,6.34553705821633
SYR,Syrian Arab Republic,2021,,,,
SYR,Syrian Arab Republic,2022,,,,
SYR,Syrian Arab Republic,2023,,,,
SYR,Syrian Arab Republic,2024,,,,
SYR,Syrian Arab Republic,2025,,,,
TCA,Turks and Caicos Islands,1960,,,,
TCA,Turks and Caicos Islands,1961,,,,
TCA,Turks and Caicos Islands,1962,,,,
TCA,Turks and Caicos Islands,1963,,,,
TCA,Turks and Caicos Islands,1964,,,,
TCA,Turks and Caicos Islands,1965,,,,
TCA,Turks and Caicos Islands,1966,,,,
TCA,Turks and Caicos Islands,1967,,,,
TCA,Turks and Caicos Islands,1968,,,,
TCA,Turks and Caicos Islands,1969,,,,
TCA,Turks and Caicos Islands,1970,,,,
TCA,Turks and Caicos Islands,1971,,,,
TCA,Turks and Caicos Islands,1972,,,,
TCA,Turks and Caicos Islands,1973,,,,
TCA,Turks and Caicos Islands,1974,,,,
TCA,Turks and Caicos Islands,1975,,,,
TCA,Turks and Caicos Islands,1976,,,,
TCA,Turks and Caicos Islands,1977,,,,
TCA,Turks and Caicos Islands,1978,,,,
TCA,Turks and Caicos Islands,1979,,,,
TCA,Turks and Caicos Islands,1980,,,,
TCA,Turks and Caicos Islands,1981,,,,
TCA,Turks and Caicos Islands,1982,,,,
TCA,Turks and Caicos Islands,1983,,,,
TCA,Turks and Caicos Islands,1984,,,,
TCA,Turks and Caicos Islands,1985,,,,
TCA,Turks and Caicos Islands,1986,,,,
TCA,Turks and Caicos Islands,1987,,,,
TCA,Turks and Caicos Islands,1988,,,,
TCA,Turks and Caicos Islands,1989,,,,
TCA,Turks and Caicos Islands,1990,,,,
TCA,Turks and Caicos Islands,1991,,,,
TCA,Turks and Caicos Islands,1992,,,,
TCA,Turks and Caicos Islands,1993,,,,
TCA,Turks and Caicos Islands,1994,,,,
TCA,Turks and Caicos Islands,1995,,,,
TCA,Turks and Caicos Islands,1996,,,,
TCA,Turks and Caicos Islands,1997,,,,
TCA,Turks and Caicos Islands,1998,,,,
TCA,Turks and Caicos Islands,1999,,,,
TCA,Turks and Caicos Islands,2000,,,,
TCA,Turks and Caicos Islands,2001,0.0,0.0,0.0,0.0
TCA,Turks and Caicos Islands,2002,0.0,0.0,0.0,0.0
TCA,Turks and Caicos Islands,2003,0.0,0.0,0.0,0.0
TCA,Turks and Caicos Islands,2004,0.0,0.0,0.0,0.0
TCA,Turks and Caicos Islands,2005,0.0,0.0,0.0,0.0
TCA,Turks and Caicos Islands,2006,0.0,0.0,0.0,0.0
TCA,Turks and Caicos Islands,2007,0.0,0.0,0.0,0.0
TCA,Turks and Caicos Islands,2008,0.0,0.0,0.0,0.0
TCA,Turks and Caicos Islands,2009,0.0,0.0,0.0,0.0
TCA,Turks and Caicos Islands,2010,0.0,0.0,0.0,0.0
TCA,Turks and Caicos Islands,2011,0.0,0.0,0.0,0.0
TCA,Turks and Caicos Islands,2012,0.0,0.0,0.0,0.0
TCA,Turks and Caicos Islands,2013,0.0,0.0,0.0,0.0
TCA,Turks and Caicos Islands,2014,0.0,0.0,0.0,0.0
TCA,Turks and Caicos Islands,2015,0.0,0.0,0.0,0.0
TCA,Turks and Caicos Islands,2016,0.0,0.0,0.0,0.0
TCA,Turks and Caicos Islands,2017,0.0,0.0,0.0,0.0
TCA,Turks and Caicos Islands,2018,0.0,0.0,0.0,0.0
TCA,Turks and Caicos Islands,2019,0.0,0.0,0.0,0.0
TCA,Turks and Caicos Islands,2020,0.0,0.0,0.0,0.0
TCA,Turks and Caicos Islands,2021,0.0,0.0,0.0,0.0
TCA,Turks and Caicos Islands,2022,,,,
TCA,Turks and Caicos Islands,2023,,,,
TCA,Turks and Caicos Islands,2024,,,,
TCA,Turks and Caicos Islands,2025,,,,
TCD,Chad,1960,,,,
TCD,Chad,1961,,,,
TCD,Chad,1962,,,,
TCD,Chad,1963,,,,
TCD,Chad,1964,,,,
TCD,Chad,1965,,,,
TCD,Chad,1966,,,,
TCD,Chad,1967,,,,
TCD,Chad,1968,,,,
TCD,Chad,1969,,,,
TCD,Chad,1970,,,,
TCD,Chad,1971,,,,
TCD,Chad,1972,,,,
TCD,Chad,1973,,,,
TCD,Chad,1974,,,,
TCD,Chad,1975,,,,
TCD,Chad,1976,,,,
TCD,Chad,1977,,,,
TCD,Chad,1978,,,,
TCD,Chad,1979,,,,
TCD,Chad,1980,0.0,0.0,0.0,0.0
TCD,Chad,1981,0.0,0.0,0.0,0.0
TCD,Chad,1982,0.0,0.0,0.0,0.0
TCD,Chad,1983,0.0,0.0,0.0,0.0
TCD,Chad,1984,0.0,0.0,0.0,0.0
TCD,Chad,1985,0.0,0.0,0.0,0.0
TCD,Chad,1986,0.0,0.0,0.0,0.0
TCD,Chad,1987,0.0,0.0,0.0,0.0
TCD,Chad,1988,0.0,0.0,0.0,0.0
TCD,Chad,1989,0.0,0.0,0.0,0.0
TCD,Chad,1990,0.0,0.0,0.0,0.0
TCD,Chad,1991,0.0,0.0,0.0,0.0
TCD,Chad,1992,0.0,0.0,0.0,0.0
TCD,Chad,1993,0.0,0.0,0.0,0.0
TCD,Chad,1994,0.0,0.0,0.0,0.0
TCD,Chad,1995,0.0,0.0,0.0,0.0
TCD,Chad,1996,0.0,0.0,0.0,0.0
TCD,Chad,1997,0.0,0.0,0.0,0.0
TCD,Chad,1998,0.0,0.0,0.0,0.0
TCD,Chad,1999,0.0,0.0,0.0,0.0
TCD,Chad,2000,0.0,0.0,0.0,0.0
TCD,Chad,2001,0.0,0.0,0.0,0.0
TCD,Chad,2002,0.0,0.0,0.0,0.0
TCD,Chad,2003,4.74383447804891,0.0,0.0,4.74383447804891
TCD,Chad,2004,29.8599644670772,0.0,0.0,29.8599644670772
TCD,Chad,2005,32.6666259924004,0.0,0.0,32.6666259924004
TCD,Chad,2006,30.8512410137952,0.0,0.0,30.8512410137952
TCD,Chad,2007,28.9574096374403,0.0,0.0,28.9574096374403
TCD,Chad,2008,29.6642941556194,0.0,0.0,29.6642941556194
TCD,Chad,2009,14.6756159361222,0.0,0.0,14.6756159361222
TCD,Chad,2010,20.0317465897842,0.0,0.0,20.0317465897842
TCD,Chad,2011,24.3983730486377,0.0,0.0,24.3983730486377
TCD,Chad,2012,20.5311950776099,0.0,0.0,20.5311950776099
TCD,Chad,2013,15.7791942816497,0.0,0.0,15.7791942816497
TCD,Chad,2014,11.3679339086533,0.0,0.0,11.3679339086533
TCD,Chad,2015,6.2969962979888,0.0,0.0,6.2969962979888
TCD,Chad,2016,6.59687876223435,0.0,0.0,6.59687876223435
TCD,Chad,2017,10.2750096848343,0.0,0.0,10.2750096848343
TCD,Chad,2018,16.6121673665612,0.0,0.0,16.6121673665612
TCD,Chad,2019,15.5707595430138,0.0,0.0,15.5707595430138
TCD,Chad,2020,9.22817147863275,0.0,0.0036785463425189,9.231850024975268
TCD,Chad,2021,16.7515661611417,0.0,0.013490946600622,16.765057107742322
TCD,Chad,2022,,,,
TCD,Chad,2023,,,,
TCD,Chad,2024,,,,
TCD,Chad,2025,,,,
TGO,Togo,1960,,,,
TGO,Togo,1961,,,,
TGO,Togo,1962,,,,
TGO,Togo,1963,,,,
TGO,Togo,1964,,,,
TGO,Togo,1965,,,,
TGO,Togo,1966,,,,
TGO,Togo,1967,,,,
TGO,Togo,1968,,,,
TGO,Togo,1969,,,,
TGO,Togo,1970,,,,
TGO,Togo,1971,0.0,0.0,0.0,0.0
TGO,Togo,1972,0.0,0.0,0.0,0.0
TGO,Togo,1973,0.0,0.0,0.0,0.0
TGO,Togo,1974,0.0,0.0,0.0,0.0
TGO,Togo,1975,0.0,0.0,0.0,0.0
TGO,Togo,1976,0.0,0.0,0.0,0.0
TGO,Togo,1977,0.0,0.0,0.0,0.0
TGO,Togo,1978,0.0,0.0,0.0,0.0
TGO,Togo,1979,0.0,0.0,0.0,0.0
TGO,Togo,1980,0.0,0.0,0.0,0.0
TGO,Togo,1981,0.0,0.0,0.0,0.0
TGO,Togo,1982,0.0,0.0,0.0,0.0
TGO,Togo,1983,0.0,0.0,0.0,0.0
TGO,Togo,1984,0.0,0.0,0.0,0.0
TGO,Togo,1985,0.0,0.0,0.0,0.0
TGO,Togo,1986,0.0,0.0,0.0,0.0
TGO,Togo,1987,0.0,0.0,0.0,0.0
TGO,Togo,1988,0.0,0.0,0.0,0.0
TGO,Togo,1989,0.0,0.0,0.0,0.0
TGO,Togo,1990,0.0,0.0,0.0,0.0
TGO,Togo,1991,0.0,0.0,0.0,0.0
TGO,Togo,1992,0.0,0.0,0.0,0.0
TGO,Togo,1993,0.0,0.0,0.0,0.0
TGO,Togo,1994,0.0,0.0,0.0,0.0
TGO,Togo,1995,0.0,0.0,0.0,0.0
TGO,Togo,1996,0.0,0.0,0.0,0.0
TGO,Togo,1997,0.0,0.0,0.0,0.0
TGO,Togo,1998,0.0,0.0,0.0,0.0
TGO,Togo,1999,0.0,0.0,0.0,0.0
TGO,Togo,2000,0.0,0.0,0.0,0.0
TGO,Togo,2001,0.0,0.0,0.0,0.0
TGO,Togo,2002,0.0,0.0,0.0,0.0
TGO,Togo,2003,0.0,0.0,0.0,0.0
TGO,Togo,2004,0.0,0.0,0.0,0.0
TGO,Togo,2005,0.0,0.0,0.0,0.0
TGO,Togo,2006,0.0,0.0,0.0,0.0
TGO,Togo,2007,0.0,0.0,0.0,0.0
TGO,Togo,2008,0.0,0.0,0.0,0.0
TGO,Togo,2009,0.0,0.0,0.0,0.0
TGO,Togo,2010,0.0,0.0,0.0,0.0
TGO,Togo,2011,0.0,0.0,0.0,0.0
TGO,Togo,2012,0.0,0.0,0.0,0.0
TGO,Togo,2013,0.0,0.0,0.0,0.0
TGO,Togo,2014,0.0,0.0,0.0,0.0
TGO,Togo,2015,0.0,0.0,0.0,0.0
TGO,Togo,2016,0.0,0.0,0.0,0.0
TGO,Togo,2017,0.0,0.0,0.0,0.0
TGO,Togo,2018,0.0,0.0,0.0,0.0
TGO,Togo,2019,0.0,0.0,0.0,0.0
TGO,Togo,2020,0.0,0.0,0.0,0.0
TGO,Togo,2021,0.0,0.0,0.0,0.0
TGO,Togo,2022,,,,
TGO,Togo,2023,,,,
TGO,Togo,2024,,,,
TGO,Togo,2025,,,,
THA,Thailand,1960,,,,
THA,Thailand,1961,,,,
THA,Thailand,1962,,,,
THA,Thailand,1963,,,,
THA,Thailand,1964,,,,
THA,Thailand,1965,,,,
THA,Thailand,1966,,,,
THA,Thailand,1967,,,,
THA,Thailand,1968,,,,
THA,Thailand,1969,,,,
THA,Thailand,1970,,,0.0,0.0
THA,Thailand,1971,0.0001469959299826,0.0006535874453739,0.0,0.0008005833753565
THA,Thailand,1972,0.0002033673387003,0.0005902575396774,0.0,0.0007936248783776999
THA,Thailand,1973,0.0004852805496944,0.0008601368072391,0.0,0.0013454173569335
THA,Thailand,1974,0.0027273116627343,0.0058197501978652,0.0,0.0085470618605995
THA,Thailand,1975,0.0027024941379687,0.0175983750643347,0.0,0.0203008692023034
THA,Thailand,1976,0.0034524897601067,0.0179280826433774,0.0,0.0213805724034841
THA,Thailand,1977,0.0049510494977301,0.0147103236677135,0.0,0.0196613731654436
THA,Thailand,1978,0.0036953536439252,0.0119741404378955,0.0,0.015669494081820702
THA,Thailand,1979,0.0086241457630301,0.0213412262697496,0.0,0.0299653720327797
THA,Thailand,1980,0.0096788538272741,0.0334477393716811,0.0,0.0431265931989552
THA,Thailand,1981,0.0086475672986205,0.0619457486660168,0.0153795498028067,0.085972865767444
THA,Thailand,1982,0.0056003816983525,0.0826207900324641,0.0215291533707685,0.10975032510158511
THA,Thailand,1983,0.121096379753785,0.036783130742998,0.0477760783685262,0.2056555888653092
THA,Thailand,1984,0.255028986820187,0.028400554440436,0.0888161280662401,0.3722456693268631
THA,Thailand,1985,0.398201638635679,0.0849877430670117,0.188638737212488,0.6718281189151787
THA,Thailand,1986,0.165945628110213,0.0440023473668091,0.254893401524591,0.4648413770016131
THA,Thailand,1987,0.178253490297115,0.0117131606390687,0.266457824321674,0.4564244752578577
THA,Thailand,1988,0.124273258971343,0.0264115649299956,0.21663113855748,0.3673159624588186
THA,Thailand,1989,0.30573698012341,0.0433057760065092,0.204369623751815,0.5534123798817342
THA,Thailand,1990,0.390458989518824,0.0560011364092438,0.249744851223849,0.6962049771519169
THA,Thailand,1991,0.204628439443956,0.0519257601754559,0.224722297368653,0.4812764969880649
THA,Thailand,1992,0.222297336687868,0.0341689886984431,0.229012991913058,0.4854793172993691
THA,Thailand,1993,0.191334945616026,0.0108630763740773,0.262412377140147,0.46461039913025026
THA,Thailand,1994,0.15255889934956,0.0108850774414029,0.290985678665476,0.4544296554564389
THA,Thailand,1995,0.135055462244214,0.0377788904739001,0.276167198070395,0.4490015507885091
THA,Thailand,1996,0.181677746071039,0.025233215226093,0.350365205446619,0.557276166743751
THA,Thailand,1997,0.223459763581227,0.0187374250533438,0.539955160295128,0.7821523489296989
THA,Thailand,1998,0.147065962629727,0.0388887221176765,0.562424657089437,0.7483793418368405
THA,Thailand,1999,0.259444930626917,0.0157577483332737,0.605655584869871,0.8808582638300617
THA,Thailand,2000,0.687313150348311,0.0396739853349757,0.99488283784735,1.7218699735306366
THA,Thailand,2001,0.524207577556559,0.101836945122403,0.925077140569247,1.551121663248209
THA,Thailand,2002,0.526342209841627,0.0483539849713579,0.762297559806926,1.336993754619911
THA,Thailand,2003,0.6555395444715,0.0368438185690713,0.893375521627429,1.5857588846680002
THA,Thailand,2004,0.818270913353913,0.164555952608913,0.938004279981584,1.92083114594441
THA,Thailand,2005,1.3590750714862,0.107852367326969,0.91076699997037,2.3776944387835393
THA,Thailand,2006,1.53654839015347,0.0879878363639183,0.710630622575337,2.3351668490927255
THA,Thailand,2007,1.36661103193532,0.112860184677332,0.613973903264137,2.093445119876789
THA,Thailand,2008,1.90791786682769,0.246143154793898,0.693431593342433,2.847492614964021
THA,Thailand,2009,1.00735619758168,0.0902411252496195,0.643700115109854,1.7412974379411537
THA,Thailand,2010,1.3337808366326,0.131009402942346,0.671954379420834,2.13674461899578
THA,Thailand,2011,1.77251079433152,0.18002944550965,0.611077945620696,2.563618185461866
THA,Thailand,2012,1.64099046582139,0.0797774473591743,0.651357695835709,2.3721256090162735
THA,Thailand,2013,1.43416971462893,0.0508277078519803,0.653181573962076,2.1381789964429863
THA,Thailand,2014,1.25645532400063,0.0391215139661008,0.911946344345926,2.2075231823126567
THA,Thailand,2015,0.533712422055235,0.0211627843459833,0.902161446047801,1.4570366524490193
THA,Thailand,2016,0.429121666160215,0.0257915731695363,0.627532636140883,1.0824458754706343
THA,Thailand,2017,0.527823222383697,0.0297359600247265,0.552732935145776,1.1102921175541995
THA,Thailand,2018,0.680804724043357,0.0288539920601164,0.71765709497686,1.4273158110803335
THA,Thailand,2019,0.459890940562708,0.0185040812105728,0.700466145845722,1.1788611676190028
THA,Thailand,2020,0.173930820486899,0.015831685103566,0.543937782887483,0.733700288477948
THA,Thailand,2021,0.481657874747012,0.0335556904365916,0.939553101701137,1.4547666668847405
THA,Thailand,2022,,,,
THA,Thailand,2023,,,,
THA,Thailand,2024,,,,
THA,Thailand,2025,,,,
TJK,Tajikistan,1960,,,,
TJK,Tajikistan,1961,,,,
TJK,Tajikistan,1962,,,,
TJK,Tajikistan,1963,,,,
TJK,Tajikistan,1964,,,,
TJK,Tajikistan,1965,,,,
TJK,Tajikistan,1966,,,,
TJK,Tajikistan,1967,,,,
TJK,Tajikistan,1968,,,,
TJK,Tajikistan,1969,,,,
TJK,Tajikistan,1970,,,,
TJK,Tajikistan,1971,,,,
TJK,Tajikistan,1972,,,,
TJK,Tajikistan,1973,,,,
TJK,Tajikistan,1974,,,,
TJK,Tajikistan,1975,,,,
TJK,Tajikistan,1976,,,,
TJK,Tajikistan,1977,,,,
TJK,Tajikistan,1978,,,,
TJK,Tajikistan,1979,,,,
TJK,Tajikistan,1980,,,,
TJK,Tajikistan,1981,,,,
TJK,Tajikistan,1982,,,,
TJK,Tajikistan,1983,,,,
TJK,Tajikistan,1984,,,,
TJK,Tajikistan,1985,,,,
TJK,Tajikistan,1986,,,,
TJK,Tajikistan,1987,,,,
TJK,Tajikistan,1988,,,,
TJK,Tajikistan,1989,,,,
TJK,Tajikistan,1990,1.32941154033489,0.118678235961059,0.245461164162692,1.693550940458641
TJK,Tajikistan,1991,1.44203234686491,0.140320585158362,0.28071707096217,1.8630700029854421
TJK,Tajikistan,1992,0.373235624982289,0.0337914219494674,0.0251100175961889,0.4321370645279453
TJK,Tajikistan,1993,0.393962427002128,0.0056682258844969,0.038944567824051,0.4385752207106759
TJK,Tajikistan,1994,0.298823179914826,0.0035881954259643,0.0266003297428213,0.32901170508361155
TJK,Tajikistan,1995,0.338132479940795,0.0083382992524207,0.0698627836175062,0.41633356281072187
TJK,Tajikistan,1996,0.428948082920156,0.0014156985598904,0.0627872589507447,0.4931510404307911
TJK,Tajikistan,1997,0.319253743913911,0.0007617403648724,0.0996840320864752,0.4196995163652586
TJK,Tajikistan,1998,0.0467197706947863,0.0009196788338715,0.0134157175820725,0.0610551671107303
TJK,Tajikistan,1999,0.125359928201962,0.0001776899900653,0.0158957769990364,0.1414333951910637
TJK,Tajikistan,2000,0.305499130051128,0.0029429461451376,0.0914729859877723,0.39991506218403794
TJK,Tajikistan,2001,0.159928729256591,0.0087786953718377,0.193213990239822,0.3619214148682507
TJK,Tajikistan,2002,0.127446536342407,0.0048354171609719,0.05365227247548,0.1859342259788589
TJK,Tajikistan,2003,0.127382356278296,0.0052298866419889,0.0885959717666604,0.2212082146869453
TJK,Tajikistan,2004,0.0922315559393627,0.0646122163168158,0.0578619435039931,0.2147057157601716
TJK,Tajikistan,2005,0.134517641366481,0.0425437852799953,0.0459221665736546,0.22298359322013092
TJK,Tajikistan,2006,0.134455288777573,0.0379902658502644,0.0736062135566721,0.24605176818450952
TJK,Tajikistan,2007,0.106966593659828,0.0813681426159291,0.032368940223179,0.22070367649893607
TJK,Tajikistan,2008,0.0958394628921368,0.208301086324095,0.0627381712148385,0.3668787204310703
TJK,Tajikistan,2009,0.049879787862125,0.0658310666164315,0.0585409622594694,0.1742518167380259
TJK,Tajikistan,2010,0.0500741640314768,0.107495178584937,0.049856903124005,0.20742624574041882
TJK,Tajikistan,2011,0.0703343870138553,0.136269463787359,0.0307790333350719,0.2373828841362862
TJK,Tajikistan,2012,0.0871854413002674,0.105436548204524,0.0218974409095776,0.214519430414369
TJK,Tajikistan,2013,0.0751868970455604,0.0672896350707398,0.0168700383004247,0.1593465704167249
TJK,Tajikistan,2014,0.0656854181326736,0.0964388396761259,0.031210224913698,0.19333448272249754
TJK,Tajikistan,2015,0.0242529873354977,0.109017208585225,0.0175908036386464,0.1508609995593691
TJK,Tajikistan,2016,0.0591268078088316,0.195033027210984,0.0140810763423515,0.2682409113621671
TJK,Tajikistan,2017,0.108282689241086,0.311402640399041,0.0324362754535535,0.45212160509368043
TJK,Tajikistan,2018,0.205073118353045,0.381540409384853,0.0658682090762832,0.6524817368141812
TJK,Tajikistan,2019,0.198471762295415,0.278347271576925,0.0519023694772061,0.5287214033495461
TJK,Tajikistan,2020,0.123761200414224,0.250783126023442,0.0309684488157527,0.4055127752534187
TJK,Tajikistan,2021,0.287161792744173,0.486026357740751,0.171084791793257,0.9442729422781809
TJK,Tajikistan,2022,,,,
TJK,Tajikistan,2023,,,,
TJK,Tajikistan,2024,,,,
TJK,Tajikistan,2025,,,,
TKM,Turkmenistan,1960,,,,
TKM,Turkmenistan,1961,,,,
TKM,Turkmenistan,1962,,,,
TKM,Turkmenistan,1963,,,,
TKM,Turkmenistan,1964,,,,
TKM,Turkmenistan,1965,,,,
TKM,Turkmenistan,1966,,,,
TKM,Turkmenistan,1967,,,,
TKM,Turkmenistan,1968,,,,
TKM,Turkmenistan,1969,,,,
TKM,Turkmenistan,1970,,,,
TKM,Turkmenistan,1971,,,,
TKM,Turkmenistan,1972,,,,
TKM,Turkmenistan,1973,,,,
TKM,Turkmenistan,1974,,,,
TKM,Turkmenistan,1975,,,,
TKM,Turkmenistan,1976,,,,
TKM,Turkmenistan,1977,,,,
TKM,Turkmenistan,1978,,,,
TKM,Turkmenistan,1979,,,,
TKM,Turkmenistan,1980,,,,
TKM,Turkmenistan,1981,,,,
TKM,Turkmenistan,1982,,,,
TKM,Turkmenistan,1983,,,,
TKM,Turkmenistan,1984,,,,
TKM,Turkmenistan,1985,,,,
TKM,Turkmenistan,1986,,,,
TKM,Turkmenistan,1987,31.9089121693983,,35.0774254555549,66.9863376249532
TKM,Turkmenistan,1988,19.7363927884801,,23.1682614474906,42.904654235970696
TKM,Turkmenistan,1989,30.3019711262335,,26.4777974814329,56.7797686076664
TKM,Turkmenistan,1990,36.9958648805975,0.0,38.1948209582931,75.1906858388906
TKM,Turkmenistan,1991,16.8800455826601,0.0,23.6347338350186,40.514779417678696
TKM,Turkmenistan,1992,19.9047154993293,0.0,9.70585230583617,29.61056780516547
TKM,Turkmenistan,1993,17.7942339413151,0.0,24.677795374246,42.4720293155611
TKM,Turkmenistan,1994,17.8376089472006,0.0,16.3380941906672,34.1757031378678
TKM,Turkmenistan,1995,19.3436639708266,0.0,28.3259964450915,47.6696604159181
TKM,Turkmenistan,1996,25.922048776799,0.0,32.6758365783035,58.597885355102505
TKM,Turkmenistan,1997,16.7788120542216,0.0,23.5922993575762,40.3711114117978
TKM,Turkmenistan,1998,5.17003700619145,0.0,1.49915543442281,6.6691924406142595
TKM,Turkmenistan,1999,16.0897902835792,0.0,2.62882151574485,18.71861179932405
TKM,Turkmenistan,2000,30.535152185722,0.0,28.8052994112694,59.3404515969914
TKM,Turkmenistan,2001,20.35664897038,0.0,55.0087709271248,75.36541989750481
TKM,Turkmenistan,2002,18.1172651196065,0.0,34.3293247239732,52.4465898435797
TKM,Turkmenistan,2003,17.8117065078813,0.0,30.9012594581728,48.7129659660541
TKM,Turkmenistan,2004,20.5072458932071,0.0,23.5927753799222,44.1000212731293
TKM,Turkmenistan,2005,24.9081038011301,0.0,18.2592836501092,43.1673874512393
TKM,Turkmenistan,2006,19.4762524278938,0.0,32.0004828721463,51.476735300040104
TKM,Turkmenistan,2007,20.0784433322394,0.0,29.1790627036662,49.2575060359056
TKM,Turkmenistan,2008,22.0912039942029,0.0,34.8737412958034,56.9649452900063
TKM,Turkmenistan,2009,10.2736499740055,0.0,12.6608257043539,22.934475678359398
TKM,Turkmenistan,2010,10.1728023386414,0.0,13.0365514101396,23.209353748780998
TKM,Turkmenistan,2011,14.0634051116026,0.0,20.2142716527897,34.277676764392304
TKM,Turkmenistan,2012,12.1349569552354,0.0,18.7387438033312,30.8737007585666
TKM,Turkmenistan,2013,11.1133699718905,0.0,16.3792738401097,27.4926438120002
TKM,Turkmenistan,2014,8.82992886177661,0.0,11.3460551548795,20.17598401665611
TKM,Turkmenistan,2015,4.89963192640452,0.0,10.5831552386189,15.48278716502342
TKM,Turkmenistan,2016,3.65533512745275,0.0,6.00228092118605,9.6576160486388
TKM,Turkmenistan,2017,5.57117152728362,0.0,7.45503774698666,13.026209274270279
TKM,Turkmenistan,2018,8.53882490078466,0.0,11.5296473840406,20.068472284825262
TKM,Turkmenistan,2019,5.84622688648033,0.0,7.64579312393199,13.49202001041232
TKM,Turkmenistan,2020,,,,
TKM,Turkmenistan,2021,,,,
TKM,Turkmenistan,2022,,,,
TKM,Turkmenistan,2023,,,,
TKM,Turkmenistan,2024,,,,
TKM,Turkmenistan,2025,,,,
TLS,Timor-Leste,1960,,,,
TLS,Timor-Leste,1961,,,,
TLS,Timor-Leste,1962,,,,
TLS,Timor-Leste,1963,,,,
TLS,Timor-Leste,1964,,,,
TLS,Timor-Leste,1965,,,,
TLS,Timor-Leste,1966,,,,
TLS,Timor-Leste,1967,,,,
TLS,Timor-Leste,1968,,,,
TLS,Timor-Leste,1969,,,,
TLS,Timor-Leste,1970,,,,
TLS,Timor-Leste,1971,,,,
TLS,Timor-Leste,1972,,,,
TLS,Timor-Leste,1973,,,,
TLS,Timor-Leste,1974,,,,
TLS,Timor-Leste,1975,,,,
TLS,Timor-Leste,1976,,,,
TLS,Timor-Leste,1977,,,,
TLS,Timor-Leste,1978,,,,
TLS,Timor-Leste,1979,,,,
TLS,Timor-Leste,1980,,,,
TLS,Timor-Leste,1981,,,,
TLS,Timor-Leste,1982,,,,
TLS,Timor-Leste,1983,,,,
TLS,Timor-Leste,1984,,,,
TLS,Timor-Leste,1985,,,,
TLS,Timor-Leste,1986,,,,
TLS,Timor-Leste,1987,,,,
TLS,Timor-Leste,1988,,,,
TLS,Timor-Leste,1989,,,,
TLS,Timor-Leste,1990,,,,
TLS,Timor-Leste,1991,,,,
TLS,Timor-Leste,1992,,,,
TLS,Timor-Leste,1993,,,,
TLS,Timor-Leste,1994,,,,
TLS,Timor-Leste,1995,,,,
TLS,Timor-Leste,1996,,,,
TLS,Timor-Leste,1997,,,,
TLS,Timor-Leste,1998,,,,
TLS,Timor-Leste,1999,,,,
TLS,Timor-Leste,2000,,,,
TLS,Timor-Leste,2001,,,,
TLS,Timor-Leste,2002,,,,
TLS,Timor-Leste,2003,0.0,0.0,0.0,0.0
TLS,Timor-Leste,2004,,,,
TLS,Timor-Leste,2005,,,,
TLS,Timor-Leste,2006,,,,
TLS,Timor-Leste,2007,,,,
TLS,Timor-Leste,2008,,,,
TLS,Timor-Leste,2009,,,,
TLS,Timor-Leste,2010,,,,
TLS,Timor-Leste,2011,,,,
TLS,Timor-Leste,2012,,,,
TLS,Timor-Leste,2013,,,,
TLS,Timor-Leste,2014,,,,
TLS,Timor-Leste,2015,24.2895242064057,0.0,54.9035548013805,79.1930790077862
TLS,Timor-Leste,2016,12.5519849690425,0.0,31.7471782643786,44.2991632334211
TLS,Timor-Leste,2017,13.2190114443342,0.0,31.3550190725644,44.5740305168986
TLS,Timor-Leste,2018,14.4948180632868,0.0,48.1395183547075,62.6343364179943
TLS,Timor-Leste,2019,12.5972177320814,0.0,32.2080214709969,44.8052392030783
TLS,Timor-Leste,2020,2.79171478872949,0.0,31.4935640709367,34.28527885966619
TLS,Timor-Leste,2021,5.29715520859989,0.0,29.3788715937531,34.67602680235299
TLS,Timor-Leste,2022,,,,
TLS,Timor-Leste,2023,,,,
TLS,Timor-Leste,2024,,,,
TLS,Timor-Leste,2025,,,,
TON,Tonga,1960,,,,
TON,Tonga,1961,,,,
TON,Tonga,1962,,,,
TON,Tonga,1963,,,,
TON,Tonga,1964,,,,
TON,Tonga,1965,,,,
TON,Tonga,1966,,,,
TON,Tonga,1967,,,,
TON,Tonga,1968,,,,
TON,Tonga,1969,,,,
TON,Tonga,1970,,,,
TON,Tonga,1971,,,,
TON,Tonga,1972,,,,
TON,Tonga,1973,,,,
TON,Tonga,1974,,,,
TON,Tonga,1975,,,,
TON,Tonga,1976,,,,
TON,Tonga,1977,,,,
TON,Tonga,1978,,,,
TON,Tonga,1979,,,,
TON,Tonga,1980,0.0,0.0,0.0,0.0
TON,Tonga,1981,0.0,0.0,0.0,0.0
TON,Tonga,1982,0.0,0.0,0.0,0.0
TON,Tonga,1983,0.0,0.0,0.0,0.0
TON,Tonga,1984,0.0,0.0,0.0,0.0
TON,Tonga,1985,0.0,0.0,0.0,0.0
TON,Tonga,1986,0.0,0.0,0.0,0.0
TON,Tonga,1987,0.0,0.0,0.0,0.0
TON,Tonga,1988,0.0,0.0,0.0,0.0
TON,Tonga,1989,0.0,0.0,0.0,0.0
TON,Tonga,1990,0.0,0.0,0.0,0.0
TON,Tonga,1991,0.0,0.0,0.0,0.0
TON,Tonga,1992,0.0,0.0,0.0,0.0
TON,Tonga,1993,0.0,0.0,0.0,0.0
TON,Tonga,1994,0.0,0.0,0.0,0.0
TON,Tonga,1995,0.0,0.0,0.0,0.0
TON,Tonga,1996,0.0,0.0,0.0,0.0
TON,Tonga,1997,0.0,0.0,0.0,0.0
TON,Tonga,1998,0.0,0.0,0.0,0.0
TON,Tonga,1999,0.0,0.0,0.0,0.0
TON,Tonga,2000,0.0,0.0,0.0,0.0
TON,Tonga,2001,0.0,0.0,0.0,0.0
TON,Tonga,2002,0.0,0.0,0.0,0.0
TON,Tonga,2003,0.0,0.0,0.0,0.0
TON,Tonga,2004,0.0,0.0,0.0,0.0
TON,Tonga,2005,0.0,0.0,0.0,0.0
TON,Tonga,2006,0.0,0.0,0.0,0.0
TON,Tonga,2007,0.0,0.0,0.0,0.0
TON,Tonga,2008,0.0,0.0,0.0,0.0
TON,Tonga,2009,0.0,0.0,0.0,0.0
TON,Tonga,2010,0.0,0.0,0.0,0.0
TON,Tonga,2011,0.0,0.0,0.0,0.0
TON,Tonga,2012,0.0,0.0,0.0,0.0
TON,Tonga,2013,0.0,0.0,0.0,0.0
TON,Tonga,2014,0.0,0.0,0.0,0.0
TON,Tonga,2015,0.0,0.0,0.0,0.0
TON,Tonga,2016,0.0,0.0,0.0,0.0
TON,Tonga,2017,0.0,0.0,0.0,0.0
TON,Tonga,2018,0.0,0.0,0.0,0.0
TON,Tonga,2019,0.0,0.0,0.0,0.0
TON,Tonga,2020,0.0,0.0,0.0,0.0
TON,Tonga,2021,0.0,0.0,0.0,0.0
TON,Tonga,2022,,,,
TON,Tonga,2023,,,,
TON,Tonga,2024,,,,
TON,Tonga,2025,,,,
TTO,Trinidad and Tobago,1960,,,,
TTO,Trinidad and Tobago,1961,,,,
TTO,Trinidad and Tobago,1962,,,,
TTO,Trinidad and Tobago,1963,,,,
TTO,Trinidad and Tobago,1964,,,,
TTO,Trinidad and Tobago,1965,,,,
TTO,Trinidad and Tobago,1966,,,,
TTO,Trinidad and Tobago,1967,,,,
TTO,Trinidad and Tobago,1968,,,,
TTO,Trinidad and Tobago,1969,,,,
TTO,Trinidad and Tobago,1970,2.52803854365007,,0.0073898573590107,2.5354284010090806
TTO,Trinidad and Tobago,1971,3.55794618272465,0.0,0.0109917596114109,3.5689379423360608
TTO,Trinidad and Tobago,1972,3.7660596982851,0.0,0.0873096123598612,3.853369310644961
TTO,Trinidad and Tobago,1973,6.58095082829843,0.0,0.0682106020335483,6.649161430331978
TTO,Trinidad and Tobago,1974,26.7060926076335,0.0,0.296274941034618,27.00236754866812
TTO,Trinidad and Tobago,1975,24.8198160753961,0.0,0.421542190449993,25.241358265846095
TTO,Trinidad and Tobago,1976,25.6613486439443,0.0,0.45496991835851,26.116318562302812
TTO,Trinidad and Tobago,1977,18.5405365976785,0.0,0.0315894358864919,18.57212603356499
TTO,Trinidad and Tobago,1978,18.0679289354533,0.0,0.0787204095511784,18.146649345004477
TTO,Trinidad and Tobago,1979,34.1047487404157,0.0,0.44848943245949,34.55323817287519
TTO,Trinidad and Tobago,1980,30.8691441066694,0.0,0.784883814689822,31.654027921359223
TTO,Trinidad and Tobago,1981,26.0438053457002,0.0,0.426980170070862,26.470785515771063
TTO,Trinidad and Tobago,1982,10.0101622321837,0.0,0.0974168892508651,10.107579121434565
TTO,Trinidad and Tobago,1983,12.7356335662466,0.0,0.690474610798764,13.426108177045364
TTO,Trinidad and Tobago,1984,13.6246965754373,0.0,1.16612545916778,14.79082203460508
TTO,Trinidad and Tobago,1985,14.2751242962773,0.0,1.34877000857305,15.62389430485035
TTO,Trinidad and Tobago,1986,8.98360402400882,0.0,1.22364988092933,10.207253904938149
TTO,Trinidad and Tobago,1987,13.5651722662593,0.0,0.854189026416529,14.419361292675829
TTO,Trinidad and Tobago,1988,10.7904021615042,0.0,0.862466177351588,11.65286833885579
TTO,Trinidad and Tobago,1989,16.589883924253,0.0,1.15184127625465,17.741725200507652
TTO,Trinidad and Tobago,1990,19.1790340751601,0.0,1.37027101299972,20.54930508815982
TTO,Trinidad and Tobago,1991,10.2691056776145,0.0,1.20384806307992,11.47295374069442
TTO,Trinidad and Tobago,1992,9.75771843829555,0.0,1.0183039178995,10.77602235619505
TTO,Trinidad and Tobago,1993,10.6547652741096,0.0,1.64916315328289,12.30392842739249
TTO,Trinidad and Tobago,1994,9.81381626936522,0.0,1.54263993868097,11.35645620804619
TTO,Trinidad and Tobago,1995,10.9376607291799,0.0,1.33483319065797,12.27249391983787
TTO,Trinidad and Tobago,1996,12.5094687850089,0.0,1.44315146510097,13.95262025010987
TTO,Trinidad and Tobago,1997,10.8230289174782,0.0,1.56242998764938,12.385458905127582
TTO,Trinidad and Tobago,1998,5.39944831985208,0.0,1.13952718203698,6.538975501889061
TTO,Trinidad and Tobago,1999,8.61868442958768,0.0,1.85374826650399,10.47243269609167
TTO,Trinidad and Tobago,2000,10.7143816589503,0.0,3.34791429564949,14.06229595459979
TTO,Trinidad and Tobago,2001,6.84812051633887,0.0,3.30683344360185,10.15495395994072
TTO,Trinidad and Tobago,2002,8.99788059666471,0.0,2.88169357636383,11.87957417302854
TTO,Trinidad and Tobago,2003,7.97468958608519,0.0,2.66348882364855,10.63817840973374
TTO,Trinidad and Tobago,2004,8.45563862422733,0.0,2.36518324540915,10.820821869636479
TTO,Trinidad and Tobago,2005,11.8042199194259,0.0,4.25076767239782,16.05498759182372
TTO,Trinidad and Tobago,2006,12.247324628027,0.0,6.12814812345329,18.375472751480288
TTO,Trinidad and Tobago,2007,9.2559242789235,0.0,6.68974803356777,15.945672312491268
TTO,Trinidad and Tobago,2008,9.42207714451534,0.0,5.83750090698681,15.25957805150215
TTO,Trinidad and Tobago,2009,6.48871343601529,0.0,9.64203595057167,16.13074938658696
TTO,Trinidad and Tobago,2010,7.31966084875628,0.0,6.15581814921932,13.4754789979756
TTO,Trinidad and Tobago,2011,9.46888642049548,0.0,11.699135017833,21.16802143832848
TTO,Trinidad and Tobago,2012,7.63529240284805,0.0,11.3897470587304,19.02503946157845
TTO,Trinidad and Tobago,2013,6.44936933049536,0.0,12.4709238479791,18.92029317847446
TTO,Trinidad and Tobago,2014,5.58054269528671,0.0,9.97338093351379,15.5539236288005
TTO,Trinidad and Tobago,2015,2.24547082740531,0.0,5.23561682641395,7.4810876538192606
TTO,Trinidad and Tobago,2016,1.82556957376394,0.0,2.23549470018448,4.0610642739484195
TTO,Trinidad and Tobago,2017,2.68355173716595,0.0,3.01281216994103,5.69636390710698
TTO,Trinidad and Tobago,2018,3.66055639102177,0.0,7.50401786552981,11.16457425655158
TTO,Trinidad and Tobago,2019,2.7745812273373,0.0,8.23659935274206,11.01118058007936
TTO,Trinidad and Tobago,2020,1.42924604742787,0.0,4.38267376233176,5.81191980975963
TTO,Trinidad and Tobago,2021,2.71054174202227,0.0,5.09452537557754,7.80506711759981
TTO,Trinidad and Tobago,2022,,,,
TTO,Trinidad and Tobago,2023,,,,
TTO,Trinidad and Tobago,2024,,,,
TTO,Trinidad and Tobago,2025,,,,
TUN,Tunisia,1960,,,,
TUN,Tunisia,1961,,,,
TUN,Tunisia,1962,,,,
TUN,Tunisia,1963,,,,
TUN,Tunisia,1964,,,,
TUN,Tunisia,1965,,,,
TUN,Tunisia,1966,,,,
TUN,Tunisia,1967,,,,
TUN,Tunisia,1968,,,,
TUN,Tunisia,1969,,,,
TUN,Tunisia,1970,2.03817424442132,,0.123129314322068,2.1613035587433878
TUN,Tunisia,1971,2.29036569671627,0.0,0.137621604601247,2.427987301317517
TUN,Tunisia,1972,2.12590015133778,0.0,0.156716135660847,2.282616286998627
TUN,Tunisia,1973,2.55387238440898,0.0,0.156395762554286,2.7102681469632657
TUN,Tunisia,1974,8.89423484787288,0.0,0.126101965297509,9.02033681317039
TUN,Tunisia,1975,8.03513850477648,0.0,0.191387297539175,8.226525802315654
TUN,Tunisia,1976,6.7641331511916,0.0,0.201101980080812,6.9652351312724115
TUN,Tunisia,1977,7.48354615911459,0.0,0.206977033299091,7.690523192413681
TUN,Tunisia,1978,7.52116486918051,0.0,0.194142955047072,7.715307824227582
TUN,Tunisia,1979,16.2800073164075,0.0,0.225100278429631,16.50510759483713
TUN,Tunisia,1980,15.6604734716248,0.0,0.140740155399833,15.801213627024632
TUN,Tunisia,1981,13.8648207216135,0.0,0.134610218046519,13.99943093966002
TUN,Tunisia,1982,11.1748939567469,0.0,0.0595200451392078,11.234414001886107
TUN,Tunisia,1983,11.6357509310163,0.0,0.175409954863708,11.811160885880009
TUN,Tunisia,1984,11.4259602258547,0.0,0.156513668014086,11.582473893868785
TUN,Tunisia,1985,10.8045581370498,0.0,0.135454573702938,10.940012710752738
TUN,Tunisia,1986,4.84950101303567,0.0,0.136241594900856,4.985742607936526
TUN,Tunisia,1987,5.88932533694232,0.0,0.0991272609861777,5.9884525979284975
TUN,Tunisia,1988,4.6433547510392,0.0,0.0898707880840895,4.73322553912329
TUN,Tunisia,1989,6.56322289169156,0.0,0.0901214819093223,6.653344373600882
TUN,Tunisia,1990,6.45080502980873,0.0,0.077827792614973,6.5286328224237025
TUN,Tunisia,1991,4.20887815968531,0.0,0.0521038206147924,4.260981980300103
TUN,Tunisia,1992,3.89144902224995,0.0,0.0667369148861861,3.958185937136136
TUN,Tunisia,1993,3.35121837306816,0.0,0.0683268751244419,3.419545248192602
TUN,Tunisia,1994,2.66718328891885,0.0,0.0634952871073838,2.7306785760262335
TUN,Tunisia,1995,2.42755447750049,0.0,0.0559094648997611,2.483463942400251
TUN,Tunisia,1996,2.73801506099416,0.0,0.142407984533904,2.880423045528064
TUN,Tunisia,1997,2.13042894995226,0.0,0.284079753579198,2.414508703531458
TUN,Tunisia,1998,1.30206836638864,0.0,0.28758241584181,1.58965078223045
TUN,Tunisia,1999,1.92733312637189,0.0,0.259413813220188,2.186746939592078
TUN,Tunisia,2000,3.22928353115798,0.0,0.361382132616902,3.5906656637748817
TUN,Tunisia,2001,2.34162232250109,0.0,0.457939517042706,2.799561839543796
TUN,Tunisia,2002,2.3626975077068,0.0,0.357072478190354,2.719769985897154
TUN,Tunisia,2003,2.11725730006367,0.0,0.309246533605607,2.426503833669277
TUN,Tunisia,2004,2.60869066831261,0.0,0.306609417741814,2.915300086054424
TUN,Tunisia,2005,3.79249223607583,0.0,0.399210558815731,4.191702794891561
TUN,Tunisia,2006,4.1077575724331,0.0,0.399209536359326,4.506967108792426
TUN,Tunisia,2007,5.51629477963382,0.0,0.319954538590018,5.836249318223838
TUN,Tunisia,2008,5.93514843614258,0.0,0.37588783467175,6.31103627081433
TUN,Tunisia,2009,3.44832785220984,0.0,0.433746795352291,3.882074647562131
TUN,Tunisia,2010,4.12711827435362,0.0,0.344709194218594,4.471827468572214
TUN,Tunisia,2011,5.01344964105154,0.0,0.401895741504081,5.415345382555621
TUN,Tunisia,2012,5.06594682844413,0.0,0.408148119994012,5.474094948438141
TUN,Tunisia,2013,4.28421078126965,0.0,0.377752029966356,4.661962811236005
TUN,Tunisia,2014,3.35507824664457,0.0,0.423423922784946,3.7785021694295158
TUN,Tunisia,2015,1.62596299660366,0.0,0.273682848307775,1.899645844911435
TUN,Tunisia,2016,1.266744868786,0.0,0.200869985868404,1.4676148546544039
TUN,Tunisia,2017,1.48811485046411,0.0,0.236433459699936,1.724548310164046
TUN,Tunisia,2018,1.99021548871455,0.0,0.349896451978522,2.340111940693072
TUN,Tunisia,2019,1.66141181151334,0.0,0.308497305696956,1.969909117210296
TUN,Tunisia,2020,0.916677526611502,0.0,0.303269986625323,1.219947513236825
TUN,Tunisia,2021,1.5489621013289,0.0,0.490998034663024,2.039960135991924
TUN,Tunisia,2022,,,,
TUN,Tunisia,2023,,,,
TUN,Tunisia,2024,,,,
TUN,Tunisia,2025,,,,
TUR,Turkiye,1960,,,,
TUR,Turkiye,1961,,,,
TUR,Turkiye,1962,,,,
TUR,Turkiye,1963,,,,
TUR,Turkiye,1964,,,,
TUR,Turkiye,1965,,,,
TUR,Turkiye,1966,,,,
TUR,Turkiye,1967,,,,
TUR,Turkiye,1968,,,,
TUR,Turkiye,1969,,,,
TUR,Turkiye,1970,0.0156688439786595,0.0681314372295,0.0,0.08380028120815951
TUR,Turkiye,1971,0.0551276822693913,0.0910380411855537,1.18826983142512e-05,0.14617760615325925
TUR,Turkiye,1972,0.0644778111666937,0.07273894436552,4.43133705096737e-05,0.13726106890272335
TUR,Turkiye,1973,0.0966253001839665,0.0657991730834617,4.5894152307382e-05,0.16247036741973558
TUR,Turkiye,1974,0.401813017550154,0.104361080085868,0.0001413443381745,0.5063154419741964
TUR,Turkiye,1975,0.280814902169639,0.260306534600585,0.0002543440993097,0.5413757808695336
TUR,Turkiye,1976,0.220074807046092,0.270655728963899,0.0006662398812443,0.4913967758912353
TUR,Turkiye,1977,0.21249292669636,0.234816186474659,0.0007183460614065,0.4480274592324255
TUR,Turkiye,1978,0.196069037564345,0.191797211828026,0.000842952383778,0.38870920177614904
TUR,Turkiye,1979,0.362416289836324,0.116470834504256,0.0014330338999714,0.4803201582405514
TUR,Turkiye,1980,0.488531548581327,0.203798919738827,0.0020366497758687,0.6943671180960227
TUR,Turkiye,1981,0.386417918520162,0.39255758812641,0.0010737194941908,0.7800492261407628
TUR,Turkiye,1982,0.262706910889372,0.498543320720706,0.000822797954652,0.76207302956473
TUR,Turkiye,1983,0.337848850557612,0.295746953016655,0.0024988140671381,0.6360946176414052
TUR,Turkiye,1984,0.33716866485434,0.218647349241707,0.0013550250982608,0.5571710391943078
TUR,Turkiye,1985,0.303386611523123,0.261038969147868,0.0018790467054922,0.5663046273764832
TUR,Turkiye,1986,0.123816679878197,0.110936197648833,0.0113624861905771,0.24611536371760712
TUR,Turkiye,1987,0.193029481223882,0.0512860382536795,0.0033571669786302,0.2476726864561917
TUR,Turkiye,1988,0.135591248345399,0.052578850020964,0.0009540937050382,0.18912419207140121
TUR,Turkiye,1989,0.206769216248657,0.0608373431237279,0.0015090965987559,0.2691156559711408
TUR,Turkiye,1990,0.260691501215256,0.0916217434536764,0.0020622358685329,0.3543754805374653
TUR,Turkiye,1991,0.152278875171076,0.0783726973269313,0.0014089576344088,0.2320605301324161
TUR,Turkiye,1992,0.149168775062412,0.0498176354357153,0.0006936971551404,0.19968010765326769
TUR,Turkiye,1993,0.114718240997917,0.013994422181323,0.0013762741861102,0.13008893736535018
TUR,Turkiye,1994,0.134353609455556,0.0152068413552776,0.0018303420052792,0.1513907928161128
TUR,Turkiye,1995,0.110564586772373,0.0300077854751618,0.0023863856019309,0.1429587578494657
TUR,Turkiye,1996,0.144998969825136,0.0200434490531842,0.0024300519742262,0.16747247085254638
TUR,Turkiye,1997,0.10681949958296,0.0105597970523499,0.0030869842900994,0.1204662809254093
TUR,Turkiye,1998,0.0214722137279463,0.0104237276966542,0.0004988228833016,0.032394764307902106
TUR,Turkiye,1999,0.0629983205522373,0.0028658600090735,0.0008289698964965,0.0666931504578073
TUR,Turkiye,2000,0.119531436272842,0.0163299373783943,0.0045717451691264,0.1404331188203627
TUR,Turkiye,2001,0.109672292151506,0.0669832853392418,0.0062239872042963,0.1828795646950441
TUR,Turkiye,2002,0.0924058667871047,0.0208900073928248,0.0049822332133887,0.1182781073933182
TUR,Turkiye,2003,0.0807835887459959,0.0158208744072334,0.0061526168524154,0.1027570800056447
TUR,Turkiye,2004,0.0808804569350874,0.0910117911446375,0.0052389573152381,0.17713120539496302
TUR,Turkiye,2005,0.098246344839956,0.0518150541094461,0.0045346299525232,0.1545960289019253
TUR,Turkiye,2006,0.0976756856490614,0.0609969514288379,0.0095526545636731,0.1682252916415724
TUR,Turkiye,2007,0.0869115725998382,0.0884930759300957,0.0089825646276115,0.1843872131575454
TUR,Turkiye,2008,0.122000589848402,0.269621038571002,0.0143865495451754,0.4060081779645794
TUR,Turkiye,2009,0.0864578771745911,0.106215923660071,0.0086004994865552,0.2012743003212173
TUR,Turkiye,2010,0.0855344494299421,0.153528250747308,0.0064592483446972,0.24552194852194728
TUR,Turkiye,2011,0.123984127335917,0.174773590035299,0.0100431107294415,0.30880082810065745
TUR,Turkiye,2012,0.111617756938834,0.06808750317779,0.0084287189832921,0.18813397909991608
TUR,Turkiye,2013,0.0974218835401561,0.0271953145935112,0.0063902615680249,0.1310074597016922
TUR,Turkiye,2014,0.0944984501615984,0.0238619620578174,0.0041616495605886,0.12252206178000441
TUR,Turkiye,2015,0.0446861002184748,0.0162128322535002,0.0026576699551482,0.0635566024271232
TUR,Turkiye,2016,0.0349237617230731,0.0215533089036783,0.0015097730781581,0.057986843704909495
TUR,Turkiye,2017,0.0537573237557546,0.0298082732253323,0.0020176223342095,0.0855832193152964
TUR,Turkiye,2018,0.108111878645291,0.0401708928121365,0.0042848856323578,0.15256765708978529
TUR,Turkiye,2019,0.102518297949539,0.0322436421155324,0.0033684737362644,0.13813041380133578
TUR,Turkiye,2020,0.0612400945022421,0.0244307938802644,0.0016730517331749,0.0873439401156814
TUR,Turkiye,2021,0.13797082409881,0.0473618807971925,0.0074818120773528,0.1928145169733553
TUR,Turkiye,2022,,,,
TUR,Turkiye,2023,,,,
TUR,Turkiye,2024,,,,
TUR,Turkiye,2025,,,,
TUV,Tuvalu,1960,,,,
TUV,Tuvalu,1961,,,,
TUV,Tuvalu,1962,,,,
TUV,Tuvalu,1963,,,,
TUV,Tuvalu,1964,,,,
TUV,Tuvalu,1965,,,,
TUV,Tuvalu,1966,,,,
TUV,Tuvalu,1967,,,,
TUV,Tuvalu,1968,,,,
TUV,Tuvalu,1969,,,,
TUV,Tuvalu,1970,,,,
TUV,Tuvalu,1971,,,,
TUV,Tuvalu,1972,,,,
TUV,Tuvalu,1973,,,,
TUV,Tuvalu,1974,,,,
TUV,Tuvalu,1975,,,,
TUV,Tuvalu,1976,,,,
TUV,Tuvalu,1977,,,,
TUV,Tuvalu,1978,,,,
TUV,Tuvalu,1979,,,,
TUV,Tuvalu,1980,,,,
TUV,Tuvalu,1981,,,,
TUV,Tuvalu,1982,,,,
TUV,Tuvalu,1983,,,,
TUV,Tuvalu,1984,,,,
TUV,Tuvalu,1985,,,,
TUV,Tuvalu,1986,,,,
TUV,Tuvalu,1987,,,,
TUV,Tuvalu,1988,,,,
TUV,Tuvalu,1989,,,,
TUV,Tuvalu,1990,,,0.0,0.0
TUV,Tuvalu,1991,,,0.0,0.0
TUV,Tuvalu,1992,,,0.0,0.0
TUV,Tuvalu,1993,,,0.0,0.0
TUV,Tuvalu,1994,,,0.0,0.0
TUV,Tuvalu,1995,,,0.0,0.0
TUV,Tuvalu,1996,,,0.0,0.0
TUV,Tuvalu,1997,,,0.0,0.0
TUV,Tuvalu,1998,,,0.0,0.0
TUV,Tuvalu,1999,,,0.0,0.0
TUV,Tuvalu,2000,,,0.0,0.0
TUV,Tuvalu,2001,,,0.0,0.0
TUV,Tuvalu,2002,,,0.0,0.0
TUV,Tuvalu,2003,,,0.0,0.0
TUV,Tuvalu,2004,,,0.0,0.0
TUV,Tuvalu,2005,,,0.0,0.0
TUV,Tuvalu,2006,,,0.0,0.0
TUV,Tuvalu,2007,,,0.0,0.0
TUV,Tuvalu,2008,,,0.0,0.0
TUV,Tuvalu,2009,,,0.0,0.0
TUV,Tuvalu,2010,,,0.0,0.0
TUV,Tuvalu,2011,,,0.0,0.0
TUV,Tuvalu,2012,,,0.0,0.0
TUV,Tuvalu,2013,,,0.0,0.0
TUV,Tuvalu,2014,,,0.0,0.0
TUV,Tuvalu,2015,,,0.0,0.0
TUV,Tuvalu,2016,,,0.0,0.0
TUV,Tuvalu,2017,,,0.0,0.0
TUV,Tuvalu,2018,,,0.0,0.0
TUV,Tuvalu,2019,,,0.0,0.0
TUV,Tuvalu,2020,,,0.0,0.0
TUV,Tuvalu,2021,,,0.0,0.0
TUV,Tuvalu,2022,,,,
TUV,Tuvalu,2023,,,,
TUV,Tuvalu,2024,,,,
TUV,Tuvalu,2025,,,,
TZA,Tanzania,1960,,,,
TZA,Tanzania,1961,,,,
TZA,Tanzania,1962,,,,
TZA,Tanzania,1963,,,,
TZA,Tanzania,1964,,,,
TZA,Tanzania,1965,,,,
TZA,Tanzania,1966,,,,
TZA,Tanzania,1967,,,,
TZA,Tanzania,1968,,,,
TZA,Tanzania,1969,,,,
TZA,Tanzania,1970,,,,
TZA,Tanzania,1971,,,,
TZA,Tanzania,1972,,,,
TZA,Tanzania,1973,,,,
TZA,Tanzania,1974,,,,
TZA,Tanzania,1975,,,,
TZA,Tanzania,1976,,,,
TZA,Tanzania,1977,,,,
TZA,Tanzania,1978,,,,
TZA,Tanzania,1979,,,,
TZA,Tanzania,1980,,,,
TZA,Tanzania,1981,,,,
TZA,Tanzania,1982,,,,
TZA,Tanzania,1983,,,,
TZA,Tanzania,1984,,,,
TZA,Tanzania,1985,,,,
TZA,Tanzania,1986,,,,
TZA,Tanzania,1987,,,,
TZA,Tanzania,1988,0.0,0.0009173219066471,0.0,0.0009173219066471
TZA,Tanzania,1989,0.0,0.0013688435505244,0.0,0.0013688435505244
TZA,Tanzania,1990,0.0,0.0019950287758537,0.0,0.0019950287758537
TZA,Tanzania,1991,0.0,0.0016776295500789,0.0,0.0016776295500789
TZA,Tanzania,1992,0.0,0.001640012022023,0.0,0.001640012022023
TZA,Tanzania,1993,0.0,0.0129299766354443,0.0,0.0129299766354443
TZA,Tanzania,1994,0.0,0.0132629730127242,0.0,0.0132629730127242
TZA,Tanzania,1995,0.0,0.0155846588866064,0.0,0.0155846588866064
TZA,Tanzania,1996,0.0,0.0142512191253026,0.0,0.0142512191253026
TZA,Tanzania,1997,0.0,0.0047444796102491,0.0,0.0047444796102491
TZA,Tanzania,1998,0.0,0.0034519369638964,0.0,0.0034519369638964
TZA,Tanzania,1999,0.0,0.0037813662054543,0.0,0.0037813662054543
TZA,Tanzania,2000,0.0,0.0054971766850051,0.0,0.0054971766850051
TZA,Tanzania,2001,0.0,0.0093460688732029,0.0,0.0093460688732029
TZA,Tanzania,2002,0.0,0.0059496981007347,0.0,0.0059496981007347
TZA,Tanzania,2003,0.0,0.0043921929795654,0.0,0.0043921929795654
TZA,Tanzania,2004,0.0,0.014496913040245,0.0274931382987407,0.0419900513389857
TZA,Tanzania,2005,0.0,0.0049784775649616,0.0458836863030524,0.050862163868014
TZA,Tanzania,2006,0.0,0.003110711871887,0.165461735035215,0.168572446907102
TZA,Tanzania,2007,0.0,0.005657386384023,0.143202560221599,0.148859946605622
TZA,Tanzania,2008,0.0,0.005290422478628,0.146624246080538,0.151914668559166
TZA,Tanzania,2009,0.0003979686429835,0.0,0.141555701163361,0.1419536698063445
TZA,Tanzania,2010,0.0,0.0,0.168958230297154,0.168958230297154
TZA,Tanzania,2011,0.0,0.01805561186371,0.147129405103243,0.16518501696695298
TZA,Tanzania,2012,0.0,0.010479148520174,0.1543339847838,0.164813133303974
TZA,Tanzania,2013,0.0,0.0078919035016006,0.139651250540847,0.1475431540424476
TZA,Tanzania,2014,0.0,0.0152030368795846,0.106190378675112,0.1213934155546966
TZA,Tanzania,2015,0.0,0.0118307165544839,0.0958189291565574,0.1076496457110413
TZA,Tanzania,2016,0.0,0.0136027189325031,0.0828972587378178,0.0964999776703209
TZA,Tanzania,2017,0.0,0.034308918609216,0.0996973020864147,0.1340062206956307
TZA,Tanzania,2018,0.0,0.0424699785942398,0.197788905211452,0.24025888380569183
TZA,Tanzania,2019,0.0,0.0328970144858054,0.185559026652075,0.2184560411378804
TZA,Tanzania,2020,0.0,0.0264007682901917,0.125414392830039,0.1518151611202307
TZA,Tanzania,2021,0.0,0.0494009697131187,0.223340416897822,0.2727413866109407
TZA,Tanzania,2022,,,,
TZA,Tanzania,2023,,,,
TZA,Tanzania,2024,,,,
TZA,Tanzania,2025,,,,
UGA,Uganda,1960,,,,
UGA,Uganda,1961,,,,
UGA,Uganda,1962,,,,
UGA,Uganda,1963,,,,
UGA,Uganda,1964,,,,
UGA,Uganda,1965,,,,
UGA,Uganda,1966,,,,
UGA,Uganda,1967,,,,
UGA,Uganda,1968,,,,
UGA,Uganda,1969,,,,
UGA,Uganda,1970,,,,
UGA,Uganda,1971,,,,
UGA,Uganda,1972,,,,
UGA,Uganda,1973,,,,
UGA,Uganda,1974,,,,
UGA,Uganda,1975,,,,
UGA,Uganda,1976,,,,
UGA,Uganda,1977,,,,
UGA,Uganda,1978,,,,
UGA,Uganda,1979,,,,
UGA,Uganda,1980,0.0,0.0,0.0,0.0
UGA,Uganda,1981,0.0,0.0,0.0,0.0
UGA,Uganda,1982,0.0,0.0,0.0,0.0
UGA,Uganda,1983,0.0,0.0,0.0,0.0
UGA,Uganda,1984,0.0,0.0,0.0,0.0
UGA,Uganda,1985,0.0,0.0,0.0,0.0
UGA,Uganda,1986,0.0,0.0,0.0,0.0
UGA,Uganda,1987,0.0,0.0,0.0,0.0
UGA,Uganda,1988,0.0,0.0,0.0,0.0
UGA,Uganda,1989,0.0,0.0,0.0,0.0
UGA,Uganda,1990,0.0,0.0,0.0,0.0
UGA,Uganda,1991,0.0,0.0,0.0,0.0
UGA,Uganda,1992,0.0,0.0,0.0,0.0
UGA,Uganda,1993,0.0,0.0,0.0,0.0
UGA,Uganda,1994,0.0,0.0,0.0,0.0
UGA,Uganda,1995,0.0,0.0,0.0,0.0
UGA,Uganda,1996,0.0,0.0,0.0,0.0
UGA,Uganda,1997,0.0,0.0,0.0,0.0
UGA,Uganda,1998,0.0,0.0,0.0,0.0
UGA,Uganda,1999,0.0,0.0,0.0,0.0
UGA,Uganda,2000,0.0,0.0,0.0,0.0
UGA,Uganda,2001,0.0,0.0,0.0,0.0
UGA,Uganda,2002,0.0,0.0,0.0,0.0
UGA,Uganda,2003,0.0,0.0,0.0,0.0
UGA,Uganda,2004,0.0,0.0,0.0,0.0
UGA,Uganda,2005,0.0,0.0,0.0,0.0
UGA,Uganda,2006,0.0,0.0,0.0,0.0
UGA,Uganda,2007,0.0,0.0,0.0,0.0
UGA,Uganda,2008,0.0,0.0,0.0,0.0
UGA,Uganda,2009,0.0,0.0,0.0,0.0
UGA,Uganda,2010,0.0,0.0,0.0,0.0
UGA,Uganda,2011,0.0,0.0,0.0,0.0
UGA,Uganda,2012,0.0,0.0,0.0,0.0
UGA,Uganda,2013,0.0,0.0,0.0,0.0
UGA,Uganda,2014,0.0,0.0,0.0,0.0
UGA,Uganda,2015,0.0,0.0,0.0,0.0
UGA,Uganda,2016,0.0,0.0,0.0,0.0
UGA,Uganda,2017,0.0,0.0,0.0,0.0
UGA,Uganda,2018,0.0,0.0,0.0,0.0
UGA,Uganda,2019,0.0,0.0,0.0,0.0
UGA,Uganda,2020,0.0,0.0,0.0,0.0
UGA,Uganda,2021,0.0,0.0,0.0,0.0
UGA,Uganda,2022,,,,
UGA,Uganda,2023,,,,
UGA,Uganda,2024,,,,
UGA,Uganda,2025,,,,
UKR,Ukraine,1960,,,,
UKR,Ukraine,1961,,,,
UKR,Ukraine,1962,,,,
UKR,Ukraine,1963,,,,
UKR,Ukraine,1964,,,,
UKR,Ukraine,1965,,,,
UKR,Ukraine,1966,,,,
UKR,Ukraine,1967,,,,
UKR,Ukraine,1968,,,,
UKR,Ukraine,1969,,,,
UKR,Ukraine,1970,,,,
UKR,Ukraine,1971,,,,
UKR,Ukraine,1972,,,,
UKR,Ukraine,1973,,,,
UKR,Ukraine,1974,,,,
UKR,Ukraine,1975,,,,
UKR,Ukraine,1976,,,,
UKR,Ukraine,1977,,,,
UKR,Ukraine,1978,,,,
UKR,Ukraine,1979,,,,
UKR,Ukraine,1980,,,,
UKR,Ukraine,1981,,,,
UKR,Ukraine,1982,,,,
UKR,Ukraine,1983,,,,
UKR,Ukraine,1984,,,,
UKR,Ukraine,1985,,,,
UKR,Ukraine,1986,,,,
UKR,Ukraine,1987,0.663711165725118,,0.496950139661843,1.160661305386961
UKR,Ukraine,1988,0.398784489481399,,0.343253967157225,0.742038456638624
UKR,Ukraine,1989,0.524434195585452,,0.313435589659731,0.8378697852451831
UKR,Ukraine,1990,0.658364462026719,2.13657180930927,0.457655548938322,3.252591820274311
UKR,Ukraine,1991,0.350289964902525,1.84875481927352,0.327869967316772,2.526914751492817
UKR,Ukraine,1992,0.364054139576722,1.58053869266517,0.156482811154507,2.101075643396399
UKR,Ukraine,1993,0.376224331407413,1.04519271285454,0.365816258661968,1.787233302923921
UKR,Ukraine,1994,0.409357925402319,0.718369513499318,0.424451038594338,1.552178477495975
UKR,Ukraine,1995,0.485904965322784,0.859442508077226,0.873828939135118,2.219176412535128
UKR,Ukraine,1996,0.739944616412603,0.756399369208321,0.93888289899763,2.435226884618554
UKR,Ukraine,1997,0.512363843755259,0.668786611622587,0.902935129010198,2.084085584388044
UKR,Ukraine,1998,0.181694617548708,0.804280677379736,0.133262624449728,1.1192379193781719
UKR,Ukraine,1999,0.702404231194259,0.655963930489204,0.1688299313581,1.5271980930415632
UKR,Ukraine,2000,0.991786006161771,0.863746448384337,1.14885003502459,3.0043824895706983
UKR,Ukraine,2001,0.595777693101294,1.3491572181393,2.00013758712954,3.945072498370134
UKR,Ukraine,2002,0.557285488022957,1.0990421338669,1.38139303823453,3.0377206601243874
UKR,Ukraine,2003,0.596245150941,0.758042903939249,1.3208144998747,2.675102554754949
UKR,Ukraine,2004,0.66971110889553,1.49235996559455,0.874680879938456,3.036751954428536
UKR,Ukraine,2005,0.781757652119267,1.59773566982954,0.565133000615534,2.944626322564341
UKR,Ukraine,2006,0.765715565056406,1.40052829959985,1.01163949753159,3.1778833621878464
UKR,Ukraine,2007,0.626895264506606,0.749230266655817,0.786052400938078,2.162177932100501
UKR,Ukraine,2008,0.684740010329571,2.71207348602637,1.14737308736752,4.544186583723461
UKR,Ukraine,2009,0.534186376625519,1.84257379414677,1.278878300454,3.655638471226289
UKR,Ukraine,2010,0.466160187976772,1.92907582506734,0.945147583014386,3.340383596058498
UKR,Ukraine,2011,0.604564339662443,2.35896804287954,1.23771380213352,4.201246184675503
UKR,Ukraine,2012,0.512858516672917,1.20347453702198,1.20575144270603,2.9220844964009274
UKR,Ukraine,2013,0.429728228604793,0.522461268811618,1.20490526300508,2.157094760421491
UKR,Ukraine,2014,0.53740181709907,0.468975153427332,1.17134594315961,2.177722913686012
UKR,Ukraine,2015,0.298048598397704,0.478722310775197,1.20086792163998,1.977638830812881
UKR,Ukraine,2016,0.2004056293323,0.467980707895294,0.739114578198655,1.407500915426249
UKR,Ukraine,2017,0.348582540397727,0.418244838789605,0.869406676082544,1.636234055269876
UKR,Ukraine,2018,0.484549678010453,0.419208073231986,1.22232291954122,2.126080670783659
UKR,Ukraine,2019,0.363416965283388,0.287026111974908,0.718231983949118,1.3686750612074141
UKR,Ukraine,2020,0.191284197093986,0.178921024438991,0.329769533969389,0.699974755502366
UKR,Ukraine,2021,0.279676988011674,0.336999214543813,1.36437357344945,1.981049776004937
UKR,Ukraine,2022,,,,
UKR,Ukraine,2023,,,,
UKR,Ukraine,2024,,,,
UKR,Ukraine,2025,,,,
URY,Uruguay,1960,,,,
URY,Uruguay,1961,,,,
URY,Uruguay,1962,,,,
URY,Uruguay,1963,,,,
URY,Uruguay,1964,,,,
URY,Uruguay,1965,,,,
URY,Uruguay,1966,,,,
URY,Uruguay,1967,,,,
URY,Uruguay,1968,,,,
URY,Uruguay,1969,,,,
URY,Uruguay,1970,,,,
URY,Uruguay,1971,0.0,0.0,0.0,0.0
URY,Uruguay,1972,0.0,0.0,0.0,0.0
URY,Uruguay,1973,0.0,0.0,0.0,0.0
URY,Uruguay,1974,0.0,0.0,0.0,0.0
URY,Uruguay,1975,0.0,0.0,0.0,0.0
URY,Uruguay,1976,0.0,0.0,0.0,0.0
URY,Uruguay,1977,0.0,0.0,0.0,0.0
URY,Uruguay,1978,0.0,0.0,0.0,0.0
URY,Uruguay,1979,0.0,0.0,0.0,0.0
URY,Uruguay,1980,0.0,0.0,0.0,0.0
URY,Uruguay,1981,0.0,0.0,0.0,0.0
URY,Uruguay,1982,0.0,0.0,0.0,0.0
URY,Uruguay,1983,0.0,0.0,0.0,0.0
URY,Uruguay,1984,0.0,0.0,0.0,0.0
URY,Uruguay,1985,0.0,0.0,0.0,0.0
URY,Uruguay,1986,0.0,0.0,0.0,0.0
URY,Uruguay,1987,0.0,0.0,0.0,0.0
URY,Uruguay,1988,0.0,0.0,0.0,0.0
URY,Uruguay,1989,0.0,0.0,0.0,0.0
URY,Uruguay,1990,0.0,0.0,0.0,0.0
URY,Uruguay,1991,0.0,0.0,0.0,0.0
URY,Uruguay,1992,0.0,0.0,0.0,0.0
URY,Uruguay,1993,0.0,0.0,0.0,0.0
URY,Uruguay,1994,0.0,0.0,0.0,0.0
URY,Uruguay,1995,0.0,0.0,0.0,0.0
URY,Uruguay,1996,0.0,0.0,0.0,0.0
URY,Uruguay,1997,0.0,0.0,0.0,0.0
URY,Uruguay,1998,0.0,0.0,0.0,0.0
URY,Uruguay,1999,0.0,0.0,0.0,0.0
URY,Uruguay,2000,0.0,0.0,0.0,0.0
URY,Uruguay,2001,0.0,0.0,0.0,0.0
URY,Uruguay,2002,0.0,0.0,0.0,0.0
URY,Uruguay,2003,0.0,0.0,0.0,0.0
URY,Uruguay,2004,0.0,0.0,0.0,0.0
URY,Uruguay,2005,0.002229467802199,0.0,0.0,0.002229467802199
URY,Uruguay,2006,0.0032035069389435,0.0,0.0,0.0032035069389435
URY,Uruguay,2007,0.004221228712006,0.0,0.0,0.004221228712006
URY,Uruguay,2008,0.0037575912602981,0.0,0.0,0.0037575912602981
URY,Uruguay,2009,0.0050131491539772,0.0,0.0,0.0050131491539772
URY,Uruguay,2010,0.0173337959445058,0.0,0.0,0.0173337959445058
URY,Uruguay,2011,0.0333775517732152,0.0,0.0,0.0333775517732152
URY,Uruguay,2012,0.0328611652405814,0.0,0.0,0.0328611652405814
URY,Uruguay,2013,0.0356588037151128,0.0,0.0,0.0356588037151128
URY,Uruguay,2014,0.0418304836494907,0.0,0.0,0.0418304836494907
URY,Uruguay,2015,0.0129991340611707,0.0,0.0,0.0129991340611707
URY,Uruguay,2016,0.0097407435739888,0.0,0.0,0.0097407435739888
URY,Uruguay,2017,0.0055166108928698,0.0,0.0,0.0055166108928698
URY,Uruguay,2018,0.0087147505921723,0.0,0.0,0.0087147505921723
URY,Uruguay,2019,0.0073499233467097,0.0,0.0,0.0073499233467097
URY,Uruguay,2020,0.0039642091130891,0.0,0.0,0.0039642091130891
URY,Uruguay,2021,0.0097159151983236,0.0,0.0,0.0097159151983236
URY,Uruguay,2022,,,,
URY,Uruguay,2023,,,,
URY,Uruguay,2024,,,,
URY,Uruguay,2025,,,,
USA,United States,1960,,,,
USA,United States,1961,,,,
USA,United States,1962,,,,
USA,United States,1963,,,,
USA,United States,1964,,,,
USA,United States,1965,,,,
USA,United States,1966,,,,
USA,United States,1967,,,,
USA,United States,1968,,,,
USA,United States,1969,,,,
USA,United States,1970,0.279989372342679,0.0930504730401018,0.0,0.3730398453827808
USA,United States,1971,0.333818779233431,0.103468842679978,0.0025578226657101,0.43984544457911906
USA,United States,1972,0.363638993962318,0.109535916257199,0.0454440051971043,0.5186189154166213
USA,United States,1973,0.349942007908993,0.121738921139196,0.107643076024198,0.579324005072387
USA,United States,1974,1.57098999295941,0.247653732064636,1.02526290817853,2.843906633202576
USA,United States,1975,1.46934176729797,0.574744110437168,0.834988622080964,2.879074499816102
USA,United States,1976,1.45988735231272,0.582522104452812,0.779312812908034,2.8217222696735664
USA,United States,1977,1.48212564068025,0.546537334102934,0.779327725533135,2.807990700316319
USA,United States,1978,1.41341674463219,0.402224837548859,0.676187358589122,2.491828940770171
USA,United States,1979,2.51516039030815,0.413817498064911,1.82310670000573,4.752084588378791
USA,United States,1980,3.14542283209538,0.533324444441067,1.73021092303789,5.408958199574337
USA,United States,1981,2.11596334266715,0.71839034385776,1.00605281950038,3.84040650602529
USA,United States,1982,1.29086632276152,0.741093771758871,0.187008816496244,2.2189689110166353
USA,United States,1983,1.54215958455701,0.384582329453282,0.582812921655813,2.509554835666105
USA,United States,1984,1.28028340415492,0.307097108989771,0.620408255950344,2.207788769095035
USA,United States,1985,1.20811027948043,0.305577453466559,0.459517748823951,1.97320548177094
USA,United States,1986,0.485560804966156,0.199445108873838,0.099748388635223,0.784754302475217
USA,United States,1987,0.690238832057989,0.107592275573671,0.276862781681907,1.074693889313567
USA,United States,1988,0.431203634958859,0.140725589232697,0.179156248622811,0.751085472814367
USA,United States,1989,0.539633871691538,0.181418018510338,0.18431805922785,0.905369949429726
USA,United States,1990,0.703237008212799,0.195194426701276,0.161037648738278,1.059469083652353
USA,United States,1991,0.477258781741128,0.175650939654538,0.125303136591617,0.778212857987283
USA,United States,1992,0.44187309463968,0.137242438184298,0.214792748649505,0.793908281473483
USA,United States,1993,0.348054380702048,0.0657598989836537,0.307270497360323,0.7210847770460247
USA,United States,1994,0.292003228041599,0.063259918956957,0.240785235961574,0.59604838296013
USA,United States,1995,0.295556544481324,0.185738496629802,0.156582984239874,0.6378780253509999
USA,United States,1996,0.35131163624796,0.196220944930443,0.301639931615311,0.8491725127937141
USA,United States,1997,0.203604050521625,0.18276604042417,0.321971098127724,0.708341189073519
USA,United States,1998,0.0755585072910338,0.162197453946907,0.211303030343375,0.4490589915813158
USA,United States,1999,0.164264516670651,0.127171259418751,0.25338309838657,0.544818874475972
USA,United States,2000,0.307551276869583,0.140193028838508,0.579475920941945,1.0272202266500359
USA,United States,2001,0.16943295765488,0.212622185194759,0.466751378646037,0.848806521495676
USA,United States,2002,0.172817088546724,0.151822005426027,0.302755619486716,0.6273947134594671
USA,United States,2003,0.211788525599514,0.154155845833328,0.612792290539168,0.9787366619720099
USA,United States,2004,0.283170634743015,0.321324626345383,0.569511287090411,1.174006548178809
USA,United States,2005,0.350823193456479,0.26507175601934,0.797236904730241,1.41313185420606
USA,United States,2006,0.349464272960025,0.275791896326636,0.382513454180692,1.007769623467353
USA,United States,2007,0.356897499234572,0.249875712879914,0.339351155793805,0.9461243679082909
USA,United States,2008,0.521498895801413,0.69687957292833,0.551540732489892,1.769919201219635
USA,United States,2009,0.259640404387642,0.328948122158706,0.0450657683061133,0.6336542948524613
USA,United States,2010,0.293762700279441,0.46327180553633,0.0,0.757034505815771
USA,United States,2011,0.370845235110237,0.576151367733925,0.0,0.9469966028441619
USA,United States,2012,0.205925846170308,0.365037619003386,0.0,0.570963465173694
USA,United States,2013,0.305650080049118,0.279719144616926,0.0,0.585369224666044
USA,United States,2014,0.292226566231044,0.226671482497904,0.0523192680969993,0.5712173168259472
USA,United States,2015,0.0075251806478225,0.154809825395291,0.0,0.16233500604311352
USA,United States,2016,0.0922955001311894,0.135996650509346,0.0,0.2282921506405354
USA,United States,2017,0.162525850896316,0.182332985664659,0.0,0.344858836560975
USA,United States,2018,0.319247607054063,0.19836963909789,0.0081892582391436,0.5258065043910967
USA,United States,2019,0.368544560120872,0.131587352107841,0.0,0.500131912228713
USA,United States,2020,0.187625106322478,0.0836949579138938,0.0,0.2713200642363718
USA,United States,2021,0.61148265568772,0.165541837941739,0.363207721748918,1.140232215378377
USA,United States,2022,,,,
USA,United States,2023,,,,
USA,United States,2024,,,,
USA,United States,2025,,,,
UZB,Uzbekistan,1960,,,,
UZB,Uzbekistan,1961,,,,
UZB,Uzbekistan,1962,,,,
UZB,Uzbekistan,1963,,,,
UZB,Uzbekistan,1964,,,,
UZB,Uzbekistan,1965,,,,
UZB,Uzbekistan,1966,,,,
UZB,Uzbekistan,1967,,,,
UZB,Uzbekistan,1968,,,,
UZB,Uzbekistan,1969,,,,
UZB,Uzbekistan,1970,,,,
UZB,Uzbekistan,1971,,,,
UZB,Uzbekistan,1972,,,,
UZB,Uzbekistan,1973,,,,
UZB,Uzbekistan,1974,,,,
UZB,Uzbekistan,1975,,,,
UZB,Uzbekistan,1976,,,,
UZB,Uzbekistan,1977,,,,
UZB,Uzbekistan,1978,,,,
UZB,Uzbekistan,1979,,,,
UZB,Uzbekistan,1980,,,,
UZB,Uzbekistan,1981,,,,
UZB,Uzbekistan,1982,,,,
UZB,Uzbekistan,1983,,,,
UZB,Uzbekistan,1984,,,,
UZB,Uzbekistan,1985,,,,
UZB,Uzbekistan,1986,,,,
UZB,Uzbekistan,1987,,,,
UZB,Uzbekistan,1988,,,,
UZB,Uzbekistan,1989,,,,
UZB,Uzbekistan,1990,3.73157855500742,0.157135529183624,4.82786716694025,8.716581251131295
UZB,Uzbekistan,1991,2.04969945698757,0.1518936536204,2.98310942862483,5.1847025392328
UZB,Uzbekistan,1992,2.16776430055131,0.0769139777837228,1.79627303783983,4.040951316174863
UZB,Uzbekistan,1993,2.46708564423504,0.0071260181120904,4.15944088282499,6.63365254517212
UZB,Uzbekistan,1994,1.74109759609166,0.0095644435035458,4.30130653782493,6.051968577420135
UZB,Uzbekistan,1995,2.95980522131581,0.0294012701764836,7.82798715575388,10.817193647246174
UZB,Uzbekistan,1996,3.209285723044,0.0152522795903362,7.22864796010283,10.453185962737166
UZB,Uzbekistan,1997,2.3219845290823,0.0064740388029596,7.56461013695163,9.893068704836889
UZB,Uzbekistan,1998,0.74227607189078,0.0121293297216647,1.08190143918471,1.8363068407971546
UZB,Uzbekistan,1999,1.73054268013785,0.0021102681513008,0.940519568054424,2.673172516343575
UZB,Uzbekistan,2000,5.40046980305752,0.0200116320320681,7.45483715071037,12.875318585799958
UZB,Uzbekistan,2001,4.19019187872677,0.0883260370434612,19.2375600474741,23.51607796324433
UZB,Uzbekistan,2002,4.39304141489731,0.0355440621728097,15.5837533463076,20.012338823377718
UZB,Uzbekistan,2003,5.07436940546078,0.0252641418064628,16.3929079886423,21.49254153590954
UZB,Uzbekistan,2004,5.07540795828882,0.283832729250063,12.4022223973696,17.761463084908485
UZB,Uzbekistan,2005,5.37160292421135,0.172720377765279,8.92774487104872,14.472068173025349
UZB,Uzbekistan,2006,4.34214617853328,0.156904350881374,16.8322525714706,21.331303100885254
UZB,Uzbekistan,2007,4.11571314211123,0.210570825809528,13.8895336856133,18.215817653534057
UZB,Uzbekistan,2008,4.39931830334527,0.535634788278614,19.8143323526962,24.749285444320087
UZB,Uzbekistan,2009,1.45083569447794,0.140016075482997,11.9048370778636,13.495688847824537
UZB,Uzbekistan,2010,1.36556852378151,0.177982091255547,7.30039301916179,8.843943634198848
UZB,Uzbekistan,2011,2.07023379383746,0.191200265017751,9.11244807652977,11.373882135384981
UZB,Uzbekistan,2012,2.00160011940789,0.0703808968939064,8.62348030793224,10.695461324234037
UZB,Uzbekistan,2013,1.81098984495042,0.0364243643920352,8.31707283634849,10.164487045690946
UZB,Uzbekistan,2014,1.40801898329424,0.0303130899002915,5.41544208670451,6.853774159899041
UZB,Uzbekistan,2015,0.526675674638226,0.0150647267740631,3.57728670528244,4.119027106694729
UZB,Uzbekistan,2016,0.356801760612992,0.0189339569216539,2.11753304648124,2.493268764015886
UZB,Uzbekistan,2017,0.661950141993753,0.0360593632484536,4.10458310863666,4.802592613878867
UZB,Uzbekistan,2018,1.12073426200572,0.0527463848698131,8.4367746464968,9.610255293372333
UZB,Uzbekistan,2019,0.819211930906664,0.0336816048445821,5.07447370101394,5.9273672367651855
UZB,Uzbekistan,2020,0.395640310697318,0.0292509982094504,2.06722663890198,2.4921179478087483
UZB,Uzbekistan,2021,0.867176370586835,0.0535648008565471,11.0412650689481,11.962006240391482
UZB,Uzbekistan,2022,,,,
UZB,Uzbekistan,2023,,,,
UZB,Uzbekistan,2024,,,,
UZB,Uzbekistan,2025,,,,
VCT,St. Vincent and the Grenadines,1960,,,,
VCT,St. Vincent and the Grenadines,1961,,,,
VCT,St. Vincent and the Grenadines,1962,,,,
VCT,St. Vincent and the Grenadines,1963,,,,
VCT,St. Vincent and the Grenadines,1964,,,,
VCT,St. Vincent and the Grenadines,1965,,,,
VCT,St. Vincent and the Grenadines,1966,,,,
VCT,St. Vincent and the Grenadines,1967,,,,
VCT,St. Vincent and the Grenadines,1968,,,,
VCT,St. Vincent and the Grenadines,1969,,,,
VCT,St. Vincent and the Grenadines,1970,,,,
VCT,St. Vincent and the Grenadines,1971,,,,
VCT,St. Vincent and the Grenadines,1972,,,,
VCT,St. Vincent and the Grenadines,1973,,,,
VCT,St. Vincent and the Grenadines,1974,,,,
VCT,St. Vincent and the Grenadines,1975,,,,
VCT,St. Vincent and the Grenadines,1976,,,,
VCT,St. Vincent and the Grenadines,1977,,,,
VCT,St. Vincent and the Grenadines,1978,,,,
VCT,St. Vincent and the Grenadines,1979,,,,
VCT,St. Vincent and the Grenadines,1980,0.0,0.0,0.0,0.0
VCT,St. Vincent and the Grenadines,1981,0.0,0.0,0.0,0.0
VCT,St. Vincent and the Grenadines,1982,0.0,0.0,0.0,0.0
VCT,St. Vincent and the Grenadines,1983,0.0,0.0,0.0,0.0
VCT,St. Vincent and the Grenadines,1984,0.0,0.0,0.0,0.0
VCT,St. Vincent and the Grenadines,1985,0.0,0.0,0.0,0.0
VCT,St. Vincent and the Grenadines,1986,0.0,0.0,0.0,0.0
VCT,St. Vincent and the Grenadines,1987,0.0,0.0,0.0,0.0
VCT,St. Vincent and the Grenadines,1988,0.0,0.0,0.0,0.0
VCT,St. Vincent and the Grenadines,1989,0.0,0.0,0.0,0.0
VCT,St. Vincent and the Grenadines,1990,0.0,0.0,0.0,0.0
VCT,St. Vincent and the Grenadines,1991,0.0,0.0,0.0,0.0
VCT,St. Vincent and the Grenadines,1992,0.0,0.0,0.0,0.0
VCT,St. Vincent and the Grenadines,1993,0.0,0.0,0.0,0.0
VCT,St. Vincent and the Grenadines,1994,0.0,0.0,0.0,0.0
VCT,St. Vincent and the Grenadines,1995,0.0,0.0,0.0,0.0
VCT,St. Vincent and the Grenadines,1996,0.0,0.0,0.0,0.0
VCT,St. Vincent and the Grenadines,1997,0.0,0.0,0.0,0.0
VCT,St. Vincent and the Grenadines,1998,0.0,0.0,0.0,0.0
VCT,St. Vincent and the Grenadines,1999,0.0,0.0,0.0,0.0
VCT,St. Vincent and the Grenadines,2000,0.0,0.0,0.0,0.0
VCT,St. Vincent and the Grenadines,2001,0.0,0.0,0.0,0.0
VCT,St. Vincent and the Grenadines,2002,0.0,0.0,0.0,0.0
VCT,St. Vincent and the Grenadines,2003,0.0,0.0,0.0,0.0
VCT,St. Vincent and the Grenadines,2004,0.0,0.0,0.0,0.0
VCT,St. Vincent and the Grenadines,2005,0.0,0.0,0.0,0.0
VCT,St. Vincent and the Grenadines,2006,0.0,0.0,0.0,0.0
VCT,St. Vincent and the Grenadines,2007,0.0,0.0,0.0,0.0
VCT,St. Vincent and the Grenadines,2008,0.0,0.0,0.0,0.0
VCT,St. Vincent and the Grenadines,2009,0.0,0.0,0.0,0.0
VCT,St. Vincent and the Grenadines,2010,0.0,0.0,0.0,0.0
VCT,St. Vincent and the Grenadines,2011,0.0,0.0,0.0,0.0
VCT,St. Vincent and the Grenadines,2012,0.0,0.0,0.0,0.0
VCT,St. Vincent and the Grenadines,2013,0.0,0.0,0.0,0.0
VCT,St. Vincent and the Grenadines,2014,0.0,0.0,0.0,0.0
VCT,St. Vincent and the Grenadines,2015,0.0,0.0,0.0,0.0
VCT,St. Vincent and the Grenadines,2016,0.0,0.0,0.0,0.0
VCT,St. Vincent and the Grenadines,2017,0.0,0.0,0.0,0.0
VCT,St. Vincent and the Grenadines,2018,0.0,0.0,0.0,0.0
VCT,St. Vincent and the Grenadines,2019,0.0,0.0,0.0,0.0
VCT,St. Vincent and the Grenadines,2020,0.0,0.0,0.0,0.0
VCT,St. Vincent and the Grenadines,2021,0.0,0.0,0.0,0.0
VCT,St. Vincent and the Grenadines,2022,,,,
VCT,St. Vincent and the Grenadines,2023,,,,
VCT,St. Vincent and the Grenadines,2024,,,,
VCT,St. Vincent and the Grenadines,2025,,,,
VEN,"Venezuela, RB",1960,,,,
VEN,"Venezuela, RB",1961,,,,
VEN,"Venezuela, RB",1962,,,,
VEN,"Venezuela, RB",1963,,,,
VEN,"Venezuela, RB",1964,,,,
VEN,"Venezuela, RB",1965,,,,
VEN,"Venezuela, RB",1966,,,,
VEN,"Venezuela, RB",1967,,,,
VEN,"Venezuela, RB",1968,,,,
VEN,"Venezuela, RB",1969,,,,
VEN,"Venezuela, RB",1970,4.79927244945126,,0.0221370999607284,4.821409549411989
VEN,"Venezuela, RB",1971,6.78719222962612,0.0,0.0347657629542569,6.821957992580377
VEN,"Venezuela, RB",1972,6.69174635347221,0.0,0.0347966008003465,6.726542954272556
VEN,"Venezuela, RB",1973,10.2866739191916,2.32842616360992e-05,0.0333148869118583,10.320012090365093
VEN,"Venezuela, RB",1974,33.3402278252986,0.0006791751590139,0.166026571081001,33.50693357153861
VEN,"Venezuela, RB",1975,24.0233622156042,0.002953172125871,0.277868294731859,24.304183682461932
VEN,"Venezuela, RB",1976,22.1509399998971,0.0033199305063225,0.250621441153781,22.404881371557206
VEN,"Venezuela, RB",1977,15.7438348333444,0.0040954824300811,0.0175900508342194,15.7655203666087
VEN,"Venezuela, RB",1978,15.4615217950232,0.0021387113575958,0.0381185769565808,15.501779083337377
VEN,"Venezuela, RB",1979,35.9005908031082,0.0010818238249829,0.239270669213099,36.14094329614628
VEN,"Venezuela, RB",1980,33.5669317799093,0.0012237603143741,0.502397076823419,34.07055261704709
VEN,"Venezuela, RB",1981,24.1805766481041,0.0023616124560893,0.269057008977634,24.45199526953782
VEN,"Venezuela, RB",1982,12.7185086495916,0.0025585491723167,0.0593193014721485,12.780386500236066
VEN,"Venezuela, RB",1983,16.5476906655835,0.0009032537959033,0.321512877718524,16.87010679709793
VEN,"Venezuela, RB",1984,18.3191498331889,0.0009284757987824,0.458495277113724,18.778573586101405
VEN,"Venezuela, RB",1985,15.6094632774951,0.000893012500043,0.430841028316452,16.041197318311596
VEN,"Venezuela, RB",1986,7.36089191172372,0.0005756457961841,0.374914979872589,7.736382537392493
VEN,"Venezuela, RB",1987,15.2245976568424,0.0,0.352194351676579,15.576792008518979
VEN,"Venezuela, RB",1988,9.50512761197021,0.0039680381682547,0.241125957435017,9.750221607573481
VEN,"Venezuela, RB",1989,20.0333515379632,0.0282434303216783,0.450309223788971,20.511904192073846
VEN,"Venezuela, RB",1990,28.0600250559547,0.029180715245335,0.589527278171202,28.67873304937124
VEN,"Venezuela, RB",1991,15.6286717350987,0.0244798506849413,0.445770141075725,16.098921726859366
VEN,"Venezuela, RB",1992,14.935095280643,0.0131196576874325,0.352497341735256,15.30071228006569
VEN,"Venezuela, RB",1993,14.9699327410478,0.0,0.458932426262348,15.428865167310146
VEN,"Venezuela, RB",1994,15.3866042080656,0.0,0.430721441622802,15.817325649688403
VEN,"Venezuela, RB",1995,14.5559545074645,0.0164890672486179,0.301335331109423,14.87377890582254
VEN,"Venezuela, RB",1996,23.0648781099677,0.0023150659433672,0.385285716754203,23.452478892665273
VEN,"Venezuela, RB",1997,17.5046486685088,0.0,0.321044159074458,17.825692827583257
VEN,"Venezuela, RB",1998,8.57137562243914,0.0,0.239125734808664,8.810501357247803
VEN,"Venezuela, RB",1999,12.8387638257711,0.0,0.283966808667976,13.122730634439076
VEN,"Venezuela, RB",2000,20.0011569684281,0.0,0.450042899866886,20.451199868294985
VEN,"Venezuela, RB",2001,14.809781275052,0.0116115298305875,0.39389596845671,15.215288773339296
VEN,"Venezuela, RB",2002,18.7480489712018,0.0,0.485477997520281,19.23352696872208
VEN,"Venezuela, RB",2003,21.1779581221907,2.21645152227653e-06,0.382225897512285,21.560186236154507
VEN,"Venezuela, RB",2004,23.0890395880635,0.150228232770227,0.282061313688956,23.521329134522684
VEN,"Venezuela, RB",2005,28.0538745861065,0.0742191320000952,0.360365920832308,28.488459638938902
VEN,"Venezuela, RB",2006,26.8186567625884,0.0643409416368239,0.415380969310995,27.29837867353622
VEN,"Venezuela, RB",2007,21.6186473049421,0.0841410870915604,0.404644901272761,22.10743329330642
VEN,"Venezuela, RB",2008,22.6737847784336,0.136321487377968,0.299641057955094,23.109747323766662
VEN,"Venezuela, RB",2009,9.95847654408777,0.0218573214827694,0.301357412680844,10.281691278251383
VEN,"Venezuela, RB",2010,11.6928975467648,0.034877436264678,0.193269710628376,11.921044693657855
VEN,"Venezuela, RB",2011,23.1450195251423,0.0469187916135786,0.542388149685457,23.734326466441335
VEN,"Venezuela, RB",2012,17.9387823718967,0.0140786873288863,0.501629536802643,18.45449059602823
VEN,"Venezuela, RB",2013,16.7771388276982,0.0089029096429571,0.542256254471641,17.328297991812796
VEN,"Venezuela, RB",2014,11.3021511747501,0.0068255796735525,0.377759593557882,11.686736347981533
VEN,"Venezuela, RB",2015,,,,
VEN,"Venezuela, RB",2016,,,,
VEN,"Venezuela, RB",2017,,,,
VEN,"Venezuela, RB",2018,,,,
VEN,"Venezuela, RB",2019,,,,
VEN,"Venezuela, RB",2020,,,,
VEN,"Venezuela, RB",2021,,,,
VEN,"Venezuela, RB",2022,,,,
VEN,"Venezuela, RB",2023,,,,
VEN,"Venezuela, RB",2024,,,,
VEN,"Venezuela, RB",2025,,,,
VGB,British Virgin Islands,1960,,,,
VGB,British Virgin Islands,1961,,,,
VGB,British Virgin Islands,1962,,,,
VGB,British Virgin Islands,1963,,,,
VGB,British Virgin Islands,1964,,,,
VGB,British Virgin Islands,1965,,,,
VGB,British Virgin Islands,1966,,,,
VGB,British Virgin Islands,1967,,,,
VGB,British Virgin Islands,1968,,,,
VGB,British Virgin Islands,1969,,,,
VGB,British Virgin Islands,1970,,,,
VGB,British Virgin Islands,1971,,,,
VGB,British Virgin Islands,1972,,,,
VGB,British Virgin Islands,1973,,,,
VGB,British Virgin Islands,1974,,,,
VGB,British Virgin Islands,1975,,,,
VGB,British Virgin Islands,1976,,,,
VGB,British Virgin Islands,1977,,,,
VGB,British Virgin Islands,1978,,,,
VGB,British Virgin Islands,1979,,,,
VGB,British Virgin Islands,1980,,,,
VGB,British Virgin Islands,1981,,,,
VGB,British Virgin Islands,1982,,,,
VGB,British Virgin Islands,1983,,,,
VGB,British Virgin Islands,1984,,,,
VGB,British Virgin Islands,1985,,,,
VGB,British Virgin Islands,1986,,,,
VGB,British Virgin Islands,1987,,,,
VGB,British Virgin Islands,1988,,,,
VGB,British Virgin Islands,1989,,,,
VGB,British Virgin Islands,1990,,,,
VGB,British Virgin Islands,1991,,,,
VGB,British Virgin Islands,1992,,,,
VGB,British Virgin Islands,1993,,,,
VGB,British Virgin Islands,1994,,,,
VGB,British Virgin Islands,1995,,,,
VGB,British Virgin Islands,1996,,,,
VGB,British Virgin Islands,1997,,,,
VGB,British Virgin Islands,1998,,,,
VGB,British Virgin Islands,1999,,,,
VGB,British Virgin Islands,2000,,,,
VGB,British Virgin Islands,2001,,,,
VGB,British Virgin Islands,2002,,,,
VGB,British Virgin Islands,2003,,,,
VGB,British Virgin Islands,2004,,,,
VGB,British Virgin Islands,2005,,,,
VGB,British Virgin Islands,2006,,,,
VGB,British Virgin Islands,2007,,,,
VGB,British Virgin Islands,2008,,,,
VGB,British Virgin Islands,2009,,,,
VGB,British Virgin Islands,2010,,,,
VGB,British Virgin Islands,2011,,,,
VGB,British Virgin Islands,2012,,,,
VGB,British Virgin Islands,2013,,,,
VGB,British Virgin Islands,2014,,,,
VGB,British Virgin Islands,2015,,,,
VGB,British Virgin Islands,2016,,,,
VGB,British Virgin Islands,2017,,,,
VGB,British Virgin Islands,2018,,,,
VGB,British Virgin Islands,2019,,,,
VGB,British Virgin Islands,2020,,,,
VGB,British Virgin Islands,2021,,,,
VGB,British Virgin Islands,2022,,,,
VGB,British Virgin Islands,2023,,,,
VGB,British Virgin Islands,2024,,,,
VGB,British Virgin Islands,2025,,,,
VIR,Virgin Islands (U.S.),1960,,,,
VIR,Virgin Islands (U.S.),1961,,,,
VIR,Virgin Islands (U.S.),1962,,,,
VIR,Virgin Islands (U.S.),1963,,,,
VIR,Virgin Islands (U.S.),1964,,,,
VIR,Virgin Islands (U.S.),1965,,,,
VIR,Virgin Islands (U.S.),1966,,,,
VIR,Virgin Islands (U.S.),1967,,,,
VIR,Virgin Islands (U.S.),1968,,,,
VIR,Virgin Islands (U.S.),1969,,,,
VIR,Virgin Islands (U.S.),1970,,,,
VIR,Virgin Islands (U.S.),1971,,,,
VIR,Virgin Islands (U.S.),1972,,,,
VIR,Virgin Islands (U.S.),1973,,,,
VIR,Virgin Islands (U.S.),1974,,,,
VIR,Virgin Islands (U.S.),1975,,,,
VIR,Virgin Islands (U.S.),1976,,,,
VIR,Virgin Islands (U.S.),1977,,,,
VIR,Virgin Islands (U.S.),1978,,,,
VIR,Virgin Islands (U.S.),1979,,,,
VIR,Virgin Islands (U.S.),1980,,,,
VIR,Virgin Islands (U.S.),1981,,,,
VIR,Virgin Islands (U.S.),1982,,,,
VIR,Virgin Islands (U.S.),1983,,,,
VIR,Virgin Islands (U.S.),1984,,,,
VIR,Virgin Islands (U.S.),1985,,,,
VIR,Virgin Islands (U.S.),1986,,,,
VIR,Virgin Islands (U.S.),1987,,,,
VIR,Virgin Islands (U.S.),1988,,,,
VIR,Virgin Islands (U.S.),1989,,,,
VIR,Virgin Islands (U.S.),1990,,,,
VIR,Virgin Islands (U.S.),1991,,,,
VIR,Virgin Islands (U.S.),1992,,,,
VIR,Virgin Islands (U.S.),1993,,,,
VIR,Virgin Islands (U.S.),1994,,,,
VIR,Virgin Islands (U.S.),1995,,,,
VIR,Virgin Islands (U.S.),1996,,,,
VIR,Virgin Islands (U.S.),1997,,,,
VIR,Virgin Islands (U.S.),1998,,,,
VIR,Virgin Islands (U.S.),1999,,,,
VIR,Virgin Islands (U.S.),2000,,,,
VIR,Virgin Islands (U.S.),2001,,,,
VIR,Virgin Islands (U.S.),2002,0.0,0.0,0.0,0.0
VIR,Virgin Islands (U.S.),2003,0.0,5.53610623916158e-05,0.0,5.53610623916158e-05
VIR,Virgin Islands (U.S.),2004,0.0,4.55087436911593,0.0,4.55087436911593
VIR,Virgin Islands (U.S.),2005,0.0,2.303477558914,0.0,2.303477558914
VIR,Virgin Islands (U.S.),2006,0.0,2.4815703726033,0.0,2.4815703726033
VIR,Virgin Islands (U.S.),2007,0.0,3.8258764076629,0.0,3.8258764076629
VIR,Virgin Islands (U.S.),2008,0.0,9.54949861751269,0.0,9.54949861751269
VIR,Virgin Islands (U.S.),2009,0.0,1.83139190991551,0.0,1.83139190991551
VIR,Virgin Islands (U.S.),2010,0.0,3.45978934522894,0.0,3.45978934522894
VIR,Virgin Islands (U.S.),2011,0.0,4.1047335352688,0.0,4.1047335352688
VIR,Virgin Islands (U.S.),2012,0.0,1.96183734012522,0.0,1.96183734012522
VIR,Virgin Islands (U.S.),2013,0.0,1.34622849772001,0.0,1.34622849772001
VIR,Virgin Islands (U.S.),2014,0.0,0.85274473054265,0.0,0.85274473054265
VIR,Virgin Islands (U.S.),2015,0.0,0.448439817567942,0.0,0.448439817567942
VIR,Virgin Islands (U.S.),2016,0.0,0.440640386181765,0.0,0.440640386181765
VIR,Virgin Islands (U.S.),2017,0.0,0.458057890874122,0.0,0.458057890874122
VIR,Virgin Islands (U.S.),2018,0.0,0.372382849153501,0.0,0.372382849153501
VIR,Virgin Islands (U.S.),2019,0.0,0.247081553705368,0.0,0.247081553705368
VIR,Virgin Islands (U.S.),2020,0.0,0.205447216042101,0.0,0.205447216042101
VIR,Virgin Islands (U.S.),2021,,,,
VIR,Virgin Islands (U.S.),2022,,,,
VIR,Virgin Islands (U.S.),2023,,,,
VIR,Virgin Islands (U.S.),2024,,,,
VIR,Virgin Islands (U.S.),2025,,,,
VNM,Viet Nam,1960,,,,
VNM,Viet Nam,1961,,,,
VNM,Viet Nam,1962,,,,
VNM,Viet Nam,1963,,,,
VNM,Viet Nam,1964,,,,
VNM,Viet Nam,1965,,,,
VNM,Viet Nam,1966,,,,
VNM,Viet Nam,1967,,,,
VNM,Viet Nam,1968,,,,
VNM,Viet Nam,1969,,,,
VNM,Viet Nam,1970,,,,
VNM,Viet Nam,1971,,,,
VNM,Viet Nam,1972,,,,
VNM,Viet Nam,1973,,,,
VNM,Viet Nam,1974,,,,
VNM,Viet Nam,1975,,,,
VNM,Viet Nam,1976,,,,
VNM,Viet Nam,1977,,,,
VNM,Viet Nam,1978,,,,
VNM,Viet Nam,1979,,,,
VNM,Viet Nam,1980,,,,
VNM,Viet Nam,1981,,,,
VNM,Viet Nam,1982,,,,
VNM,Viet Nam,1983,,,,
VNM,Viet Nam,1984,,,,
VNM,Viet Nam,1985,0.0,0.438577852226928,0.0047127406158542,0.4432905928427822
VNM,Viet Nam,1986,0.0099447101171083,0.120870744367508,0.004074040573233,0.13488949505784928
VNM,Viet Nam,1987,0.0743460771096449,0.0038228256868995,0.0025658310426437,0.0807347338391881
VNM,Viet Nam,1988,0.198158553767886,0.0706230854067252,0.0023446807187302,0.27112631989334135
VNM,Viet Nam,1989,2.53824146488537,0.40543862585726,0.012448122153879,2.956128212896509
VNM,Viet Nam,1990,6.03479538118477,0.409209325977706,0.0196970870910082,6.463701794253484
VNM,Viet Nam,1991,3.38977567855418,0.246689614360395,0.019978849108465,3.65644414202304
VNM,Viet Nam,1992,4.97222381409906,0.121481178700652,0.0612690430513439,5.154974035851056
VNM,Viet Nam,1993,4.15423191201717,0.0076519182912637,0.0644856479916332,4.226369478300066
VNM,Viet Nam,1994,3.28951699268892,0.0061401820438157,0.0591653921620877,3.3548225668948235
VNM,Viet Nam,1995,3.24927853434552,0.0986562406980245,0.0281114362787644,3.376046211322309
VNM,Viet Nam,1996,3.55958705591895,0.0190003298115391,0.0544804664709272,3.633067852201416
VNM,Viet Nam,1997,3.07280393550162,0.0091952546092584,0.0957508180463169,3.177750008157195
VNM,Viet Nam,1998,1.76176859651124,0.0292689792432087,0.115708332859875,1.9067459086143235
VNM,Viet Nam,1999,3.72966002415473,0.0103569542797495,0.174791285743312,3.914808264177792
VNM,Viet Nam,2000,7.67987081900615,0.0337048058208645,0.308186745265021,8.021762370092036
VNM,Viet Nam,2001,5.80548900026015,0.271701692376881,0.334655161102383,6.411845853739414
VNM,Viet Nam,2002,5.28727447254799,0.0744439200669618,0.325384146459247,5.687102539074199
VNM,Viet Nam,2003,5.58537873703382,0.0647111498589004,0.359617720346491,6.0097076072392115
VNM,Viet Nam,2004,8.1232104070861,1.42759635783827,0.632871823685399,10.18367858860977
VNM,Viet Nam,2005,9.04473557257388,0.929452444435873,0.777553231191598,10.75174124820135
VNM,Viet Nam,2006,8.77756808235261,0.994197918869987,0.651803798316593,10.423569799539191
VNM,Viet Nam,2007,6.63827611423842,1.55869464403608,0.542522638408329,8.739493396682828
VNM,Viet Nam,2008,7.24340907549005,2.87873849995229,0.495591047514565,10.617738622956907
VNM,Viet Nam,2009,3.46240247909829,0.932561452102061,0.476843399378323,4.871807330578674
VNM,Viet Nam,2010,3.39330269400776,1.357809559795,0.442109704259686,5.193221958062447
VNM,Viet Nam,2011,4.58244433557524,1.71707413642907,0.377816460476658,6.677334932480968
VNM,Viet Nam,2012,4.10988392212901,0.803270856098302,0.352929785663553,5.266084563890866
VNM,Viet Nam,2013,3.17047517147024,0.518047231448515,0.329556289592129,4.018078692510884
VNM,Viet Nam,2014,2.85117967459122,0.383982190620381,0.418562328391343,3.653724193602944
VNM,Viet Nam,2015,1.21986218030571,0.200612570512455,0.466993735594374,1.887468486412539
VNM,Viet Nam,2016,0.828042589429339,0.1985839592106,0.316021208374894,1.342647757014833
VNM,Viet Nam,2017,1.00099064325611,0.239326243334299,0.279611337213359,1.5199282238037681
VNM,Viet Nam,2018,1.12046207095372,0.284155949812884,0.383369129367597,1.787987150134201
VNM,Viet Nam,2019,0.724494952926738,0.213109891442586,0.35996993743116,1.297574781800484
VNM,Viet Nam,2020,0.242642397619719,0.164958115590481,0.247961395343541,0.655561908553741
VNM,Viet Nam,2021,0.669314214664457,0.376818816953012,0.32730836109362,1.373441392711089
VNM,Viet Nam,2022,,,,
VNM,Viet Nam,2023,,,,
VNM,Viet Nam,2024,,,,
VNM,Viet Nam,2025,,,,
VUT,Vanuatu,1960,,,,
VUT,Vanuatu,1961,,,,
VUT,Vanuatu,1962,,,,
VUT,Vanuatu,1963,,,,
VUT,Vanuatu,1964,,,,
VUT,Vanuatu,1965,,,,
VUT,Vanuatu,1966,,,,
VUT,Vanuatu,1967,,,,
VUT,Vanuatu,1968,,,,
VUT,Vanuatu,1969,,,,
VUT,Vanuatu,1970,,,,
VUT,Vanuatu,1971,,,,
VUT,Vanuatu,1972,,,,
VUT,Vanuatu,1973,,,,
VUT,Vanuatu,1974,,,,
VUT,Vanuatu,1975,,,,
VUT,Vanuatu,1976,,,,
VUT,Vanuatu,1977,,,,
VUT,Vanuatu,1978,,,,
VUT,Vanuatu,1979,,,,
VUT,Vanuatu,1980,0.0,0.0,0.0,0.0
VUT,Vanuatu,1981,0.0,0.0,0.0,0.0
VUT,Vanuatu,1982,0.0,0.0,0.0,0.0
VUT,Vanuatu,1983,0.0,0.0,0.0,0.0
VUT,Vanuatu,1984,0.0,0.0,0.0,0.0
VUT,Vanuatu,1985,0.0,0.0,0.0,0.0
VUT,Vanuatu,1986,0.0,0.0,0.0,0.0
VUT,Vanuatu,1987,0.0,0.0,0.0,0.0
VUT,Vanuatu,1988,0.0,0.0,0.0,0.0
VUT,Vanuatu,1989,0.0,0.0,0.0,0.0
VUT,Vanuatu,1990,0.0,0.0,0.0,0.0
VUT,Vanuatu,1991,0.0,0.0,0.0,0.0
VUT,Vanuatu,1992,0.0,0.0,0.0,0.0
VUT,Vanuatu,1993,0.0,0.0,0.0,0.0
VUT,Vanuatu,1994,0.0,0.0,0.0,0.0
VUT,Vanuatu,1995,0.0,0.0,0.0,0.0
VUT,Vanuatu,1996,0.0,0.0,0.0,0.0
VUT,Vanuatu,1997,0.0,0.0,0.0,0.0
VUT,Vanuatu,1998,0.0,0.0,0.0,0.0
VUT,Vanuatu,1999,0.0,0.0,0.0,0.0
VUT,Vanuatu,2000,0.0,0.0,0.0,0.0
VUT,Vanuatu,2001,0.0,0.0,0.0,0.0
VUT,Vanuatu,2002,0.0,0.0,0.0,0.0
VUT,Vanuatu,2003,0.0,0.0,0.0,0.0
VUT,Vanuatu,2004,0.0,0.0,0.0,0.0
VUT,Vanuatu,2005,0.0,0.0,0.0,0.0
VUT,Vanuatu,2006,0.0,0.0,0.0,0.0
VUT,Vanuatu,2007,0.0,0.0,0.0,0.0
VUT,Vanuatu,2008,0.0,0.0,0.0,0.0
VUT,Vanuatu,2009,0.0,0.0,0.0,0.0
VUT,Vanuatu,2010,0.0,0.0,0.0,0.0
VUT,Vanuatu,2011,0.0,0.0,0.0,0.0
VUT,Vanuatu,2012,0.0,0.0,0.0,0.0
VUT,Vanuatu,2013,0.0,0.0,0.0,0.0
VUT,Vanuatu,2014,0.0,0.0,0.0,0.0
VUT,Vanuatu,2015,0.0,0.0,0.0,0.0
VUT,Vanuatu,2016,0.0,0.0,0.0,0.0
VUT,Vanuatu,2017,0.0,0.0,0.0,0.0
VUT,Vanuatu,2018,0.0,0.0,0.0,0.0
VUT,Vanuatu,2019,0.0,0.0,0.0,0.0
VUT,Vanuatu,2020,0.0,0.0,0.0,0.0
VUT,Vanuatu,2021,0.0,0.0,0.0,0.0
VUT,Vanuatu,2022,,,,
VUT,Vanuatu,2023,,,,
VUT,Vanuatu,2024,,,,
VUT,Vanuatu,2025,,,,
WSM,Samoa,1960,,,,
WSM,Samoa,1961,,,,
WSM,Samoa,1962,,,,
WSM,Samoa,1963,,,,
WSM,Samoa,1964,,,,
WSM,Samoa,1965,,,,
WSM,Samoa,1966,,,,
WSM,Samoa,1967,,,,
WSM,Samoa,1968,,,,
WSM,Samoa,1969,,,,
WSM,Samoa,1970,,,,
WSM,Samoa,1971,,,,
WSM,Samoa,1972,,,,
WSM,Samoa,1973,,,,
WSM,Samoa,1974,,,,
WSM,Samoa,1975,,,,
WSM,Samoa,1976,,,,
WSM,Samoa,1977,,,,
WSM,Samoa,1978,,,,
WSM,Samoa,1979,,,,
WSM,Samoa,1980,,,,
WSM,Samoa,1981,,,,
WSM,Samoa,1982,0.0,0.0,0.0,0.0
WSM,Samoa,1983,0.0,0.0,0.0,0.0
WSM,Samoa,1984,0.0,0.0,0.0,0.0
WSM,Samoa,1985,0.0,0.0,0.0,0.0
WSM,Samoa,1986,0.0,0.0,0.0,0.0
WSM,Samoa,1987,0.0,0.0,0.0,0.0
WSM,Samoa,1988,0.0,0.0,0.0,0.0
WSM,Samoa,1989,0.0,0.0,0.0,0.0
WSM,Samoa,1990,0.0,0.0,0.0,0.0
WSM,Samoa,1991,0.0,0.0,0.0,0.0
WSM,Samoa,1992,0.0,0.0,0.0,0.0
WSM,Samoa,1993,0.0,0.0,0.0,0.0
WSM,Samoa,1994,0.0,0.0,0.0,0.0
WSM,Samoa,1995,0.0,0.0,0.0,0.0
WSM,Samoa,1996,0.0,0.0,0.0,0.0
WSM,Samoa,1997,0.0,0.0,0.0,0.0
WSM,Samoa,1998,0.0,0.0,0.0,0.0
WSM,Samoa,1999,0.0,0.0,0.0,0.0
WSM,Samoa,2000,0.0,0.0,0.0,0.0
WSM,Samoa,2001,0.0,0.0,0.0,0.0
WSM,Samoa,2002,0.0,0.0,0.0,0.0
WSM,Samoa,2003,0.0,0.0,0.0,0.0
WSM,Samoa,2004,0.0,0.0,0.0,0.0
WSM,Samoa,2005,0.0,0.0,0.0,0.0
WSM,Samoa,2006,0.0,0.0,0.0,0.0
WSM,Samoa,2007,0.0,0.0,0.0,0.0
WSM,Samoa,2008,0.0,0.0,0.0,0.0
WSM,Samoa,2009,0.0,0.0,0.0,0.0
WSM,Samoa,2010,0.0,0.0,0.0,0.0
WSM,Samoa,2011,0.0,0.0,0.0,0.0
WSM,Samoa,2012,0.0,0.0,0.0,0.0
WSM,Samoa,2013,0.0,0.0,0.0,0.0
WSM,Samoa,2014,0.0,0.0,0.0,0.0
WSM,Samoa,2015,0.0,0.0,0.0,0.0
WSM,Samoa,2016,0.0,0.0,0.0,0.0
WSM,Samoa,2017,0.0,0.0,0.0,0.0
WSM,Samoa,2018,0.0,0.0,0.0,0.0
WSM,Samoa,2019,0.0,0.0,0.0,0.0
WSM,Samoa,2020,0.0,0.0,0.0,0.0
WSM,Samoa,2021,0.0,0.0,0.0,0.0
WSM,Samoa,2022,,,,
WSM,Samoa,2023,,,,
WSM,Samoa,2024,,,,
WSM,Samoa,2025,,,,
XKX,Kosovo,1960,,,,
XKX,Kosovo,1961,,,,
XKX,Kosovo,1962,,,,
XKX,Kosovo,1963,,,,
XKX,Kosovo,1964,,,,
XKX,Kosovo,1965,,,,
XKX,Kosovo,1966,,,,
XKX,Kosovo,1967,,,,
XKX,Kosovo,1968,,,,
XKX,Kosovo,1969,,,,
XKX,Kosovo,1970,,,,
XKX,Kosovo,1971,,,,
XKX,Kosovo,1972,,,,
XKX,Kosovo,1973,,,,
XKX,Kosovo,1974,,,,
XKX,Kosovo,1975,,,,
XKX,Kosovo,1976,,,,
XKX,Kosovo,1977,,,,
XKX,Kosovo,1978,,,,
XKX,Kosovo,1979,,,,
XKX,Kosovo,1980,,,,
XKX,Kosovo,1981,,,,
XKX,Kosovo,1982,,,,
XKX,Kosovo,1983,,,,
XKX,Kosovo,1984,,,,
XKX,Kosovo,1985,,,,
XKX,Kosovo,1986,,,,
XKX,Kosovo,1987,,,,
XKX,Kosovo,1988,,,,
XKX,Kosovo,1989,,,,
XKX,Kosovo,1990,,,,
XKX,Kosovo,1991,,,,
XKX,Kosovo,1992,,,,
XKX,Kosovo,1993,,,,
XKX,Kosovo,1994,,,,
XKX,Kosovo,1995,,,,
XKX,Kosovo,1996,,,,
XKX,Kosovo,1997,,,,
XKX,Kosovo,1998,,,,
XKX,Kosovo,1999,,,,
XKX,Kosovo,2000,,,,
XKX,Kosovo,2001,,,,
XKX,Kosovo,2002,,,,
XKX,Kosovo,2003,,,,
XKX,Kosovo,2004,,,,
XKX,Kosovo,2005,,,,
XKX,Kosovo,2006,,,,
XKX,Kosovo,2007,,,,
XKX,Kosovo,2008,0.0,3.46974810931307,0.0,3.46974810931307
XKX,Kosovo,2009,0.0,1.17228835700882,0.0,1.17228835700882
XKX,Kosovo,2010,0.0,2.09943006832557,0.0,2.09943006832557
XKX,Kosovo,2011,0.0,2.08041423593308,0.0,2.08041423593308
XKX,Kosovo,2012,0.0,0.87581895083904,0.0,0.87581895083904
XKX,Kosovo,2013,0.0,0.422084221324138,0.0,0.422084221324138
XKX,Kosovo,2014,0.0,0.295749533066664,0.0,0.295749533066664
XKX,Kosovo,2015,0.0,0.245681401583698,0.0,0.245681401583698
XKX,Kosovo,2016,0.0,0.278019453016927,0.0,0.278019453016927
XKX,Kosovo,2017,0.0,0.297313205479888,0.0,0.297313205479888
XKX,Kosovo,2018,0.0,0.322759346705482,0.0,0.322759346705482
XKX,Kosovo,2019,0.0,0.248062007101388,0.0,0.248062007101388
XKX,Kosovo,2020,0.0,0.223207299342125,0.0,0.223207299342125
XKX,Kosovo,2021,0.0,0.379080525110064,0.0,0.379080525110064
XKX,Kosovo,2022,,,,
XKX,Kosovo,2023,,,,
XKX,Kosovo,2024,,,,
XKX,Kosovo,2025,,,,
YEM,"Yemen, Rep.",1960,,,,
YEM,"Yemen, Rep.",1961,,,,
YEM,"Yemen, Rep.",1962,,,,
YEM,"Yemen, Rep.",1963,,,,
YEM,"Yemen, Rep.",1964,,,,
YEM,"Yemen, Rep.",1965,,,,
YEM,"Yemen, Rep.",1966,,,,
YEM,"Yemen, Rep.",1967,,,,
YEM,"Yemen, Rep.",1968,,,,
YEM,"Yemen, Rep.",1969,,,,
YEM,"Yemen, Rep.",1970,,,,
YEM,"Yemen, Rep.",1971,,,,
YEM,"Yemen, Rep.",1972,,,,
YEM,"Yemen, Rep.",1973,,,,
YEM,"Yemen, Rep.",1974,,,,
YEM,"Yemen, Rep.",1975,,,,
YEM,"Yemen, Rep.",1976,,,,
YEM,"Yemen, Rep.",1977,,,,
YEM,"Yemen, Rep.",1978,,,,
YEM,"Yemen, Rep.",1979,,,,
YEM,"Yemen, Rep.",1980,,,,
YEM,"Yemen, Rep.",1981,,,,
YEM,"Yemen, Rep.",1982,,,,
YEM,"Yemen, Rep.",1983,,,,
YEM,"Yemen, Rep.",1984,,,,
YEM,"Yemen, Rep.",1985,,,,
YEM,"Yemen, Rep.",1986,,,,
YEM,"Yemen, Rep.",1987,,,,
YEM,"Yemen, Rep.",1988,,,,
YEM,"Yemen, Rep.",1989,,,,
YEM,"Yemen, Rep.",1990,28.5108342735641,0.0,0.174279068674549,28.68511334223865
YEM,"Yemen, Rep.",1991,16.7212250989918,0.0,0.204139559585809,16.925364658577607
YEM,"Yemen, Rep.",1992,14.8783764632009,0.0,0.1783744892723,15.0567509524732
YEM,"Yemen, Rep.",1993,20.5257986522656,0.0,0.222483863863661,20.74828251612926
YEM,"Yemen, Rep.",1994,36.4779409895171,0.0,0.299836564433594,36.77777755395069
YEM,"Yemen, Rep.",1995,39.7732050391051,0.0,0.313436630816802,40.0866416699219
YEM,"Yemen, Rep.",1996,36.2783449702496,0.0,0.249749470215075,36.52809444046467
YEM,"Yemen, Rep.",1997,29.5601635790483,0.0,0.22287932921921,29.78304290826751
YEM,"Yemen, Rep.",1998,21.3900899508087,0.0,0.222015641497304,21.612105592306005
YEM,"Yemen, Rep.",1999,28.7433242438057,0.0,0.172609581345397,28.915933825151097
YEM,"Yemen, Rep.",2000,41.2105414506176,0.0,0.173347842113806,41.3838892927314
YEM,"Yemen, Rep.",2001,33.0145750680271,0.0,0.187195088402522,33.201770156429625
YEM,"Yemen, Rep.",2002,30.9035311720644,0.0,0.119427739621182,31.02295891168558
YEM,"Yemen, Rep.",2003,32.0731170610088,0.0,0.0830008009874186,32.15611786199622
YEM,"Yemen, Rep.",2004,34.0644750012843,0.0,0.0586059833261406,34.12308098461044
YEM,"Yemen, Rep.",2005,41.093106599265,0.0,0.0467874589438686,41.13989405820887
YEM,"Yemen, Rep.",2006,40.4372276843013,0.0,0.0329439969514385,40.47017168125274
YEM,"Yemen, Rep.",2007,32.9618903118727,0.0,0.0191707105432845,32.981061022415986
YEM,"Yemen, Rep.",2008,33.8268519294838,0.0,0.0075593138103459,33.83441124329415
YEM,"Yemen, Rep.",2009,20.6195697250514,0.0,0.34401913744873,20.963588862500128
YEM,"Yemen, Rep.",2010,22.1800547456639,0.0,1.33046245575943,23.51051720142333
YEM,"Yemen, Rep.",2011,23.3981676874913,0.0,2.49897249768798,25.89714018517928
YEM,"Yemen, Rep.",2012,17.0272517537375,0.0,1.77261923895263,18.799870992690128
YEM,"Yemen, Rep.",2013,11.1124026574675,0.0,2.44022059158672,13.552623249054221
YEM,"Yemen, Rep.",2014,9.0008580090252,0.0,1.91026799289135,10.91112600191655
YEM,"Yemen, Rep.",2015,1.69761197489757,0.0,0.316743824319049,2.0143557992166192
YEM,"Yemen, Rep.",2016,0.710184776557765,0.0,0.0002125899981471,0.7103973665559121
YEM,"Yemen, Rep.",2017,1.91730246407045,0.0,,1.91730246407045
YEM,"Yemen, Rep.",2018,4.82356153067882,0.0,,4.82356153067882
YEM,"Yemen, Rep.",2019,,,,
YEM,"Yemen, Rep.",2020,,,,
YEM,"Yemen, Rep.",2021,,,,
YEM,"Yemen, Rep.",2022,,,,
YEM,"Yemen, Rep.",2023,,,,
YEM,"Yemen, Rep.",2024,,,,
YEM,"Yemen, Rep.",2025,,,,
ZAF,South Africa,1960,,,,
ZAF,South Africa,1961,,,,
ZAF,South Africa,1962,,,,
ZAF,South Africa,1963,,,,
ZAF,South Africa,1964,,,,
ZAF,South Africa,1965,,,,
ZAF,South Africa,1966,,,,
ZAF,South Africa,1967,,,,
ZAF,South Africa,1968,,,,
ZAF,South Africa,1969,,,,
ZAF,South Africa,1970,,,,
ZAF,South Africa,1971,0.0,0.956267720733522,0.0,0.956267720733522
ZAF,South Africa,1972,0.0,0.999118206544056,0.0,0.999118206544056
ZAF,South Africa,1973,0.0,0.9567142872731,0.0,0.9567142872731
ZAF,South Africa,1974,0.0,1.42395200628118,0.0,1.42395200628118
ZAF,South Africa,1975,0.0,2.84477924058851,0.0,2.84477924058851
ZAF,South Africa,1976,0.0,3.43202831135319,0.0,3.43202831135319
ZAF,South Africa,1977,0.0,3.61339843851778,0.0,3.61339843851778
ZAF,South Africa,1978,0.0,3.22263648078473,0.0,3.22263648078473
ZAF,South Africa,1979,0.0,3.04911661575983,0.0,3.04911661575983
ZAF,South Africa,1980,0.0,3.14451028048052,0.0,3.14451028048052
ZAF,South Africa,1981,0.0191819835947277,4.83990017629255,0.0,4.859082159887278
ZAF,South Africa,1982,0.0406483729247464,5.9261286453119,0.0,5.966777018236646
ZAF,South Africa,1983,0.207673321400094,3.56972467255541,0.0,3.777397993955504
ZAF,South Africa,1984,0.274576882639089,3.66691446583932,0.0,3.941491348478409
ZAF,South Africa,1985,0.429008955843183,5.59997049976059,0.0,6.028979455603773
ZAF,South Africa,1986,0.129578350833181,3.94891458987247,0.0,4.078492940705651
ZAF,South Africa,1987,0.229737194311881,2.16956691979725,0.0,2.399304114109131
ZAF,South Africa,1988,0.161666768811563,2.55601758553381,0.0,2.7176843543453733
ZAF,South Africa,1989,0.319466235241048,2.84395571892917,0.0,3.163421954170218
ZAF,South Africa,1990,0.368890187963349,2.57214267495889,0.0241857482170879,2.965218611139327
ZAF,South Africa,1991,0.186432808651612,2.37982668132678,0.0198166992619238,2.5860761892403157
ZAF,South Africa,1992,0.358925082360254,1.92635117876769,0.0169064426726626,2.3021827038006064
ZAF,South Africa,1993,0.490739115582505,1.51673418188361,0.02363633777699,2.031109635243105
ZAF,South Africa,1994,0.389976747660543,1.54405105332495,0.0240091871291434,1.9580369881146364
ZAF,South Africa,1995,0.411957330500316,2.06186052231608,0.0249750349553005,2.4987928877716965
ZAF,South Africa,1996,0.517240207134734,1.9241560740382,0.0248546338599652,2.4662509150328993
ZAF,South Africa,1997,0.464343725618029,1.61619662100664,0.0212465392304957,2.101786885855165
ZAF,South Africa,1998,0.249196312082744,1.32809234011002,0.0142127603418161,1.59150141253458
ZAF,South Africa,1999,0.379937820037954,0.896045282949649,0.0217574376135546,1.2977405406011575
ZAF,South Africa,2000,0.875739339218175,1.27706430854382,0.0354527651649018,2.188256412926897
ZAF,South Africa,2001,0.745230225250187,2.46569399997578,0.0582858333591496,3.2692100585851165
ZAF,South Africa,2002,0.832634911746463,1.67772715720917,0.0573805452482398,2.5677426142038726
ZAF,South Africa,2003,0.536032181150966,1.35453649718725,0.0248359282535279,1.9154046065917438
ZAF,South Africa,2004,0.667895474741674,3.22676491805827,0.0308634066428721,3.925523799442816
ZAF,South Africa,2005,0.868907024012435,2.31202263431181,0.0157824265033382,3.196712084827583
ZAF,South Africa,2006,0.921713555012485,2.39588417432957,0.0386656043598197,3.356263333701875
ZAF,South Africa,2007,0.95369683953937,3.11780745478716,0.0318507821013102,4.103355076427841
ZAF,South Africa,2008,1.37926877732773,7.24773931999843,0.0369575315044166,8.663965628830576
ZAF,South Africa,2009,0.593295688910259,2.33293574382487,0.0236270625725225,2.9498584953076517
ZAF,South Africa,2010,0.707879978156825,3.41376035352968,0.0258569340158521,4.147497265702357
ZAF,South Africa,2011,0.964145883537292,3.94333344067778,0.0305636496199449,4.938042973835017
ZAF,South Africa,2012,0.9800580532574,2.88108021254839,0.0288936847412477,3.8900319505470375
ZAF,South Africa,2013,0.949068014891185,2.49703207208547,0.0312421227606922,3.4773422097373468
ZAF,South Africa,2014,0.692856799731489,1.94751834311288,0.0255744432147647,2.6659495860591336
ZAF,South Africa,2015,0.194337594746037,1.49327521761507,0.0232937993610495,1.7109066117221567
ZAF,South Africa,2016,0.182131538345159,1.80360544975257,0.015336308509032,2.001073296606761
ZAF,South Africa,2017,0.291332796001722,2.06162694919848,0.012735718818607,2.3656954640188093
ZAF,South Africa,2018,0.407106590566775,2.2798795325049,0.0227641504019782,2.7097502734736527
ZAF,South Africa,2019,0.372819688324446,1.75865465574997,0.0251931123610767,2.1566674564354926
ZAF,South Africa,2020,0.213036196999097,1.61371270668907,0.020767257947969,1.847516161636136
ZAF,South Africa,2021,0.395954206545834,2.44110582623372,0.0293827523467257,2.8664427851262797
ZAF,South Africa,2022,,,,
ZAF,South Africa,2023,,,,
ZAF,South Africa,2024,,,,
ZAF,South Africa,2025,,,,
ZMB,Zambia,1960,,,,
ZMB,Zambia,1961,,,,
ZMB,Zambia,1962,,,,
ZMB,Zambia,1963,,,,
ZMB,Zambia,1964,,,,
ZMB,Zambia,1965,,,,
ZMB,Zambia,1966,,,,
ZMB,Zambia,1967,,,,
ZMB,Zambia,1968,,,,
ZMB,Zambia,1969,,,,
ZMB,Zambia,1970,,,,
ZMB,Zambia,1971,0.0,0.172108049577647,0.0,0.172108049577647
ZMB,Zambia,1972,0.0,0.201609643417902,0.0,0.201609643417902
ZMB,Zambia,1973,0.0,0.205726991184596,0.0,0.205726991184596
ZMB,Zambia,1974,0.0,0.223595242133272,0.0,0.223595242133272
ZMB,Zambia,1975,0.0,0.519858928483688,0.0,0.519858928483688
ZMB,Zambia,1976,0.0,0.475585727689128,0.0,0.475585727689128
ZMB,Zambia,1977,0.0,0.493010055753964,0.0,0.493010055753964
ZMB,Zambia,1978,0.0,0.403760789819133,0.0,0.403760789819133
ZMB,Zambia,1979,0.0,0.281463372263317,0.0,0.281463372263317
ZMB,Zambia,1980,0.0,0.365501611312727,0.0,0.365501611312727
ZMB,Zambia,1981,0.0,0.478456833641457,0.0,0.478456833641457
ZMB,Zambia,1982,0.0,0.573714532084292,0.0,0.573714532084292
ZMB,Zambia,1983,0.0,0.330688831538789,0.0,0.330688831538789
ZMB,Zambia,1984,0.0,0.351470414299134,0.0,0.351470414299134
ZMB,Zambia,1985,0.0,0.47082919372632,0.0,0.47082919372632
ZMB,Zambia,1986,0.0,0.539766127684834,0.0,0.539766127684834
ZMB,Zambia,1987,0.0,0.239690563066536,0.0,0.239690563066536
ZMB,Zambia,1988,0.0,0.210728095976817,0.0,0.210728095976817
ZMB,Zambia,1989,0.0,0.182288404362118,0.0,0.182288404362118
ZMB,Zambia,1990,0.0,0.216095479590034,0.0,0.216095479590034
ZMB,Zambia,1991,0.0,0.187071038507058,0.0,0.187071038507058
ZMB,Zambia,1992,0.0,0.216706537030998,0.0,0.216706537030998
ZMB,Zambia,1993,0.0,0.119969573384027,0.0,0.119969573384027
ZMB,Zambia,1994,0.0,0.0552950143925616,0.0,0.0552950143925616
ZMB,Zambia,1995,0.0,0.0712241531841928,0.0,0.0712241531841928
ZMB,Zambia,1996,0.0,0.0553428895161234,0.0,0.0553428895161234
ZMB,Zambia,1997,0.0,0.0228886192553501,0.0,0.0228886192553501
ZMB,Zambia,1998,0.0,0.0494283743884752,0.0,0.0494283743884752
ZMB,Zambia,1999,0.0,0.0340713756953788,0.0,0.0340713756953788
ZMB,Zambia,2000,0.0,0.0485167841095833,0.0,0.0485167841095833
ZMB,Zambia,2001,0.0,0.0780233257446906,0.0,0.0780233257446906
ZMB,Zambia,2002,0.0,0.0522863702250223,0.0,0.0522863702250223
ZMB,Zambia,2003,0.0,0.0534393284778969,0.0,0.0534393284778969
ZMB,Zambia,2004,0.0,0.0681266115624081,0.0,0.0681266115624081
ZMB,Zambia,2005,0.0,0.0509403192640637,0.0,0.0509403192640637
ZMB,Zambia,2006,0.0,0.0154837278408601,0.0,0.0154837278408601
ZMB,Zambia,2007,0.0,0.0043651010415675,0.0,0.0043651010415675
ZMB,Zambia,2008,0.0,0.0005272618090372,0.0,0.0005272618090372
ZMB,Zambia,2009,0.0,0.000206887621654,0.0,0.000206887621654
ZMB,Zambia,2010,0.0,0.000284656620519,0.0,0.000284656620519
ZMB,Zambia,2011,0.0,0.0003153433161684,0.0,0.0003153433161684
ZMB,Zambia,2012,0.0,0.0238959126594908,0.0,0.0238959126594908
ZMB,Zambia,2013,0.0,0.0215837920499144,0.0,0.0215837920499144
ZMB,Zambia,2014,0.0,0.0173226067647872,0.0,0.0173226067647872
ZMB,Zambia,2015,0.0,0.0161176960545101,0.0,0.0161176960545101
ZMB,Zambia,2016,0.0,0.0367635481547346,0.0,0.0367635481547346
ZMB,Zambia,2017,0.0,0.0966563371679943,0.0,0.0966563371679943
ZMB,Zambia,2018,0.0,0.164818813977928,0.0,0.164818813977928
ZMB,Zambia,2019,0.0,0.11555289649655,0.0,0.11555289649655
ZMB,Zambia,2020,0.0,0.138990289033945,0.0,0.138990289033945
ZMB,Zambia,2021,0.0,0.231179863199288,0.0,0.231179863199288
ZMB,Zambia,2022,,,,
ZMB,Zambia,2023,,,,
ZMB,Zambia,2024,,,,
ZMB,Zambia,2025,,,,
ZWE,Zimbabwe,1960,,,,
ZWE,Zimbabwe,1961,,,,
ZWE,Zimbabwe,1962,,,,
ZWE,Zimbabwe,1963,,,,
ZWE,Zimbabwe,1964,,,,
ZWE,Zimbabwe,1965,,,,
ZWE,Zimbabwe,1966,,,,
ZWE,Zimbabwe,1967,,,,
ZWE,Zimbabwe,1968,,,,
ZWE,Zimbabwe,1969,,,,
ZWE,Zimbabwe,1970,,,,
ZWE,Zimbabwe,1971,0.0,0.626786775268984,0.0,0.626786775268984
ZWE,Zimbabwe,1972,0.0,0.470915980058466,0.0,0.470915980058466
ZWE,Zimbabwe,1973,0.0,0.512103580771674,0.0,0.512103580771674
ZWE,Zimbabwe,1974,0.0,0.749199398388288,0.0,0.749199398388288
ZWE,Zimbabwe,1975,0.0,1.22752385370187,0.0,1.22752385370187
ZWE,Zimbabwe,1976,0.0,1.61764925859685,0.0,1.61764925859685
ZWE,Zimbabwe,1977,0.0,1.46115154930447,0.0,1.46115154930447
ZWE,Zimbabwe,1978,0.0,1.38267509859666,0.0,1.38267509859666
ZWE,Zimbabwe,1979,0.0,1.17147952794317,0.0,1.17147952794317
ZWE,Zimbabwe,1980,0.0,1.15297624444483,0.0,1.15297624444483
ZWE,Zimbabwe,1981,0.0,1.2148697902009,0.0,1.2148697902009
ZWE,Zimbabwe,1982,0.0,1.24515517353954,0.0,1.24515517353954
ZWE,Zimbabwe,1983,0.0,0.904828105181666,0.0,0.904828105181666
ZWE,Zimbabwe,1984,0.0,0.91843030823866,0.0,0.91843030823866
ZWE,Zimbabwe,1985,0.0,1.2856948687494,0.0,1.2856948687494
ZWE,Zimbabwe,1986,0.0,1.06184108555851,0.0,1.06184108555851
ZWE,Zimbabwe,1987,0.0,0.959300335741274,0.0,0.959300335741274
ZWE,Zimbabwe,1988,0.0,0.986163342898541,0.0,0.986163342898541
ZWE,Zimbabwe,1989,0.0,1.13560392347429,0.0,1.13560392347429
ZWE,Zimbabwe,1990,0.0,1.28192390448811,0.0,1.28192390448811
ZWE,Zimbabwe,1991,0.0,1.4293372601029,0.0,1.4293372601029
ZWE,Zimbabwe,1992,0.0,1.62583471707856,0.0,1.62583471707856
ZWE,Zimbabwe,1993,0.0,1.11710874342285,0.0,1.11710874342285
ZWE,Zimbabwe,1994,0.0,0.985143351107846,0.0,0.985143351107846
ZWE,Zimbabwe,1995,0.0,1.26629610631767,0.0,1.26629610631767
ZWE,Zimbabwe,1996,0.0,0.89658348202089,0.0,0.89658348202089
ZWE,Zimbabwe,1997,0.0,0.689043363974202,0.0,0.689043363974202
ZWE,Zimbabwe,1998,0.0,0.740667231747415,0.0,0.740667231747415
ZWE,Zimbabwe,1999,0.0,0.561612395176263,0.0,0.561612395176263
ZWE,Zimbabwe,2000,0.0,0.716746800797967,0.0,0.716746800797967
ZWE,Zimbabwe,2001,0.0,1.14537893766194,0.0,1.14537893766194
ZWE,Zimbabwe,2002,0.0,0.8511031997111,0.0,0.8511031997111
ZWE,Zimbabwe,2003,0.0,0.837018975050425,0.0,0.837018975050425
ZWE,Zimbabwe,2004,0.0,2.00400191735889,0.0,2.00400191735889
ZWE,Zimbabwe,2005,0.0,2.2260713097986,0.0,2.2260713097986
ZWE,Zimbabwe,2006,0.0,2.4998893819836,0.0,2.4998893819836
ZWE,Zimbabwe,2007,0.0,2.9895097334864,0.0,2.9895097334864
ZWE,Zimbabwe,2008,0.0219835646063037,6.30027905069109,0.0,6.322262615297394
ZWE,Zimbabwe,2009,0.0071842969795101,1.20077086927504,0.0,1.2079551662545502
ZWE,Zimbabwe,2010,0.0,1.6275437742608,0.0,1.6275437742608
ZWE,Zimbabwe,2011,0.0,1.75608208990706,0.0,1.75608208990706
ZWE,Zimbabwe,2012,0.0176585171987541,1.00943239450643,0.0,1.027090911705184
ZWE,Zimbabwe,2013,0.004606921108768,0.732306145530549,0.0,0.736913066639317
ZWE,Zimbabwe,2014,0.0623369671683315,0.977101406302418,0.0,1.0394383734707495
ZWE,Zimbabwe,2015,0.0226080767805337,0.517085951746671,0.0,0.5396940285272047
ZWE,Zimbabwe,2016,0.0227863385971937,0.231272872651529,0.0,0.25405921124872266
ZWE,Zimbabwe,2017,0.0475010544657409,0.605956461595311,0.0,0.653457516061052
ZWE,Zimbabwe,2018,0.0378599470385953,0.41609304542906,0.0,0.4539529924676553
ZWE,Zimbabwe,2019,0.050882518898508,0.257755009227255,0.0,0.308637528125763
ZWE,Zimbabwe,2020,0.0291292966776496,0.207429240150821,0.0,0.2365585368284706
ZWE,Zimbabwe,2021,0.0477688089316108,0.290130858618712,0.0,0.3378996675503228
ZWE,Zimbabwe,2022,,,,
ZWE,Zimbabwe,2023,,,,
ZWE,Zimbabwe,2024,,,,
ZWE,Zimbabwe,2025,,,,
