country,iso3,Year,coal_production_twh,oil_production_twh,gas_production_twh,total_production_twh
Algeria,DZA,1965,,304.0002,,304.0002
Algeria,DZA,1966,,391.262,,391.262
Algeria,DZA,1967,,449.44415,,449.44415
Algeria,DZA,1968,,493.38818,,493.38818
Algeria,DZA,1969,,516.78827,,516.78827
Algeria,DZA,1970,,561.8859,24.380125,586.266025
Algeria,DZA,1971,,427.9568,25.69875,453.65555
Algeria,DZA,1972,,578.319,32.561375,610.880375
Algeria,DZA,1973,,601.25507,43.216248,644.471318
Algeria,DZA,1974,,556.3107,49.963375,606.274075
Algeria,DZA,1975,,544.32935,61.523,605.85235
Algeria,DZA,1976,,607.42487,77.490875,684.915745
Algeria,DZA,1977,,648.445,74.165436,722.610436
Algeria,DZA,1978,,662.15814,115.01875,777.17689
Algeria,DZA,1979,,675.54517,188.53452,864.07969
Algeria,DZA,1980,,599.4387,154.09749,753.53619
Algeria,DZA,1981,,534.1274,178.64844,712.77584
Algeria,DZA,1982,,531.3829,233.10008,764.48298
Algeria,DZA,1983,,522.8083,333.79263,856.6009300000001
Algeria,DZA,1984,,567.38074,339.75882,907.13956
Algeria,DZA,1985,,547.31964,373.38113,920.70077
Algeria,DZA,1986,,563.81366,381.89432,945.70798
Algeria,DZA,1987,,583.7999,431.0078,1014.8077
Algeria,DZA,1988,,611.4504,450.5811,1062.0315
Algeria,DZA,1989,,633.65845,485.83163,1119.49008
Algeria,DZA,1990,,678.6744,516.5697,1195.2441
Algeria,DZA,1991,,682.6081,557.0305,1239.6386
Algeria,DZA,1992,,657.1114,580.01135,1237.12275
Algeria,DZA,1993,,655.03894,587.4662,1242.50514
Algeria,DZA,1994,,652.1087,540.1088,1192.2175
Algeria,DZA,1995,,649.08484,614.91296,1263.9978
Algeria,DZA,1996,,686.3133,652.51276,1338.8260599999999
Algeria,DZA,1997,,716.0245,748.5882,1464.6127000000001
Algeria,DZA,1998,,713.91675,801.62103,1515.53778
Algeria,DZA,1999,,680.686,901.0691,1581.7551
Algeria,DZA,2000,,776.73285,918.88635,1695.6192
Algeria,DZA,2001,,764.68414,864.7254,1629.40954
Algeria,DZA,2002,,824.4972,889.4159,1713.9131
Algeria,DZA,2003,,918.8281,938.57587,1857.4039699999998
Algeria,DZA,2004,,971.6982,920.5494,1892.2476000000001
Algeria,DZA,2005,,1005.2701,849.1175,1854.3876
Algeria,DZA,2006,,1002.5293,812.99493,1815.52423
Algeria,DZA,2007,,1005.7857,816.45984,1822.24554
Algeria,DZA,2008,,985.7705,826.0079,1811.7784
Algeria,DZA,2009,,898.23145,765.66876,1663.90021
Algeria,DZA,2010,,858.0033,773.9655,1631.9688
Algeria,DZA,2011,,833.58026,795.9875,1629.56776
Algeria,DZA,2012,,781.67554,784.4375,1566.11304
Algeria,DZA,2013,,753.43787,793.38873,1546.8265999999999
Algeria,DZA,2014,,799.80676,801.724,1601.53076
Algeria,DZA,2015,,781.8267,814.1114,1595.9380999999998
Algeria,DZA,2016,,795.6897,913.92267,1709.61237
Algeria,DZA,2017,,775.1163,929.7654,1704.8817
Algeria,DZA,2018,,759.81116,938.4375,1698.24866
Algeria,DZA,2019,,748.1579,869.5225,1617.6804000000002
Algeria,DZA,2020,,670.1788,814.24615,1484.42495
Algeria,DZA,2021,,676.866,1010.98114,1687.8471399999999
Algeria,DZA,2022,,721.8276,976.3215,1698.1491
Algeria,DZA,2023,,732.75977,1015.2643,1748.02407
Algeria,DZA,2024,,739.15625,1001.924,1741.08025
Algeria,DZA,2025,,760.7269,980.20996,1740.93686
Angola,AGO,1965,,7.6176496,,7.6176496
Angola,AGO,1966,,7.3385296,,7.3385296
Angola,AGO,1967,,6.24531,,6.24531
Angola,AGO,1968,,8.7225,,8.7225
Angola,AGO,1969,,28.58654,,28.58654
Angola,AGO,1970,,58.905952,,58.905952
Angola,AGO,1971,,66.53523,,66.53523
Angola,AGO,1972,,82.072914,,82.072914
Angola,AGO,1973,,95.07525,,95.07525
Angola,AGO,1974,,99.33183,,99.33183
Angola,AGO,1975,,90.60933,,90.60933
Angola,AGO,1976,,87.96932,,87.96932
Angola,AGO,1977,,82.13106,,82.13106
Angola,AGO,1978,,75.23447,,75.23447
Angola,AGO,1979,,83.736,,83.736
Angola,AGO,1980,,86.38764,,86.38764
Angola,AGO,1981,,83.24754,,83.24754
Angola,AGO,1982,,74.5483,,74.5483
Angola,AGO,1983,,102.2277,,102.2277
Angola,AGO,1984,,117.16062,,117.16062
Angola,AGO,1985,,133.18675,,133.18675
Angola,AGO,1986,,161.95938,,161.95938
Angola,AGO,1987,,203.59479,,203.59479
Angola,AGO,1988,,259.5816,,259.5816
Angola,AGO,1989,,263.32648,,263.32648
Angola,AGO,1990,,271.9094,,271.9094
Angola,AGO,1991,,285.0978,,285.0978
Angola,AGO,1992,,315.7894,,315.7894
Angola,AGO,1993,,288.54028,,288.54028
Angola,AGO,1994,,318.94113,,318.94113
Angola,AGO,1995,,362.542,,362.542
Angola,AGO,1996,,411.2833,,411.2833
Angola,AGO,1997,,424.495,,424.495
Angola,AGO,1998,,418.68,,418.68
Angola,AGO,1999,,426.821,,426.821
Angola,AGO,2000,,428.5655,,428.5655
Angola,AGO,2001,,425.07648,,425.07648
Angola,AGO,2002,,518.698,,518.698
Angola,AGO,2003,,498.14465,,498.14465
Angola,AGO,2004,,634.8,,634.8
Angola,AGO,2005,,726.11163,,726.11163
Angola,AGO,2006,,798.73517,,798.73517
Angola,AGO,2007,,944.1738,,944.1738
Angola,AGO,2008,,1073.3398,,1073.3398
Angola,AGO,2009,,1000.6081,,1000.6081
Angola,AGO,2010,,1034.2383,,1034.2383
Angola,AGO,2011,,954.0293,,954.0293
Angola,AGO,2012,,991.99084,,991.99084
Angola,AGO,2013,,990.9448,,990.9448
Angola,AGO,2014,,968.5163,,968.5163
Angola,AGO,2015,,1025.3317,,1025.3317
Angola,AGO,2016,,997.48224,,997.48224
Angola,AGO,2017,,949.0655,,949.0655
Angola,AGO,2018,,861.41077,,861.41077
Angola,AGO,2019,,802.00006,,802.00006
Angola,AGO,2020,,748.5814,,748.5814
Angola,AGO,2021,,666.19714,,666.19714
Angola,AGO,2022,,671.45935,,671.45935
Angola,AGO,2023,,652.18713,,652.18713
Angola,AGO,2024,,669.6342,,669.6342
Angola,AGO,2025,,616.5964,,616.5964
Argentina,ARG,1965,,160.08415,,160.08415
Argentina,ARG,1966,,170.30933,,170.30933
Argentina,ARG,1967,,185.64127,,185.64127
Argentina,ARG,1968,,203.38063,,203.38063
Argentina,ARG,1969,,210.5816,,210.5816
Argentina,ARG,1970,,232.60602,58.544502,291.150522
Argentina,ARG,1971,,250.86913,63.265987,314.13511700000004
Argentina,ARG,1972,,258.39575,60.1394,318.53515000000004
Argentina,ARG,1973,,251.22162,65.48815,316.70977
Argentina,ARG,1974,,245.91354,70.48679,316.40033
Argentina,ARG,1975,,235.63022,74.804695,310.434915
Argentina,ARG,1976,,237.41643,71.32315,308.73958
Argentina,ARG,1977,,256.58066,73.61825,330.19891
Argentina,ARG,1978,,269.9307,75.952255,345.882955
Argentina,ARG,1979,,282.35434,70.31175,352.66609
Argentina,ARG,1980,,293.85562,81.64623,375.50185
Argentina,ARG,1981,,299.3141,84.952736,384.266836
Argentina,ARG,1982,,297.39435,95.20775,392.60209999999995
Argentina,ARG,1983,,298.51083,127.7865,426.29733
Argentina,ARG,1984,,292.39865,131.093,423.49164999999994
Argentina,ARG,1985,,280.96475,135.08025,416.04499999999996
Argentina,ARG,1986,,265.96246,150.83475,416.79721000000006
Argentina,ARG,1987,,262.51917,147.33376,409.85293
Argentina,ARG,1988,,275.8608,174.661,450.5218
Argentina,ARG,1989,,281.7945,184.67775,466.47225000000003
Argentina,ARG,1990,,295.8271,173.494,469.3211
Argentina,ARG,1991,,301.00766,193.81926,494.82692
Argentina,ARG,1992,,337.74042,195.37524,533.1156599999999
Argentina,ARG,1993,,361.31882,209.28201,570.6008300000001
Argentina,ARG,1994,,401.36295,216.57574,617.93869
Argentina,ARG,1995,,435.6241,243.22224,678.84634
Argentina,ARG,1996,,474.6901,281.34427,756.03437
Argentina,ARG,1997,,504.57437,266.2705,770.84487
Argentina,ARG,1998,,512.04645,287.76276,799.8092100000001
Argentina,ARG,1999,,484.84152,336.19324,821.03476
Argentina,ARG,2000,,480.87112,363.81226,844.6833799999999
Argentina,ARG,2001,,510.89627,361.1865,872.08277
Argentina,ARG,2002,,503.27725,351.16974,854.4469899999999
Argentina,ARG,2003,,501.18347,399.11398,900.29745
Argentina,ARG,2004,,477.1305,436.45798,913.58848
Argentina,ARG,2005,,457.86237,443.75174,901.61411
Argentina,ARG,2006,,458.60773,448.3225,906.9302299999999
Argentina,ARG,2007,,444.4343,435.97174,880.4060400000001
Argentina,ARG,2008,,439.66977,428.4835,868.15327
Argentina,ARG,2009,,395.9278,403.0119,798.9397
Argentina,ARG,2010,,387.02927,389.96994,776.99921
Argentina,ARG,2011,,362.68546,377.17847,739.86393
Argentina,ARG,2012,,358.6779,366.91202,725.58992
Argentina,ARG,2013,,351.06256,345.55853,696.6210900000001
Argentina,ARG,2014,,346.41473,344.8588,691.2735299999999
Argentina,ARG,2015,,349.43137,354.91144,704.3428100000001
Argentina,ARG,2016,,333.0377,372.82358,705.86128
Argentina,ARG,2017,,317.0157,371.4989,688.5146
Argentina,ARG,2018,,320.5191,394.2329,714.752
Argentina,ARG,2019,,393.4316,416.15262,809.58422
Argentina,ARG,2020,,392.29428,382.92526,775.21954
Argentina,ARG,2021,,437.04614,386.08496,823.1311000000001
Argentina,ARG,2022,,527.52936,416.52444,944.0538
Argentina,ARG,2023,,595.3271,415.93362,1011.26072
Argentina,ARG,2024,,682.9139,441.1331,1124.047
Argentina,ARG,2025,,801.4902,451.54346,1253.03366
Australia,AUS,1965,,4.0263753,,4.0263753
Australia,AUS,1966,,5.1767683,,5.1767683
Australia,AUS,1967,,12.079125,,12.079125
Australia,AUS,1968,,22.494122,,22.494122
Australia,AUS,1969,,25.883842,,25.883842
Australia,AUS,1970,,101.23458,17.303974,118.53855399999999
Australia,AUS,1971,,177.42035,25.82668,203.24703000000002
Australia,AUS,1972,,189.33647,37.074265,226.410735
Australia,AUS,1973,,237.18723,47.068798,284.256028
Australia,AUS,1974,,234.67719,53.70199,288.37918
Australia,AUS,1975,,251.46202,57.669968,309.131988
Australia,AUS,1976,,257.49902,68.07722,325.57624
Australia,AUS,1977,,272.4299,77.76844,350.19834
Australia,AUS,1978,,269.70963,83.72538,353.43501000000003
Australia,AUS,1979,,270.70334,96.37518,367.07852
Australia,AUS,1980,,253.9847,110.665886,364.650586
Australia,AUS,1981,788.57117,247.38208,119.94439,1155.8976400000001
Australia,AUS,1982,804.9543,243.93091,116.980835,1165.866045
Australia,AUS,1983,838.7407,237.44705,127.07482,1203.26257
Australia,AUS,1984,880.9173,307.9994,125.31727,1314.23397
Australia,AUS,1985,1074.3456,356.84106,133.95262,1565.13928
Australia,AUS,1986,1142.8596,318.80838,146.32928,1607.9972599999999
Australia,AUS,1987,1193.6675,338.87204,149.39459,1681.93413
Australia,AUS,1988,1173.2935,321.6083,152.99338,1647.89518
Australia,AUS,1989,1274.6781,303.33276,177.07565,1755.08651
Australia,AUS,1990,1334.6012,352.09924,206.11147,1892.8119100000001
Australia,AUS,1991,1384.4242,332.76974,215.765,1932.95894
Australia,AUS,1992,1477.2354,327.94684,233.33595,2038.51819
Australia,AUS,1993,1484.1,305.8865,243.83902,2033.8255199999999
Australia,AUS,1994,1516.9104,329.3391,279.91214,2126.16164
Australia,AUS,1995,1591.818,310.114,295.9597,2197.8917
Australia,AUS,1996,1640.6823,326.40598,296.33704,2263.42532
Australia,AUS,1997,1789.1144,346.43536,296.37646,2431.92622
Australia,AUS,1998,1832.1017,328.0255,302.7371,2462.8642999999997
Australia,AUS,1999,1931.918,319.49728,307.1253,2558.54058
Australia,AUS,2000,1996.8198,431.37653,311.92328,2740.1196099999997
Australia,AUS,2001,2157.921,399.1475,326.41318,2883.48168
Australia,AUS,2002,2224.0464,396.66782,330.01163,2950.7258500000003
Australia,AUS,2003,2299.0476,343.3505,337.45227,2979.85037
Australia,AUS,2004,2388.831,299.8592,359.30313,3047.9933300000002
Australia,AUS,2005,2501.2886,294.55624,382.3528,3178.19764
Australia,AUS,2006,2556.8406,268.95715,406.82227,3232.6200200000003
Australia,AUS,2007,2640.8552,286.4461,427.51187,3354.81317
Australia,AUS,2008,2720.6213,285.7068,416.829,3423.1571
Australia,AUS,2009,2822.8337,280.429,466.97592,3570.23862
Australia,AUS,2010,2914.7896,286.53317,526.2551,3727.57787
Australia,AUS,2011,2850.8132,249.01212,544.51514,3644.34046
Australia,AUS,2012,3091.9092,246.37003,582.85803,3921.13726
Australia,AUS,2013,3323.7434,204.80865,605.76587,4134.3179199999995
Australia,AUS,2014,3559.4495,216.3719,652.74426,4428.56566
Australia,AUS,2015,3555.7026,195.42085,742.9768,4494.10025
Australia,AUS,2016,3563.0557,178.5461,940.797,4682.3988
Australia,AUS,2017,3473.3135,161.66643,1102.9464,4737.92633
Australia,AUS,2018,3716.8325,170.05481,1274.0186,5160.90591
Australia,AUS,2019,3803.6514,223.93333,1461.0239,5488.60863
Australia,AUS,2020,3494.2944,222.27069,1457.1638,5173.72889
Australia,AUS,2021,3406.9924,214.2501,1479.2603,5100.5028
Australia,AUS,2022,3180.4482,198.70668,1542.3914,4921.5462800000005
Australia,AUS,2023,3188.7532,181.57283,1507.1117,4877.43773
Australia,AUS,2024,3252.4995,175.79169,1522.9299,4951.22109
Australia,AUS,2025,3024.478,160.11562,1485.7379,4670.33152
Azerbaijan,AZE,1985,,153.8649,137.39355,291.25845000000004
Azerbaijan,AZE,1986,,151.7715,132.804,284.57550000000003
Azerbaijan,AZE,1987,,161.7733,122.0625,283.8358
Azerbaijan,AZE,1988,,159.7962,116.2035,275.9997
Azerbaijan,AZE,1989,,153.0508,108.3915,261.4423
Azerbaijan,AZE,1990,,145.375,96.6735,242.0485
Azerbaijan,AZE,1991,,136.92813,83.979004,220.907134
Azerbaijan,AZE,1992,,130.206,77.1435,207.34949999999998
Azerbaijan,AZE,1993,,119.22262,66.402,185.62462
Azerbaijan,AZE,1994,,111.21537,62.496,173.71137
Azerbaijan,AZE,1995,,106.550575,64.449,170.999575
Azerbaijan,AZE,1996,,105.837654,57.388905,163.226559
Azerbaijan,AZE,1997,,104.98402,54.654705,159.638725
Azerbaijan,AZE,1998,,133.15187,51.002594,184.15446400000002
Azerbaijan,AZE,1999,,161.08713,54.654705,215.741835
Azerbaijan,AZE,2000,,163.62247,51.529903,215.15237299999998
Azerbaijan,AZE,2001,,174.20576,50.514343,224.720103
Azerbaijan,AZE,2002,,178.33441,46.85247,225.18687999999997
Azerbaijan,AZE,2003,,178.84615,46.705997,225.552147
Azerbaijan,AZE,2004,,179.78816,45.5049,225.29306
Azerbaijan,AZE,2005,,258.35114,55.973957,314.32509699999997
Azerbaijan,AZE,2006,,375.2722,66.0446,441.3168
Azerbaijan,AZE,2007,,496.10675,105.77545,601.8822
Azerbaijan,AZE,2008,,518.3956,159.52592,677.92152
Azerbaijan,AZE,2009,,587.0347,159.39116,746.4258600000001
Azerbaijan,AZE,2010,,591.9461,162.80891,754.75501
Azerbaijan,AZE,2011,,531.3305,159.76907,691.0995700000001
Azerbaijan,AZE,2012,,505.04205,168.36911,673.41116
Azerbaijan,AZE,2013,,505.99106,174.74565,680.73671
Azerbaijan,AZE,2014,,490.1894,183.84077,674.03017
Azerbaijan,AZE,2015,,484.68375,187.84053,672.52428
Azerbaijan,AZE,2016,,477.72086,182.7754,660.49626
Azerbaijan,AZE,2017,,450.31827,177.58627,627.90454
Azerbaijan,AZE,2018,,451.1161,187.58467,638.70077
Azerbaijan,AZE,2019,,436.85303,239.38214,676.2351699999999
Azerbaijan,AZE,2020,,402.75156,258.64847,661.40003
Azerbaijan,AZE,2021,,402.6969,318.08316,720.78006
Azerbaijan,AZE,2022,,380.20096,341.34042,721.54138
Azerbaijan,AZE,2023,,351.90518,355.5866,707.49178
Azerbaijan,AZE,2024,,339.2471,377.59888,716.84598
Azerbaijan,AZE,2025,,323.18143,378.41913,701.60056
Bahrain,BHR,1970,,,6.50117,6.50117
Bahrain,BHR,1971,,,9.47845,9.47845
Bahrain,BHR,1972,,,11.82771,11.82771
Bahrain,BHR,1973,,,16.77046,16.77046
Bahrain,BHR,1974,,,20.67814,20.67814
Bahrain,BHR,1975,,,21.75973,21.75973
Bahrain,BHR,1976,,,22.80643,22.80643
Bahrain,BHR,1977,,,24.73701,24.73701
Bahrain,BHR,1978,,,27.17931,27.17931
Bahrain,BHR,1979,,,30.133331,30.133331
Bahrain,BHR,1980,,,24.457891,24.457891
Bahrain,BHR,1981,,,22.6785,22.6785
Bahrain,BHR,1982,,,35.80877,35.80877
Bahrain,BHR,1983,,,37.53001,37.53001
Bahrain,BHR,1984,,,38.66975,38.66975
Bahrain,BHR,1985,,,47.20617,47.20617
Bahrain,BHR,1986,,,54.044613,54.044613
Bahrain,BHR,1987,,,52.50945,52.50945
Bahrain,BHR,1988,,,55.77748,55.77748
Bahrain,BHR,1989,,,58.02207,58.02207
Bahrain,BHR,1990,,,60.76675,60.76675
Bahrain,BHR,1991,,,57.92903,57.92903
Bahrain,BHR,1992,,,67.6866,67.6866
Bahrain,BHR,1993,,,72.50142,72.50142
Bahrain,BHR,1994,,,74.22266,74.22266
Bahrain,BHR,1995,,,75.45544,75.45544
Bahrain,BHR,1996,,,77.70003,77.70003
Bahrain,BHR,1997,,,83.42199,83.42199
Bahrain,BHR,1998,,,87.713455,87.713455
Bahrain,BHR,1999,,,90.76052,90.76052
Bahrain,BHR,2000,,,91.74908,91.74908
Bahrain,BHR,2001,,,95.54045,95.54045
Bahrain,BHR,2002,,,98.99455,98.99455
Bahrain,BHR,2003,,,100.77396,100.77396
Bahrain,BHR,2004,,,92.69889,92.69889
Bahrain,BHR,2005,,,101.74285,101.74285
Bahrain,BHR,2006,,,107.63207,107.63207
Bahrain,BHR,2007,,,111.98627,111.98627
Bahrain,BHR,2008,,,120.17578,120.17578
Bahrain,BHR,2009,,,121.335045,121.335045
Bahrain,BHR,2010,,,124.28656,124.28656
Bahrain,BHR,2011,,,126.24079,126.24079
Bahrain,BHR,2012,,,130.51854,130.51854
Bahrain,BHR,2013,,,139.5783,139.5783
Bahrain,BHR,2014,,,146.96526,146.96526
Bahrain,BHR,2015,,,145.84346,145.84346
Bahrain,BHR,2016,,,144.41371,144.41371
Bahrain,BHR,2017,,,144.66324,144.66324
Bahrain,BHR,2018,,,146.47456,146.47456
Bahrain,BHR,2019,,,162.65964,162.65964
Bahrain,BHR,2020,,,163.69667,163.69667
Bahrain,BHR,2021,,,166.20808,166.20808
Bahrain,BHR,2022,,,157.687,157.687
Bahrain,BHR,2023,,,157.57086,157.57086
Bahrain,BHR,2024,,,165.71913,165.71913
Bahrain,BHR,2025,,,160.0826,160.0826
Bangladesh,BGD,1971,,,4.456375,4.456375
Bangladesh,BGD,1972,,,4.456375,4.456375
Bangladesh,BGD,1973,,,6.150375,6.150375
Bangladesh,BGD,1974,,,6.8145003,6.8145003
Bangladesh,BGD,1975,,,4.5141253,4.5141253
Bangladesh,BGD,1976,,,6.87225,6.87225
Bangladesh,BGD,1977,,,8.1235,8.1235
Bangladesh,BGD,1978,,,8.614375,8.614375
Bangladesh,BGD,1979,,,9.865625,9.865625
Bangladesh,BGD,1980,,,12.291124,12.291124
Bangladesh,BGD,1981,,,13.613856,13.613856
Bangladesh,BGD,1982,,,17.674847,17.674847
Bangladesh,BGD,1983,,,19.667187,19.667187
Bangladesh,BGD,1984,,,22.700663,22.700663
Bangladesh,BGD,1985,,,25.780474,25.780474
Bangladesh,BGD,1986,,,29.07015,29.07015
Bangladesh,BGD,1987,,,34.155926,34.155926
Bangladesh,BGD,1988,,,40.201077,40.201077
Bangladesh,BGD,1989,,,42.49867,42.49867
Bangladesh,BGD,1990,,,45.742012,45.742012
Bangladesh,BGD,1991,,,47.107487,47.107487
Bangladesh,BGD,1992,,,51.370163,51.370163
Bangladesh,BGD,1993,,,57.50253,57.50253
Bangladesh,BGD,1994,,,60.985718,60.985718
Bangladesh,BGD,1995,,,67.42334,67.42334
Bangladesh,BGD,1996,,,72.36467,72.36467
Bangladesh,BGD,1997,,,71.13274,71.13274
Bangladesh,BGD,1998,,,76.86446,76.86446
Bangladesh,BGD,1999,,,83.80357,83.80357
Bangladesh,BGD,2000,,,90.581894,90.581894
Bangladesh,BGD,2001,,,101.43209,101.43209
Bangladesh,BGD,2002,,,106.71138,106.71138
Bangladesh,BGD,2003,,,114.7843,114.7843
Bangladesh,BGD,2004,,,123.40232,123.40232
Bangladesh,BGD,2005,,,132.63358,132.63358
Bangladesh,BGD,2006,,,143.63368,143.63368
Bangladesh,BGD,2007,,,153.36371,153.36371
Bangladesh,BGD,2008,,,163.7642,163.7642
Bangladesh,BGD,2009,,,187.46739,187.46739
Bangladesh,BGD,2010,,,192.53728,192.53728
Bangladesh,BGD,2011,,,195.82149,195.82149
Bangladesh,BGD,2012,,,213.3628,213.3628
Bangladesh,BGD,2013,,,219.52786,219.52786
Bangladesh,BGD,2014,,,230.2227,230.2227
Bangladesh,BGD,2015,,,258.54062,258.54062
Bangladesh,BGD,2016,,,264.50946,264.50946
Bangladesh,BGD,2017,,,265.92673,265.92673
Bangladesh,BGD,2018,,,265.81772,265.81772
Bangladesh,BGD,2019,,,252.84435,252.84435
Bangladesh,BGD,2020,,,237.309,237.309
Bangladesh,BGD,2021,,,236.10979,236.10979
Bangladesh,BGD,2022,,,225.12604,225.12604
Bangladesh,BGD,2023,,,211.0325,211.0325
Bangladesh,BGD,2024,,,197.24965,197.24965
Bangladesh,BGD,2025,,,179.95093,179.95093
Bolivia,BOL,1970,,,0.41868,0.41868
Bolivia,BOL,1971,,,0.41868,0.41868
Bolivia,BOL,1972,,,11.1648,11.1648
Bolivia,BOL,1973,,,17.2124,17.2124
Bolivia,BOL,1974,,,18.01487,18.01487
Bolivia,BOL,1975,,,17.75901,17.75901
Bolivia,BOL,1976,,,18.305618,18.305618
Bolivia,BOL,1977,,,19.31743,19.31743
Bolivia,BOL,1978,,,19.03831,19.03831
Bolivia,BOL,1979,,,20.8177,20.8177
Bolivia,BOL,1980,,,25.52785,25.52785
Bolivia,BOL,1981,,,27.22583,27.22583
Bolivia,BOL,1982,,,28.23764,28.23764
Bolivia,BOL,1983,,,27.10953,27.10953
Bolivia,BOL,1984,,,26.07446,26.07446
Bolivia,BOL,1985,,,25.84186,25.84186
Bolivia,BOL,1986,,,26.31869,26.31869
Bolivia,BOL,1987,,,27.528212,27.528212
Bolivia,BOL,1988,,,29.098259,29.098259
Bolivia,BOL,1989,,,30.69157,30.69157
Bolivia,BOL,1990,,,31.36611,31.36611
Bolivia,BOL,1991,,,31.18003,31.18003
Bolivia,BOL,1992,,,28.311234,28.311234
Bolivia,BOL,1993,,,28.246838,28.246838
Bolivia,BOL,1994,,,30.458206,30.458206
Bolivia,BOL,1995,,,30.43367,30.43367
Bolivia,BOL,1996,,,30.733114,30.733114
Bolivia,BOL,1997,,,25.90445,25.90445
Bolivia,BOL,1998,,,27.055004,27.055004
Bolivia,BOL,1999,,,21.784061,21.784061
Bolivia,BOL,2000,,,31.224026,31.224026
Bolivia,BOL,2001,,,45.47095,45.47095
Bolivia,BOL,2002,,,58.258457,58.258457
Bolivia,BOL,2003,,,66.95389,66.95389
Bolivia,BOL,2004,,,94.1988,94.1988
Bolivia,BOL,2005,,,116.21581,116.21581
Bolivia,BOL,2006,,,124.45293,124.45293
Bolivia,BOL,2007,,,133.30193,133.30193
Bolivia,BOL,2008,,,137.9202,137.9202
Bolivia,BOL,2009,,,118.81584,118.81584
Bolivia,BOL,2010,,,137.14502,137.14502
Bolivia,BOL,2011,,,150.34001,150.34001
Bolivia,BOL,2012,,,168.59476,168.59476
Bolivia,BOL,2013,,,195.75163,195.75163
Bolivia,BOL,2014,,,204.26025,204.26025
Bolivia,BOL,2015,,,200.93651,200.93651
Bolivia,BOL,2016,,,188.99504,188.99504
Bolivia,BOL,2017,,,185.93495,185.93495
Bolivia,BOL,2018,,,173.31442,173.31442
Bolivia,BOL,2019,,,150.94989,150.94989
Bolivia,BOL,2020,,,146.925,146.925
Bolivia,BOL,2021,,,151.49698,151.49698
Bolivia,BOL,2022,,,135.98546,135.98546
Bolivia,BOL,2023,,,118.073044,118.073044
Bolivia,BOL,2024,,,101.38649,101.38649
Bolivia,BOL,2025,,,86.151436,86.151436
Brazil,BRA,1965,,58.675575,,58.675575
Brazil,BRA,1966,,71.632545,,71.632545
Brazil,BRA,1967,,90.1425,,90.1425
Brazil,BRA,1968,,99.05112,,99.05112
Brazil,BRA,1969,,108.03545,,108.03545
Brazil,BRA,1970,,102.25953,0.8110125,103.0705425
Brazil,BRA,1971,,107.041916,1.2874821,108.3293981
Brazil,BRA,1972,,104.99714,1.7538141,106.7509541
Brazil,BRA,1973,,106.482506,2.0072556,108.4897616
Brazil,BRA,1974,,111.1111,3.8624465,114.9735465
Brazil,BRA,1975,,108.2866,4.2071266,112.4937266
Brazil,BRA,1976,,105.45652,4.845799,110.302319
Brazil,BRA,1977,,101.61979,6.0319047,107.6516947
Brazil,BRA,1978,,101.04517,7.9377837,108.9829537
Brazil,BRA,1979,,104.676834,8.698108,113.374942
Brazil,BRA,1980,,114.915504,10.168068,125.083572
Brazil,BRA,1981,33.744057,134.21123,9.123889,177.079176
Brazil,BRA,1982,37.195045,163.54337,13.037024,213.775439
Brazil,BRA,1983,39.683975,207.35083,17.629381,264.66418600000003
Brazil,BRA,1984,44.539185,290.23807,20.518614,355.295869
Brazil,BRA,1985,45.453854,342.74146,25.739506,413.93482
Brazil,BRA,1986,43.101746,360.37137,29.977045,433.450161
Brazil,BRA,1987,39.264877,358.51154,33.484676,431.261093
Brazil,BRA,1988,42.773262,350.34323,33.697563,426.814055
Brazil,BRA,1989,38.603477,374.16556,34.54913,447.318167
Brazil,BRA,1990,19.62071,396.90588,31.455137,447.981727
Brazil,BRA,1991,23.470465,392.28055,32.700607,448.451622
Brazil,BRA,1992,21.972292,398.22037,37.04399,457.236652
Brazil,BRA,1993,21.837795,406.4251,43.394627,471.657522
Brazil,BRA,1994,24.35495,421.4718,47.391705,493.21845499999995
Brazil,BRA,1995,23.892641,436.17145,52.304947,512.369038
Brazil,BRA,1996,22.26761,494.66245,57.157547,574.087607
Brazil,BRA,1997,26.055893,530.28345,62.216633,618.555976
Brazil,BRA,1998,25.497108,612.65924,65.17325,703.329598
Brazil,BRA,1999,26.124039,691.94525,76.52524,794.594529
Brazil,BRA,2000,31.227255,780.2455,77.09714,888.569895
Brazil,BRA,2001,26.808805,816.74133,78.73798,922.288115
Brazil,BRA,2002,29.793072,914.1956,95.12576,1039.114432
Brazil,BRA,2003,27.196241,948.01917,103.34111,1078.556521
Brazil,BRA,2004,31.53805,940.91486,113.657776,1086.110686
Brazil,BRA,2005,33.071194,1034.8539,112.41441,1180.3395040000003
Brazil,BRA,2006,33.04171,1093.6329,114.78471,1241.45932
Brazil,BRA,2007,34.01415,1109.1145,115.57735,1258.706
Brazil,BRA,2008,37.866035,1152.7557,143.7607,1334.382435
Brazil,BRA,2009,35.40279,1232.6158,122.769424,1390.7880140000002
Brazil,BRA,2010,31.785671,1298.3738,150.20552,1480.3649910000001
Brazil,BRA,2011,31.81142,1326.1354,172.26965,1530.2164699999998
Brazil,BRA,2012,33.947872,1306.8228,198.32849,1539.099162
Brazil,BRA,2013,42.165073,1281.0779,219.49594,1542.738913
Brazil,BRA,2014,41.826893,1424.1478,233.47676,1699.451453
Brazil,BRA,2015,33.800484,1537.4033,238.04495,1809.248734
Brazil,BRA,2016,31.147717,1589.9031,241.23578,1862.286597
Brazil,BRA,2017,25.328682,1658.9243,271.8142,1956.067182
Brazil,BRA,2018,27.44856,1635.2148,251.62358,1914.28694
Brazil,BRA,2019,25.144266,1758.4464,257.46527,2041.055936
Brazil,BRA,2020,27.919014,1853.1815,242.3634,2123.463914
Brazil,BRA,2021,33.79059,1824.885,243.32677,2102.00236
Brazil,BRA,2022,30.290945,1898.2006,230.02669,2158.518235
Brazil,BRA,2023,30.168175,2134.9583,234.22762,2399.3540949999997
Brazil,BRA,2024,29.57457,2112.8518,228.38542,2370.81179
Brazil,BRA,2025,32.180573,2367.314,265.6822,2665.176773
Brunei,BRN,1965,,46.112648,,46.112648
Brunei,BRN,1966,,55.365944,,55.365944
Brunei,BRN,1967,,59.99259,,59.99259
Brunei,BRN,1968,,70.595436,,70.595436
Brunei,BRN,1969,,71.55922,,71.55922
Brunei,BRN,1970,,78.49919,2.13525,80.63444
Brunei,BRN,1971,,74.450874,2.11575,76.566624
Brunei,BRN,1972,,105.390366,4.343625,109.733991
Brunei,BRN,1973,,132.97913,18.968626,151.947756
Brunei,BRN,1974,,113.27886,41.17425,154.45310999999998
Brunei,BRN,1975,,106.60954,53.9955,160.60504
Brunei,BRN,1976,,123.52781,71.214,194.74181
Brunei,BRN,1977,,129.12744,81.7245,210.85194
Brunei,BRN,1978,,136.49191,80.10113,216.59303999999997
Brunei,BRN,1979,,148.17535,83.91825,232.0936
Brunei,BRN,1980,,136.24884,84.230255,220.479095
Brunei,BRN,1981,,98.43889,81.548996,179.987886
Brunei,BRN,1982,,100.906044,81.4515,182.357544
Brunei,BRN,1983,,101.63282,84.95175,186.58456999999999
Brunei,BRN,1984,,97.92559,85.96575,183.89134
Brunei,BRN,1985,,95.0956,83.80613,178.90173
Brunei,BRN,1986,,93.74967,84.025505,177.775175
Brunei,BRN,1987,,87.97889,83.8305,171.80939
Brunei,BRN,1988,,85.20507,87.09675,172.30182000000002
Brunei,BRN,1989,,84.88347,85.3515,170.23497
Brunei,BRN,1990,,86.03725,87.02363,173.06088
Brunei,BRN,1991,,93.08701,88.335,181.42201
Brunei,BRN,1992,,103.771866,95.082,198.85386599999998
Brunei,BRN,1993,,99.33859,100.67363,200.01222
Brunei,BRN,1994,,101.653,101.31225,202.96525000000003
Brunei,BRN,1995,,99.32618,114.66975,213.99593
Brunei,BRN,1996,,93.999794,113.67525,207.675044
Brunei,BRN,1997,,92.58174,113.763,206.34474
Brunei,BRN,1998,,89.11289,105.01725,194.13013999999998
Brunei,BRN,1999,,103.66081,109.473,213.13380999999998
Brunei,BRN,2000,,110.308174,110.1555,220.463674
Brunei,BRN,2001,,115.73349,111.12075,226.85424
Brunei,BRN,2002,,119.65385,111.72525,231.3791
Brunei,BRN,2003,,122.04537,120.4515,242.49687
Brunei,BRN,2004,,120.05514,119.26823,239.32337
Brunei,BRN,2005,,117.379524,117.09443,234.473954
Brunei,BRN,2006,,125.68926,122.561264,248.25052399999998
Brunei,BRN,2007,,110.43321,119.47629,229.9095
Brunei,BRN,2008,,99.55133,118.49997,218.0513
Brunei,BRN,2009,,95.62808,111.286095,206.914175
Brunei,BRN,2010,,97.98434,119.75348,217.73782
Brunei,BRN,2011,,94.01258,124.78791,218.80049
Brunei,BRN,2012,,90.57037,122.512764,213.083134
Brunei,BRN,2013,,76.48024,119.01314,195.49338
Brunei,BRN,2014,,71.56504,126.88147,198.44651
Brunei,BRN,2015,,71.83905,132.91452,204.75357000000002
Brunei,BRN,2016,,68.595314,129.42845,198.023764
Brunei,BRN,2017,,63.8205,128.54909,192.36959000000002
Brunei,BRN,2018,,62.948265,125.65272,188.600985
Brunei,BRN,2019,,68.62962,129.80136,198.43097999999998
Brunei,BRN,2020,,62.556503,126.4079,188.964403
Brunei,BRN,2021,,60.54044,115.34709,175.88753
Brunei,BRN,2022,,52.02172,105.931,157.95272
Brunei,BRN,2023,,50.559364,99.82059,150.379954
Brunei,BRN,2024,,56.392567,103.65616,160.04872699999999
Brunei,BRN,2025,,60.913963,105.020256,165.934219
Bulgaria,BGR,1981,54.998016,,,54.998016
Bulgaria,BGR,1982,60.48164,,,60.48164
Bulgaria,BGR,1983,60.815742,,,60.815742
Bulgaria,BGR,1984,60.702023,,,60.702023
Bulgaria,BGR,1985,57.954987,,,57.954987
Bulgaria,BGR,1986,65.98148,,,65.98148
Bulgaria,BGR,1987,68.92223,,,68.92223
Bulgaria,BGR,1988,63.966427,,,63.966427
Bulgaria,BGR,1989,64.21583,,,64.21583
Bulgaria,BGR,1990,59.206818,,,59.206818
Bulgaria,BGR,1991,54.24859,,,54.24859
Bulgaria,BGR,1992,62.57489,,,62.57489
Bulgaria,BGR,1993,60.6359,,,60.6359
Bulgaria,BGR,1994,58.66628,,,58.66628
Bulgaria,BGR,1995,61.48518,,,61.48518
Bulgaria,BGR,1996,62.819492,,,62.819492
Bulgaria,BGR,1997,58.28521,,,58.28521
Bulgaria,BGR,1998,58.922813,,,58.922813
Bulgaria,BGR,1999,49.729588,,,49.729588
Bulgaria,BGR,2000,49.948257,,,49.948257
Bulgaria,BGR,2001,52.30418,,,52.30418
Bulgaria,BGR,2002,51.501152,,,51.501152
Bulgaria,BGR,2003,54.025444,,,54.025444
Bulgaria,BGR,2004,52.780746,,,52.780746
Bulgaria,BGR,2005,48.58942,,,48.58942
Bulgaria,BGR,2006,50.09491,,,50.09491
Bulgaria,BGR,2007,56.339363,,,56.339363
Bulgaria,BGR,2008,56.53614,,,56.53614
Bulgaria,BGR,2009,53.578606,,,53.578606
Bulgaria,BGR,2010,57.516132,,,57.516132
Bulgaria,BGR,2011,72.23262,,,72.23262
Bulgaria,BGR,2012,65.2704,,,65.2704
Bulgaria,BGR,2013,55.695232,,,55.695232
Bulgaria,BGR,2014,59.645885,,,59.645885
Bulgaria,BGR,2015,68.23731,,,68.23731
Bulgaria,BGR,2016,59.52442,,,59.52442
Bulgaria,BGR,2017,66.27609,,,66.27609
Bulgaria,BGR,2018,59.474857,,,59.474857
Bulgaria,BGR,2019,55.068783,,,55.068783
Bulgaria,BGR,2020,43.987392,,,43.987392
Bulgaria,BGR,2021,54.900787,,,54.900787
Bulgaria,BGR,2022,68.70899,,,68.70899
Bulgaria,BGR,2023,40.82317,,,40.82317
Bulgaria,BGR,2024,29.93213,,,29.93213
Bulgaria,BGR,2025,34.297043,,,34.297043
Canada,CAN,1965,,510.25665,,510.25665
Canada,CAN,1966,,560.70734,,560.70734
Canada,CAN,1967,,612.91425,,612.91425
Canada,CAN,1968,,664.29785,,664.29785
Canada,CAN,1969,,723.5958,,723.5958
Canada,CAN,1970,,814.8895,540.1628,1355.0522999999998
Canada,CAN,1971,,874.15466,590.55,1464.7046599999999
Canada,CAN,1972,,1008.47394,666.75,1675.2239399999999
Canada,CAN,1973,,1166.6589,714.375,1881.0339
Canada,CAN,1974,,1097.7156,699.5541,1797.2696999999998
Canada,CAN,1975,,948.7265,714.5655,1663.292
Canada,CAN,1976,,875.7928,720.852,1596.6448
Canada,CAN,1977,,878.9293,757.2375,1636.1668
Canada,CAN,1978,,874.4582,730.758,1605.2162
Canada,CAN,1979,,1003.3732,770.5725,1773.9457
Canada,CAN,1980,,968.42413,712.2795,1680.70363
Canada,CAN,1981,269.31723,876.45544,688.2765,1834.0491699999998
Canada,CAN,1982,285.6331,867.18097,722.47125,1875.28532
Canada,CAN,1983,296.1142,913.65857,679.5135,1889.28627
Canada,CAN,1984,387.88895,974.7762,744.75977,2107.42492
Canada,CAN,1985,413.09222,996.51917,805.13684,2214.74823
Canada,CAN,1986,383.92166,997.1099,755.1515,2136.18306
Canada,CAN,1987,387.20447,1050.1238,818.5652,2255.89347
Canada,CAN,1988,448.3875,1105.9545,945.2686,2499.6106
Canada,CAN,1989,477.33334,1077.1763,1004.26935,2558.7789900000002
Canada,CAN,1990,464.7503,1078.7738,1034.4779,2578.002
Canada,CAN,1991,485.54883,1084.0847,1088.7856,2658.41913
Canada,CAN,1992,431.53613,1129.9681,1199.6471,2761.1513299999997
Canada,CAN,1993,458.69806,1189.5297,1320.6403,2968.86806
Canada,CAN,1994,482.01917,1240.8297,1429.4711,3152.31997
Canada,CAN,1995,500.22507,1301.4706,1527.4125,3329.10817
Canada,CAN,1996,508.94858,1342.7245,1539.1808,3390.85388
Canada,CAN,1997,527.2064,1403.7892,1597.309,3528.3046
Canada,CAN,1998,498.6286,1454.7723,1656.041,3609.4419
Canada,CAN,1999,479.27606,1407.1923,1705.402,3591.87036
Canada,CAN,2000,454.52444,1454.7485,1763.0468,3672.31974
Canada,CAN,2001,462.9014,1467.3573,1794.1923,3724.451
Canada,CAN,2002,398.45804,1546.8191,1807.2258,3752.50294
Canada,CAN,2003,369.9703,1635.5128,1760.47,3765.9530999999997
Canada,CAN,2004,394.3739,1688.1901,1767.352,3849.916
Canada,CAN,2005,418.35196,1659.3553,1791.5245,3869.23176
Canada,CAN,2006,407.6139,1756.1113,1793.974,3957.6992
Canada,CAN,2007,418.77777,1810.4688,1746.7913,3976.03787
Canada,CAN,2008,420.17862,1782.181,1664.916,3867.2756200000003
Canada,CAN,2009,391.37137,1781.1637,1550.5082,3723.04327
Canada,CAN,2010,415.0936,1868.1313,1495.9108,3779.1357000000003
Canada,CAN,2011,414.22137,1978.6213,1510.7133,3903.55597
Canada,CAN,2012,416.84637,2127.2776,1503.052,4047.1759699999993
Canada,CAN,2013,419.49026,2272.614,1519.2035,4211.30776
Canada,CAN,2014,416.65555,2439.7065,1589.916,4446.27805
Canada,CAN,2015,375.61917,2512.9456,1607.5568,4496.12157
Canada,CAN,2016,381.34,2545.1667,1691.1692,4617.6759
Canada,CAN,2017,369.53778,2751.9355,1748.0621,4869.53538
Canada,CAN,2018,340.3583,2997.575,1800.5444,5138.4776999999995
Canada,CAN,2019,334.60724,3063.6577,1734.476,5132.74094
Canada,CAN,2020,318.4625,2930.347,1697.0734,4945.8829000000005
Canada,CAN,2021,336.04694,3100.7734,1765.0311,5201.85144
Canada,CAN,2022,337.71054,3185.7852,1894.5349,5418.03064
Canada,CAN,2023,352.49915,3229.7332,1950.195,5532.42735
Canada,CAN,2024,318.3414,3374.6255,1994.7085,5687.6754
Canada,CAN,2025,302.63715,3514.414,2062.2717,5879.3228500000005
Chad,TCD,1999,,0.0,,0.0
Chad,TCD,2003,,14.391079,,14.391079
Chad,TCD,2004,,102.74561,,102.74561
Chad,TCD,2005,,105.92504,,105.92504
Chad,TCD,2006,,93.542015,,93.542015
Chad,TCD,2007,,87.68518,,87.68518
Chad,TCD,2008,,77.81223,,77.81223
Chad,TCD,2009,,71.9554,,71.9554
Chad,TCD,2010,,74.46547,,74.46547
Chad,TCD,2011,,69.44532,,69.44532
Chad,TCD,2012,,61.74777,,61.74777
Chad,TCD,2013,,55.358665,,55.358665
Chad,TCD,2014,,54.240368,,54.240368
Chad,TCD,2015,,67.56121,,67.56121
Chad,TCD,2016,,71.3618,,71.3618
Chad,TCD,2017,,60.108273,,60.108273
Chad,TCD,2018,,70.548904,,70.548904
Chad,TCD,2019,,77.494965,,77.494965
Chad,TCD,2020,,77.326004,,77.326004
Chad,TCD,2021,,71.14674,,71.14674
Chad,TCD,2022,,75.57923,,75.57923
Chad,TCD,2023,,81.76247,,81.76247
Chad,TCD,2024,,78.396484,,78.396484
Chad,TCD,2025,,67.79699,,67.79699
China,CHN,1965,,131.53531,,131.53531
China,CHN,1966,,169.2165,,169.2165
China,CHN,1967,,161.42441,,161.42441
China,CHN,1968,,185.9637,,185.9637
China,CHN,1969,,252.8362,,252.8362
China,CHN,1970,,356.4595,28.925762,385.385262
China,CHN,1971,,458.3383,37.6942,496.0325
China,CHN,1972,,531.1421,48.780727,579.922827
China,CHN,1973,,623.4843,60.270405,683.754705
China,CHN,1974,,754.2055,75.892334,830.097834
China,CHN,1975,,896.20776,89.19617,985.40393
China,CHN,1976,,1013.67084,101.794495,1115.465335
China,CHN,1977,,1089.0332,122.1534,1211.1866
China,CHN,1978,,1210.1016,138.38004,1348.48164
China,CHN,1979,,1234.5245,146.24141,1380.76591
China,CHN,1980,,1232.1985,143.82251,1376.02101
China,CHN,1981,3614.604,1177.1886,128.40216,4920.194759999999
China,CHN,1982,3874.5344,1187.6556,120.23845,5182.42845
China,CHN,1983,4154.8174,1233.5941,123.06047,5511.4719700000005
China,CHN,1984,4589.1978,1332.9143,125.27778,6047.389880000001
China,CHN,1985,5072.425,1452.587,130.31711,6655.329110000001
China,CHN,1986,5198.61,1519.9247,138.6824,6857.2171
China,CHN,1987,5396.9014,1560.0482,139.99261,7096.94221
China,CHN,1988,5698.1187,1593.8915,143.72173,7435.73193
China,CHN,1989,6130.173,1600.7532,151.6738,7882.599999999999
China,CHN,1990,6279.5195,1608.5453,154.18338,8042.2481800000005
China,CHN,1991,6323.266,1639.7137,156.11848,8119.09818
China,CHN,1992,6491.7495,1651.9252,159.14209,8302.816789999999
China,CHN,1993,6691.146,1675.0688,168.96878,8535.183579999999
China,CHN,1994,7210.0244,1698.9104,176.97124,9085.906040000002
China,CHN,1995,7912.651,1733.1027,180.912,9826.6657
China,CHN,1996,8121.8066,1843.5876,202.72221,10168.11641
China,CHN,1997,8068.494,1862.312,228.81587,10159.62187
China,CHN,1998,7745.7466,1862.8933,234.62119,9843.26109
China,CHN,1999,7931.644,1863.3586,253.96214,10048.96474
China,CHN,2000,8226.111,1891.2705,274.13962,10391.521120000001
China,CHN,2001,8715.2295,1916.9729,305.67575,10937.87815
China,CHN,2002,9307.322,1940.6515,329.1792,11577.1527
China,CHN,2003,10994.302,1972.2737,352.90436,13319.48006
China,CHN,2004,12873.73,2024.213,417.86133,15315.804329999999
China,CHN,2005,14440.99,2109.1343,497.07965,17047.20395
China,CHN,2006,15449.555,2148.8252,590.1359,18188.5161
China,CHN,2007,16738.865,2166.8809,697.8466,19603.592500000002
China,CHN,2008,17349.283,2214.8125,809.31665,20373.41215
China,CHN,2009,17885.352,2203.7688,859.3975,20948.518299999996
China,CHN,2010,19367.25,2361.053,965.4452,22693.748199999998
China,CHN,2011,21535.068,2359.4421,1061.6561,24956.1662
China,CHN,2012,21789.303,2412.969,1114.7808,25317.0528
China,CHN,2013,22034.137,2441.8264,1218.1072,25694.0706
China,CHN,2014,21680.762,2458.9192,1311.8086,25451.4898
China,CHN,2015,21273.959,2495.3328,1356.6887,25125.980499999998
China,CHN,2016,19671.232,2322.3364,1379.4161,23372.9845
China,CHN,2017,20326.11,2227.2148,1491.9949,24045.319700000004
China,CHN,2018,21352.951,2201.8381,1614.1885,25168.977600000002
China,CHN,2019,21770.871,2228.6338,1767.4144,25766.9192
China,CHN,2020,21988.465,2265.1633,1940.0923,26193.7206
China,CHN,2021,22825.744,2312.986,2092.1692,27230.8992
China,CHN,2022,25015.523,2380.9167,2218.4143,29614.854000000003
China,CHN,2023,25608.953,2430.9724,2342.5835,30382.5089
China,CHN,2024,25916.26,2475.9224,2483.8965,30876.078899999997
China,CHN,2025,26295.787,2513.0918,2641.2344,31450.1132
Colombia,COL,1965,,123.91237,,123.91237
Colombia,COL,1966,,121.46218,,121.46218
Colombia,COL,1967,,117.17435,,117.17435
Colombia,COL,1968,,107.66777,,107.66777
Colombia,COL,1969,,130.65038,,130.65038
Colombia,COL,1970,,136.76793,12.493251,149.26118100000002
Colombia,COL,1971,,135.78943,13.0045,148.79393000000002
Colombia,COL,1972,,123.015465,15.8855,138.900965
Colombia,COL,1973,,115.69473,16.46,132.15473
Colombia,COL,1974,,105.52804,17.1255,122.65354
Colombia,COL,1975,,98.84858,14.91575,113.76433
Colombia,COL,1976,,92.362915,15.148,107.510915
Colombia,COL,1977,,86.84424,17.174751,104.018991
Colombia,COL,1978,,82.55641,22.808249,105.364659
Colombia,COL,1979,,77.65604,26.056002,103.712042
Colombia,COL,1980,,79.09724,27.844751,106.941991
Colombia,COL,1981,32.021763,84.39405,30.519,146.934813
Colombia,COL,1982,35.48201,88.92848,32.536,156.94648999999998
Colombia,COL,1983,40.550415,95.41989,35.745502,171.71580699999998
Colombia,COL,1984,53.259933,104.8947,36.340748,194.49538099999998
Colombia,COL,1985,72.013664,110.73357,37.0675,219.814734
Colombia,COL,1986,86.1612,186.68938,36.1265,308.97708
Colombia,COL,1987,117.11247,236.79889,38.069252,391.980612
Colombia,COL,1988,121.18099,232.53386,36.71075,390.42560000000003
Colombia,COL,1989,151.68288,248.43729,37.1025,437.22267000000005
Colombia,COL,1990,164.24956,271.8334,39.246,475.32895999999994
Colombia,COL,1991,160.74277,262.5844,38.8615,462.18867
Colombia,COL,1992,175.74094,270.61578,39.809,486.16571999999996
Colombia,COL,1993,174.24031,279.4891,38.97375,492.70316
Colombia,COL,1994,181.87984,280.52615,40.2045,502.61048999999997
Colombia,COL,1995,206.55577,360.71124,42.149,609.41601
Colombia,COL,1996,237.24223,387.98355,45.468502,670.6942819999999
Colombia,COL,1997,262.74472,405.1625,56.74,724.6472200000001
Colombia,COL,1998,269.31696,469.95505,64.8955,804.16751
Colombia,COL,1999,262.84103,508.2989,56.929,828.06893
Colombia,COL,2000,306.88058,421.97263,57.358074,786.211284
Colombia,COL,2001,352.37653,369.97833,59.38993,781.7447900000001
Colombia,COL,2002,316.85098,354.0521,59.986813,730.889893
Colombia,COL,2003,401.46042,331.38788,57.499798,790.3480979999999
Colombia,COL,2004,432.4318,324.48898,61.3482,818.26898
Colombia,COL,2005,478.87476,322.2988,64.46344,865.637
Colombia,COL,2006,528.8039,323.06256,67.64682,919.51328
Colombia,COL,2007,558.44556,325.31992,72.57884,956.34432
Colombia,COL,2008,587.2049,360.95447,87.188644,1035.348014
Colombia,COL,2009,581.6551,410.77594,101.118195,1093.549235
Colombia,COL,2010,593.97986,481.3789,108.433876,1183.7926360000001
Colombia,COL,2011,685.4781,560.6426,105.458466,1351.579166
Colombia,COL,2012,711.21136,579.90173,115.25648,1406.36957
Colombia,COL,2013,683.0242,618.5938,132.23476,1433.85276
Colombia,COL,2014,707.6454,606.6536,123.32835,1437.62735
Colombia,COL,2015,692.6424,615.9615,116.10316,1424.7070600000002
Colombia,COL,2016,730.9894,544.14105,119.92117,1395.0516200000002
Colombia,COL,2017,733.3861,523.1395,117.52476,1374.05036
Colombia,COL,2018,702.2291,530.1477,123.76339,1356.14019
Colombia,COL,2019,707.02246,542.61224,126.1822,1375.8169
Colombia,COL,2020,453.77264,479.76053,124.550316,1058.083486
Colombia,COL,2021,508.89645,451.0527,125.66442,1085.61357
Colombia,COL,2022,535.334,462.05707,124.32279,1121.7138599999998
Colombia,COL,2023,553.3347,477.31705,120.612,1151.26375
Colombia,COL,2024,459.49573,474.6074,110.95444,1045.05757
Colombia,COL,2025,383.04053,458.50525,94.13379,935.6795699999999
Congo,COG,1965,,0.82573,,0.82573
Congo,COG,1966,,0.72106,,0.72106
Congo,COG,1967,,0.5815,,0.5815
Congo,COG,1968,,0.50009,,0.50009
Congo,COG,1969,,0.27912,,0.27912
Congo,COG,1970,,0.22096999,,0.22096999
Congo,COG,1971,,0.16282001,,0.16282001
Congo,COG,1972,,3.90768,,3.90768
Congo,COG,1973,,24.31833,,24.31833
Congo,COG,1974,,28.55165,,28.55165
Congo,COG,1975,,20.80607,,20.80607
Congo,COG,1976,,24.422998,,24.422998
Congo,COG,1977,,19.061571,,19.061571
Congo,COG,1978,,28.2609,,28.2609
Congo,COG,1979,,32.122063,,32.122063
Congo,COG,1980,,36.84384,,36.84384
Congo,COG,1981,,47.69463,,47.69463
Congo,COG,1982,,52.95139,,52.95139
Congo,COG,1983,,62.394947,,62.394947
Congo,COG,1984,,70.07075,,70.07075
Congo,COG,1985,,69.04731,,69.04731
Congo,COG,1986,,69.21013,,69.21013
Congo,COG,1987,,73.466705,,73.466705
Congo,COG,1988,,81.851944,,81.851944
Congo,COG,1989,,92.59806,,92.59806
Congo,COG,1990,,93.37727,,93.37727
Congo,COG,1991,,93.66802,,93.66802
Congo,COG,1992,,100.45994,,100.45994
Congo,COG,1993,,110.92694,,110.92694
Congo,COG,1994,,111.20606,,111.20606
Congo,COG,1995,,107.775215,,107.775215
Congo,COG,1996,,120.475174,,120.475174
Congo,COG,1997,,134.74518,,134.74518
Congo,COG,1998,,158.15637,,158.15637
Congo,COG,1999,,159.6449,,159.6449
Congo,COG,2000,,157.21277,,157.21277
Congo,COG,2001,,145.88965,,145.88965
Congo,COG,2002,,140.1276,,140.1276
Congo,COG,2003,,128.00389,,128.00389
Congo,COG,2004,,133.39854,,133.39854
Congo,COG,2005,,146.158,,146.158
Congo,COG,2006,,165.13911,,165.13911
Congo,COG,2007,,133.55975,,133.55975
Congo,COG,2008,,141.85997,,141.85997
Congo,COG,2009,,163.89842,,163.89842
Congo,COG,2010,,186.5655,,186.5655
Congo,COG,2011,,178.15218,,178.15218
Congo,COG,2012,,165.62729,,165.62729
Congo,COG,2013,,143.32234,,143.32234
Congo,COG,2014,,149.92778,,149.92778
Congo,COG,2015,,138.78883,,138.78883
Congo,COG,2016,,138.25708,,138.25708
Congo,COG,2017,,160.49629,,160.49629
Congo,COG,2018,,196.91171,,196.91171
Congo,COG,2019,,200.34785,,200.34785
Congo,COG,2020,,183.19785,,183.19785
Congo,COG,2021,,162.84421,,162.84421
Congo,COG,2022,,159.82117,,159.82117
Congo,COG,2023,,165.6352,,165.6352
Congo,COG,2024,,159.47325,,159.47325
Congo,COG,2025,,165.45473,,165.45473
Czechia,CZE,1981,496.22098,,,496.22098
Czechia,CZE,1982,501.44598,,,501.44598
Czechia,CZE,1983,509.62076,,,509.62076
Czechia,CZE,1984,517.12714,,,517.12714
Czechia,CZE,1985,510.80017,,,510.80017
Czechia,CZE,1986,509.7306,,,509.7306
Czechia,CZE,1987,506.90396,,,506.90396
Czechia,CZE,1988,494.7815,,,494.7815
Czechia,CZE,1989,473.74078,,,473.74078
Czechia,CZE,1990,422.0585,,,422.0585
Czechia,CZE,1991,394.43753,,,394.43753
Czechia,CZE,1992,365.37872,,,365.37872
Czechia,CZE,1993,357.6968,,,357.6968
Czechia,CZE,1994,326.8422,,,326.8422
Czechia,CZE,1995,316.6454,,,316.6454
Czechia,CZE,1996,320.43347,,,320.43347
Czechia,CZE,1997,325.27686,,,325.27686
Czechia,CZE,1998,303.55847,,,303.55847
Czechia,CZE,1999,269.04248,,,269.04248
Czechia,CZE,2000,291.31522,,,291.31522
Czechia,CZE,2001,294.7865,,,294.7865
Czechia,CZE,2002,282.084,,,282.084
Czechia,CZE,2003,283.60004,,,283.60004
Czechia,CZE,2004,272.2294,,,272.2294
Czechia,CZE,2005,274.1188,,,274.1188
Czechia,CZE,2006,277.50995,,,277.50995
Czechia,CZE,2007,276.84058,,,276.84058
Czechia,CZE,2008,264.99173,,,264.99173
Czechia,CZE,2009,242.52397,,,242.52397
Czechia,CZE,2010,242.34268,,,242.34268
Czechia,CZE,2011,244.40384,,,244.40384
Czechia,CZE,2012,235.90388,,,235.90388
Czechia,CZE,2013,206.7583,,,206.7583
Czechia,CZE,2014,197.64938,,,197.64938
Czechia,CZE,2015,196.75519,,,196.75519
Czechia,CZE,2016,187.35568,,,187.35568
Czechia,CZE,2017,177.73419,,,177.73419
Czechia,CZE,2018,171.0091,,,171.0091
Czechia,CZE,2019,156.24455,,,156.24455
Czechia,CZE,2020,118.740425,,,118.740425
Czechia,CZE,2021,122.445816,,,122.445816
Czechia,CZE,2022,132.67432,,,132.67432
Czechia,CZE,2023,113.92237,,,113.92237
Czechia,CZE,2024,95.28993,,,95.28993
Czechia,CZE,2025,96.88002,,,96.88002
Denmark,DNK,1972,,1.1366035,,1.1366035
Denmark,DNK,1973,,1.7002469,,1.7002469
Denmark,DNK,1974,,1.1334981,,1.1334981
Denmark,DNK,1975,,1.7002469,,1.7002469
Denmark,DNK,1976,,2.273207,,2.273207
Denmark,DNK,1977,,5.66749,,5.66749
Denmark,DNK,1978,,4.5339923,,4.5339923
Denmark,DNK,1979,,4.5339923,,4.5339923
Denmark,DNK,1980,,3.4098105,,3.4098105
Denmark,DNK,1981,,8.501235,,8.501235
Denmark,DNK,1982,,19.269466,,19.269466
Denmark,DNK,1983,,24.370207,,24.370207
Denmark,DNK,1984,,26.710182,2.4186,29.128782
Denmark,DNK,1985,,34.00494,11.69685,45.701789999999995
Denmark,DNK,1986,,41.939426,19.838776,61.77820199999999
Denmark,DNK,1987,,52.707653,25.28584,77.993493
Denmark,DNK,1988,,54.55697,24.973087,79.530057
Denmark,DNK,1989,,63.475887,32.0256,95.501487
Denmark,DNK,1990,,68.57663,32.703224,101.279854
Denmark,DNK,1991,,80.478355,41.088234,121.566589
Denmark,DNK,1992,,89.22337,42.798996,132.022366
Denmark,DNK,1993,,95.21384,46.9529,142.16674
Denmark,DNK,1994,,104.84857,50.87366,155.72223
Denmark,DNK,1995,,105.415306,55.085052,160.500358
Denmark,DNK,1996,,118.20676,66.93522,185.14198
Denmark,DNK,1997,,130.35226,81.939125,212.291385
Denmark,DNK,1998,,134.88626,78.867,213.75326
Denmark,DNK,1999,,169.45795,80.85002,250.30797
Denmark,DNK,2000,,206.29353,84.994865,291.28839500000004
Denmark,DNK,2001,,197.22864,87.3835,284.61214
Denmark,DNK,2002,,210.26387,87.570564,297.834434
Denmark,DNK,2003,,208.56363,82.93448,291.49811
Denmark,DNK,2004,,221.63766,98.32064,319.9583
Denmark,DNK,2005,,215.35074,109.1301,324.48084
Denmark,DNK,2006,,195.8336,108.42959,304.26319
Denmark,DNK,2007,,176.41371,96.1517,272.56541000000004
Denmark,DNK,2008,,163.23248,104.90115,268.13363000000004
Denmark,DNK,2009,,150.0611,87.56752,237.62862
Denmark,DNK,2010,,141.38098,85.35939,226.74036999999998
Denmark,DNK,2011,,127.23942,68.57123,195.81065
Denmark,DNK,2012,,116.06729,59.91195,175.97924
Denmark,DNK,2013,,100.9822,49.735855,150.718055
Denmark,DNK,2014,,94.556656,48.006546,142.563202
Denmark,DNK,2015,,89.43252,47.935455,137.367975
Denmark,DNK,2016,,80.53047,47.001026,127.531496
Denmark,DNK,2017,,78.35093,50.500286,128.85121600000002
Denmark,DNK,2018,,65.673004,42.927612,108.600616
Denmark,DNK,2019,,58.35043,32.025566,90.375996
Denmark,DNK,2020,,40.940006,13.796929,54.736934999999995
Denmark,DNK,2021,,37.643425,14.660419,52.303844
Denmark,DNK,2022,,37.03992,14.723674,51.763594000000005
Denmark,DNK,2023,,33.983025,13.5122595,47.4952845
Denmark,DNK,2024,,34.374386,16.762222,51.136608
Denmark,DNK,2025,,41.053238,30.698574,71.751812
Ecuador,ECU,1965,,4.9867253,,4.9867253
Ecuador,ECU,1966,,4.3633847,,4.3633847
Ecuador,ECU,1967,,3.7400439,,3.7400439
Ecuador,ECU,1968,,3.1252425,,3.1252425
Ecuador,ECU,1969,,2.4933627,,2.4933627
Ecuador,ECU,1970,,2.4933627,,2.4933627
Ecuador,ECU,1971,,2.4933627,,2.4933627
Ecuador,ECU,1972,,48.75378,,48.75378
Ecuador,ECU,1973,,130.2782,,130.2782
Ecuador,ECU,1974,,110.3313,,110.3313
Ecuador,ECU,1975,,100.35785,,100.35785
Ecuador,ECU,1976,,117.50911,,117.50911
Ecuador,ECU,1977,,114.43729,,114.43729
Ecuador,ECU,1978,,126.6467,,126.6467
Ecuador,ECU,1979,,134.1268,,134.1268
Ecuador,ECU,1980,,128.24379,,128.24379
Ecuador,ECU,1981,,132.25677,,132.25677
Ecuador,ECU,1982,,132.25677,,132.25677
Ecuador,ECU,1983,,149.08698,,149.08698
Ecuador,ECU,1984,,162.16396,,162.16396
Ecuador,ECU,1985,,177.047,,177.047
Ecuador,ECU,1986,,184.52708,,184.52708
Ecuador,ECU,1987,,109.19317,,109.19317
Ecuador,ECU,1988,,191.90817,,191.90817
Ecuador,ECU,1989,,177.24585,,177.24585
Ecuador,ECU,1990,,180.52965,,180.52965
Ecuador,ECU,1991,,189.62236,,189.62236
Ecuador,ECU,1992,,203.0098,,203.0098
Ecuador,ECU,1993,,217.78125,,217.78125
Ecuador,ECU,1994,,239.59818,,239.59818
Ecuador,ECU,1995,,244.21895,,244.21895
Ecuador,ECU,1996,,243.37984,,243.37984
Ecuador,ECU,1997,,245.20822,,245.20822
Ecuador,ECU,1998,,237.72815,,237.72815
Ecuador,ECU,1999,,236.48146,,236.48146
Ecuador,ECU,2000,,251.12022,,251.12022
Ecuador,ECU,2001,,254.79749,,254.79749
Ecuador,ECU,2002,,245.08144,,245.08144
Ecuador,ECU,2003,,261.2883,,261.2883
Ecuador,ECU,2004,,329.50937,,329.50937
Ecuador,ECU,2005,,332.34912,,332.34912
Ecuador,ECU,2006,,334.64276,,334.64276
Ecuador,ECU,2007,,319.31387,,319.31387
Ecuador,ECU,2008,,316.20746,,316.20746
Ecuador,ECU,2009,,303.71646,,303.71646
Ecuador,ECU,2010,,303.7297,,303.7297
Ecuador,ECU,2011,,311.79193,,311.79193
Ecuador,ECU,2012,,315.15106,,315.15106
Ecuador,ECU,2013,,328.46353,,328.46353
Ecuador,ECU,2014,,346.92267,,346.92267
Ecuador,ECU,2015,,338.5331,,338.5331
Ecuador,ECU,2016,,342.77148,,342.77148
Ecuador,ECU,2017,,331.18875,,331.18875
Ecuador,ECU,2018,,322.4165,,322.4165
Ecuador,ECU,2019,,330.99576,,330.99576
Ecuador,ECU,2020,,299.63,,299.63
Ecuador,ECU,2021,,294.76608,,294.76608
Ecuador,ECU,2022,,299.80652,,299.80652
Ecuador,ECU,2023,,296.25784,,296.25784
Ecuador,ECU,2024,,297.0753,,297.0753
Ecuador,ECU,2025,,274.67017,,274.67017
Egypt,EGY,1965,,75.33914,,75.33914
Egypt,EGY,1966,,72.76891,,72.76891
Egypt,EGY,1967,,64.90703,,64.90703
Egypt,EGY,1968,,99.7505,,99.7505
Egypt,EGY,1969,,142.99084,,142.99084
Egypt,EGY,1970,,190.77852,0.81812495,191.59664494999998
Egypt,EGY,1971,,173.89175,0.81812495,174.70987495
Egypt,EGY,1972,,124.67361,0.683375,125.356985
Egypt,EGY,1973,,98.61077,0.548625,99.159395
Egypt,EGY,1974,,86.67839,0.5775,87.25589
Egypt,EGY,1975,,136.46642,0.48125002,136.94767002
Egypt,EGY,1976,,193.1743,3.6575,196.8318
Egypt,EGY,1977,,243.067,4.4275,247.49450000000002
Egypt,EGY,1978,,292.95972,7.1225,300.08222
Egypt,EGY,1979,,304.00818,10.78,314.78817999999995
Egypt,EGY,1980,,346.3414,20.9825,367.32390000000004
Egypt,EGY,1981,,373.92776,23.485,397.41276
Egypt,EGY,1982,,387.4418,25.69875,413.14055
Egypt,EGY,1983,,423.6809,30.126251,453.80715100000003
Egypt,EGY,1984,,486.55267,38.6925,525.24517
Egypt,EGY,1985,,524.1292,47.45125,571.5804499999999
Egypt,EGY,1986,,478.40002,54.670002,533.070022
Egypt,EGY,1987,,537.87585,60.445,598.3208500000001
Egypt,EGY,1988,,514.4414,66.604996,581.0463960000001
Egypt,EGY,1989,,517.77924,74.497505,592.276745
Egypt,EGY,1990,,529.1534,77.67375,606.8271500000001
Egypt,EGY,1991,,528.2113,87.395004,615.606304
Egypt,EGY,1992,,534.80554,94.5175,629.32304
Egypt,EGY,1993,,552.739,108.666245,661.405245
Egypt,EGY,1994,,540.76013,116.4625,657.22263
Egypt,EGY,1995,,541.8185,120.3125,662.131
Egypt,EGY,1996,,524.2804,128.0125,652.2928999999999
Egypt,EGY,1997,,509.30096,130.90001,640.20097
Egypt,EGY,1998,,499.64807,134.75,634.39807
Egypt,EGY,1999,,481.02844,161.7,642.72844
Egypt,EGY,2000,,452.60547,202.125,654.73047
Egypt,EGY,2001,,437.2891,242.54999,679.83909
Egypt,EGY,2002,,433.1078,262.7625,695.8703
Egypt,EGY,2003,,431.15292,289.71252,720.86544
Egypt,EGY,2004,,405.19684,317.625,722.8218400000001
Egypt,EGY,2005,,385.7355,409.0625,794.798
Egypt,EGY,2006,,385.67053,526.4875,912.1580299999999
Egypt,EGY,2007,,393.21033,536.01624,929.22657
Egypt,EGY,2008,,403.0303,567.58624,970.61654
Egypt,EGY,2009,,410.0738,603.39124,1013.46504
Egypt,EGY,2010,,407.3989,590.205,997.6039000000001
Egypt,EGY,2011,,402.38626,591.4328,993.81906
Egypt,EGY,2012,,403.86438,585.9818,989.84618
Egypt,EGY,2013,,399.61905,539.6484,939.26745
Egypt,EGY,2014,,408.6805,469.6105,878.2909999999999
Egypt,EGY,2015,,412.06253,425.90625,837.9687799999999
Egypt,EGY,2016,,393.50104,402.5175,796.01854
Egypt,EGY,2017,,374.23016,488.11273,862.34289
Egypt,EGY,2018,,381.97574,585.59,967.56574
Egypt,EGY,2019,,369.97357,649.3875,1019.36107
Egypt,EGY,2020,,361.30188,584.65173,945.95361
Egypt,EGY,2021,,344.26385,677.9944,1022.2582500000001
Egypt,EGY,2022,,347.0419,644.88184,991.92374
Egypt,EGY,2023,,345.3406,571.004,916.3446
Egypt,EGY,2024,,330.27887,475.1917,805.47057
Egypt,EGY,2025,,307.9011,407.5741,715.4752
Equatorial Guinea,GNQ,1992,,1.1551099,,1.1551099
Equatorial Guinea,GNQ,1993,,2.8798847,,2.8798847
Equatorial Guinea,GNQ,1994,,2.8798847,,2.8798847
Equatorial Guinea,GNQ,1995,,4.031839,,4.031839
Equatorial Guinea,GNQ,1996,,9.818435,,9.818435
Equatorial Guinea,GNQ,1997,,34.558617,,34.558617
Equatorial Guinea,GNQ,1998,,47.806084,,47.806084
Equatorial Guinea,GNQ,1999,,57.597694,,57.597694
Equatorial Guinea,GNQ,2000,,66.25601,,66.25601
Equatorial Guinea,GNQ,2001,,108.799065,,108.799065
Equatorial Guinea,GNQ,2002,,129.11417,,129.11417
Equatorial Guinea,GNQ,2003,,147.95903,,147.95903
Equatorial Guinea,GNQ,2004,,192.61258,,192.61258
Equatorial Guinea,GNQ,2005,,203.15892,,203.15892
Equatorial Guinea,GNQ,2006,,200.56953,,200.56953
Equatorial Guinea,GNQ,2007,,206.19716,,206.19716
Equatorial Guinea,GNQ,2008,,204.46303,,204.46303
Equatorial Guinea,GNQ,2009,,181.91013,,181.91013
Equatorial Guinea,GNQ,2010,,168.11337,,168.11337
Equatorial Guinea,GNQ,2011,,164.84421,,164.84421
Equatorial Guinea,GNQ,2012,,176.3504,,176.3504
Equatorial Guinea,GNQ,2013,,153.92014,,153.92014
Equatorial Guinea,GNQ,2014,,154.43758,,154.43758
Equatorial Guinea,GNQ,2015,,140.7708,,140.7708
Equatorial Guinea,GNQ,2016,,120.30298,,120.30298
Equatorial Guinea,GNQ,2017,,104.27127,,104.27127
Equatorial Guinea,GNQ,2018,,94.47002,,94.47002
Equatorial Guinea,GNQ,2019,,86.00617,,86.00617
Equatorial Guinea,GNQ,2020,,85.849174,,85.849174
Equatorial Guinea,GNQ,2021,,70.74319,,70.74319
Equatorial Guinea,GNQ,2022,,64.681,,64.681
Equatorial Guinea,GNQ,2023,,46.873856,,46.873856
Equatorial Guinea,GNQ,2024,,50.351643,,50.351643
Equatorial Guinea,GNQ,2025,,40.73291,,40.73291
Gabon,GAB,1965,,14.71195,,14.71195
Gabon,GAB,1966,,16.82861,,16.82861
Gabon,GAB,1967,,40.06535,,40.06535
Gabon,GAB,1968,,53.974827,,53.974827
Gabon,GAB,1969,,58.46401,,58.46401
Gabon,GAB,1970,,63.06949,,63.06949
Gabon,GAB,1971,,67.39585,,67.39585
Gabon,GAB,1972,,73.30389,,73.30389
Gabon,GAB,1973,,88.35311,,88.35311
Gabon,GAB,1974,,118.649254,,118.649254
Gabon,GAB,1975,,131.59344,,131.59344
Gabon,GAB,1976,,131.69812,,131.69812
Gabon,GAB,1977,,131.03522,,131.03522
Gabon,GAB,1978,,123.27801,,123.27801
Gabon,GAB,1979,,113.950745,,113.950745
Gabon,GAB,1980,,103.44885,,103.44885
Gabon,GAB,1981,,88.99276,,88.99276
Gabon,GAB,1982,,90.62096,,90.62096
Gabon,GAB,1983,,91.51647,,91.51647
Gabon,GAB,1984,,101.52989,,101.52989
Gabon,GAB,1985,,100.32038,,100.32038
Gabon,GAB,1986,,96.47085,,96.47085
Gabon,GAB,1987,,89.88827,,89.88827
Gabon,GAB,1988,,103.41396,,103.41396
Gabon,GAB,1989,,118.94001,,118.94001
Gabon,GAB,1990,,156.92358,,156.92358
Gabon,GAB,1991,,171.05405,,171.05405
Gabon,GAB,1992,,168.07675,,168.07675
Gabon,GAB,1993,,177.04349,,177.04349
Gabon,GAB,1994,,195.81432,,195.81432
Gabon,GAB,1995,,206.50229,,206.50229
Gabon,GAB,1996,,212.2475,,212.2475
Gabon,GAB,1997,,211.59622,,211.59622
Gabon,GAB,1998,,195.94223,,195.94223
Gabon,GAB,1999,,197.41925,,197.41925
Gabon,GAB,2000,,160.71355,,160.71355
Gabon,GAB,2001,,152.14458,,152.14458
Gabon,GAB,2002,,148.66035,,148.66035
Gabon,GAB,2003,,159.11304,,159.11304
Gabon,GAB,2004,,158.96667,,158.96667
Gabon,GAB,2005,,156.9819,,156.9819
Gabon,GAB,2006,,140.49571,,140.49571
Gabon,GAB,2007,,142.59535,,142.59535
Gabon,GAB,2008,,139.50262,,139.50262
Gabon,GAB,2009,,139.94995,,139.94995
Gabon,GAB,2010,,135.41739,,135.41739
Gabon,GAB,2011,,137.21002,,137.21002
Gabon,GAB,2012,,128.77348,,128.77348
Gabon,GAB,2013,,123.92525,,123.92525
Gabon,GAB,2014,,122.47349,,122.47349
Gabon,GAB,2015,,124.00364,,124.00364
Gabon,GAB,2016,,128.48758,,128.48758
Gabon,GAB,2017,,121.986275,,121.986275
Gabon,GAB,2018,,112.33555,,112.33555
Gabon,GAB,2019,,126.495445,,126.495445
Gabon,GAB,2020,,120.77915,,120.77915
Gabon,GAB,2021,,105.20508,,105.20508
Gabon,GAB,2022,,110.651505,,110.651505
Gabon,GAB,2023,,129.61905,,129.61905
Gabon,GAB,2024,,130.23563,,130.23563
Gabon,GAB,2025,,131.81993,,131.81993
Germany,DEU,1970,,,120.12975,120.12975
Germany,DEU,1971,,,147.99725,147.99725
Germany,DEU,1972,,,177.18575,177.18575
Germany,DEU,1973,,,198.37451,198.37451
Germany,DEU,1974,,,206.037,206.037
Germany,DEU,1975,,,191.252,191.252
Germany,DEU,1976,,,197.20975,197.20975
Germany,DEU,1977,,,196.06601,196.06601
Germany,DEU,1978,,,202.7125,202.7125
Germany,DEU,1979,,,203.00475,203.00475
Germany,DEU,1980,,,184.81549,184.81549
Germany,DEU,1981,1731.1663,,189.32574,1920.49204
Germany,DEU,1982,1738.7163,,166.2025,1904.9188
Germany,DEU,1983,1642.8706,,183.71301,1826.58361
Germany,DEU,1984,1662.8279,,180.5255,1843.3534
Germany,DEU,1985,1728.6155,,171.077,1899.6925
Germany,DEU,1986,1669.0494,,140.1515,1809.2009
Germany,DEU,1987,1616.0663,,157.3055,1773.3718
Germany,DEU,1988,1603.5989,,146.38426,1749.98316
Germany,DEU,1989,1530.1111,,153.2025,1683.3136
Germany,DEU,1990,1454.1819,,150.24626,1604.42816
Germany,DEU,1991,1234.5308,,153.95282,1388.48362
Germany,DEU,1992,1135.4911,,156.15968,1291.65078
Germany,DEU,1993,1021.6924,,155.40355,1177.09595
Germany,DEU,1994,941.4317,,162.92096,1104.35266
Germany,DEU,1995,919.34607,,168.11719,1087.46326
Germany,DEU,1996,860.474,,182.06174,1042.53574
Germany,DEU,1997,824.1913,,178.96686,1003.15816
Germany,DEU,1998,756.04755,,174.86966,930.9172100000001
Germany,DEU,1999,735.9455,,186.78319,922.72869
Germany,DEU,2000,706.0867,,176.6545,882.7411999999999
Germany,DEU,2001,677.5281,,178.33382,855.86192
Germany,DEU,2002,679.46185,,177.86783,857.32968
Germany,DEU,2003,672.2004,,185.15663,857.3570299999999
Germany,DEU,2004,679.34467,,171.33516,850.6798299999999
Germany,DEU,2005,657.9308,,165.42674,823.35754
Germany,DEU,2006,620.4535,,163.4221,783.8756
Germany,DEU,2007,632.8359,,149.69736,782.53326
Germany,DEU,2008,582.6158,,136.35068,718.96648
Germany,DEU,2009,539.80273,,127.461685,667.264415
Germany,DEU,2010,533.795,,111.23992,645.0349199999999
Germany,DEU,2011,543.4825,,104.6545,648.137
Germany,DEU,2012,555.5953,,94.61372,650.20902
Germany,DEU,2013,524.7561,,86.04125,610.7973499999999
Germany,DEU,2014,513.27655,,80.82743,594.1039800000001
Germany,DEU,2015,497.90945,,75.24433,573.15378
Germany,DEU,2016,460.97223,,69.230415,530.2026450000001
Germany,DEU,2017,458.4445,,63.761612,522.206112
Germany,DEU,2018,439.40762,,55.41774,494.82536
Germany,DEU,2019,330.5278,,53.30759,383.83539
Germany,DEU,2020,271.94455,,45.324203,317.268753
Germany,DEU,2021,320.33334,,45.368168,365.701508
Germany,DEU,2022,331.344,,42.57275,373.91675
Germany,DEU,2023,254.48016,,38.061188,292.541348
Germany,DEU,2024,229.32445,,36.60267,265.92712
Germany,DEU,2025,213.29419,,37.37218,250.66636999999997
Greece,GRC,1981,40.44723,,,40.44723
Greece,GRC,1982,42.382046,,,42.382046
Greece,GRC,1983,46.24902,,,46.24902
Greece,GRC,1984,50.27067,,,50.27067
Greece,GRC,1985,56.265614,,,56.265614
Greece,GRC,1986,58.799767,,,58.799767
Greece,GRC,1987,69.42046,,,69.42046
Greece,GRC,1988,73.115746,,,73.115746
Greece,GRC,1989,82.81958,,,82.81958
Greece,GRC,1990,82.788155,,,82.788155
Greece,GRC,1991,80.28654,,,80.28654
Greece,GRC,1992,81.35301,,,81.35301
Greece,GRC,1993,83.306854,,,83.306854
Greece,GRC,1994,85.6061,,,85.6061
Greece,GRC,1995,87.34246,,,87.34246
Greece,GRC,1996,83.6104,,,83.6104
Greece,GRC,1997,89.62311,,,89.62311
Greece,GRC,1998,94.50539,,,94.50539
Greece,GRC,1999,93.4389,,,93.4389
Greece,GRC,2000,95.6172,,,95.6172
Greece,GRC,2001,97.59896,,,97.59896
Greece,GRC,2002,99.809814,,,99.809814
Greece,GRC,2003,95.086876,,,95.086876
Greece,GRC,2004,99.39928,,,99.39928
Greece,GRC,2005,99.29694,,,99.29694
Greece,GRC,2006,95.02059,,,95.02059
Greece,GRC,2007,97.56523,,,97.56523
Greece,GRC,2008,94.54609,,,94.54609
Greece,GRC,2009,95.08572,,,95.08572
Greece,GRC,2010,85.078094,,,85.078094
Greece,GRC,2011,87.28199,,,87.28199
Greece,GRC,2012,93.55986,,,93.55986
Greece,GRC,2013,78.25013,,,78.25013
Greece,GRC,2014,74.248245,,,74.248245
Greece,GRC,2015,66.00332,,,66.00332
Greece,GRC,2016,46.20091,,,46.20091
Greece,GRC,2017,53.11735,,,53.11735
Greece,GRC,2018,49.715996,,,49.715996
Greece,GRC,2019,35.90746,,,35.90746
Greece,GRC,2020,18.960646,,,18.960646
Greece,GRC,2021,16.737257,,,16.737257
Greece,GRC,2022,19.2901,,,19.2901
Greece,GRC,2023,15.25057,,,15.25057
Greece,GRC,2024,9.481823,,,9.481823
Greece,GRC,2025,7.9548974,,,7.9548974
Guyana,GUY,2019,,0.6774911,,0.6774911
Guyana,GUY,2020,,43.14841,,43.14841
Guyana,GUY,2021,,67.70945,,67.70945
Guyana,GUY,2022,,160.90018,,160.90018
Guyana,GUY,2023,,226.54066,,226.54066
Guyana,GUY,2024,,357.68057,,357.68057
Guyana,GUY,2025,,414.51352,,414.51352
Hungary,HUN,1981,83.507416,,,83.507416
Hungary,HUN,1982,83.701775,,,83.701775
Hungary,HUN,1983,80.292694,,,80.292694
Hungary,HUN,1984,78.43279,,,78.43279
Hungary,HUN,1985,76.24481,,,76.24481
Hungary,HUN,1986,72.13165,,,72.13165
Hungary,HUN,1987,71.60768,,,71.60768
Hungary,HUN,1988,65.99191,,,65.99191
Hungary,HUN,1989,63.114994,,,63.114994
Hungary,HUN,1990,57.0943,,,57.0943
Hungary,HUN,1991,55.172295,,,55.172295
Hungary,HUN,1992,50.173683,,,50.173683
Hungary,HUN,1993,43.224224,,,43.224224
Hungary,HUN,1994,41.212894,,,41.212894
Hungary,HUN,1995,41.927776,,,41.927776
Hungary,HUN,1996,44.78288,,,44.78288
Hungary,HUN,1997,46.77155,,,46.77155
Hungary,HUN,1998,42.749775,,,42.749775
Hungary,HUN,1999,39.516582,,,39.516582
Hungary,HUN,2000,38.56221,,,38.56221
Hungary,HUN,2001,35.136055,,,35.136055
Hungary,HUN,2002,34.42073,,,34.42073
Hungary,HUN,2003,35.545143,,,35.545143
Hungary,HUN,2004,27.068296,,,27.068296
Hungary,HUN,2005,20.330936,,,20.330936
Hungary,HUN,2006,20.429245,,,20.429245
Hungary,HUN,2007,20.617804,,,20.617804
Hungary,HUN,2008,19.696161,,,19.696161
Hungary,HUN,2009,18.096804,,,18.096804
Hungary,HUN,2010,18.529766,,,18.529766
Hungary,HUN,2011,19.136538,,,19.136538
Hungary,HUN,2012,18.683224,,,18.683224
Hungary,HUN,2013,18.744303,,,18.744303
Hungary,HUN,2014,18.467918,,,18.467918
Hungary,HUN,2015,17.657642,,,17.657642
Hungary,HUN,2016,17.008642,,,17.008642
Hungary,HUN,2017,14.92314,,,14.92314
Hungary,HUN,2018,13.27083,,,13.27083
Hungary,HUN,2019,11.554312,,,11.554312
Hungary,HUN,2020,10.846358,,,10.846358
Hungary,HUN,2021,8.990874,,,8.990874
Hungary,HUN,2022,9.058839,,,9.058839
Hungary,HUN,2023,7.720959,,,7.720959
Hungary,HUN,2024,7.403972,,,7.403972
Hungary,HUN,2025,4.0577493,,,4.0577493
India,IND,1965,,35.145863,,35.145863
India,IND,1966,,54.04461,,54.04461
India,IND,1967,,65.90721,,65.90721
India,IND,1968,,68.07039,,68.07039
India,IND,1969,,78.18849,,78.18849
India,IND,1970,,79.18867,6.3284664,85.5171364
India,IND,1971,,83.56155,6.706219,90.267769
India,IND,1972,,85.74799,7.3559065,93.1038965
India,IND,1973,,83.71274,7.336656,91.049396
India,IND,1974,,87.108696,8.303968,95.41266399999999
India,IND,1975,,96.33129,10.630813,106.962103
India,IND,1976,,100.70418,12.914344,113.618524
India,IND,1977,,118.45155,13.792624,132.244174
India,IND,1978,,131.08173,15.404812,146.486542
India,IND,1979,,149.31757,19.158562,168.47613199999998
India,IND,1980,,109.31037,11.331031,120.641401
India,IND,1981,741.7438,174.15926,19.781782,935.684842
India,IND,1982,734.24493,231.21603,25.934563,991.3955229999999
India,IND,1983,776.837,294.8903,30.857752,1102.585052
India,IND,1984,815.0646,327.8962,35.340595,1178.301395
India,IND,1985,841.7091,351.24927,43.228283,1236.186653
India,IND,1986,905.42584,367.76385,60.40024,1333.5899299999999
India,IND,1987,992.4843,356.85492,69.577,1418.9162199999998
India,IND,1988,1055.1355,375.48618,81.50488,1512.1265600000002
India,IND,1989,1147.4272,400.64188,96.904594,1644.9736740000003
India,IND,1990,1236.1667,397.40875,115.92735,1749.5028
India,IND,1991,1321.8241,374.25342,129.10802,1825.18554
India,IND,1992,1395.0984,339.4332,144.34691,1878.87851
India,IND,1993,1441.3691,324.18625,146.67085,1912.2261999999998
India,IND,1994,1466.0952,376.55612,158.56918,2001.2205
India,IND,1995,1547.9033,426.2046,180.77829,2154.88619
India,IND,1996,1658.9543,404.724,197.31721,2260.99551
India,IND,1997,1713.9055,413.85355,214.52634,2342.28539
India,IND,1998,1703.4462,403.50284,235.42874,2342.37778
India,IND,1999,1666.2043,402.5608,241.23369,2309.99879
India,IND,2000,1771.1918,397.32733,253.62694,2422.1460700000002
India,IND,2001,1793.7572,397.4785,254.27748,2445.5131800000004
India,IND,2002,1873.2715,409.86447,265.54413,2548.6801000000005
India,IND,2003,1954.7339,411.56244,284.26898,2650.5653199999997
India,IND,2004,2110.9717,422.57605,281.37762,2814.92537
India,IND,2005,2207.1597,406.17773,285.12137,2898.4588
India,IND,2006,2303.6853,419.20334,281.8681,3004.7567400000003
India,IND,2007,2446.755,423.80884,289.64514,3160.2089800000003
India,IND,2008,2647.5125,439.5326,293.9186,3380.9637
India,IND,2009,2857.771,441.89346,361.4994,3661.16386
India,IND,2010,2937.1091,479.662,474.29187,3891.06297
India,IND,2011,2915.2168,498.74335,429.33395,3843.2941000000005
India,IND,2012,2966.2107,494.85077,372.67825,3833.73972
India,IND,2013,2974.1167,490.85788,310.6313,3775.60588
India,IND,2014,3133.7236,484.2957,293.5522,3911.5715
India,IND,2015,3268.103,478.8405,281.4278,4028.3713000000002
India,IND,2016,3301.831,472.0089,265.82315,4039.66305
India,IND,2017,3329.753,470.28488,276.93326,4076.9711400000006
India,IND,2018,3555.3447,459.93576,274.91486,4290.19532
India,IND,2019,3498.8784,435.97647,269.05524,4203.91011
India,IND,2020,3497.081,408.77762,237.60626,4143.4648799999995
India,IND,2021,3716.6062,395.41418,285.38812,4397.4085
India,IND,2022,4180.3755,384.05682,298.0193,4862.45162
India,IND,2023,4674.3823,378.58463,315.8549,5368.821830000001
India,IND,2024,4990.1763,376.88736,323.71182,5690.77548
India,IND,2025,4991.563,370.6685,311.6532,5673.8847
Indonesia,IDN,1965,,285.34518,,285.34518
Indonesia,IDN,1966,,278.29962,,278.29962
Indonesia,IDN,1967,,299.4363,,299.4363
Indonesia,IDN,1968,,352.65442,,352.65442
Indonesia,IDN,1969,,376.93747,,376.93747
Indonesia,IDN,1970,,501.40903,12.7890005,514.1980305
Indonesia,IDN,1971,,523.72,15.224999,538.944999
Indonesia,IDN,1972,,636.4264,11.27665,647.70305
Indonesia,IDN,1973,,785.5799,17.4783,803.0581999999999
Indonesia,IDN,1974,,807.3037,18.0467,825.3504
Indonesia,IDN,1975,,766.7918,23.6495,790.4413
Indonesia,IDN,1976,,885.34705,23.852499,909.1995489999999
Indonesia,IDN,1977,,987.813,57.449,1045.262
Indonesia,IDN,1978,,954.87695,110.432,1065.3089499999999
Indonesia,IDN,1979,,925.10754,160.167,1085.27454
Indonesia,IDN,1980,,919.1779,187.87651,1107.05441
Indonesia,IDN,1981,2.7412376,929.9591,190.5155,1123.2158376
Indonesia,IDN,1982,4.0433254,774.3697,193.662,972.0750254
Indonesia,IDN,1983,4.454511,822.0525,220.9655,1047.472511
Indonesia,IDN,1984,10.074048,870.9995,297.9025,1178.976048
Indonesia,IDN,1985,13.706187,771.53186,327.84497,1113.083017
Indonesia,IDN,1986,17.749512,818.39996,341.14148,1177.2909519999998
Indonesia,IDN,1987,20.764874,812.057,364.4865,1197.308374
Indonesia,IDN,1988,30.770391,782.5798,398.083,1211.433191
Indonesia,IDN,1989,59.621918,833.06067,418.789,1311.4715879999999
Indonesia,IDN,1990,73.5337,865.6619,445.39825,1384.59385
Indonesia,IDN,1991,94.84682,942.0945,489.0921,1526.0334200000002
Indonesia,IDN,1992,153.23518,892.374,518.31085,1563.9200299999998
Indonesia,IDN,1993,189.00833,893.77747,538.47565,1621.26145
Indonesia,IDN,1994,225.2612,894.8168,613.5329,1733.6109000000001
Indonesia,IDN,1995,286.73343,889.1665,616.30426,1792.20419
Indonesia,IDN,1996,345.05328,892.3267,649.38776,1886.7677399999998
Indonesia,IDN,1997,375.68658,880.5205,666.68976,1922.8968399999999
Indonesia,IDN,1998,426.46802,862.9521,655.5651,1944.98522
Indonesia,IDN,1999,504.93594,797.86676,710.88837,2013.6910699999999
Indonesia,IDN,2000,527.9636,835.15326,706.84424,2069.9611
Indonesia,IDN,2001,634.1885,792.87384,686.26495,2113.32729
Indonesia,IDN,2002,708.12396,736.5128,755.9024,2200.53916
Indonesia,IDN,2003,783.1579,670.43884,791.5684,2245.16514
Indonesia,IDN,2004,907.42126,646.04767,756.94684,2310.41577
Indonesia,IDN,2005,1047.9841,624.7098,762.6978,2435.3916999999997
Indonesia,IDN,2006,1308.1743,584.1274,753.971,2646.2727
Indonesia,IDN,2007,1472.8837,556.3172,725.79126,2754.99216
Indonesia,IDN,2008,1644.7201,574.8375,748.29944,2967.85704
Indonesia,IDN,2009,1721.6206,562.9781,819.0661,3103.6648
Indonesia,IDN,2010,1759.6871,565.4801,831.86194,3157.0291399999996
Indonesia,IDN,2011,2203.6328,538.5468,894.3392,3636.5188
Indonesia,IDN,2012,2376.853,518.4984,942.41003,3837.76143
Indonesia,IDN,2013,2901.0986,492.70227,827.2839,4221.08477
Indonesia,IDN,2014,2820.6782,476.3889,871.55084,4168.61794
Indonesia,IDN,2015,2829.951,471.94174,866.4775,4168.37024
Indonesia,IDN,2016,2742.3064,496.00772,852.7792,4091.09332
Indonesia,IDN,2017,2691.0933,476.2169,831.9047,3999.2149
Indonesia,IDN,2018,3178.2073,458.87897,829.79193,4466.8782
Indonesia,IDN,2019,3566.6284,443.38217,755.74695,4765.75752
Indonesia,IDN,2020,3271.4934,422.56863,664.38885,4358.45088
Indonesia,IDN,2021,3522.2769,392.26587,665.4733,4580.01607
Indonesia,IDN,2022,3875.8389,366.00745,654.9914,4896.83775
Indonesia,IDN,2023,4370.5825,361.62506,681.4389,5413.646460000001
Indonesia,IDN,2024,4714.16,347.63095,713.88745,5775.6784
Indonesia,IDN,2025,4454.129,348.19934,718.1722,5520.50054
Iran,IRN,1965,,1112.55,,1112.55
Iran,IRN,1966,,1243.164,,1243.164
Iran,IRN,1967,,1517.8029,,1517.8029
Iran,IRN,1968,,1660.5338,,1660.5338
Iran,IRN,1969,,1968.5372,,1968.5372
Iran,IRN,1970,,2239.7864,34.95454,2274.74094
Iran,IRN,1971,,2659.6023,84.544,2744.1463
Iran,IRN,1972,,2950.6582,114.00435,3064.66255
Iran,IRN,1973,,3435.2354,125.98127,3561.21667
Iran,IRN,1974,,3526.1836,130.7201,3656.9037
Iran,IRN,1975,,3133.9348,136.17853,3270.11333
Iran,IRN,1976,,3453.717,138.73764,3592.45464
Iran,IRN,1977,,3321.8525,140.884,3462.7365
Iran,IRN,1978,,3079.8574,88.254166,3168.111566
Iran,IRN,1979,,1866.4425,85.00565,1951.4481500000002
Iran,IRN,1980,,862.45776,45.35404,907.8118
Iran,IRN,1981,,769.4381,49.280403,818.7185029999999
Iran,IRN,1982,,1396.675,67.49103,1464.1660299999999
Iran,IRN,1983,,1428.5646,77.13311,1505.69771
Iran,IRN,1984,,1192.2871,89.78872,1282.07582
Iran,IRN,1985,,1283.3833,96.86438,1380.24768
Iran,IRN,1986,,1194.3988,93.05475,1287.45355
Iran,IRN,1987,,1357.5194,113.91767,1471.43707
Iran,IRN,1988,,1365.1671,123.67468,1488.84178
Iran,IRN,1989,,1672.8422,156.16837,1829.0105700000001
Iran,IRN,1990,,1893.2346,247.18037,2140.41497
Iran,IRN,1991,,2027.9333,291.9969,2319.9302
Iran,IRN,1992,,2043.1451,309.0442,2352.1893
Iran,IRN,1993,,2143.3389,165.13165,2308.47055
Iran,IRN,1994,,2151.3699,262.31458,2413.68448
Iran,IRN,1995,,2156.8591,318.67996,2475.53906
Iran,IRN,1996,,2170.6436,374.79385,2545.43745
Iran,IRN,1997,,2174.3757,393.79935,2568.17505
Iran,IRN,1998,,2218.8591,444.71783,2663.57693
Iran,IRN,1999,,2071.5051,529.8003,2601.3053999999997
Iran,IRN,2000,,2229.0667,563.3661,2792.4327999999996
Iran,IRN,2001,,2207.4316,626.05237,2833.4839699999998
Iran,IRN,2002,,2083.1982,744.47144,2827.66964
Iran,IRN,2003,,2350.3044,780.8762,3131.1806
Iran,IRN,2004,,2428.7239,910.4013,3339.1252
Iran,IRN,2005,,2417.5408,966.12524,3383.66604
Iran,IRN,2006,,2449.531,1052.7727,3502.3037
Iran,IRN,2007,,2480.1643,1180.1443,3660.3086
Iran,IRN,2008,,2505.3982,1235.6742,3741.0724
Iran,IRN,2009,,2409.9597,1357.3561,3767.3158
Iran,IRN,2010,,2465.9385,1439.1016,3905.0401
Iran,IRN,2011,,2471.7043,1509.8625,3981.5667999999996
Iran,IRN,2012,,2098.9683,1569.3575,3668.3258
Iran,IRN,2013,,1973.2856,1575.2805,3548.5661
Iran,IRN,2014,,2024.1608,1754.506,3778.6668
Iran,IRN,2015,,2096.2253,1835.4789,3931.7042
Iran,IRN,2016,,2513.76,1993.4192,4507.1792000000005
Iran,IRN,2017,,2727.699,2138.5007,4866.1997
Iran,IRN,2018,,2598.6675,2201.2517,4799.9192
Iran,IRN,2019,,1912.266,2283.1396,4195.4056
Iran,IRN,2020,,1741.9359,2357.7551,4099.691
Iran,IRN,2021,,2026.462,2428.488,4454.95
Iran,IRN,2022,,2131.9023,2477.0579,4608.9601999999995
Iran,IRN,2023,,2511.3992,2597.375,5108.7742
Iran,IRN,2024,,2754.3894,2622.0337,5376.4231
Iran,IRN,2025,,2816.1655,2648.254,5464.4195
Iraq,IRQ,1965,,752.17535,,752.17535
Iraq,IRQ,1966,,797.43195,,797.43195
Iraq,IRQ,1967,,703.48157,,703.48157
Iraq,IRQ,1968,,863.37915,,863.37915
Iraq,IRQ,1969,,871.33185,,871.33185
Iraq,IRQ,1970,,887.37213,7.41,894.7821299999999
Iraq,IRQ,1971,,970.4379,8.7875,979.2254
Iraq,IRQ,1972,,842.125,8.882501,851.007501
Iraq,IRQ,1973,,1156.0471,8.645,1164.6921
Iraq,IRQ,1974,,1131.332,7.9420004,1139.2740004000002
Iraq,IRQ,1975,,1299.1066,12.3025,1311.4091
Iraq,IRQ,1976,,1390.0803,17.1475,1407.2278000000001
Iraq,IRQ,1977,,1348.9895,11.191,1360.1805
Iraq,IRQ,1978,,1472.1066,11.5995,1483.7061
Iraq,IRQ,1979,,1996.2805,16.6345,2012.915
Iraq,IRQ,1980,,1524.3804,12.1695,1536.5499
Iraq,IRQ,1981,,517.584,5.89,523.4739999999999
Iraq,IRQ,1982,,564.10254,6.46,570.56254
Iraq,IRQ,1983,,632.14026,4.465,636.60526
Iraq,IRQ,1984,,704.0628,5.605,709.6678
Iraq,IRQ,1985,,812.2264,8.075,820.3014000000001
Iraq,IRQ,1986,,1083.7975,14.725,1098.5224999999998
Iraq,IRQ,1987,,1363.688,35.625,1399.313
Iraq,IRQ,1988,,1589.8123,53.2,1643.0123
Iraq,IRQ,1989,,1616.1876,61.274998,1677.462598
Iraq,IRQ,1990,,1224.6495,37.809998,1262.459498
Iraq,IRQ,1991,,162.1561,16.53,178.6861
Iraq,IRQ,1992,,304.08456,21.565,325.64956
Iraq,IRQ,1993,,259.72107,24.225,283.94607
Iraq,IRQ,1994,,288.36444,30.115,318.47944
Iraq,IRQ,1995,,302.68613,30.115,332.80113
Iraq,IRQ,1996,,332.232,30.78,363.01200000000006
Iraq,IRQ,1997,,664.58966,28.975,693.56466
Iraq,IRQ,1998,,1211.6783,28.025002,1239.7033020000001
Iraq,IRQ,1999,,1491.8107,30.21,1522.0207
Iraq,IRQ,2000,,1497.8922,29.925001,1527.817201
Iraq,IRQ,2001,,1440.6339,26.220001,1466.853901
Iraq,IRQ,2002,,1208.0497,22.42,1230.4697
Iraq,IRQ,2003,,767.865,14.82,782.6850000000001
Iraq,IRQ,2004,,1162.3728,9.5,1171.8728
Iraq,IRQ,2005,,1045.9281,13.775,1059.7031000000002
Iraq,IRQ,2006,,1139.9895,13.775,1153.7645
Iraq,IRQ,2007,,1222.1901,45.429573,1267.619673
Iraq,IRQ,2008,,1387.679,64.57625,1452.2552500000002
Iraq,IRQ,2009,,1392.5465,68.5273,1461.0738
Iraq,IRQ,2010,,1405.0623,71.35259,1476.41489
Iraq,IRQ,2011,,1579.3668,63.0192,1642.386
Iraq,IRQ,2012,,1759.7953,63.413452,1823.208752
Iraq,IRQ,2013,,1767.0057,70.72655,1837.73225
Iraq,IRQ,2014,,1846.9589,75.30834,1922.2672400000001
Iraq,IRQ,2015,,2275.0127,73.01097,2348.02367
Iraq,IRQ,2016,,2530.7146,98.95578,2629.6703799999996
Iraq,IRQ,2017,,2586.301,101.17798,2687.47898
Iraq,IRQ,2018,,2640.1548,105.73736,2745.89216
Iraq,IRQ,2019,,2723.9797,109.66854,2833.64824
Iraq,IRQ,2020,,2349.7002,70.053535,2419.7537350000002
Iraq,IRQ,2021,,2335.6458,91.069595,2426.7153949999997
Iraq,IRQ,2022,,2573.8367,92.89099,2666.7276899999997
Iraq,IRQ,2023,,2477.664,104.1485,2581.8125
Iraq,IRQ,2024,,2449.9346,105.18999,2555.12459
Iraq,IRQ,2025,,2496.1304,109.39759,2605.52799
Israel,ISR,1970,,,1.2773637,1.2773637
Israel,ISR,1971,,,1.1956639,1.1956639
Israel,ISR,1972,,,1.1819577,1.1819577
Israel,ISR,1973,,,0.5130417,0.5130417
Israel,ISR,1974,,,0.62699115,0.62699115
Israel,ISR,1975,,,0.5729725,0.5729725
Israel,ISR,1976,,,0.5520103,0.5520103
Israel,ISR,1977,,,0.5485164,0.5485164
Israel,ISR,1978,,,0.53964776,0.53964776
Israel,ISR,1979,,,0.38431084,0.38431084
Israel,ISR,1980,,,0.018274918,0.018274918
Israel,ISR,1981,,,0.019349916,0.019349916
Israel,ISR,1982,,,0.43080443,0.43080443
Israel,ISR,1983,,,0.6103286,0.6103286
Israel,ISR,1984,,,0.5329292,0.5329292
Israel,ISR,1985,,,0.5014855,0.5014855
Israel,ISR,1986,,,0.37597972,0.37597972
Israel,ISR,1987,,,0.42838585,0.42838585
Israel,ISR,1988,,,0.3931797,0.3931797
Israel,ISR,1989,,,0.36092973,0.36092973
Israel,ISR,1990,,,0.3122861,0.3122861
Israel,ISR,1991,,,0.25988027,0.25988027
Israel,ISR,1992,,,0.22225527,0.22225527
Israel,ISR,1993,,,0.22144917,0.22144917
Israel,ISR,1994,,,0.20451778,0.20451778
Israel,ISR,1995,,,0.23838027,0.23838027
Israel,ISR,1996,,,0.14969306,0.14969306
Israel,ISR,1997,,,0.17871806,0.17871806
Israel,ISR,1998,,,0.11233695,0.11233695
Israel,ISR,1999,,,0.101049446,0.101049446
Israel,ISR,2000,,,0.09083722,0.09083722
Israel,ISR,2001,,,0.09513722,0.09513722
Israel,ISR,2002,,,0.08492472,0.08492472
Israel,ISR,2003,,,0.07713083,0.07713083
Israel,ISR,2004,,,11.32024,11.32024
Israel,ISR,2005,,,15.710523,15.710523
Israel,ISR,2006,,,21.952484,21.952484
Israel,ISR,2007,,,26.175337,26.175337
Israel,ISR,2008,,,32.614826,32.614826
Israel,ISR,2009,,,25.340372,25.340372
Israel,ISR,2010,,,30.750114,30.750114
Israel,ISR,2011,,,40.43071,40.43071
Israel,ISR,2012,,,23.659595,23.659595
Israel,ISR,2013,,,60.63382,60.63382
Israel,ISR,2014,,,71.465546,71.465546
Israel,ISR,2015,,,78.66829,78.66829
Israel,ISR,2016,,,88.35931,88.35931
Israel,ISR,2017,,,93.39483,93.39483
Israel,ISR,2018,,,99.38046,99.38046
Israel,ISR,2019,,,99.61799,99.61799
Israel,ISR,2020,,,146.69543,146.69543
Israel,ISR,2021,,,183.27429,183.27429
Israel,ISR,2022,,,208.45195,208.45195
Israel,ISR,2023,,,234.67479,234.67479
Israel,ISR,2024,,,258.42676,258.42676
Israel,ISR,2025,,,259.40213,259.40213
Italy,ITA,1965,,26.493141,,26.493141
Italy,ITA,1966,,21.515501,,21.515501
Italy,ITA,1967,,20.03849,,20.03849
Italy,ITA,1968,,18.92201,,18.92201
Italy,ITA,1969,,18.50333,,18.50333
Italy,ITA,1970,,17.46826,125.815506,143.283766
Italy,ITA,1971,,15.735391,128.202,143.937391
Italy,ITA,1972,,14.072301,135.87325,149.94555100000002
Italy,ITA,1973,,12.8511505,146.7525,159.6036505
Italy,ITA,1974,,12.8395195,146.48451,159.3240295
Italy,ITA,1975,,14.36305,139.61826,153.98130999999998
Italy,ITA,1976,,15.03759,150.02875,165.06634
Italy,ITA,1977,,14.49098,131.612,146.10298
Italy,ITA,1978,,17.31707,131.455,148.77207
Italy,ITA,1979,,19.96871,128.2585,148.22721
Italy,ITA,1980,,19.85241,119.35625,139.20866
Italy,ITA,1981,,17.29381,133.75874,151.05255
Italy,ITA,1982,,20.50369,137.34074,157.84443000000002
Italy,ITA,1983,,26.06283,123.1495,149.21233
Italy,ITA,1984,,26.43499,130.33925,156.77424
Italy,ITA,1985,,27.725922,134.19225,161.918172
Italy,ITA,1986,,29.74954,150.37625,180.12579
Italy,ITA,1987,,45.76405,154.11826,199.88231
Italy,ITA,1988,,56.25431,156.64076,212.89507
Italy,ITA,1989,,53.54452,160.11275,213.65727
Italy,ITA,1990,,54.28884,163.166,217.45484
Italy,ITA,1991,,50.381157,164.11075,214.491907
Italy,ITA,1992,,52.34663,171.35075,223.69738
Italy,ITA,1993,,53.9632,182.3775,236.3407
Italy,ITA,1994,,56.92885,192.42624,249.35509000000002
Italy,ITA,1995,,60.89468,190.112,251.00668
Italy,ITA,1996,,63.40676,190.30876,253.71552
Italy,ITA,1997,,69.29147,184.85886,254.15033
Italy,ITA,1998,,65.39499,182.38165,247.77664000000001
Italy,ITA,1999,,58.324276,167.68134,226.005616
Italy,ITA,2000,,53.33468,159.58687,212.92155
Italy,ITA,2001,,47.642704,146.24725,193.88995400000002
Italy,ITA,2002,,64.32849,140.30432,204.63281
Italy,ITA,2003,,64.78059,133.22165,198.00224000000003
Italy,ITA,2004,,63.32429,124.35959,187.68388
Italy,ITA,2005,,71.06747,115.823166,186.890636
Italy,ITA,2006,,67.237335,105.344536,172.581871
Italy,ITA,2007,,68.14642,93.12675,161.27317
Italy,ITA,2008,,60.97303,88.15178,149.12481
Italy,ITA,2009,,53.18491,76.323944,129.50885399999999
Italy,ITA,2010,,59.37955,80.06565,139.4452
Italy,ITA,2011,,61.7427,80.47827,142.22097
Italy,ITA,2012,,62.760258,81.958046,144.718304
Italy,ITA,2013,,63.983097,73.67495,137.658047
Italy,ITA,2014,,67.04618,68.095566,135.141746
Italy,ITA,2015,,63.61849,64.49688,128.11537
Italy,ITA,2016,,43.723183,55.09763,98.820813
Italy,ITA,2017,,48.242237,52.730587,100.972824
Italy,ITA,2018,,54.613583,51.891968,106.505551
Italy,ITA,2019,,49.759743,46.212475,95.972218
Italy,ITA,2020,,63.075954,39.120907,102.19686100000001
Italy,ITA,2021,,57.15194,31.841406,88.993346
Italy,ITA,2022,,52.54666,31.58104,84.1277
Italy,ITA,2023,,50.159775,28.462662,78.622437
Italy,ITA,2024,,51.81511,28.000662,79.815772
Italy,ITA,2025,,45.061577,32.643906,77.705483
Japan,JPN,1981,113.17466,,,113.17466
Japan,JPN,1982,114.60849,,,114.60849
Japan,JPN,1983,111.02901,,,111.02901
Japan,JPN,1984,108.360664,,,108.360664
Japan,JPN,1985,106.60346,,,106.60346
Japan,JPN,1986,104.19545,,,104.19545
Japan,JPN,1987,84.93133,,,84.93133
Japan,JPN,1988,73.0865,,,73.0865
Japan,JPN,1989,66.31803,,,66.31803
Japan,JPN,1990,53.7573,,,53.7573
Japan,JPN,1991,52.39059,,,52.39059
Japan,JPN,1992,49.461926,,,49.461926
Japan,JPN,1993,46.98883,,,46.98883
Japan,JPN,1994,45.101463,,,45.101463
Japan,JPN,1995,40.74101,,,40.74101
Japan,JPN,1996,42.1728,,,42.1728
Japan,JPN,1997,27.789793,,,27.789793
Japan,JPN,1998,23.81982,,,23.81982
Japan,JPN,1999,25.446857,,,25.446857
Japan,JPN,2000,18.878025,,,18.878025
Japan,JPN,2001,19.300219,,,19.300219
Japan,JPN,2002,8.259577,,,8.259577
Japan,JPN,2003,8.069427,,,8.069427
Japan,JPN,2004,8.073004,,,8.073004
Japan,JPN,2005,6.716301,,,6.716301
Japan,JPN,2006,8.201802,,,8.201802
Japan,JPN,2007,8.584544,,,8.584544
Japan,JPN,2008,7.4049506,,,7.4049506
Japan,JPN,2009,7.724134,,,7.724134
Japan,JPN,2010,5.5307794,,,5.5307794
Japan,JPN,2011,7.668947,,,7.668947
Japan,JPN,2012,7.967745,,,7.967745
Japan,JPN,2013,8.15816,,,8.15816
Japan,JPN,2014,8.862289,,,8.862289
Japan,JPN,2015,7.9357557,,,7.9357557
Japan,JPN,2016,9.085345,,,9.085345
Japan,JPN,2017,9.411325,,,9.411325
Japan,JPN,2018,6.714966,,,6.714966
Japan,JPN,2019,4.8931074,,,4.8931074
Japan,JPN,2020,4.9812713,,,4.9812713
Japan,JPN,2021,4.54733,,,4.54733
Japan,JPN,2022,4.6985197,,,4.6985197
Japan,JPN,2023,4.46592,,,4.46592
Japan,JPN,2024,3.6518202,,,3.6518202
Japan,JPN,2025,3.16336,,,3.16336
Kazakhstan,KAZ,1985,666.0592,263.5358,38.678776,968.273776
Kazakhstan,KAZ,1986,699.6717,270.8627,41.28761,1011.82201
Kazakhstan,KAZ,1987,722.75964,279.81778,44.74006,1047.3174800000002
Kazakhstan,KAZ,1988,725.01624,290.2848,50.574482,1065.875522
Kazakhstan,KAZ,1989,699.64404,295.402,47.568653,1042.614693
Kazakhstan,KAZ,1990,663.75806,300.054,50.429157,1014.241217
Kazakhstan,KAZ,1991,657.50616,309.358,55.899197,1022.763357
Kazakhstan,KAZ,1992,637.49243,300.054,57.511993,995.058423
Kazakhstan,KAZ,1993,561.884,267.49,47.39426,876.76826
Kazakhstan,KAZ,1994,524.65326,236.22856,31.815702,792.697522
Kazakhstan,KAZ,1995,417.73364,239.96178,41.9384,699.63382
Kazakhstan,KAZ,1996,385.17813,267.03644,46.25006,698.46463
Kazakhstan,KAZ,1997,365.8395,299.80975,57.522625,723.1718749999999
Kazakhstan,KAZ,1998,352.5381,301.74036,56.343693,710.622153
Kazakhstan,KAZ,1999,294.3863,350.42352,70.50866,715.3184799999999
Kazakhstan,KAZ,2000,377.23193,410.73672,81.82305,869.7917
Kazakhstan,KAZ,2001,398.2389,466.25833,82.30441,946.8016399999999
Kazakhstan,KAZ,2002,370.43228,549.7617,100.02249,1020.2164700000001
Kazakhstan,KAZ,2003,425.06433,598.34375,117.65905,1141.06713
Kazakhstan,KAZ,2004,435.73383,691.95593,164.0192,1291.70896
Kazakhstan,KAZ,2005,433.2806,715.0833,189.83255,1338.1964500000001
Kazakhstan,KAZ,2006,481.79077,755.9872,198.51454,1436.2925100000002
Kazakhstan,KAZ,2007,490.80515,780.6731,225.09683,1496.57508
Kazakhstan,KAZ,2008,557.57513,821.9061,251.19086,1630.6720899999998
Kazakhstan,KAZ,2009,504.95688,889.495,260.1371,1654.58898
Kazakhstan,KAZ,2010,552.4007,926.73303,272.46854,1751.60227
Kazakhstan,KAZ,2011,578.6068,931.1082,286.73767,1796.4526700000001
Kazakhstan,KAZ,2012,600.4887,921.381,290.19424,1812.06394
Kazakhstan,KAZ,2013,597.50604,951.18286,304.45566,1853.1445600000002
Kazakhstan,KAZ,2014,580.8007,940.004,327.73605,1848.5407500000001
Kazakhstan,KAZ,2015,460.30402,924.0779,271.43234,1655.81426
Kazakhstan,KAZ,2016,487.20987,907.50867,309.2923,1704.0108400000001
Kazakhstan,KAZ,2017,534.19403,1002.44324,363.78152,1900.41879
Kazakhstan,KAZ,2018,549.04486,1050.881,391.78378,1991.70964
Kazakhstan,KAZ,2019,522.38556,1053.1604,334.95978,1910.50574
Kazakhstan,KAZ,2020,515.37787,996.1863,306.1421,1817.7062700000001
Kazakhstan,KAZ,2021,533.34015,998.7588,266.95502,1799.05397
Kazakhstan,KAZ,2022,540.9845,979.6635,276.00665,1796.6546500000002
Kazakhstan,KAZ,2023,558.4353,1046.4291,295.3611,1900.2255
Kazakhstan,KAZ,2024,532.89703,1020.486,333.82675,1887.20978
Kazakhstan,KAZ,2025,568.4669,1155.7378,383.91223,2108.11693
Kuwait,KWT,1965,,1384.1022,,1384.1022
Kuwait,KWT,1966,,1460.2218,,1460.2218
Kuwait,KWT,1967,,1469.943,,1469.943
Kuwait,KWT,1968,,1548.2809,,1548.2809
Kuwait,KWT,1969,,1638.7595,,1638.7595
Kuwait,KWT,1970,,1765.4216,19.351501,1784.773101
Kuwait,KWT,1971,,1890.4507,19.987999,1910.438699
Kuwait,KWT,1972,,1946.2715,23.626501,1969.898001
Kuwait,KWT,1973,,1788.6992,26.467,1815.1662000000001
Kuwait,KWT,1974,,1510.3931,27.8445,1538.2376
Kuwait,KWT,1975,,1236.8494,30.514,1267.3634
Kuwait,KWT,1976,,1278.2631,36.708,1314.9711
Kuwait,KWT,1977,,1172.0682,40.023502,1212.091702
Kuwait,KWT,1978,,1265.1078,44.8495,1309.9573
Kuwait,KWT,1979,,1507.4767,59.384502,1566.861202
Kuwait,KWT,1980,,1009.875,38.6745,1048.5495
Kuwait,KWT,1981,,681.79614,44.498,726.2941400000001
Kuwait,KWT,1982,,496.1857,34.912502,531.098202
Kuwait,KWT,1983,,639.71454,38.3325,678.04704
Kuwait,KWT,1984,,706.256,41.572,747.828
Kuwait,KWT,1985,,645.34283,39.899998,685.242828
Kuwait,KWT,1986,,690.7675,54.435,745.2025000000001
Kuwait,KWT,1987,,606.09753,45.41,651.50753
Kuwait,KWT,1988,,733.22754,64.979996,798.207536
Kuwait,KWT,1989,,795.61633,77.52,873.1363299999999
Kuwait,KWT,1990,,544.2467,39.805,584.0517
Kuwait,KWT,1991,,107.19352,4.75,111.94352
Kuwait,KWT,1992,,627.50287,24.89,652.39287
Kuwait,KWT,1993,,1123.2484,51.489998,1174.738398
Kuwait,KWT,1994,,1202.0442,56.715,1258.7592
Kuwait,KWT,1995,,1219.8584,88.141,1307.9994000000002
Kuwait,KWT,1996,,1222.6143,88.369,1310.9832999999999
Kuwait,KWT,1997,,1222.4785,88.065,1310.5435
Kuwait,KWT,1998,,1279.338,90.1645,1369.5025
Kuwait,KWT,1999,,1192.7302,82.536,1275.2662
Kuwait,KWT,2000,,1278.0026,91.2,1369.2026
Kuwait,KWT,2001,,1238.9849,90.25,1329.2349
Kuwait,KWT,2002,,1148.5774,82.744995,1231.322395
Kuwait,KWT,2003,,1344.474,95.0,1439.474
Kuwait,KWT,2004,,1433.8256,103.549995,1537.375595
Kuwait,KWT,2005,,1516.6808,116.85,1633.5308
Kuwait,KWT,2006,,1555.5902,117.895,1673.4852
Kuwait,KWT,2007,,1512.2474,106.96999,1619.21739
Kuwait,KWT,2008,,1584.2684,120.65,1704.9184
Kuwait,KWT,2009,,1407.5664,109.1455,1516.7119
Kuwait,KWT,2010,,1435.0907,111.4635,1546.5542
Kuwait,KWT,2011,,1638.5555,128.5635,1767.119
Kuwait,KWT,2012,,1790.6489,147.3925,1938.0413999999998
Kuwait,KWT,2013,,1761.1348,154.95638,1916.0911800000001
Kuwait,KWT,2014,,1747.117,142.77338,1889.89038
Kuwait,KWT,2015,,1724.1123,160.6355,1884.7478
Kuwait,KWT,2016,,1776.3003,164.26451,1940.56481
Kuwait,KWT,2017,,1685.9867,162.4664,1848.4531
Kuwait,KWT,2018,,1707.8542,168.50893,1876.36313
Kuwait,KWT,2019,,1667.5315,132.544,1800.0755000000001
Kuwait,KWT,2020,,1525.7699,122.388504,1648.158404
Kuwait,KWT,2021,,1511.8312,120.916084,1632.747284
Kuwait,KWT,2022,,1691.8933,131.8885,1823.7818
Kuwait,KWT,2023,,1622.462,147.6948,1770.1568
Kuwait,KWT,2024,,1534.6705,155.0875,1689.758
Kuwait,KWT,2025,,1566.0848,155.29651,1721.3813100000002
Libya,LBY,1965,,674.328,,674.328
Libya,LBY,1966,,833.5137,,833.5137
Libya,LBY,1967,,957.87744,,957.87744
Libya,LBY,1968,,1440.4755,,1440.4755
Libya,LBY,1969,,1717.8782,,1717.8782
Libya,LBY,1970,,1855.5074,2.793,1858.3003999999999
Libya,LBY,1971,,1519.857,6.7260003,1526.5830002999999
Libya,LBY,1972,,1242.3125,26.904001,1269.216501
Libya,LBY,1973,,1216.8771,43.0445,1259.9216
Libya,LBY,1974,,855.80133,38.7125,894.51383
Libya,LBY,1975,,831.915,44.0325,875.9475
Libya,LBY,1976,,1087.3124,45.4005,1132.7129
Libya,LBY,1977,,1158.6451,47.9845,1206.6296
Libya,LBY,1978,,1112.3861,48.6495,1161.0356
Libya,LBY,1979,,1175.4906,64.457504,1239.948104
Libya,LBY,1980,,1026.7806,49.115,1075.8956
Libya,LBY,1981,,687.5084,29.925001,717.433401
Libya,LBY,1982,,644.2256,31.824999,676.050599
Libya,LBY,1983,,631.85297,35.245,667.09797
Libya,LBY,1984,,561.07214,43.699997,604.772137
Libya,LBY,1985,,562.7875,49.399998,612.187498
Libya,LBY,1986,,583.7657,53.2,636.9657000000001
Libya,LBY,1987,,550.04926,47.5,597.54926
Libya,LBY,1988,,578.15985,52.25,630.40985
Libya,LBY,1989,,638.3156,64.6,702.9156
Libya,LBY,1990,,782.02484,58.9,840.92484
Libya,LBY,1991,,789.593,62.129997,851.722997
Libya,LBY,1992,,810.60046,64.315,874.9154599999999
Libya,LBY,1993,,768.99756,60.42,829.41756
Libya,LBY,1994,,785.0266,60.705,845.7316000000001
Libya,LBY,1995,,789.593,60.23,849.823
Libya,LBY,1996,,797.65686,60.99,858.6468600000001
Libya,LBY,1997,,815.15454,62.415,877.56954
Libya,LBY,1998,,809.3637,60.42,869.7837
Libya,LBY,1999,,778.9636,49.399998,828.363598
Libya,LBY,2000,,808.26874,55.86,864.12874
Libya,LBY,2001,,779.8012,58.71,838.5112
Libya,LBY,2002,,750.7623,56.050003,806.8123029999999
Libya,LBY,2003,,811.5366,52.25,863.7866
Libya,LBY,2004,,889.9973,76.57,966.5672999999999
Libya,LBY,2005,,953.2687,107.35,1060.6187
Libya,LBY,2006,,983.5369,125.3525,1108.8894
Libya,LBY,2007,,1005.20807,145.15999,1150.36806
Libya,LBY,2008,,990.91705,151.05,1141.96705
Libya,LBY,2009,,913.5877,151.05,1064.6377
Libya,LBY,2010,,949.3162,,949.3162
Libya,LBY,2011,,278.3723,,278.3723
Libya,LBY,2012,,810.21533,152.665,962.88033
Libya,LBY,2013,,554.64984,161.40501,716.05485
Libya,LBY,2014,,269.78534,157.605,427.39034000000004
Libya,LBY,2015,,225.18323,143.925,369.10823000000005
Libya,LBY,2016,,212.00618,177.84,389.84618
Libya,LBY,2017,,489.69778,196.555,686.25278
Libya,LBY,2018,,621.0978,220.59,841.6878
Libya,LBY,2019,,652.9731,254.88501,907.85811
Libya,LBY,2020,,227.90735,198.835,426.74235
Libya,LBY,2021,,683.33057,123.595,806.92557
Libya,LBY,2022,,603.0263,119.415,722.4413
Libya,LBY,2023,,673.7414,116.565,790.3063999999999
Libya,LBY,2024,,648.06055,123.595,771.6555500000001
Libya,LBY,2025,,768.2899,117.257935,885.547835
Malaysia,MYS,1965,,0.55562174,,0.55562174
Malaysia,MYS,1966,,0.55562174,,0.55562174
Malaysia,MYS,1967,,0.55562174,,0.55562174
Malaysia,MYS,1968,,2.228576,,2.228576
Malaysia,MYS,1969,,5.0005956,,5.0005956
Malaysia,MYS,1970,,10.001191,,10.001191
Malaysia,MYS,1971,,38.3379,0.8287492,39.166649199999995
Malaysia,MYS,1972,,51.81439,1.1605095,52.97489950000001
Malaysia,MYS,1973,,50.561577,1.1605095,51.7220865
Malaysia,MYS,1974,,45.00536,2.4192624,47.424622400000004
Malaysia,MYS,1975,,54.45093,2.916263,57.367193
Malaysia,MYS,1976,,93.04304,3.4717677,96.5148077
Malaysia,MYS,1977,,101.67877,3.1767573,104.8555273
Malaysia,MYS,1978,,120.0143,23.655596,143.669896
Malaysia,MYS,1979,,156.68533,29.354116,186.039446
Malaysia,MYS,1980,,153.77174,26.109348,179.881088
Malaysia,MYS,1981,,143.90604,21.99233,165.89837
Malaysia,MYS,1982,,168.90901,27.66777,196.57677999999999
Malaysia,MYS,1983,,213.91435,66.72131,280.63566000000003
Malaysia,MYS,1984,,248.48622,101.355446,349.84166600000003
Malaysia,MYS,1985,,247.25168,111.985275,359.23695499999997
Malaysia,MYS,1986,,277.81085,150.6085,428.41935
Malaysia,MYS,1987,,274.47714,162.84326,437.3204
Malaysia,MYS,1988,,299.17395,168.11165,467.2856
Malaysia,MYS,1989,,325.3301,181.95135,507.28145
Malaysia,MYS,1990,,343.66562,180.11382,523.77944
Malaysia,MYS,1991,,357.8599,213.8757,571.7356
Malaysia,MYS,1992,,363.60208,223.90076,587.50284
Malaysia,MYS,1993,,355.60532,241.24109,596.84641
Malaysia,MYS,1994,,361.85297,255.52274,617.37571
Malaysia,MYS,1995,,387.5474,282.88812,670.43552
Malaysia,MYS,1996,,393.02176,361.46042,754.48218
Malaysia,MYS,1997,,389.57727,413.086,802.66327
Malaysia,MYS,1998,,395.68912,412.26022,807.94934
Malaysia,MYS,1999,,376.96588,422.27368,799.23956
Malaysia,MYS,2000,,390.2037,496.82196,887.02566
Malaysia,MYS,2001,,378.97498,490.23938,869.2143599999999
Malaysia,MYS,2002,,397.95853,505.88174,903.8402699999999
Malaysia,MYS,2003,,411.863,527.2228,939.0858000000001
Malaysia,MYS,2004,,422.25116,601.4222,1023.67336
Malaysia,MYS,2005,,397.20566,676.9998,1074.2054600000001
Malaysia,MYS,2006,,374.1982,674.6589,1048.8571
Malaysia,MYS,2007,,387.66705,676.287,1063.95405
Malaysia,MYS,2008,,390.62015,692.0507,1082.67085
Malaysia,MYS,2009,,369.8451,661.6569,1031.502
Malaysia,MYS,2010,,384.60764,650.8206,1035.42824
Malaysia,MYS,2011,,344.99838,669.5117,1014.51008
Malaysia,MYS,2012,,349.7088,692.5072,1042.216
Malaysia,MYS,2013,,333.95056,725.88605,1059.8366099999998
Malaysia,MYS,2014,,346.53543,721.741,1068.27643
Malaysia,MYS,2015,,382.01318,768.4601,1150.47328
Malaysia,MYS,2016,,395.63116,766.95483,1162.58599
Malaysia,MYS,2017,,389.0049,795.83105,1184.8359500000001
Malaysia,MYS,2018,,386.15088,761.19,1147.34088
Malaysia,MYS,2019,,363.4238,774.80853,1138.23233
Malaysia,MYS,2020,,332.70624,730.9279,1063.6341400000001
Malaysia,MYS,2021,,305.12485,789.77936,1094.90421
Malaysia,MYS,2022,,299.79486,830.02747,1129.82233
Malaysia,MYS,2023,,290.33218,780.06445,1070.39663
Malaysia,MYS,2024,,285.0268,798.03436,1083.06116
Malaysia,MYS,2025,,283.80963,802.3436,1086.1532300000001
Mexico,MEX,1965,,209.96678,,209.96678
Mexico,MEX,1966,,215.03337,,215.03337
Mexico,MEX,1967,,237.99353,,237.99353
Mexico,MEX,1968,,254.70474,,254.70474
Mexico,MEX,1969,,267.08307,,267.08307
Mexico,MEX,1970,,281.20184,110.30307,391.50491
Mexico,MEX,1971,,280.36813,109.181725,389.549855
Mexico,MEX,1972,,291.88528,113.480225,405.36550500000004
Mexico,MEX,1973,,300.7447,123.30594,424.05064000000004
Mexico,MEX,1974,,377.0003,129.26202,506.26232
Mexico,MEX,1975,,466.99908,131.39035,598.38943
Mexico,MEX,1976,,520.7187,128.85493,649.57363
Mexico,MEX,1977,,632.27313,136.65276,768.92589
Mexico,MEX,1978,,775.63153,171.05864,946.69017
Mexico,MEX,1979,,938.07477,207.65465,1145.72942
Mexico,MEX,1980,,1246.5953,251.15242,1497.7477199999998
Mexico,MEX,1981,19.762499,1488.5858,270.57907,1778.927369
Mexico,MEX,1982,23.763056,1756.2821,288.5231,2068.568256
Mexico,MEX,1983,30.176666,1711.0585,290.96167,2032.196836
Mexico,MEX,1984,32.878056,1724.8599,286.19363,2043.931586
Mexico,MEX,1985,33.733334,1696.2805,277.63766,2007.6514940000002
Mexico,MEX,1986,36.53528,1591.9348,246.61609,1875.08617
Mexico,MEX,1987,40.55139,1663.4996,250.671,1954.7219900000002
Mexico,MEX,1988,36.204723,1659.4952,253.9323,1949.632223
Mexico,MEX,1989,38.895275,1663.8485,243.76479,1946.508565
Mexico,MEX,1990,39.37694,1688.312,263.8614,1991.55034
Mexico,MEX,1991,35.756386,1777.2651,267.59097,2080.6124560000003
Mexico,MEX,1992,33.211666,1779.7585,259.37534,2072.3455059999997
Mexico,MEX,1993,35.948612,1782.6091,277.7821,2096.3398119999997
Mexico,MEX,1994,48.61111,1793.0317,292.23007,2133.87288
Mexico,MEX,1995,47.974167,1746.9808,291.86252,2086.8174870000003
Mexico,MEX,1996,53.108612,1888.243,308.0503,2249.401912
Mexico,MEX,1997,52.69694,1972.6746,311.06473,2336.43627
Mexico,MEX,1998,55.391945,2017.5048,329.34113,2402.237875
Mexico,MEX,1999,56.623886,1924.6742,342.3527,2323.650786
Mexico,MEX,2000,62.97278,1980.8431,333.7867,2377.60258
Mexico,MEX,2001,48.404804,2045.3356,331.40704,2425.147444
Mexico,MEX,2002,39.43668,2068.0566,337.2773,2444.77058
Mexico,MEX,2003,51.32849,2188.7676,348.40408,2588.5001700000003
Mexico,MEX,2004,68.34698,2210.1965,370.27045,2648.81393
Mexico,MEX,2005,70.61392,2168.895,443.1189,2682.6278199999997
Mexico,MEX,2006,78.71961,2123.0002,484.522,2686.24181
Mexico,MEX,2007,84.94326,2003.0499,468.58575,2556.57891
Mexico,MEX,2008,80.50447,1824.7035,472.3058,2377.51377
Mexico,MEX,2009,70.74123,1705.7043,525.8305,2302.27603
Mexico,MEX,2010,85.13548,1693.3341,511.77817,2290.24775
Mexico,MEX,2011,108.96731,1680.7505,520.98987,2310.70768
Mexico,MEX,2012,86.33483,1673.0602,508.50186,2267.89689
Mexico,MEX,2013,83.29921,1649.6648,524.8804,2257.8444099999997
Mexico,MEX,2014,84.3694,1594.4459,512.99805,2191.81335
Mexico,MEX,2015,79.91293,1483.0002,479.46945,2042.38258
Mexico,MEX,2016,70.601425,1411.3071,459.29507,1941.203595
Mexico,MEX,2017,85.62223,1273.1558,419.1266,1777.90463
Mexico,MEX,2018,77.66055,1189.6406,397.84943,1665.15058
Mexico,MEX,2019,64.01667,1103.9011,385.86258,1553.78035
Mexico,MEX,2020,53.413887,1105.4672,361.15512,1520.036207
Mexico,MEX,2021,38.211388,1121.608,343.37772,1503.1971079999998
Mexico,MEX,2022,38.219444,1135.4508,360.95642,1534.6266640000001
Mexico,MEX,2023,4.16126,1192.4994,387.01062,1583.67128
Mexico,MEX,2024,4.1628294,1120.788,358.43738,1483.3882094
Mexico,MEX,2025,4.1914754,1039.6016,347.90982,1391.7028954
Mongolia,MNG,1981,22.754095,,,22.754095
Mongolia,MNG,1982,26.040209,,,26.040209
Mongolia,MNG,1983,26.320665,,,26.320665
Mongolia,MNG,1984,28.73895,,,28.73895
Mongolia,MNG,1985,34.517433,,,34.517433
Mongolia,MNG,1986,37.385506,,,37.385506
Mongolia,MNG,1987,41.08966,,,41.08966
Mongolia,MNG,1988,45.53994,,,45.53994
Mongolia,MNG,1989,42.571327,,,42.571327
Mongolia,MNG,1990,37.87234,,,37.87234
Mongolia,MNG,1991,37.23734,,,37.23734
Mongolia,MNG,1992,33.059055,,,33.059055
Mongolia,MNG,1993,29.723198,,,29.723198
Mongolia,MNG,1994,27.29433,,,27.29433
Mongolia,MNG,1995,26.55879,,,26.55879
Mongolia,MNG,1996,27.040333,,,27.040333
Mongolia,MNG,1997,26.056086,,,26.056086
Mongolia,MNG,1998,26.759874,,,26.759874
Mongolia,MNG,1999,26.26775,,,26.26775
Mongolia,MNG,2000,27.437206,,,27.437206
Mongolia,MNG,2001,27.204372,,,27.204372
Mongolia,MNG,2002,29.339025,,,29.339025
Mongolia,MNG,2003,29.983017,,,29.983017
Mongolia,MNG,2004,36.327175,,,36.327175
Mongolia,MNG,2005,39.777863,,,39.777863
Mongolia,MNG,2006,42.72531,,,42.72531
Mongolia,MNG,2007,48.882145,,,48.882145
Mongolia,MNG,2008,53.29697,,,53.29697
Mongolia,MNG,2009,76.42254,,,76.42254
Mongolia,MNG,2010,133.14796,,,133.14796
Mongolia,MNG,2011,174.5927,,,174.5927
Mongolia,MNG,2012,164.77669,,,164.77669
Mongolia,MNG,2013,176.42625,,,176.42625
Mongolia,MNG,2014,129.37714,,,129.37714
Mongolia,MNG,2015,127.77271,,,127.77271
Mongolia,MNG,2016,185.71838,,,185.71838
Mongolia,MNG,2017,261.83243,,,261.83243
Mongolia,MNG,2018,288.77753,,,288.77753
Mongolia,MNG,2019,302.30563,,,302.30563
Mongolia,MNG,2020,227.95898,,,227.95898
Mongolia,MNG,2021,171.01343,,,171.01343
Mongolia,MNG,2022,208.17351,,,208.17351
Mongolia,MNG,2023,440.4494,,,440.4494
Mongolia,MNG,2024,563.77716,,,563.77716
Mongolia,MNG,2025,558.486,,,558.486
Myanmar,MMR,1970,,,0.0736875,0.0736875
Myanmar,MMR,1971,,,0.1424625,0.1424625
Myanmar,MMR,1972,,,0.15228751,0.15228751
Myanmar,MMR,1973,,,0.18421862,0.18421862
Myanmar,MMR,1974,,,1.6481435,1.6481435
Myanmar,MMR,1975,,,1.7685,1.7685
Myanmar,MMR,1976,,,2.45625,2.45625
Myanmar,MMR,1977,,,2.25975,2.25975
Myanmar,MMR,1978,,,2.65275,2.65275
Myanmar,MMR,1979,,,2.65275,2.65275
Myanmar,MMR,1980,,,3.43875,3.43875
Myanmar,MMR,1981,,,4.1265,4.1265
Myanmar,MMR,1982,,,4.42125,4.42125
Myanmar,MMR,1983,,,5.895,5.895
Myanmar,MMR,1984,,,6.2879996,6.2879996
Myanmar,MMR,1985,,,9.039,9.039
Myanmar,MMR,1986,,,10.51275,10.51275
Myanmar,MMR,1987,,,11.691751,11.691751
Myanmar,MMR,1988,,,10.218,10.218
Myanmar,MMR,1989,,,10.70925,10.70925
Myanmar,MMR,1990,,,8.351251,8.351251
Myanmar,MMR,1991,,,8.4495,8.4495
Myanmar,MMR,1992,,,8.5477495,8.5477495
Myanmar,MMR,1993,,,10.8075,10.8075
Myanmar,MMR,1994,,,14.04975,14.04975
Myanmar,MMR,1995,,,16.113,16.113
Myanmar,MMR,1996,,,15.719999,15.719999
Myanmar,MMR,1997,,,14.835751,14.835751
Myanmar,MMR,1998,,,17.292,17.292
Myanmar,MMR,1999,,,16.899,16.899
Myanmar,MMR,2000,,,33.405003,33.405003
Myanmar,MMR,2001,,,68.775,68.775
Myanmar,MMR,2002,,,82.53,82.53
Myanmar,MMR,2003,,,94.32,94.32
Myanmar,MMR,2004,,,100.215004,100.215004
Myanmar,MMR,2005,,,119.865,119.865
Myanmar,MMR,2006,,,123.795,123.795
Myanmar,MMR,2007,,,132.834,132.834
Myanmar,MMR,2008,,,121.83,121.83
Myanmar,MMR,2009,,,113.52373,113.52373
Myanmar,MMR,2010,,,122.07877,122.07877
Myanmar,MMR,2011,,,125.50024,125.50024
Myanmar,MMR,2012,,,125.111015,125.111015
Myanmar,MMR,2013,,,128.60942,128.60942
Myanmar,MMR,2014,,,165.43192,165.43192
Myanmar,MMR,2015,,,192.16682,192.16682
Myanmar,MMR,2016,,,182.80075,182.80075
Myanmar,MMR,2017,,,177.98892,177.98892
Myanmar,MMR,2018,,,169.71709,169.71709
Myanmar,MMR,2019,,,184.81905,184.81905
Myanmar,MMR,2020,,,175.06865,175.06865
Myanmar,MMR,2021,,,171.73647,171.73647
Myanmar,MMR,2022,,,168.45529,168.45529
Myanmar,MMR,2023,,,151.50475,151.50475
Myanmar,MMR,2024,,,140.2359,140.2359
Myanmar,MMR,2025,,,139.1643,139.1643
Netherlands,NLD,1970,,,279.16666,279.16666
Netherlands,NLD,1971,,,385.83334,385.83334
Netherlands,NLD,1972,,,514.44446,514.44446
Netherlands,NLD,1973,,,625.5556,625.5556
Netherlands,NLD,1974,,,741.6667,741.6667
Netherlands,NLD,1975,,,803.3333,803.3333
Netherlands,NLD,1976,,,858.3333,858.3333
Netherlands,NLD,1977,,,861.1111,861.1111
Netherlands,NLD,1978,,,788.3334,788.3334
Netherlands,NLD,1979,,,826.6667,826.6667
Netherlands,NLD,1980,,,799.44446,799.44446
Netherlands,NLD,1981,,,742.2222,742.2222
Netherlands,NLD,1982,,,634.7222,634.7222
Netherlands,NLD,1983,,,675.8334,675.8334
Netherlands,NLD,1984,,,684.1667,684.1667
Netherlands,NLD,1985,,,716.3889,716.3889
Netherlands,NLD,1986,,,655.0,655.0
Netherlands,NLD,1987,,,656.1111,656.1111
Netherlands,NLD,1988,,,579.1667,579.1667
Netherlands,NLD,1989,,,633.05554,633.05554
Netherlands,NLD,1990,,,634.1667,634.1667
Netherlands,NLD,1991,,,716.99994,716.99994
Netherlands,NLD,1992,,,720.05554,720.05554
Netherlands,NLD,1993,,,734.0,734.0
Netherlands,NLD,1994,,,696.2778,696.2778
Netherlands,NLD,1995,,,707.8333,707.8333
Netherlands,NLD,1996,,,801.0833,801.0833
Netherlands,NLD,1997,,,709.5,709.5
Netherlands,NLD,1998,,,676.7778,676.7778
Netherlands,NLD,1999,,,629.3333,629.3333
Netherlands,NLD,2000,,,613.61115,613.61115
Netherlands,NLD,2001,,,646.4722,646.4722
Netherlands,NLD,2002,,,635.19446,635.19446
Netherlands,NLD,2003,,,607.1667,607.1667
Netherlands,NLD,2004,,,716.1667,716.1667
Netherlands,NLD,2005,,,653.3333,653.3333
Netherlands,NLD,2006,,,645.0278,645.0278
Netherlands,NLD,2007,,,620.0278,620.0278
Netherlands,NLD,2008,,,709.0834,709.0834
Netherlands,NLD,2009,,,655.0,655.0
Netherlands,NLD,2010,,,752.6667,752.6667
Netherlands,NLD,2011,,,694.9722,694.9722
Netherlands,NLD,2012,,,684.02783,684.02783
Netherlands,NLD,2013,,,724.05554,724.05554
Netherlands,NLD,2014,,,603.8611,603.8611
Netherlands,NLD,2015,,,458.77777,458.77777
Netherlands,NLD,2016,,,442.94443,442.94443
Netherlands,NLD,2017,,,379.27777,379.27777
Netherlands,NLD,2018,,,324.8333,324.8333
Netherlands,NLD,2019,,,277.44443,277.44443
Netherlands,NLD,2020,,,200.91666,200.91666
Netherlands,NLD,2021,,,180.22223,180.22223
Netherlands,NLD,2022,,,149.80556,149.80556
Netherlands,NLD,2023,,,98.52778,98.52778
Netherlands,NLD,2024,,,83.361115,83.361115
Netherlands,NLD,2025,,,77.69445,77.69445
New Zealand,NZL,1981,14.472715,,,14.472715
New Zealand,NZL,1982,14.632507,,,14.632507
New Zealand,NZL,1983,16.226562,,,16.226562
New Zealand,NZL,1984,16.750797,,,16.750797
New Zealand,NZL,1985,16.014645,,,16.014645
New Zealand,NZL,1986,16.698477,,,16.698477
New Zealand,NZL,1987,14.524736,,,14.524736
New Zealand,NZL,1988,16.344173,,,16.344173
New Zealand,NZL,1989,18.53629,,,18.53629
New Zealand,NZL,1990,17.423735,,,17.423735
New Zealand,NZL,1991,18.279139,,,18.279139
New Zealand,NZL,1992,20.814772,,,20.814772
New Zealand,NZL,1993,23.48876,,,23.48876
New Zealand,NZL,1994,21.567986,,,21.567986
New Zealand,NZL,1995,26.447718,,,26.447718
New Zealand,NZL,1996,27.003557,,,27.003557
New Zealand,NZL,1997,25.407797,,,25.407797
New Zealand,NZL,1998,22.06673,,,22.06673
New Zealand,NZL,1999,25.47389,,,25.47389
New Zealand,NZL,2000,25.375113,,,25.375113
New Zealand,NZL,2001,28.830246,,,28.830246
New Zealand,NZL,2002,33.14505,,,33.14505
New Zealand,NZL,2003,37.635036,,,37.635036
New Zealand,NZL,2004,38.050377,,,38.050377
New Zealand,NZL,2005,38.730873,,,38.730873
New Zealand,NZL,2006,41.67633,,,41.67633
New Zealand,NZL,2007,34.67267,,,34.67267
New Zealand,NZL,2008,34.73564,,,34.73564
New Zealand,NZL,2009,32.31416,,,32.31416
New Zealand,NZL,2010,38.578163,,,38.578163
New Zealand,NZL,2011,35.60587,,,35.60587
New Zealand,NZL,2012,35.329384,,,35.329384
New Zealand,NZL,2013,33.5277,,,33.5277
New Zealand,NZL,2014,28.696991,,,28.696991
New Zealand,NZL,2015,23.706203,,,23.706203
New Zealand,NZL,2016,19.881119,,,19.881119
New Zealand,NZL,2017,20.126015,,,20.126015
New Zealand,NZL,2018,22.107552,,,22.107552
New Zealand,NZL,2019,20.787628,,,20.787628
New Zealand,NZL,2020,19.01345,,,19.01345
New Zealand,NZL,2021,19.571318,,,19.571318
New Zealand,NZL,2022,18.328085,,,18.328085
New Zealand,NZL,2023,18.271055,,,18.271055
New Zealand,NZL,2024,17.606146,,,17.606146
New Zealand,NZL,2025,18.338165,,,18.338165
Nigeria,NGA,1965,,157.08034,,157.08034
Nigeria,NGA,1966,,239.22957,,239.22957
Nigeria,NGA,1967,,182.8021,,182.8021
Nigeria,NGA,1968,,81.167984,,81.167984
Nigeria,NGA,1969,,309.52045,,309.52045
Nigeria,NGA,1970,,620.473,1.0545,621.5274999999999
Nigeria,NGA,1971,,877.1751,1.95225,879.1273500000001
Nigeria,NGA,1972,,1043.0057,2.61725,1045.62295
Nigeria,NGA,1973,,1176.8422,4.0090003,1180.8512003
Nigeria,NGA,1974,,1291.8168,3.743,1295.5598
Nigeria,NGA,1975,,1021.5378,3.3535001,1024.8913000999999
Nigeria,NGA,1976,,1187.2389,6.22725,1193.46615
Nigeria,NGA,1977,,1194.486,8.1985,1202.6845
Nigeria,NGA,1978,,1086.7255,9.93225,1096.65775
Nigeria,NGA,1979,,1318.7386,13.091001,1331.829601
Nigeria,NGA,1980,,1182.1918,15.822249,1198.014049
Nigeria,NGA,1981,,824.7004,23.3035,848.0038999999999
Nigeria,NGA,1982,,737.2808,24.277248,761.558048
Nigeria,NGA,1983,,707.77814,27.521502,735.2996420000001
Nigeria,NGA,1984,,797.31885,26.4765,823.79535
Nigeria,NGA,1985,,858.6715,25.08,883.7515000000001
Nigeria,NGA,1986,,840.16785,29.2505,869.41835
Nigeria,NGA,1987,,772.05383,28.9655,801.01933
Nigeria,NGA,1988,,794.1685,34.82225,828.9907499999999
Nigeria,NGA,1989,,1011.5126,40.318,1051.8306
Nigeria,NGA,1990,,1017.47095,38.3895,1055.8604500000001
Nigeria,NGA,1991,,1117.5122,37.448997,1154.9611969999999
Nigeria,NGA,1992,,1159.6453,40.5365,1200.1817999999998
Nigeria,NGA,1993,,1144.7253,46.189,1190.9143000000001
Nigeria,NGA,1994,,1096.4194,42.1895,1138.6089
Nigeria,NGA,1995,,1105.5587,45.913498,1151.472198
Nigeria,NGA,1996,,1121.2941,51.6515,1172.9456
Nigeria,NGA,1997,,1122.7622,49.745975,1172.508175
Nigeria,NGA,1998,,1150.4365,60.17689,1210.61339
Nigeria,NGA,1999,,1073.8616,43.377163,1117.238763
Nigeria,NGA,2000,,1239.1555,112.04464,1351.2001400000001
Nigeria,NGA,2001,,1224.6005,152.61342,1377.21392
Nigeria,NGA,2002,,1104.9844,171.40392,1276.38832
Nigeria,NGA,2003,,1304.6278,213.93889,1518.5666899999999
Nigeria,NGA,2004,,1414.9651,228.94197,1643.90707
Nigeria,NGA,2005,,1408.9026,229.83986,1638.74246
Nigeria,NGA,2006,,1343.7992,268.91507,1612.71427
Nigeria,NGA,2007,,1246.2552,336.3423,1582.5975
Nigeria,NGA,2008,,1229.3309,327.7922,1557.1230999999998
Nigeria,NGA,2009,,1242.6493,231.91939,1474.56869
Nigeria,NGA,2010,,1419.1029,309.06668,1728.1695800000002
Nigeria,NGA,2011,,1376.2834,364.25815,1740.54155
Nigeria,NGA,2012,,1353.362,391.60303,1744.96503
Nigeria,NGA,2013,,1271.8241,330.99573,1602.81983
Nigeria,NGA,2014,,1270.0397,399.82535,1669.86505
Nigeria,NGA,2015,,1228.846,475.65283,1704.49883
Nigeria,NGA,2016,,1061.333,426.3702,1487.7032000000002
Nigeria,NGA,2017,,1097.8649,472.0562,1569.9211
Nigeria,NGA,2018,,1118.3983,482.69553,1601.09383
Nigeria,NGA,2019,,1172.9766,492.7915,1665.7681
Nigeria,NGA,2020,,1063.2955,494.31137,1557.60687
Nigeria,NGA,2021,,938.362,524.4082,1462.7702
Nigeria,NGA,2022,,805.57385,471.1942,1276.7680500000001
Nigeria,NGA,2023,,859.48267,443.5072,1302.9898699999999
Nigeria,NGA,2024,,917.5137,468.4584,1385.9721
Nigeria,NGA,2025,,977.11316,507.74347,1484.85663
Norway,NOR,1971,,3.4050403,0.0,3.4050403
Norway,NOR,1972,,18.77903,0.0,18.77903
Norway,NOR,1973,,18.160213,0.0,18.160213
Norway,NOR,1974,,19.862734,0.0,19.862734
Norway,NOR,1975,,107.25876,0.0,107.25876
Norway,NOR,1976,,158.76816,0.0,158.76816
Norway,NOR,1977,,162.87442,26.349882,189.224302
Norway,NOR,1978,,202.03238,140.9424,342.97478
Norway,NOR,1979,,226.7794,205.14702,431.92642
Norway,NOR,1980,,291.3272,249.00156,540.32876
Norway,NOR,1981,,282.51993,247.63988,530.15981
Norway,NOR,1982,,293.44254,237.80336,531.2459
Norway,NOR,1983,,365.15457,234.35478,599.50935
Norway,NOR,1984,,418.15393,257.67877,675.8326999999999
Norway,NOR,1985,,456.02182,259.8926,715.9144200000001
Norway,NOR,1986,,500.486,258.9403,759.4263
Norway,NOR,1987,,582.84064,279.39752,862.23816
Norway,NOR,1988,,662.67206,281.17096,943.84302
Norway,NOR,1989,,871.1927,285.22195,1156.41465
Norway,NOR,1990,,955.32367,252.88354,1208.20721
Norway,NOR,1991,,1091.3854,248.3931,1339.7785
Norway,NOR,1992,,1243.2551,256.39908,1499.65418
Norway,NOR,1993,,1327.3126,246.17819,1573.49079
Norway,NOR,1994,,1495.4198,266.40295,1761.8227499999998
Norway,NOR,1995,,1609.5884,276.05,1885.6384
Norway,NOR,1996,,1798.7454,371.1746,2169.92
Norway,NOR,1997,,1816.9309,426.22638,2243.15728
Norway,NOR,1998,,1739.8503,,1739.8503
Norway,NOR,1999,,1740.7052,481.0726,2221.7778000000003
Norway,NOR,2000,,1871.619,501.2096,2372.8286
Norway,NOR,2001,,1881.3179,541.3105,2422.6284
Norway,NOR,2002,,1830.308,655.119,2485.427
Norway,NOR,2003,,1783.6937,729.23456,2512.92826
Norway,NOR,2004,,1747.0848,792.1163,2539.2011
Norway,NOR,2005,,1609.9893,856.7091,2466.6984
Norway,NOR,2006,,1498.5577,882.24945,2380.80715
Norway,NOR,2007,,1377.3574,893.61475,2270.97215
Norway,NOR,2008,,1331.1066,970.52,2301.6266
Norway,NOR,2009,,1260.3988,995.28937,2255.68817
Norway,NOR,2010,,1146.6019,1045.6365,2192.2384
Norway,NOR,2011,,1085.8336,1003.0435,2088.8770999999997
Norway,NOR,2012,,1012.33575,1130.5948,2142.93055
Norway,NOR,2013,,964.4767,1070.3325,2034.8092000000001
Norway,NOR,2014,,988.1589,1062.7272,2050.8861
Norway,NOR,2015,,1019.2127,1148.4377,2167.6504
Norway,NOR,2016,,1050.2723,1146.6488,2196.9211
Norway,NOR,2017,,1033.6267,1223.7234,2257.3501
Norway,NOR,2018,,968.9926,1199.5273,2168.5199000000002
Norway,NOR,2019,,914.7459,1131.1782,2045.9241000000002
Norway,NOR,2020,,1070.5459,1101.0774,2171.6233
Norway,NOR,2021,,1092.2252,1130.9902,2223.2154
Norway,NOR,2022,,1035.1456,1228.4415,2263.5870999999997
Norway,NOR,2023,,1100.6042,1160.313,2260.9172
Norway,NOR,2024,,1089.9911,1242.6053,2332.5964
Norway,NOR,2025,,1119.02,1205.6047,2324.6247000000003
Oman,OMN,1967,,32.830685,,32.830685
Oman,OMN,1968,,139.19073,,139.19073
Oman,OMN,1969,,188.34445,,188.34445
Oman,OMN,1970,,191.22433,,191.22433
Oman,OMN,1971,,169.33722,,169.33722
Oman,OMN,1972,,162.8705,,162.8705
Oman,OMN,1973,,168.76125,,168.76125
Oman,OMN,1974,,167.03331,,167.03331
Oman,OMN,1975,,196.40813,,196.40813
Oman,OMN,1976,,211.96268,,211.96268
Oman,OMN,1977,,195.83217,,195.83217
Oman,OMN,1978,,180.85677,3.025425,183.88219500000002
Oman,OMN,1979,,169.9132,5.0895,175.00269999999998
Oman,OMN,1980,,164.18195,6.460838,170.642788
Oman,OMN,1981,,189.65233,7.6154,197.26773
Oman,OMN,1982,,194.26013,8.3317,202.59183000000002
Oman,OMN,1983,,224.78691,10.348649,235.135559
Oman,OMN,1984,,241.3637,13.0065,254.37019999999998
Oman,OMN,1985,,288.3003,16.559725,304.860025
Oman,OMN,1986,,324.01086,19.35895,343.36981
Oman,OMN,1987,,337.41425,21.686924,359.10117399999996
Oman,OMN,1988,,359.7082,21.823587,381.53178699999995
Oman,OMN,1989,,372.86066,22.648275,395.508935
Oman,OMN,1990,,398.20364,24.476727,422.680367
Oman,OMN,1991,,410.7192,24.816025,435.535225
Oman,OMN,1992,,430.74744,27.12515,457.87259
Oman,OMN,1993,,451.09174,26.03185,477.12359000000004
Oman,OMN,1994,,470.4649,27.257101,497.722001
Oman,OMN,1995,,497.84766,38.180676,536.028336
Oman,OMN,1996,,515.9607,41.281498,557.2421979999999
Oman,OMN,1997,,522.30286,46.955353,569.2582130000001
Oman,OMN,1998,,519.99896,48.755524,568.754484
Oman,OMN,1999,,519.83264,51.385098,571.2177379999999
Oman,OMN,2000,,546.8981,103.21108,650.10918
Oman,OMN,2001,,545.39197,154.2464,699.63837
Oman,OMN,2002,,511.8564,166.441,678.2974
Oman,OMN,2003,,467.8142,183.3549,651.1691000000001
Oman,OMN,2004,,446.93564,186.57536,633.511
Oman,OMN,2005,,441.93256,208.49399,650.42655
Oman,OMN,2006,,420.76874,242.9146,663.68334
Oman,OMN,2007,,405.1641,246.06517,651.22927
Oman,OMN,2008,,431.13528,241.36316,672.4984400000001
Oman,OMN,2009,,461.24155,239.1397,700.38125
Oman,OMN,2010,,490.8049,256.9776,747.7825
Oman,OMN,2011,,502.56876,271.27878,773.84754
Oman,OMN,2012,,523.3463,283.2199,806.5662
Oman,OMN,2013,,535.9359,307.859,843.7948999999999
Oman,OMN,2014,,537.5265,293.49078,831.01728
Oman,OMN,2015,,558.5997,307.4712,866.0708999999999
Oman,OMN,2016,,573.547,314.77505,888.32205
Oman,OMN,2017,,553.1735,323.23413,876.4076299999999
Oman,OMN,2018,,556.1946,363.32648,919.52108
Oman,OMN,2019,,550.4265,366.90195,917.32845
Oman,OMN,2020,,536.27155,369.30405,905.5756000000001
Oman,OMN,2021,,544.56946,402.51956,947.0890200000001
Oman,OMN,2022,,598.33356,421.11182,1019.4453800000001
Oman,OMN,2023,,588.188,431.52698,1019.71498
Oman,OMN,2024,,557.4839,453.20673,1010.6906299999999
Oman,OMN,2025,,559.6964,456.13635,1015.83275
Pakistan,PAK,1970,,,29.103926,29.103926
Pakistan,PAK,1971,,,26.36095,26.36095
Pakistan,PAK,1972,,,27.9892,27.9892
Pakistan,PAK,1973,,,31.95545,31.95545
Pakistan,PAK,1974,,,36.64815,36.64815
Pakistan,PAK,1975,,,38.076,38.076
Pakistan,PAK,1976,,,38.8275,38.8275
Pakistan,PAK,1977,,,42.418003,42.418003
Pakistan,PAK,1978,,,43.587,43.587
Pakistan,PAK,1979,,,49.098003,49.098003
Pakistan,PAK,1980,,,59.953,59.953
Pakistan,PAK,1981,8.117089,,65.3805,73.497589
Pakistan,PAK,1982,9.209773,,71.309,80.518773
Pakistan,PAK,1983,9.469937,,70.307,79.776937
Pakistan,PAK,1984,12.019535,,72.144,84.16353500000001
Pakistan,PAK,1985,11.3951435,,73.647,85.04214350000001
Pakistan,PAK,1986,10.666687,,78.991,89.657687
Pakistan,PAK,1987,12.539861,,84.585495,97.125356
Pakistan,PAK,1988,14.048807,,89.67899,103.727797
Pakistan,PAK,1989,14.152872,,95.6075,109.760372
Pakistan,PAK,1990,14.6732,,102.1205,116.7937
Pakistan,PAK,1991,14.725231,,110.303505,125.02873600000001
Pakistan,PAK,1992,15.505721,,108.215996,123.721717
Pakistan,PAK,1993,16.390276,,124.582,140.972276
Pakistan,PAK,1994,15.713851,,127.0035,142.717351
Pakistan,PAK,1995,16.49434,,130.26,146.75433999999998
Pakistan,PAK,1996,18.003286,,141.5325,159.535786
Pakistan,PAK,1997,16.338243,,141.115,157.45324300000001
Pakistan,PAK,1998,17.27483,,148.62999,165.90482
Pakistan,PAK,1999,17.222797,,169.50499,186.72778699999998
Pakistan,PAK,2000,16.806536,,179.525,196.331536
Pakistan,PAK,2001,16.962635,,189.545,206.507635
Pakistan,PAK,2002,18.159386,,205.4935,223.65288600000002
Pakistan,PAK,2003,17.373692,,255.5038,272.877492
Pakistan,PAK,2004,17.659872,,306.76593,324.42580200000003
Pakistan,PAK,2005,18.143774,,326.10187,344.245644
Pakistan,PAK,2006,20.841667,,333.1948,354.036467
Pakistan,PAK,2007,19.218248,,338.00253,357.220778
Pakistan,PAK,2008,20.695974,,346.0761,366.772074
Pakistan,PAK,2009,18.260847,,347.0167,365.277547
Pakistan,PAK,2010,17.519382,,353.48395,371.003332
Pakistan,PAK,2011,16.790926,,353.39645,370.18737600000003
Pakistan,PAK,2012,15.817917,,365.97232,381.79023700000005
Pakistan,PAK,2013,15.539542,,355.85727,371.396812
Pakistan,PAK,2014,17.600035,,349.86688,367.466915
Pakistan,PAK,2015,17.300846,,350.47568,367.776526
Pakistan,PAK,2016,21.32817,,346.78687,368.11504
Pakistan,PAK,2017,21.702806,,346.51498,368.217786
Pakistan,PAK,2018,22.816166,,342.00107,364.81723600000004
Pakistan,PAK,2019,36.696053,,326.9343,363.630353
Pakistan,PAK,2020,48.35542,,305.88312,354.23854
Pakistan,PAK,2021,52.174145,,326.6143,378.788445
Pakistan,PAK,2022,52.629482,,286.28293,338.912412
Pakistan,PAK,2023,101.89189,,277.03018,378.92206999999996
Pakistan,PAK,2024,93.75601,,260.8878,354.64381000000003
Pakistan,PAK,2025,94.84139,,249.421,344.26239
Peru,PER,1965,,39.47414,,39.47414
Peru,PER,1966,,39.47414,,39.47414
Peru,PER,1967,,44.33245,,44.33245
Peru,PER,1968,,46.28077,,46.28077
Peru,PER,1969,,44.93974,,44.93974
Peru,PER,1970,,44.923103,3.975125,48.898227999999996
Peru,PER,1971,,38.37081,4.7451253,43.1159353
Peru,PER,1972,,40.13162,4.56225,44.69387
Peru,PER,1973,,43.66005,4.466,48.12605
Peru,PER,1974,,47.611588,4.60075,52.212337999999995
Peru,PER,1975,,44.170933,5.6787496,49.849682599999994
Peru,PER,1976,,46.95398,6.16,53.11398
Peru,PER,1977,,55.780968,6.116688,61.897656
Peru,PER,1978,,92.051926,6.391,98.442926
Peru,PER,1979,,116.81149,5.90975,122.72124000000001
Peru,PER,1980,,119.1476,6.3525,125.5001
Peru,PER,1981,,117.6083,7.2957497,124.9040497
Peru,PER,1982,,118.88222,7.6566873,126.5389073
Peru,PER,1983,,103.91183,5.0435,108.95532999999999
Peru,PER,1984,,112.52271,6.8145003,119.33721030000001
Peru,PER,1985,,114.873924,5.313,120.186924
Peru,PER,1986,,108.23962,5.6354375,113.8750575
Peru,PER,1987,,99.80384,5.60175,105.40558999999999
Peru,PER,1988,,86.47234,5.284125,91.756465
Peru,PER,1989,,79.61581,4.4804378,84.0962478
Peru,PER,1990,,78.70604,4.2879376,82.99397760000001
Peru,PER,1991,,70.13512,4.02325,74.15837
Peru,PER,1992,,70.800804,3.628625,74.429429
Peru,PER,1993,,77.11245,3.821125,80.93357499999999
Peru,PER,1994,,77.73754,3.98475,81.72229
Peru,PER,1995,,74.36916,3.859625,78.22878499999999
Peru,PER,1996,,73.482025,3.917375,77.39939999999999
Peru,PER,1997,,72.595474,2.319625,74.915099
Peru,PER,1998,,70.12506,3.936625,74.06168500000001
Peru,PER,1999,,64.13437,3.955875,68.09024500000001
Peru,PER,2000,,60.022717,3.3254375,63.3481545
Peru,PER,2001,,58.586086,3.56125,62.147336
Peru,PER,2002,,56.960037,4.25425,61.214287
Peru,PER,2003,,55.029415,5.033875,60.06329
Peru,PER,2004,,54.542706,8.2775,62.820206
Peru,PER,2005,,61.89305,14.599701,76.492751
Peru,PER,2006,,64.431206,17.086443,81.517649
Peru,PER,2007,,63.79315,25.751993,89.545143
Peru,PER,2008,,66.30551,34.97944,101.28495
Peru,PER,2009,,80.166306,35.857998,116.024304
Peru,PER,2010,,84.63671,73.14946,157.78617
Peru,PER,2011,,81.03579,114.80541,195.84120000000001
Peru,PER,2012,,79.84143,119.58075,199.42218
Peru,PER,2013,,85.06722,123.99126,209.05848
Peru,PER,2014,,87.706795,131.27231,218.979105
Peru,PER,2015,,76.006836,126.56717,202.574006
Peru,PER,2016,,68.0217,140.18434,208.20603999999997
Peru,PER,2017,,66.214775,130.10747,196.322245
Peru,PER,2018,,68.12629,128.11485,196.24113999999997
Peru,PER,2019,,71.00466,134.95792,205.96258
Peru,PER,2020,,60.470203,132.06778,192.537983
Peru,PER,2021,,59.597992,124.34072,183.938712
Peru,PER,2022,,59.541912,149.55145,209.09336199999998
Peru,PER,2023,,56.526627,154.24945,210.776077
Peru,PER,2024,,56.896248,159.60516,216.50140800000003
Peru,PER,2025,,58.04462,154.64174,212.68636
Poland,POL,1970,,,51.19325,51.19325
Poland,POL,1971,,,52.79025,52.79025
Poland,POL,1972,,,55.840748,55.840748
Poland,POL,1973,,,56.64775,56.64775
Poland,POL,1974,,,54.83525,54.83525
Poland,POL,1975,,,56.43775,56.43775
Poland,POL,1976,,,61.4325,61.4325
Poland,POL,1977,,,64.661,64.661
Poland,POL,1978,,,69.33525,69.33525
Poland,POL,1979,,,62.208,62.208
Poland,POL,1980,,,52.83525,52.83525
Poland,POL,1981,1197.8241,,46.959003,1244.783103
Poland,POL,1982,1397.7062,,43.278,1440.9842
Poland,POL,1983,1423.4971,,42.311253,1465.8083530000001
Poland,POL,1984,1426.0773,,46.4745,1472.5518
Poland,POL,1985,1436.304,,48.061996,1484.365996
Poland,POL,1986,1460.487,,43.63425,1504.1212500000001
Poland,POL,1987,1476.4073,,43.837,1520.2443
Poland,POL,1988,1476.1913,,43.505,1519.6963
Poland,POL,1989,1362.5563,,40.28375,1402.84005
Poland,POL,1990,1162.5018,,27.655249,1190.157049
Poland,POL,1991,1113.4037,,30.915,1144.3187
Poland,POL,1992,1083.5659,,29.7705,1113.3364000000001
Poland,POL,1993,1047.989,,38.041,1086.03
Poland,POL,1994,1047.209,,36.04525,1083.25425
Poland,POL,1995,1072.4089,,36.858,1109.2668999999999
Poland,POL,1996,1063.038,,36.52025,1099.55825
Poland,POL,1997,1081.6552,,37.264,1118.9191999999998
Poland,POL,1998,934.4539,,37.78125,972.23515
Poland,POL,1999,904.11285,,36.078503,940.1913529999999
Poland,POL,2000,836.13837,,38.534496,874.672866
Poland,POL,2001,838.0157,,40.61225,878.62795
Poland,POL,2002,834.70685,,41.50925,876.2161
Poland,POL,2003,830.72034,,41.99925,872.7195899999999
Poland,POL,2004,806.1961,,45.6545,851.8506
Poland,POL,2005,806.7764,,45.175003,851.9514029999999
Poland,POL,2006,791.3931,,45.1285,836.5216
Poland,POL,2007,726.7561,,45.31861,772.07471
Poland,POL,2008,708.3886,,42.913055,751.301655
Poland,POL,2009,656.2531,,42.797222,699.050322
Poland,POL,2010,644.18317,,42.949165,687.132335
Poland,POL,2011,648.01666,,44.77361,692.79027
Poland,POL,2012,672.44324,,45.435833,717.879073
Poland,POL,2013,664.7652,,44.46306,709.2282600000001
Poland,POL,2014,628.4026,,43.33722,671.73982
Poland,POL,2015,616.0762,,42.8325,658.9087
Poland,POL,2016,605.6631,,41.318054,646.981154
Poland,POL,2017,578.94165,,40.399998,619.341648
Poland,POL,2018,549.7619,,39.813053,589.5749529999999
Poland,POL,2019,518.82117,,39.851944,558.673114
Poland,POL,2020,467.7588,,39.287777,507.046577
Poland,POL,2021,488.9499,,38.842777,527.792677
Poland,POL,2022,475.16553,,38.043613,513.209143
Poland,POL,2023,412.9258,,36.72278,449.64858
Poland,POL,2024,388.73083,,35.78158,424.51241000000005
Poland,POL,2025,373.10007,,34.23203,407.3321
Qatar,QAT,1965,,134.96996,,134.96996
Qatar,QAT,1966,,168.56763,,168.56763
Qatar,QAT,1967,,187.68355,,187.68355
Qatar,QAT,1968,,197.49146,,197.49146
Qatar,QAT,1969,,206.22018,,206.22018
Qatar,QAT,1970,,210.27509,10.401751,220.676841
Qatar,QAT,1971,,249.08618,10.401751,259.487931
Qatar,QAT,1972,,279.9732,11.41605,291.38925
Qatar,QAT,1973,,330.18402,16.353,346.53702
Qatar,QAT,1974,,300.06198,13.4343,313.49628
Qatar,QAT,1975,,253.14107,20.73105,273.87212
Qatar,QAT,1976,,282.8775,11.3229,294.2004
Qatar,QAT,1977,,251.98254,16.05285,268.03539
Qatar,QAT,1978,,280.3668,15.307651,295.67445100000003
Qatar,QAT,1979,,293.11072,45.1467,338.25742
Qatar,QAT,1980,,275.31665,49.06935,324.38599999999997
Qatar,QAT,1981,,240.69855,44.74305,285.4416
Qatar,QAT,1982,,196.26921,52.319252,248.588462
Qatar,QAT,1983,,178.5046,54.182247,232.686847
Qatar,QAT,1984,,199.42004,61.3755,260.79554
Qatar,QAT,1985,,178.14629,56.510998,234.657288
Qatar,QAT,1986,,200.86798,60.03,260.89797999999996
Qatar,QAT,1987,,177.60414,58.0635,235.66764
Qatar,QAT,1988,,205.23705,60.651,265.88805
Qatar,QAT,1989,,228.99637,64.17,293.16637000000003
Qatar,QAT,1990,,245.6507,65.205,310.8557
Qatar,QAT,1991,,237.2873,78.9705,316.2578
Qatar,QAT,1992,,274.47525,82.25773,356.73298
Qatar,QAT,1993,,253.68782,85.71816,339.40598
Qatar,QAT,1994,,248.28114,89.40334,337.68448
Qatar,QAT,1995,,253.89716,93.08852,346.98568
Qatar,QAT,1996,,315.21988,97.0391,412.25898
Qatar,QAT,1997,,386.96454,134.11154,521.07608
Qatar,QAT,1998,,390.20615,162.29366,552.49981
Qatar,QAT,1999,,398.6554,213.64838,612.30378
Qatar,QAT,2000,,467.28427,257.715,724.99927
Qatar,QAT,2001,,465.19556,279.44998,744.64554
Qatar,QAT,2002,,434.172,305.32498,739.49698
Qatar,QAT,2003,,509.2333,324.99,834.2233
Qatar,QAT,2004,,580.2947,405.40952,985.7042200000001
Qatar,QAT,2005,,611.25684,474.03,1085.28684
Qatar,QAT,2006,,659.2999,524.745,1184.0448999999999
Qatar,QAT,2007,,668.2696,654.12,1322.3896
Qatar,QAT,2008,,750.18787,796.75336,1546.94123
Qatar,QAT,2009,,725.67804,924.255,1649.93304
Qatar,QAT,2010,,824.8058,1231.1127,2055.9184999999998
Qatar,QAT,2011,,904.16223,1503.559,2407.72123
Qatar,QAT,2012,,952.5738,1625.4633,2578.0371
Qatar,QAT,2013,,949.9872,1678.8921,2628.8793
Qatar,QAT,2014,,928.8421,1694.2522,2623.0942999999997
Qatar,QAT,2015,,899.8932,1758.6449,2658.5380999999998
Qatar,QAT,2016,,902.2269,1747.6855,2649.9124
Qatar,QAT,2017,,869.83575,1705.3588,2575.19455
Qatar,QAT,2018,,873.32007,1752.0287,2625.34877
Qatar,QAT,2019,,840.89795,1771.5247,2612.42265
Qatar,QAT,2020,,832.9898,1749.3484,2582.3382
Qatar,QAT,2021,,819.2311,1769.8041,2589.0352000000003
Qatar,QAT,2022,,837.21246,1784.783,2621.99546
Qatar,QAT,2023,,864.3372,1809.7659,2674.1031000000003
Qatar,QAT,2024,,877.6642,1797.0342,2674.6984
Qatar,QAT,2025,,886.95013,1835.1544,2722.1045299999996
Romania,ROU,1965,,149.10823,,149.10823
Romania,ROU,1966,,152.06224,,152.06224
Romania,ROU,1967,,156.49329,,156.49329
Romania,ROU,1968,,157.41205,,157.41205
Romania,ROU,1969,,157.53998,,157.53998
Romania,ROU,1970,,159.0635,217.42856,376.49206000000004
Romania,ROU,1971,,163.9016,232.36145,396.26305
Romania,ROU,1972,,167.79764,237.68698,405.48462
Romania,ROU,1973,,170.22832,251.63676,421.86508000000003
Romania,ROU,1974,,172.54268,259.7159,432.25857999999994
Romania,ROU,1975,,174.21739,282.12225,456.33964000000003
Romania,ROU,1976,,175.4967,307.73413,483.23082999999997
Romania,ROU,1977,,174.9152,325.8959,500.8111
Romania,ROU,1978,,164.14583,328.12302,492.26885
Romania,ROU,1979,,147.85219,313.5256,461.37779
Romania,ROU,1980,,139.57164,323.734,463.30564
Romania,ROU,1981,107.96408,141.11842,340.7496,589.8321
Romania,ROU,1982,111.4468,142.25816,344.5236,598.22856
Romania,ROU,1983,129.26746,140.5253,341.88644,611.6792
Romania,ROU,1984,127.31919,138.8971,339.445,605.66129
Romania,ROU,1985,131.08475,130.81424,324.45154,586.35053
Romania,ROU,1986,136.25754,123.91765,328.342,588.51719
Romania,ROU,1987,146.518,116.69543,312.05792,575.27135
Romania,ROU,1988,161.30833,114.42757,305.59088,581.3267800000001
Romania,ROU,1989,162.953,111.91549,273.94525,548.81374
Romania,ROU,1990,96.108345,94.62167,266.45276,457.182775
Romania,ROU,1991,81.76365,81.50304,233.26851,396.5352
Romania,ROU,1992,85.4483,79.39801,204.82324,369.66955
Romania,ROU,1993,88.68259,80.58427,194.92026,364.18712000000005
Romania,ROU,1994,90.48501,81.10762,172.3985,343.99113
Romania,ROU,1995,91.73254,80.84013,168.00299,340.57566
Romania,ROU,1996,93.78893,79.68877,160.07549,333.55319
Romania,ROU,1997,76.79176,78.5025,138.4895,293.78376000000003
Romania,ROU,1998,59.900337,76.21139,129.669,265.780727
Romania,ROU,1999,54.039806,74.187775,130.16699,258.394571
Romania,ROU,2000,65.168144,73.11781,127.55925,265.845204
Romania,ROU,2001,66.29801,72.547935,125.374,264.219945
Romania,ROU,2002,70.93041,70.61736,123.266,264.81377000000003
Romania,ROU,2003,76.06231,68.5007,121.283745,265.846755
Romania,ROU,2004,73.2599,66.34915,120.68975,260.2988
Romania,ROU,2005,67.39144,63.232307,112.826256,243.450003
Romania,ROU,2006,75.35898,58.103477,111.164,244.62645700000002
Romania,ROU,2007,79.76265,55.18435,107.37675,242.32375000000002
Romania,ROU,2008,80.982445,54.88197,104.5835,240.44791500000002
Romania,ROU,2009,76.35425,52.31174,103.954,232.61998999999997
Romania,ROU,2010,68.657745,49.85781,100.2345,218.750055
Romania,ROU,2011,77.48019,49.10186,100.795,227.37705
Romania,ROU,2012,73.80552,46.31066,100.979744,221.095924
Romania,ROU,2013,54.156677,48.04353,100.019005,202.21921200000003
Romania,ROU,2014,51.74309,47.12476,101.943,200.81085000000002
Romania,ROU,2015,54.80007,46.554886,102.17226,203.527216
Romania,ROU,2016,49.258118,44.217262,90.52775,184.00313
Romania,ROU,2017,51.965424,42.26342,100.11401,194.342854
Romania,ROU,2018,46.72725,41.60051,99.5765,187.90426
Romania,ROU,2019,45.68163,41.484207,96.22586,183.391697
Romania,ROU,2020,30.147472,40.20491,85.96322,156.315602
Romania,ROU,2021,34.978878,38.63486,86.356865,159.970603
Romania,ROU,2022,32.287346,36.413532,87.505684,156.206562
Romania,ROU,2023,26.130772,34.72718,88.99473,149.85268200000002
Romania,ROU,2024,22.511621,33.343212,89.70379,145.558623
Romania,ROU,2025,21.887976,30.94743,89.07403,141.909436
Russia,RUS,1985,2160.92,6307.019,4248.812,12716.751
Russia,RUS,1986,2234.9768,6526.547,4625.6714,13387.195199999998
Russia,RUS,1987,2253.092,6623.0645,5005.4727,13881.629200000001
Russia,RUS,1988,2325.4946,6614.9,5423.898,14364.2926
Russia,RUS,1989,2236.98,6422.3887,5662.9985,14322.3672
Russia,RUS,1990,2158.0762,5999.812,5995.9,14153.788199999999
Russia,RUS,1991,1984.5846,5372.4087,5913.1343,13270.1276
Russia,RUS,1992,1903.0659,4638.16,5922.33,12463.5559
Russia,RUS,1993,1716.3167,4127.1963,5685.9893,11529.5023
Russia,RUS,1994,1527.4819,3693.4321,5584.831,10805.744999999999
Russia,RUS,1995,1450.4194,3614.0107,5411.9434,10476.3735
Russia,RUS,1996,1405.1366,3522.4128,5523.217,10450.7664
Russia,RUS,1997,1348.9637,3575.2947,5235.377,10159.6354
Russia,RUS,1998,1265.9254,3539.474,5412.8633,10218.2627
Russia,RUS,1999,1370.1302,3544.452,5444.13,10358.712200000002
Russia,RUS,2000,1413.2777,3798.9468,5370.56,10582.784500000002
Russia,RUS,2001,1493.8734,4090.0337,5347.5703,10931.4774
Russia,RUS,2002,1425.489,4462.377,5475.3965,11363.2625
Russia,RUS,2003,1541.0913,4951.0513,5706.2207,12198.3633
Russia,RUS,2004,1594.8219,5388.073,5825.7705,12808.6654
Russia,RUS,2005,1576.9117,5522.1504,5894.742,12993.804100000001
Russia,RUS,2006,1639.5974,5655.1367,6047.812,13342.5461
Russia,RUS,2007,1668.905,5783.959,6016.1313,13468.995299999999
Russia,RUS,2008,1732.4048,5748.1763,6114.5303,13595.111400000002
Russia,RUS,2009,1648.5525,5830.85,5361.8975,12841.3
Russia,RUS,2010,1755.281,5958.2305,5983.8677,13697.3792
Russia,RUS,2011,1832.5391,6041.363,6168.277,14042.179100000001
Russia,RUS,2012,1957.0964,6125.9355,6018.55,14101.581900000001
Russia,RUS,2013,2013.2693,6189.7603,6144.9624,14347.992
Russia,RUS,2014,2053.9744,6250.2017,5911.552,14215.7281
Russia,RUS,2015,2167.134,6333.144,5844.3955,14344.6735
Russia,RUS,2016,2255.871,6495.1113,5892.7534,14643.7357
Russia,RUS,2017,2393.4539,6495.898,6355.609,15244.9609
Russia,RUS,2018,2562.7866,6604.5015,6691.0586,15858.3467
Russia,RUS,2019,2563.6008,6668.512,6790.2686,16022.381399999998
Russia,RUS,2020,2336.467,6098.4463,6384.4663,14819.3796
Russia,RUS,2021,2564.4148,6266.0537,7021.1685,15851.637
Russia,RUS,2022,2593.0132,6379.2515,6183.682,15155.9467
Russia,RUS,2023,2554.2742,6299.022,5863.822,14717.1182
Russia,RUS,2024,2533.1672,6124.206,6298.6387,14956.011900000001
Russia,RUS,2025,2545.0132,6085.4487,6093.8584,14724.3203
Saudi Arabia,SAU,1965,,1291.2112,,1291.2112
Saudi Arabia,SAU,1966,,1523.1675,,1523.1675
Saudi Arabia,SAU,1967,,1643.169,,1643.169
Saudi Arabia,SAU,1968,,1793.6106,,1793.6106
Saudi Arabia,SAU,1969,,1892.793,,1892.793
Saudi Arabia,SAU,1970,,2234.9546,15.361501,2250.316101
Saudi Arabia,SAU,1971,,2800.4424,12.8155,2813.2579
Saudi Arabia,SAU,1972,,3538.2239,14.525499,3552.749399
Saudi Arabia,SAU,1973,,4466.09,17.1,4483.1900000000005
Saudi Arabia,SAU,1974,,4996.796,21.641,5018.437
Saudi Arabia,SAU,1975,,4179.089,25.744999,4204.8339989999995
Saudi Arabia,SAU,1976,,5085.341,27.792252,5113.1332520000005
Saudi Arabia,SAU,1977,,5447.446,39.1115,5486.5575
Saudi Arabia,SAU,1978,,4936.231,53.9315,4990.162499999999
Saudi Arabia,SAU,1979,,5675.5664,66.215,5741.7814
Saudi Arabia,SAU,1980,,5929.0127,92.378,6021.3907
Saudi Arabia,SAU,1981,,5888.819,107.711,5996.530000000001
Saudi Arabia,SAU,1982,,3956.3425,114.1615,4070.5040000000004
Saudi Arabia,SAU,1983,,2794.4504,111.47301,2905.9234100000003
Saudi Arabia,SAU,1984,,2547.3987,172.9,2720.2987000000003
Saudi Arabia,SAU,1985,,2001.202,178.6,2179.802
Saudi Arabia,SAU,1986,,2937.7393,239.40001,3177.13931
Saudi Arabia,SAU,1987,,2484.2625,254.59999,2738.86249
Saudi Arabia,SAU,1988,,3178.5789,276.45,3455.0289
Saudi Arabia,SAU,1989,,3153.7424,283.1,3436.8424
Saudi Arabia,SAU,1990,,3984.946,318.44,4303.3859999999995
Saudi Arabia,SAU,1991,,4981.6616,334.115,5315.7766
Saudi Arabia,SAU,1992,,5141.365,363.375,5504.74
Saudi Arabia,SAU,1993,,4992.883,380.37997,5373.26297
Saudi Arabia,SAU,1994,,5026.3213,406.315,5432.636299999999
Saudi Arabia,SAU,1995,,5015.5874,407.83502,5423.422420000001
Saudi Arabia,SAU,1996,,5087.378,421.895,5509.272999999999
Saudi Arabia,SAU,1997,,5024.416,430.72998,5455.14598
Saudi Arabia,SAU,1998,,5178.7773,444.78998,5623.567279999999
Saudi Arabia,SAU,1999,,4751.1567,438.9,5190.056699999999
Saudi Arabia,SAU,2000,,5099.946,473.195,5573.141
Saudi Arabia,SAU,2001,,4974.1143,510.055,5484.1693000000005
Saudi Arabia,SAU,2002,,4536.3174,538.64996,5074.96736
Saudi Arabia,SAU,2003,,5355.6123,570.57,5926.1822999999995
Saudi Arabia,SAU,2004,,5731.1167,623.96,6355.0767
Saudi Arabia,SAU,2005,,6008.3857,676.78,6685.1657
Saudi Arabia,SAU,2006,,5918.9785,697.8795,6616.858
Saudi Arabia,SAU,2007,,5686.37,706.99005,6393.36005
Saudi Arabia,SAU,2008,,5930.9995,764.18005,6695.17955
Saudi Arabia,SAU,2009,,5338.2544,745.275,6083.529399999999
Saudi Arabia,SAU,2010,,5388.1865,832.77,6220.9565
Saudi Arabia,SAU,2011,,6079.007,876.47003,6955.47703
Saudi Arabia,SAU,2012,,6387.4927,943.63495,7331.127649999999
Saudi Arabia,SAU,2013,,6261.744,950.285,7212.0289999999995
Saudi Arabia,SAU,2014,,6324.668,972.61,7297.277999999999
Saudi Arabia,SAU,2015,,6606.2373,992.275,7598.512299999999
Saudi Arabia,SAU,2016,,6823.463,1053.17,7876.633
Saudi Arabia,SAU,2017,,6504.885,1092.5021,7597.3871
Saudi Arabia,SAU,2018,,6708.389,1121.0,7829.389
Saudi Arabia,SAU,2019,,6472.84,1111.5,7584.34
Saudi Arabia,SAU,2020,,6042.749,1130.5,7173.249
Saudi Arabia,SAU,2021,,5989.718,1144.6068,7134.3248
Saudi Arabia,SAU,2022,,6665.569,1167.4989,7833.0679
Saudi Arabia,SAU,2023,,6151.1606,1173.547,7324.7076
Saudi Arabia,SAU,2024,,5933.1997,1235.683,7168.8827
Saudi Arabia,SAU,2025,,6231.614,1337.5457,7569.159699999999
Serbia,SRB,2007,83.64535,,,83.64535
Serbia,SRB,2008,87.06596,,,87.06596
Serbia,SRB,2009,86.256645,,,86.256645
Serbia,SRB,2010,84.29399,,,84.29399
Serbia,SRB,2011,90.89232,,,90.89232
Serbia,SRB,2012,85.149,,,85.149
Serbia,SRB,2013,89.81016,,,89.81016
Serbia,SRB,2014,66.563515,,,66.563515
Serbia,SRB,2015,84.216576,,,84.216576
Serbia,SRB,2016,84.43374,,,84.43374
Serbia,SRB,2017,83.92423,,,83.92423
Serbia,SRB,2018,76.86666,,,76.86666
Serbia,SRB,2019,79.38111,,,79.38111
Serbia,SRB,2020,83.79819,,,83.79819
Serbia,SRB,2021,73.064964,,,73.064964
Serbia,SRB,2022,69.53443,,,69.53443
Serbia,SRB,2023,64.00724,,,64.00724
Serbia,SRB,2024,63.06893,,,63.06893
Serbia,SRB,2025,67.20684,,,67.20684
South Africa,ZAF,1981,870.6344,,,870.6344
South Africa,ZAF,1982,963.16156,,,963.16156
South Africa,ZAF,1983,973.3918,,,973.3918
South Africa,ZAF,1984,1089.9883,,,1089.9883
South Africa,ZAF,1985,1160.1698,,,1160.1698
South Africa,ZAF,1986,1183.2096,,,1183.2096
South Africa,ZAF,1987,1179.402,,,1179.402
South Africa,ZAF,1988,1211.7451,,,1211.7451
South Africa,ZAF,1989,1175.5482,,,1175.5482
South Africa,ZAF,1990,1164.732,,,1164.732
South Africa,ZAF,1991,1188.1667,,,1188.1667
South Africa,ZAF,1992,1216.5251,,,1216.5251
South Africa,ZAF,1993,1243.5122,,,1243.5122
South Africa,ZAF,1994,1292.4174,,,1292.4174
South Africa,ZAF,1995,1359.76,,,1359.76
South Africa,ZAF,1996,1360.0792,,,1360.0792
South Africa,ZAF,1997,1450.1921,,,1450.1921
South Africa,ZAF,1998,1466.1997,,,1466.1997
South Africa,ZAF,1999,1468.5209,,,1468.5209
South Africa,ZAF,2000,1472.752,,,1472.752
South Africa,ZAF,2001,1368.821,,,1368.821
South Africa,ZAF,2002,1354.2211,,,1354.2211
South Africa,ZAF,2003,1461.9263,,,1461.9263
South Africa,ZAF,2004,1495.7764,,,1495.7764
South Africa,ZAF,2005,1609.4043,,,1609.4043
South Africa,ZAF,2006,1608.27,,,1608.27
South Africa,ZAF,2007,1628.4193,,,1628.4193
South Africa,ZAF,2008,1661.129,,,1661.129
South Africa,ZAF,2009,1643.0103,,,1643.0103
South Africa,ZAF,2010,1693.5975,,,1693.5975
South Africa,ZAF,2011,1651.8295,,,1651.8295
South Africa,ZAF,2012,1707.4292,,,1707.4292
South Africa,ZAF,2013,1691.0563,,,1691.0563
South Africa,ZAF,2014,1722.3047,,,1722.3047
South Africa,ZAF,2015,1656.1167,,,1656.1167
South Africa,ZAF,2016,1676.6671,,,1676.6671
South Africa,ZAF,2017,1658.5912,,,1658.5912
South Africa,ZAF,2018,1692.7675,,,1692.7675
South Africa,ZAF,2019,1698.8806,,,1698.8806
South Africa,ZAF,2020,1614.0898,,,1614.0898
South Africa,ZAF,2021,1539.1503,,,1539.1503
South Africa,ZAF,2022,1514.5681,,,1514.5681
South Africa,ZAF,2023,1539.0735,,,1539.0735
South Africa,ZAF,2024,1555.2814,,,1555.2814
South Africa,ZAF,2025,1552.2076,,,1552.2076
South Korea,KOR,1981,101.65318,,,101.65318
South Korea,KOR,1982,102.93759,,,102.93759
South Korea,KOR,1983,101.632706,,,101.632706
South Korea,KOR,1984,109.35456,,,109.35456
South Korea,KOR,1985,115.35704,,,115.35704
South Korea,KOR,1986,124.10745,,,124.10745
South Korea,KOR,1987,124.21491,,,124.21491
South Korea,KOR,1988,124.32237,,,124.32237
South Korea,KOR,1989,106.361,,,106.361
South Korea,KOR,1990,90.10517,,,90.10517
South Korea,KOR,1991,78.80604,,,78.80604
South Korea,KOR,1992,62.639763,,,62.639763
South Korea,KOR,1993,49.231533,,,49.231533
South Korea,KOR,1994,38.717434,,,38.717434
South Korea,KOR,1995,29.93562,,,29.93562
South Korea,KOR,1996,25.911058,,,25.911058
South Korea,KOR,1997,23.613552,,,23.613552
South Korea,KOR,1998,22.823294,,,22.823294
South Korea,KOR,1999,21.964998,,,21.964998
South Korea,KOR,2000,21.719025,,,21.719025
South Korea,KOR,2001,19.976269,,,19.976269
South Korea,KOR,2002,17.364754,,,17.364754
South Korea,KOR,2003,17.260084,,,17.260084
South Korea,KOR,2004,16.700098,,,16.700098
South Korea,KOR,2005,14.821272,,,14.821272
South Korea,KOR,2006,14.779405,,,14.779405
South Korea,KOR,2007,15.607344,,,15.607344
South Korea,KOR,2008,14.996245,,,14.996245
South Korea,KOR,2009,13.622626,,,13.622626
South Korea,KOR,2010,11.270167,,,11.270167
South Korea,KOR,2011,11.270167,,,11.270167
South Korea,KOR,2012,10.958949,,,10.958949
South Korea,KOR,2013,9.498802,,,9.498802
South Korea,KOR,2014,9.148158,,,9.148158
South Korea,KOR,2015,9.2318945,,,9.2318945
South Korea,KOR,2016,9.033021,,,9.033021
South Korea,KOR,2017,8.16897,,,8.16897
South Korea,KOR,2018,6.601188,,,6.601188
South Korea,KOR,2019,5.9630733,,,5.9630733
South Korea,KOR,2020,5.605509,,,5.605509
South Korea,KOR,2021,4.939889,,,4.939889
South Korea,KOR,2022,4.491739,,,4.491739
South Korea,KOR,2023,3.5380657,,,3.5380657
South Korea,KOR,2024,2.9744074,,,2.9744074
South Korea,KOR,2025,2.3006468,,,2.3006468
South Sudan,SSD,2012,,17.831106,,17.831106
South Sudan,SSD,2013,,57.131416,,57.131416
South Sudan,SSD,2014,,88.99592,,88.99592
South Sudan,SSD,2015,,84.63416,,84.63416
South Sudan,SSD,2016,,78.520805,,78.520805
South Sudan,SSD,2017,,84.326416,,84.326416
South Sudan,SSD,2018,,82.66252,,82.66252
South Sudan,SSD,2019,,98.25598,,98.25598
South Sudan,SSD,2020,,94.508026,,94.508026
South Sudan,SSD,2021,,87.407585,,87.407585
South Sudan,SSD,2022,,80.80363,,80.80363
South Sudan,SSD,2023,,84.58163,,84.58163
South Sudan,SSD,2024,,49.68767,,49.68767
South Sudan,SSD,2025,,75.98407,,75.98407
Spain,ESP,1981,140.22293,,,140.22293
Spain,ESP,1982,150.59692,,,150.59692
Spain,ESP,1983,152.98091,,,152.98091
Spain,ESP,1984,151.49219,,,151.49219
Spain,ESP,1985,150.21309,,,150.21309
Spain,ESP,1986,153.91144,,,153.91144
Spain,ESP,1987,133.67526,,,133.67526
Spain,ESP,1988,126.62745,,,126.62745
Spain,ESP,1989,135.46616,,,135.46616
Spain,ESP,1990,132.3843,,,132.3843
Spain,ESP,1991,121.370705,,,121.370705
Spain,ESP,1992,123.30123,,,123.30123
Spain,ESP,1993,121.31246,,,121.31246
Spain,ESP,1994,114.764915,,,114.764915
Spain,ESP,1995,113.206436,,,113.206436
Spain,ESP,1996,111.799164,,,111.799164
Spain,ESP,1997,112.0201,,,112.0201
Spain,ESP,1998,107.43784,,,107.43784
Spain,ESP,1999,99.855225,,,99.855225
Spain,ESP,2000,97.005806,,,97.005806
Spain,ESP,2001,91.44677,,,91.44677
Spain,ESP,2002,89.364914,,,89.364914
Spain,ESP,2003,83.08475,,,83.08475
Spain,ESP,2004,80.50286,,,80.50286
Spain,ESP,2005,77.06032,,,77.06032
Spain,ESP,2006,72.606026,,,72.606026
Spain,ESP,2007,68.209915,,,68.209915
Spain,ESP,2008,50.869614,,,50.869614
Spain,ESP,2009,44.31232,,,44.31232
Spain,ESP,2010,38.329483,,,38.329483
Spain,ESP,2011,30.798552,,,30.798552
Spain,ESP,2012,28.612782,,,28.612782
Spain,ESP,2013,20.49784,,,20.49784
Spain,ESP,2014,18.932415,,,18.932415
Spain,ESP,2015,14.48957,,,14.48957
Spain,ESP,2016,7.9762125,,,7.9762125
Spain,ESP,2017,13.116511,,,13.116511
Spain,ESP,2018,10.267918,,,10.267918
Spain,ESP,2019,0.6848833,,,0.6848833
Spain,ESP,2020,0.5190886,,,0.5190886
Spain,ESP,2021,0.49378112,,,0.49378112
Spain,ESP,2022,0.38784835,,,0.38784835
Spain,ESP,2023,0.22535194,,,0.22535194
Spain,ESP,2024,0.23895805,,,0.23895805
Spain,ESP,2025,0.0,,,0.0
Sudan,SDN,1993,,1.1457355,,1.1457355
Sudan,SDN,1994,,1.1457355,,1.1457355
Sudan,SDN,1995,,1.1457355,,1.1457355
Sudan,SDN,1996,,2.8721862,,2.8721862
Sudan,SDN,1997,,5.1558094,,5.1558094
Sudan,SDN,1998,,6.874413,,6.874413
Sudan,SDN,1999,,36.090668,,36.090668
Sudan,SDN,2000,,102.90004,,102.90004
Sudan,SDN,2001,,119.73401,,119.73401
Sudan,SDN,2002,,135.30247,,135.30247
Sudan,SDN,2003,,150.166,,150.166
Sudan,SDN,2004,,167.24008,,167.24008
Sudan,SDN,2005,,168.24004,,168.24004
Sudan,SDN,2006,,204.03307,,204.03307
Sudan,SDN,2007,,276.76138,,276.76138
Sudan,SDN,2008,,262.48993,,262.48993
Sudan,SDN,2009,,272.2339,,272.2339
Sudan,SDN,2010,,264.7055,,264.7055
Sudan,SDN,2011,,166.70581,,166.70581
Sudan,SDN,2012,,59.22879,,59.22879
Sudan,SDN,2013,,67.51441,,67.51441
Sudan,SDN,2014,,68.51756,,68.51756
Sudan,SDN,2015,,62.47819,,62.47819
Sudan,SDN,2016,,48.300407,,48.300407
Sudan,SDN,2017,,40.10898,,40.10898
Sudan,SDN,2018,,42.506702,,42.506702
Sudan,SDN,2019,,41.34276,,41.34276
Sudan,SDN,2020,,36.40113,,36.40113
Sudan,SDN,2021,,36.712467,,36.712467
Sudan,SDN,2022,,35.488037,,35.488037
Sudan,SDN,2023,,32.91459,,32.91459
Sudan,SDN,2024,,21.613846,,21.613846
Sudan,SDN,2025,,14.896444,,14.896444
Syria,SYR,1968,,12.19484,,12.19484
Syria,SYR,1969,,30.693363,,30.693363
Syria,SYR,1970,,49.22521,,49.22521
Syria,SYR,1971,,61.386726,,61.386726
Syria,SYR,1972,,67.94268,,67.94268
Syria,SYR,1973,,64.282326,,64.282326
Syria,SYR,1974,,74.70649,,74.70649
Syria,SYR,1975,,111.19105,0.0,111.19105
Syria,SYR,1976,,116.722046,0.314,117.036046
Syria,SYR,1977,,105.978966,0.3495,106.328466
Syria,SYR,1978,,103.66249,0.337,103.99949000000001
Syria,SYR,1979,,96.71305,0.3475,97.06054999999999
Syria,SYR,1980,,91.751656,0.46775,92.21940599999999
Syria,SYR,1981,,94.975685,0.472,95.44768499999999
Syria,SYR,1982,,89.76361,0.4925,90.25611
Syria,SYR,1983,,93.238335,0.7475,93.98583500000001
Syria,SYR,1984,,94.07448,1.2624999,95.33697989999999
Syria,SYR,1985,,92.25454,1.5,93.75454
Syria,SYR,1986,,116.05662,3.79275,119.84937
Syria,SYR,1987,,133.54651,3.7342498,137.2807598
Syria,SYR,1988,,155.51389,8.833501,164.34739100000002
Syria,SYR,1989,,196.96133,14.4592495,211.4205795
Syria,SYR,1990,,235.21815,15.92175,251.1399
Syria,SYR,1991,,272.954,18.583502,291.537502
Syria,SYR,1992,,298.13672,19.221998,317.358718
Syria,SYR,1993,,327.12854,19.025,346.15353999999996
Syria,SYR,1994,,325.47263,20.623,346.09562999999997
Syria,SYR,1995,,344.38824,26.0055,370.39374
Syria,SYR,1996,,339.5189,27.7095,367.22839999999997
Syria,SYR,1997,,333.39658,42.978,376.37458
Syria,SYR,1998,,332.8291,54.193752,387.022852
Syria,SYR,1999,,334.38037,53.7225,388.10287000000005
Syria,SYR,2000,,326.75964,53.7225,380.48213999999996
Syria,SYR,2001,,347.75262,55.042,402.79462
Syria,SYR,2002,,380.76596,60.885498,441.651458
Syria,SYR,2003,,366.92746,64.56125,431.48870999999997
Syria,SYR,2004,,273.18494,59.377502,332.562442
Syria,SYR,2005,,251.98462,57.4925,309.47712
Syria,SYR,2006,,236.34837,58.906246,295.254616
Syria,SYR,2007,,226.50334,56.550003,283.053343
Syria,SYR,2008,,228.28531,55.6075,283.89281
Syria,SYR,2009,,224.76598,61.356747,286.122727
Syria,SYR,2010,,215.50005,84.2595,299.75955
Syria,SYR,2011,,197.11723,74.17475,271.29198
Syria,SYR,2012,,93.95683,60.79125,154.74808
Syria,SYR,2013,,31.24378,49.9525,81.19628
Syria,SYR,2014,,16.979202,46.1825,63.161702
Syria,SYR,2015,,13.930833,40.5275,54.458333
Syria,SYR,2016,,12.807587,35.34375,48.151337
Syria,SYR,2017,,12.546561,37.5115,50.058060999999995
Syria,SYR,2018,,12.223529,32.70475,44.928278999999996
Syria,SYR,2019,,17.568169,30.442749,48.010918000000004
Syria,SYR,2020,,22.843412,25.824501,48.667913
Syria,SYR,2021,,23.058573,39.679253,62.737826
Syria,SYR,2022,,22.69265,34.40125,57.0939
Syria,SYR,2023,,22.12631,35.15525,57.28156
Syria,SYR,2024,,19.277864,35.15525,54.433114
Syria,SYR,2025,,18.794529,33.09063,51.885159
Thailand,THA,1981,5.294151,0.7787622,2.7255611,8.7984743
Thailand,THA,1982,6.166187,2.806905,13.891569,22.864660999999998
Thailand,THA,1983,5.8594704,6.8033895,16.353365,29.0162249
Thailand,THA,1984,7.3388515,12.351028,24.41282,44.1026995
Thailand,THA,1985,17.357018,23.377903,32.09128,72.826201
Thailand,THA,1986,17.673073,22.965563,37.43983,78.07846599999999
Thailand,THA,1987,22.56314,21.104242,52.30879,95.976172
Thailand,THA,1988,23.977057,24.180489,61.9986,110.156146
Thailand,THA,1989,30.69919,23.819426,61.936176,116.454792
Thailand,THA,1990,41.606102,28.371239,67.498665,137.47600599999998
Thailand,THA,1991,48.545338,32.836124,83.651276,165.032738
Thailand,THA,1992,51.735832,38.406845,89.24366,179.386337
Thailand,THA,1993,53.94501,39.468914,100.44572,193.859644
Thailand,THA,1994,60.22411,39.733795,111.035835,210.99374
Thailand,THA,1995,64.300316,38.619038,117.561066,220.48041999999998
Thailand,THA,1996,74.10746,43.918797,135.9035,253.929757
Thailand,THA,1997,80.10027,49.89238,167.30255,297.2952
Thailand,THA,1998,69.81312,51.891117,181.63666,303.34089700000004
Thailand,THA,1999,66.26717,56.512978,198.96596,321.746108
Thailand,THA,2000,60.290333,82.92943,208.95029,352.170053
Thailand,THA,2001,65.604416,90.50176,203.24478,359.350956
Thailand,THA,2002,66.16691,99.43188,212.44427,378.04305999999997
Thailand,THA,2003,61.098713,116.088844,222.17865,399.36620700000003
Thailand,THA,2004,65.2471,113.605606,231.47572,410.32842600000004
Thailand,THA,2005,69.57917,138.73035,245.1774,453.48692
Thailand,THA,2006,62.060894,151.06125,251.70262,464.82476399999996
Thailand,THA,2007,57.13045,159.3455,269.03192,485.50787
Thailand,THA,2008,55.74603,168.27225,297.9794,521.99768
Thailand,THA,2009,54.838264,174.30222,293.89734,523.037824
Thailand,THA,2010,57.568237,177.12204,337.15103,571.841307
Thailand,THA,2011,69.68879,183.92621,338.03888,591.6538800000001
Thailand,THA,2012,55.27612,200.86676,384.49857,640.64145
Thailand,THA,2013,54.446777,198.8096,389.34747,642.603847
Thailand,THA,2014,53.64447,196.39471,390.91995,640.95913
Thailand,THA,2015,44.87676,204.66713,374.77267,624.31656
Thailand,THA,2016,50.06937,210.82658,372.7371,633.63305
Thailand,THA,2017,47.74735,204.25745,359.46515,611.4699499999999
Thailand,THA,2018,43.679813,197.32396,347.28116,588.284933
Thailand,THA,2019,41.07177,196.86757,357.72687,595.6662100000001
Thailand,THA,2020,38.171604,176.03465,327.01578,541.222034
Thailand,THA,2021,40.96881,162.22333,315.2594,518.45154
Thailand,THA,2022,39.29714,133.536,253.43556,426.2687
Thailand,THA,2023,36.904957,130.3143,256.71954,423.938797
Thailand,THA,2024,36.73458,144.10544,285.32764,466.16765999999996
Thailand,THA,2025,35.894695,155.5866,293.73138,485.212675
Trinidad and Tobago,TTO,1965,,77.58907,,77.58907
Trinidad and Tobago,TTO,1966,,87.95666,,87.95666
Trinidad and Tobago,TTO,1967,,102.93206,,102.93206
Trinidad and Tobago,TTO,1968,,110.312996,,110.312996
Trinidad and Tobago,TTO,1969,,90.42838,,90.42838
Trinidad and Tobago,TTO,1970,,80.63677,17.767576,98.404346
Trinidad and Tobago,TTO,1971,,74.301025,18.635,92.936025
Trinidad and Tobago,TTO,1972,,81.43525,19.26075,100.696
Trinidad and Tobago,TTO,1973,,95.61217,18.498,114.11017000000001
Trinidad and Tobago,TTO,1974,,107.70769,16.89975,124.60744
Trinidad and Tobago,TTO,1975,,124.41102,15.35975,139.77077
Trinidad and Tobago,TTO,1976,,122.44165,17.28825,139.7299
Trinidad and Tobago,TTO,1977,,131.89873,20.3215,152.22023000000002
Trinidad and Tobago,TTO,1978,,132.4747,24.26025,156.73495000000003
Trinidad and Tobago,TTO,1979,,123.25906,25.0765,148.33556000000002
Trinidad and Tobago,TTO,1980,,122.44165,28.3325,150.77415
Trinidad and Tobago,TTO,1981,,108.859634,31.2095,140.069134
Trinidad and Tobago,TTO,1982,,101.947914,37.931248,139.879162
Trinidad and Tobago,TTO,1983,,92.15631,39.297253,131.453563
Trinidad and Tobago,TTO,1984,,98.18435,41.176003,139.360353
Trinidad and Tobago,TTO,1985,,100.43309,42.152,142.58509
Trinidad and Tobago,TTO,1986,,96.50558,43.1345,139.64008
Trinidad and Tobago,TTO,1987,,88.54622,45.6935,134.23972
Trinidad and Tobago,TTO,1988,,86.58319,52.59425,139.17744
Trinidad and Tobago,TTO,1989,,85.4033,52.694748,138.098048
Trinidad and Tobago,TTO,1990,,85.770645,54.63375,140.404395
Trinidad and Tobago,TTO,1991,,84.251305,55.351654,139.602959
Trinidad and Tobago,TTO,1992,,80.81669,53.48801,134.3047
Trinidad and Tobago,TTO,1993,,75.04474,60.033134,135.077874
Trinidad and Tobago,TTO,1994,,78.65932,68.75722,147.41654
Trinidad and Tobago,TTO,1995,,78.337265,73.813225,152.15049
Trinidad and Tobago,TTO,1996,,77.6378,83.34405,160.98185
Trinidad and Tobago,TTO,1997,,74.86783,90.44337,165.31119999999999
Trinidad and Tobago,TTO,1998,,74.39617,90.44337,164.83954
Trinidad and Tobago,TTO,1999,,77.276024,114.07534,191.351364
Trinidad and Tobago,TTO,2000,,76.43616,138.3067,214.74286
Trinidad and Tobago,TTO,2001,,73.56447,147.14865,220.71312
Trinidad and Tobago,TTO,2002,,84.65373,172.62419,257.27792
Trinidad and Tobago,TTO,2003,,89.189865,251.85416,341.04402500000003
Trinidad and Tobago,TTO,2004,,82.83301,285.78665,368.61966
Trinidad and Tobago,TTO,2005,,94.30742,300.10345,394.41087
Trinidad and Tobago,TTO,2006,,95.15004,355.6027,450.75274
Trinidad and Tobago,TTO,2007,,83.64878,377.03345,460.68223
Trinidad and Tobago,TTO,2008,,80.0862,373.99518,454.08138
Trinidad and Tobago,TTO,2009,,79.109535,385.58212,464.69165499999997
Trinidad and Tobago,TTO,2010,,72.47567,402.9303,475.40596999999997
Trinidad and Tobago,TTO,2011,,68.34508,386.85217,455.19725
Trinidad and Tobago,TTO,2012,,60.269722,385.32407,445.593792
Trinidad and Tobago,TTO,2013,,59.410603,387.4726,446.883203
Trinidad and Tobago,TTO,2014,,58.77991,380.67206,439.45196999999996
Trinidad and Tobago,TTO,2015,,56.10478,359.55856,415.66334
Trinidad and Tobago,TTO,2016,,50.37355,312.817,363.19055000000003
Trinidad and Tobago,TTO,2017,,50.93855,318.72928,369.66783000000004
Trinidad and Tobago,TTO,2018,,45.36544,339.61115,384.97659
Trinidad and Tobago,TTO,2019,,42.569534,345.6089,388.178434
Trinidad and Tobago,TTO,2020,,39.91337,294.65265,334.56602
Trinidad and Tobago,TTO,2021,,40.58855,247.22997,287.81852000000003
Trinidad and Tobago,TTO,2022,,39.335358,259.79886,299.134218
Trinidad and Tobago,TTO,2023,,39.670555,249.93607,289.606625
Trinidad and Tobago,TTO,2024,,35.24253,244.12564,279.36817
Trinidad and Tobago,TTO,2025,,37.32225,238.0383,275.36055
Tunisia,TUN,1966,,8.96673,,8.96673
Tunisia,TUN,1967,,26.06283,,26.06283
Tunisia,TUN,1968,,37.11133,,37.11133
Tunisia,TUN,1969,,43.11241,,43.11241
Tunisia,TUN,1970,,48.27613,,48.27613
Tunisia,TUN,1971,,47.787674,,47.787674
Tunisia,TUN,1972,,46.25251,,46.25251
Tunisia,TUN,1973,,45.10114,,45.10114
Tunisia,TUN,1974,,48.13657,,48.13657
Tunisia,TUN,1975,,53.602673,,53.602673
Tunisia,TUN,1976,,43.1473,,43.1473
Tunisia,TUN,1977,,50.05552,,50.05552
Tunisia,TUN,1978,,57.49872,,57.49872
Tunisia,TUN,1979,,64.383675,,64.383675
Tunisia,TUN,1980,,65.44201,,65.44201
Tunisia,TUN,1981,,62.88341,,62.88341
Tunisia,TUN,1982,,59.84798,,59.84798
Tunisia,TUN,1983,,64.33716,,64.33716
Tunisia,TUN,1984,,63.7324,,63.7324
Tunisia,TUN,1985,,62.89504,,62.89504
Tunisia,TUN,1986,,61.0575,,61.0575
Tunisia,TUN,1987,,58.23141,,58.23141
Tunisia,TUN,1988,,57.405678,,57.405678
Tunisia,TUN,1989,,57.6848,,57.6848
Tunisia,TUN,1990,,55.13085,,55.13085
Tunisia,TUN,1991,,63.31721,,63.31721
Tunisia,TUN,1992,,63.431183,,63.431183
Tunisia,TUN,1993,,57.40801,,57.40801
Tunisia,TUN,1994,,53.022335,,53.022335
Tunisia,TUN,1995,,51.68023,,51.68023
Tunisia,TUN,1996,,51.254574,,51.254574
Tunisia,TUN,1997,,48.34591,,48.34591
Tunisia,TUN,1998,,47.45505,,47.45505
Tunisia,TUN,1999,,48.829716,,48.829716
Tunisia,TUN,2000,,42.589058,,42.589058
Tunisia,TUN,2001,,38.94887,,38.94887
Tunisia,TUN,2002,,40.54218,,40.54218
Tunisia,TUN,2003,,36.8671,,36.8671
Tunisia,TUN,2004,,38.87909,,38.87909
Tunisia,TUN,2005,,39.565258,,39.565258
Tunisia,TUN,2006,,37.93706,,37.93706
Tunisia,TUN,2007,,52.86998,,52.86998
Tunisia,TUN,2008,,48.311016,,48.311016
Tunisia,TUN,2009,,45.51982,,45.51982
Tunisia,TUN,2010,,44.58942,,44.58942
Tunisia,TUN,2011,,39.69319,,39.69319
Tunisia,TUN,2012,,39.646667,,39.646667
Tunisia,TUN,2013,,36.37864,,36.37864
Tunisia,TUN,2014,,33.76189,,33.76189
Tunisia,TUN,2015,,30.552011,,30.552011
Tunisia,TUN,2016,,28.2609,,28.2609
Tunisia,TUN,2017,,23.88802,,23.88802
Tunisia,TUN,2018,,23.10881,,23.10881
Tunisia,TUN,2019,,21.21312,,21.21312
Tunisia,TUN,2020,,19.60818,,19.60818
Tunisia,TUN,2021,,24.1904,,24.1904
Tunisia,TUN,2022,,20.43391,,20.43391
Tunisia,TUN,2023,,19.829151,,19.829151
Tunisia,TUN,2024,,17.2124,,17.2124
Tunisia,TUN,2025,,15.351601,,15.351601
Turkey,TUR,1981,80.63079,,,80.63079
Turkey,TUR,1982,86.84215,,,86.84215
Turkey,TUR,1983,91.405876,,,91.405876
Turkey,TUR,1984,102.46659,,,102.46659
Turkey,TUR,1985,123.69214,,,123.69214
Turkey,TUR,1986,132.12297,,,132.12297
Turkey,TUR,1987,141.99194,,,141.99194
Turkey,TUR,1988,128.8973,,,128.8973
Turkey,TUR,1989,148.5115,,,148.5115
Turkey,TUR,1990,136.33606,,,136.33606
Turkey,TUR,1991,127.97628,,,127.97628
Turkey,TUR,1992,140.9242,,,140.9242
Turkey,TUR,1993,134.32036,,,134.32036
Turkey,TUR,1994,140.8028,,,140.8028
Turkey,TUR,1995,140.52422,,,140.52422
Turkey,TUR,1996,142.9979,,,142.9979
Turkey,TUR,1997,152.56772,,,152.56772
Turkey,TUR,1998,162.179,,,162.179
Turkey,TUR,1999,154.49995,,,154.49995
Turkey,TUR,2000,145.23756,,,145.23756
Turkey,TUR,2001,142.83325,,,142.83325
Turkey,TUR,2002,132.12025,,,132.12025
Turkey,TUR,2003,125.336006,,,125.336006
Turkey,TUR,2004,122.48965,,,122.48965
Turkey,TUR,2005,130.41881,,,130.41881
Turkey,TUR,2006,153.05083,,,153.05083
Turkey,TUR,2007,172.0891,,,172.0891
Turkey,TUR,2008,193.91866,,,193.91866
Turkey,TUR,2009,202.38525,,,202.38525
Turkey,TUR,2010,203.80408,,,203.80408
Turkey,TUR,2011,207.81645,,,207.81645
Turkey,TUR,2012,197.90771,,,197.90771
Turkey,TUR,2013,179.69855,,,179.69855
Turkey,TUR,2014,190.25516,,,190.25516
Turkey,TUR,2015,148.79759,,,148.79759
Turkey,TUR,2016,179.79745,,,179.79745
Turkey,TUR,2017,175.45506,,,175.45506
Turkey,TUR,2018,192.44522,,,192.44522
Turkey,TUR,2019,201.77293,,,201.77293
Turkey,TUR,2020,182.83022,,,182.83022
Turkey,TUR,2021,208.57721,,,208.57721
Turkey,TUR,2022,229.29988,,,229.29988
Turkey,TUR,2023,178.79967,,,178.79967
Turkey,TUR,2024,193.47778,,,193.47778
Turkey,TUR,2025,179.53575,,,179.53575
Turkmenistan,TKM,1985,,78.8514,787.31934,866.17074
Turkmenistan,TKM,1986,,76.2928,801.61017,877.9029700000001
Turkmenistan,TKM,1987,,75.24609,833.78815,909.03424
Turkmenistan,TKM,1988,,66.5236,835.6809,902.2044999999999
Turkmenistan,TKM,1989,,66.8725,850.82355,917.69605
Turkmenistan,TKM,1990,,66.291,792.4263,858.7173
Turkmenistan,TKM,1991,,62.802002,761.4338,824.235802
Turkmenistan,TKM,1992,,60.475998,503.0025,563.478498
Turkmenistan,TKM,1993,,50.962658,588.85754,639.820198
Turkmenistan,TKM,1994,,48.75296,323.30374,372.0567
Turkmenistan,TKM,1995,,47.334103,291.6375,338.97160299999996
Turkmenistan,TKM,1996,,50.64865,317.625,368.27365
Turkmenistan,TKM,1997,,62.42984,156.21376,218.6436
Turkmenistan,TKM,1998,,74.07147,120.119995,194.191465
Turkmenistan,TKM,1999,,82.14269,205.87875,288.02144
Turkmenistan,TKM,2000,,84.666405,424.36627,509.032675
Turkmenistan,TKM,2001,,90.07435,463.25125,553.3256
Turkmenistan,TKM,2002,,95.4823,483.07877,578.56107
Turkmenistan,TKM,2003,,101.2973,534.1875,635.4848
Turkmenistan,TKM,2004,,107.2286,526.4875,633.7161
Turkmenistan,TKM,2005,,113.1599,568.8375,681.9974
Turkmenistan,TKM,2006,,116.1837,565.95,682.1337000000001
Turkmenistan,TKM,2007,,119.4401,616.0,735.4401
Turkmenistan,TKM,2008,,123.33614,616.0,739.33614
Turkmenistan,TKM,2009,,126.4181,333.21753,459.63563
Turkmenistan,TKM,2010,,129.4419,401.27826,530.72016
Turkmenistan,TKM,2011,,133.8613,563.11456,696.97586
Turkmenistan,TKM,2012,,139.4437,589.6141,729.0578
Turkmenistan,TKM,2013,,145.02611,589.6141,734.64021
Turkmenistan,TKM,2014,,149.44551,635.0418,784.48731
Turkmenistan,TKM,2015,,153.8649,658.702,812.5669
Turkmenistan,TKM,2016,,153.2834,632.2026,785.486
Turkmenistan,TKM,2017,,151.82965,586.77484,738.60449
Turkmenistan,TKM,2018,,145.47968,615.1672,760.64688
Turkmenistan,TKM,2019,,142.0372,631.63184,773.66904
Turkmenistan,TKM,2020,,120.96258,660.1465,781.10908
Turkmenistan,TKM,2021,,113.91679,792.83594,906.75273
Turkmenistan,TKM,2022,,111.326546,782.6819,894.008446
Turkmenistan,TKM,2023,,105.59692,762.98425,868.5811699999999
Turkmenistan,TKM,2024,,104.78281,734.63354,839.4163500000001
Turkmenistan,TKM,2025,,105.949295,724.26086,830.210155
Ukraine,UKR,1985,1083.9856,,405.82104,1489.80664
Ukraine,UKR,1986,1110.2439,,375.72516,1485.96906
Ukraine,UKR,1987,1097.9105,,336.9223,1434.8328
Ukraine,UKR,1988,1091.6465,,306.63715,1398.28365
Ukraine,UKR,1989,1026.1592,,291.4946,1317.6538
Ukraine,UKR,1990,1009.5795,,265.9415,1275.5210000000002
Ukraine,UKR,1991,858.5726,,230.92429,1089.49689
Ukraine,UKR,1992,815.0386,,198.7463,1013.7849
Ukraine,UKR,1993,694.31366,,181.71092,876.02458
Ukraine,UKR,1994,571.3583,,172.24681,743.60511
Ukraine,UKR,1995,497.49072,,160.68166,658.17238
Ukraine,UKR,1996,376.3641,,162.44199,538.80609
Ukraine,UKR,1997,390.50162,,164.85533,555.35695
Ukraine,UKR,1998,399.71887,,158.63742,558.35629
Ukraine,UKR,1999,422.01147,,159.90086,581.91233
Ukraine,UKR,2000,422.69614,,157.88028,580.57642
Ukraine,UKR,2001,419.52203,,161.56181,581.08384
Ukraine,UKR,2002,417.74255,,176.78958,594.53213
Ukraine,UKR,2003,405.3614,,182.96964,588.33104
Ukraine,UKR,2004,402.79318,,193.66408,596.45726
Ukraine,UKR,2005,403.2934,,196.73991,600.03331
Ukraine,UKR,2006,410.54028,,199.63594,610.1762200000001
Ukraine,UKR,2007,404.69516,,199.73058,604.42574
Ukraine,UKR,2008,404.14328,,202.94838,607.09166
Ukraine,UKR,2009,375.0599,,203.37427,578.43417
Ukraine,UKR,2010,373.84564,,194.27925,568.12489
Ukraine,UKR,2011,422.40073,,195.44333,617.84406
Ukraine,UKR,2012,454.64465,,193.92908,648.5737300000001
Ukraine,UKR,2013,444.47632,,201.58554,646.06186
Ukraine,UKR,2014,303.13525,,202.19125,505.3265
Ukraine,UKR,2015,199.39026,,188.3358,387.72606
Ukraine,UKR,2016,211.78044,,190.22862,402.00906
Ukraine,UKR,2017,158.4245,,194.01427,352.43877
Ukraine,UKR,2018,168.18156,,196.8535,365.03506
Ukraine,UKR,2019,166.36061,,194.01427,360.37488
Ukraine,UKR,2020,148.3139,,191.17503,339.48893
Ukraine,UKR,2021,144.19885,,187.38939,331.58824
Ukraine,UKR,2022,123.248604,,175.4646,298.713204
Ukraine,UKR,2023,119.55115,,176.97885,296.53
Ukraine,UKR,2024,105.56367,,180.9538,286.51747
Ukraine,UKR,2025,72.83893,,160.60596,233.44489000000002
United Arab Emirates,ARE,1965,,158.93922,,158.93922
United Arab Emirates,ARE,1966,,202.75732,,202.75732
United Arab Emirates,ARE,1967,,215.20438,,215.20438
United Arab Emirates,ARE,1968,,280.45877,,280.45877
United Arab Emirates,ARE,1969,,353.58624,,353.58624
United Arab Emirates,ARE,1970,,439.08228,8.12175,447.20403000000005
United Arab Emirates,ARE,1971,,596.7261,14.34225,611.06835
United Arab Emirates,ARE,1972,,679.2343,14.55675,693.7910499999999
United Arab Emirates,ARE,1973,,863.18304,16.921125,880.104165
United Arab Emirates,ARE,1974,,945.41235,16.9455,962.35785
United Arab Emirates,ARE,1975,,937.07684,16.185,953.2618399999999
United Arab Emirates,ARE,1976,,1093.5983,18.915,1112.5133
United Arab Emirates,ARE,1977,,1125.703,38.024998,1163.727998
United Arab Emirates,ARE,1978,,1030.9652,55.6725,1086.6377
United Arab Emirates,ARE,1979,,1031.0718,59.5725,1090.6443
United Arab Emirates,ARE,1980,,974.6628,73.32,1047.9828
United Arab Emirates,ARE,1981,,861.628,86.385,948.013
United Arab Emirates,ARE,1982,,749.46564,92.625,842.09064
United Arab Emirates,ARE,1983,,705.9224,81.509995,787.432395
United Arab Emirates,ARE,1984,,676.1817,107.25,783.4317
United Arab Emirates,ARE,1985,,650.8159,128.9925,779.8084000000001
United Arab Emirates,ARE,1986,,751.5359,148.395,899.9309
United Arab Emirates,ARE,1987,,793.14496,164.6775,957.82246
United Arab Emirates,ARE,1988,,837.8947,169.26001,1007.1547099999999
United Arab Emirates,ARE,1989,,989.44775,198.705,1188.15275
United Arab Emirates,ARE,1990,,1083.3516,196.0725,1279.4241
United Arab Emirates,ARE,1991,,1242.6837,232.1475,1474.8312
United Arab Emirates,ARE,1992,,1368.6174,216.1575,1584.7749000000001
United Arab Emirates,ARE,1993,,1330.0209,224.15251,1554.1734099999999
United Arab Emirates,ARE,1994,,1341.0413,251.745,1592.7863000000002
United Arab Emirates,ARE,1995,,1330.6033,305.37,1635.9733
United Arab Emirates,ARE,1996,,1359.7686,329.55002,1689.31862
United Arab Emirates,ARE,1997,,1364.287,354.02252,1718.30952
United Arab Emirates,ARE,1998,,1413.2999,361.4325,1774.7323999999999
United Arab Emirates,ARE,1999,,1302.8959,375.2775,1678.1734
United Arab Emirates,ARE,2000,,1413.3167,374.20502,1787.5217200000002
United Arab Emirates,ARE,2001,,1377.1503,383.76,1760.9103
United Arab Emirates,ARE,2002,,1267.8835,423.05252,1690.9360199999999
United Arab Emirates,ARE,2003,,1467.5858,436.7025,1904.2883000000002
United Arab Emirates,ARE,2004,,1526.739,451.32748,1978.06648
United Arab Emirates,ARE,2005,,1588.1108,465.95248,2054.06328
United Arab Emirates,ARE,2006,,1693.9802,475.70248,2169.68268
United Arab Emirates,ARE,2007,,1670.5735,490.3275,2160.901
United Arab Emirates,ARE,2008,,1689.2214,489.84,2179.0614
United Arab Emirates,ARE,2009,,1498.1176,476.18997,1974.30757
United Arab Emirates,ARE,2010,,1561.2549,499.99948,2061.25438
United Arab Emirates,ARE,2011,,1737.4958,510.003,2247.4988
United Arab Emirates,ARE,2012,,1801.5312,529.425,2330.9561999999996
United Arab Emirates,ARE,2013,,1879.6893,532.35004,2412.0393400000003
United Arab Emirates,ARE,2014,,1895.0093,528.88477,2423.89407
United Arab Emirates,ARE,2015,,2036.3232,585.98737,2622.31057
United Arab Emirates,ARE,2016,,2112.0898,595.2082,2707.2980000000002
United Arab Emirates,ARE,2017,,2034.374,527.33514,2561.70914
United Arab Emirates,ARE,2018,,2046.3977,464.33398,2510.73168
United Arab Emirates,ARE,2019,,2092.2188,537.1913,2629.4101
United Arab Emirates,ARE,2020,,1941.3671,536.8787,2478.2457999999997
United Arab Emirates,ARE,2021,,1930.4508,531.226,2461.6768
United Arab Emirates,ARE,2022,,2157.3184,541.8506,2699.169
United Arab Emirates,ARE,2023,,2096.1228,552.68756,2648.81036
United Arab Emirates,ARE,2024,,2090.4954,563.74133,2654.2367299999996
United Arab Emirates,ARE,2025,,2198.67,586.29095,2784.96095
United Kingdom,GBR,1965,,0.97692,,0.97692
United Kingdom,GBR,1966,,0.90714,,0.90714
United Kingdom,GBR,1967,,1.0350701,,1.0350701
United Kingdom,GBR,1968,,0.97692,,0.97692
United Kingdom,GBR,1969,,0.98855,,0.98855
United Kingdom,GBR,1970,,1.81428,109.496445,111.31072499999999
United Kingdom,GBR,1971,,2.46556,181.96298,184.42854
United Kingdom,GBR,1972,,3.87279,262.55887,266.43166
United Kingdom,GBR,1973,,4.32636,285.07455,289.40091
United Kingdom,GBR,1974,,4.7683,343.80606,348.57436
United Kingdom,GBR,1975,,18.23584,358.0063,376.24214
United Kingdom,GBR,1976,,141.52547,379.12637,520.65184
United Kingdom,GBR,1977,,445.02194,396.12943,841.15137
United Kingdom,GBR,1978,,628.0898,379.33572,1007.42552
United Kingdom,GBR,1979,,905.44196,383.0457,1288.48766
United Kingdom,GBR,1980,,935.83124,364.14694,1299.97818
United Kingdom,GBR,1981,907.23303,1040.6525,363.33282,2311.21835
United Kingdom,GBR,1982,884.6825,1200.437,369.28738,2454.4068799999995
United Kingdom,GBR,1983,845.45447,1336.9847,380.7778,2563.21697
United Kingdom,GBR,1984,357.26196,1466.136,372.2414,2195.63936
United Kingdom,GBR,1985,657.9324,1484.116,415.31894,2557.3673400000002
United Kingdom,GBR,1986,762.83496,1477.8009,436.64838,2677.28424
United Kingdom,GBR,1987,734.88806,1434.5721,457.1404,2626.60056
United Kingdom,GBR,1988,736.2139,1331.1582,440.2304,2507.6025
United Kingdom,GBR,1989,708.0577,1066.5873,431.1125,2205.7575
United Kingdom,GBR,1990,656.4321,1065.3545,476.03915,2197.82575
United Kingdom,GBR,1991,669.3647,1061.3539,530.02563,2260.7442300000002
United Kingdom,GBR,1992,599.1078,1096.1392,538.9924,2234.2394
United Kingdom,GBR,1993,483.66846,1165.1981,633.69543,2282.56199
United Kingdom,GBR,1994,345.45752,1471.6835,676.54034,2493.68136
United Kingdom,GBR,1995,380.89413,1510.6672,740.4534,2632.01473
United Kingdom,GBR,1996,362.10464,1508.8878,880.6077,2751.60014
United Kingdom,GBR,1997,352.4288,1487.2793,898.50867,2738.21677
United Kingdom,GBR,1998,299.55557,1542.5217,943.974,2786.05127
United Kingdom,GBR,1999,270.04004,1594.4613,1037.367,2901.86834
United Kingdom,GBR,2000,227.38368,1468.2295,1134.5905,2830.2036799999996
United Kingdom,GBR,2001,232.23674,1356.9696,1108.1367,2697.3430399999997
United Kingdom,GBR,2002,218.73216,1348.4318,1084.8645,2652.02846
United Kingdom,GBR,2003,205.10464,1233.6282,1078.061,2516.7938400000003
United Kingdom,GBR,2004,172.28691,1109.1997,1009.1314,2290.61801
United Kingdom,GBR,2005,140.4688,985.30664,923.39026,2049.1657
United Kingdom,GBR,2006,126.1509,890.6003,837.4842,1854.2354
United Kingdom,GBR,2007,118.18125,890.5683,754.9284,1763.67795
United Kingdom,GBR,2008,124.905525,834.9041,727.7056,1687.515225
United Kingdom,GBR,2009,121.960815,793.149,612.0575,1527.1673150000001
United Kingdom,GBR,2010,126.23109,732.2435,579.00934,1437.4839299999999
United Kingdom,GBR,2011,127.4114,604.4393,460.82526,1192.67596
United Kingdom,GBR,2012,116.924576,518.2424,391.92386,1027.0908359999999
United Kingdom,GBR,2013,88.09292,472.7175,369.8038,930.61422
United Kingdom,GBR,2014,80.533455,464.36172,374.31516,919.210335
United Kingdom,GBR,2015,59.48622,526.6963,406.61182,992.7943399999999
United Kingdom,GBR,2016,31.711803,551.78046,417.38196,1000.874223
United Kingdom,GBR,2017,22.859072,542.3107,418.84647,984.0162419999999
United Kingdom,GBR,2018,21.001686,591.6227,405.52698,1018.1513659999999
United Kingdom,GBR,2019,19.717852,602.63995,392.90912,1015.266922
United Kingdom,GBR,2020,12.792069,569.69855,395.7142,978.2048189999999
United Kingdom,GBR,2021,8.133556,475.24493,327.86414,811.242626
United Kingdom,GBR,2022,4.9936895,439.0581,381.18198,825.2337695000001
United Kingdom,GBR,2023,3.9540837,388.9751,344.8968,737.8259837
United Kingdom,GBR,2024,0.85514444,353.4079,307.18628,661.44932444
United Kingdom,GBR,2025,0.96,362.62238,299.32214,662.90452
United States,USA,1965,,4974.0864,,4974.0864
United States,USA,1966,,5286.2866,,5286.2866
United States,USA,1967,,5631.4976,,5631.4976
United States,USA,1968,,5848.4985,,5848.4985
United States,USA,1969,,5947.0205,,5947.0205
United States,USA,1970,,6204.4873,5714.623,11919.1103
United States,USA,1971,,6116.076,5876.606,11992.682
United States,USA,1972,,6139.336,5857.5503,11996.8863
United States,USA,1973,,5985.4062,5852.223,11837.6292
United States,USA,1974,,5715.055,5594.4717,11309.5267
United States,USA,1975,,5463.43,5180.4146,10643.8446
United States,USA,1976,,5326.305,5138.206,10464.511
United States,USA,1977,,5382.4077,5160.627,10543.0347
United States,USA,1978,,5631.312,5139.4985,10770.8105
United States,USA,1979,,5547.409,5295.417,10842.826000000001
United States,USA,1980,,5584.649,5250.9077,10835.556700000001
United States,USA,1981,5116.4155,5568.406,5195.9272,15880.7487
United States,USA,1982,5189.361,5590.811,4831.8984,15612.070399999999
United States,USA,1983,4801.775,5616.8555,4376.7383,14795.3688
United States,USA,1984,5490.1753,5770.069,4749.8438,16010.0881
United States,USA,1985,5380.465,5799.941,4478.812,15659.217999999999
United States,USA,1986,5431.7773,5609.4917,4362.867,15404.136
United States,USA,1987,5607.636,5434.2373,4519.8115,15561.684799999999
United States,USA,1988,5773.7217,5338.8906,4641.8755,15754.4878
United States,USA,1989,5947.048,4989.655,4707.468,15644.170999999998
United States,USA,1990,6260.9277,4845.259,4833.7793,15939.966
United States,USA,1991,6023.9595,4918.2886,4808.0835,15750.331600000001
United States,USA,1992,6040.0264,4803.5605,4846.6895,15690.276399999999
United States,USA,1993,5661.8022,4617.1855,4901.7993,15180.787
United States,USA,1994,6181.4487,4506.6177,5103.3086,15791.375
United States,USA,1995,6161.256,4460.73,5033.2085,15655.194500000001
United States,USA,1996,6345.179,4443.334,5102.321,15890.833999999999
United States,USA,1997,6489.806,4418.8193,5115.399,16024.024300000001
United States,USA,1998,6694.6035,4281.3467,5173.2803,16149.2305
United States,USA,1999,6485.757,4101.04,5101.3804,15688.177399999999
United States,USA,2000,6329.958,4042.3733,5186.003,15558.334299999999
United States,USA,2001,6555.921,4006.6648,5318.95,15881.535800000001
United States,USA,2002,6329.0527,3976.3623,5112.2876,15417.7026
United States,USA,2003,6151.262,3867.6333,5178.558,15197.453300000001
United States,USA,2004,6362.4253,3783.905,5031.101,15177.4313
United States,USA,2005,6455.1626,3593.5337,4894.408,14943.104299999999
United States,USA,2006,6623.418,3541.373,5017.24,15182.030999999999
United States,USA,2007,6540.789,3546.8767,5218.889,15306.5547
United States,USA,2008,6640.64,3514.8438,5460.6743,15616.1581
United States,USA,2009,6020.4224,3751.6802,5575.825,15347.927599999999
United States,USA,2010,6135.828,3874.478,5751.574,15761.880000000001
United States,USA,2011,6186.829,4028.8867,6173.5854,16389.3011
United States,USA,2012,5756.8096,4597.0796,6491.2485,16845.1377
United States,USA,2013,5568.7134,5216.947,6556.9272,17342.5876
United States,USA,2014,5647.8955,6095.6357,7047.2646,18790.7958
United States,USA,2015,4996.5073,6591.239,7403.032,18990.778299999998
United States,USA,2016,4083.5747,6314.9414,7273.561,17672.077100000002
United States,USA,2017,4350.379,6679.736,7471.073,18501.188000000002
United States,USA,2018,4277.451,7788.3237,8409.362,20475.1367
United States,USA,2019,3969.0542,8735.928,9281.11,21986.0922
United States,USA,2020,2979.9624,8306.166,9248.13,20534.2584
United States,USA,2021,3228.6084,8351.302,9444.559,21024.4694
United States,USA,2022,3353.036,8917.285,9907.006,22177.326999999997
United States,USA,2023,3271.5413,9652.758,10288.885,23213.1843
United States,USA,2024,2945.31,10035.543,10318.645,23299.498
United States,USA,2025,3067.0208,10349.585,10737.427,24154.0328
Uzbekistan,UZB,1985,17.305292,26.8653,327.3636,371.534192
Uzbekistan,UZB,1986,19.590899,29.4239,365.31464,414.329439
Uzbekistan,UZB,1987,16.325748,31.052101,376.6716,424.049449
Uzbekistan,UZB,1988,17.958323,28.377201,377.618,423.953524
Uzbekistan,UZB,1989,20.243927,31.401001,388.9749,440.619828
Uzbekistan,UZB,1990,21.223473,32.564,368.06,421.847473
Uzbekistan,UZB,1991,19.42111,32.564,378.16623,430.15134
Uzbekistan,UZB,1992,15.2809,38.378998,384.615,438.274898
Uzbekistan,UZB,1993,12.430425,46.531628,406.36752,465.329573
Uzbekistan,UZB,1994,12.554501,64.16271,426.195,502.912211
Uzbekistan,UZB,1995,9.971767,88.23681,433.41376,531.622337
Uzbekistan,UZB,1996,9.263229,88.655495,442.36502,540.2837440000001
Uzbekistan,UZB,1997,9.619131,91.77233,453.62625,555.017711
Uzbekistan,UZB,1998,9.638722,95.086876,494.725,599.450598
Uzbekistan,UZB,1999,9.651782,94.203,501.8475,605.702282
Uzbekistan,UZB,2000,8.166139,87.64368,509.25873,605.0685490000001
Uzbekistan,UZB,2001,8.851821,83.88138,514.64874,607.381941
Uzbekistan,UZB,2002,8.934755,84.12793,527.35376,620.416445
Uzbekistan,UZB,2003,6.246231,83.37199,530.915,620.5332209999999
Uzbekistan,UZB,2004,8.812639,76.95571,538.0375,623.8058490000001
Uzbekistan,UZB,2005,9.8029585,63.37187,546.21875,619.3935785
Uzbekistan,UZB,2006,10.194777,63.36606,565.95,639.510837
Uzbekistan,UZB,2007,10.687815,59.961952,589.05,659.699767
Uzbekistan,UZB,2008,11.761068,57.202156,610.225,679.188224
Uzbekistan,UZB,2009,11.93151,51.325226,584.2375,647.494236
Uzbekistan,UZB,2010,11.850534,46.95539,571.4362,630.242124
Uzbekistan,UZB,2011,12.55386,43.463383,566.4312,622.448443
Uzbekistan,UZB,2012,12.253911,38.810474,565.2763,616.340685
Uzbekistan,UZB,2013,13.354527,36.834316,551.8087,601.9975430000001
Uzbekistan,UZB,2014,14.356276,33.343815,512.5876,560.287691
Uzbekistan,UZB,2015,11.388744,31.727688,516.7452,559.861632
Uzbekistan,UZB,2016,12.62715,30.417183,531.24,574.2843330000001
Uzbekistan,UZB,2017,13.18673,32.17584,536.068,581.43057
Uzbekistan,UZB,2018,13.630042,33.62134,582.8515,630.102882
Uzbekistan,UZB,2019,13.426262,32.7431,574.58417,620.753532
Uzbekistan,UZB,2020,13.7611885,23.613552,471.01172,508.3864605
Uzbekistan,UZB,2021,16.685259,24.39974,509.1885,550.273499
Uzbekistan,UZB,2022,17.6462,24.13225,489.0901,530.86855
Uzbekistan,UZB,2023,21.628208,23.00065,442.0724,486.701258
Uzbekistan,UZB,2024,30.253819,22.115608,392.9849,445.354327
Uzbekistan,UZB,2025,32.81128,20.550209,400.33185,453.693339
Venezuela,VEN,1965,,2141.2454,,2141.2454
Venezuela,VEN,1966,,2079.28,,2079.28
Venezuela,VEN,1967,,2185.5684,,2185.5684
Venezuela,VEN,1968,,2230.1965,,2230.1965
Venezuela,VEN,1969,,2219.0684,,2219.0684
Venezuela,VEN,1970,,2293.8787,85.581,2379.4597000000003
Venezuela,VEN,1971,,2208.2644,82.9392,2291.2036
Venezuela,VEN,1972,,2021.4376,82.4397,2103.8773
Venezuela,VEN,1973,,2110.0837,101.553894,2211.6375940000003
Venezuela,VEN,1974,,1868.362,107.325905,1975.687905
Venezuela,VEN,1975,,1478.1473,104.3844,1582.5317
Venezuela,VEN,1976,,1451.5715,129.40381,1580.97531
Venezuela,VEN,1977,,1412.9277,141.25305,1554.18075
Venezuela,VEN,1978,,1360.4202,142.53511,1502.95531
Venezuela,VEN,1979,,1481.2926,159.6402,1640.9328
Venezuela,VEN,1980,,1364.7378,164.34105,1529.07885
Venezuela,VEN,1981,0.42449498,1321.3466,165.22905,1487.00014498
Venezuela,VEN,1982,0.42449498,1193.1802,176.3013,1369.90599498
Venezuela,VEN,1983,0.3395961,1131.2377,173.604,1305.1812961
Venezuela,VEN,1984,0.42449498,1135.138,192.03,1327.5924949799999
Venezuela,VEN,1985,0.3395961,1064.192,192.31305,1256.8446461
Venezuela,VEN,1986,0.5093939,1150.7296,211.72139,1362.9603839
Venezuela,VEN,1987,2.0375762,1165.9482,206.3157,1374.3014762000003
Venezuela,VEN,1988,9.084193,1223.4188,211.2108,1443.713793
Venezuela,VEN,1989,17.91369,1228.8223,216.8718,1463.60779
Venezuela,VEN,1990,18.253284,1369.9797,243.81705,1632.0500339999999
Venezuela,VEN,1991,20.375761,1527.3145,243.1122,1790.802461
Venezuela,VEN,1992,21.054953,1530.3914,239.95981,1791.406163
Venezuela,VEN,1993,33.620003,1583.2775,258.9519,1875.849403
Venezuela,VEN,1994,37.695156,1680.295,273.89804,1991.888196
Venezuela,VEN,1995,36.93107,1806.4308,305.2611,2148.6229700000004
Venezuela,VEN,1996,35.48778,1921.0215,330.0141,2286.52338
Venezuela,VEN,1997,44.91157,1994.7681,342.213,2381.89267
Venezuela,VEN,1998,54.844753,2067.4336,358.92404,2481.2023929999996
Venezuela,VEN,1999,55.94844,1849.905,304.251,2210.10444
Venezuela,VEN,2000,66.90041,1864.1425,309.9564,2240.9993099999997
Venezuela,VEN,2001,65.28733,1896.0684,328.4823,2289.8380300000003
Venezuela,VEN,2002,68.76819,1775.8738,315.41205,2160.05404
Venezuela,VEN,2003,59.684,1715.151,279.9864,2054.8214
Venezuela,VEN,2004,68.8302,1978.9579,315.2955,2363.0836000000004
Venezuela,VEN,2005,61.08483,1970.2279,304.3509,2335.66363
Venezuela,VEN,2006,60.81816,1990.3898,349.45023,2400.6581899999996
Venezuela,VEN,2007,58.201157,1927.5015,372.47162,2358.174277
Venezuela,VEN,2008,42.905445,1928.7676,334.2321,2305.905145
Venezuela,VEN,2009,27.832499,1812.6816,317.95947,2158.4735689999998
Venezuela,VEN,2010,22.335398,1696.0616,304.51743,2022.914428
Venezuela,VEN,2011,22.170832,1645.7238,302.36398,1970.258612
Venezuela,VEN,2012,16.22251,1620.3497,319.0473,1955.61951
Venezuela,VEN,2013,10.43671,1602.3982,305.9049,1918.73981
Venezuela,VEN,2014,6.7973537,1610.8744,317.8818,1935.5535537
Venezuela,VEN,2015,6.8063273,1716.8069,360.6501,2084.2633273
Venezuela,VEN,2016,6.360864,1541.6309,372.38733,1920.3790940000001
Venezuela,VEN,2017,6.1131477,1321.4904,386.0539,1713.6574477
Venezuela,VEN,2018,5.875078,980.1152,316.19098,1302.181258
Venezuela,VEN,2019,3.3447459,607.91235,255.76219,867.0192859
Venezuela,VEN,2020,2.417411,390.58945,215.61089,608.617751
Venezuela,VEN,2021,1.4306239,385.08865,280.5911,667.1103739
Venezuela,VEN,2022,1.373894,467.49606,290.55545,759.4254040000001
Venezuela,VEN,2023,4.137209,520.2444,296.8337,821.215309
Venezuela,VEN,2024,4.7338047,588.854,317.31195,910.8997547
Venezuela,VEN,2025,12.307892,665.9525,310.44107,988.701462
Vietnam,VNM,1981,39.077045,,0.0965,39.173545
Vietnam,VNM,1982,41.0309,,0.18335,41.21425
Vietnam,VNM,1983,41.0309,,0.632075,41.662975
Vietnam,VNM,1984,32.564205,,0.55004996,33.114254960000004
Vietnam,VNM,1985,36.47191,,0.342575,36.814485
Vietnam,VNM,1986,39.72833,,0.35705,40.08538
Vietnam,VNM,1987,41.0309,3.2564,0.35705,44.64435
Vietnam,VNM,1988,39.72833,8.0247,0.27019998,48.023229979999996
Vietnam,VNM,1989,33.21549,17.328701,0.31845,50.862640999999996
Vietnam,VNM,1990,33.21549,31.401001,0.386,65.00249099999999
Vietnam,VNM,1991,33.86677,46.054802,0.6948,80.616372
Vietnam,VNM,1992,33.86677,63.848698,2.0265,99.741968
Vietnam,VNM,1993,42.333466,73.269005,2.4125001,118.01497110000001
Vietnam,VNM,1994,39.33756,82.573,2.4125001,124.3230601
Vietnam,VNM,1995,54.38222,88.6206,1.404075,144.406895
Vietnam,VNM,1996,63.975636,102.3789,2.76955,169.124086
Vietnam,VNM,1997,74.16823,117.3467,5.1241503,196.6390803
Vietnam,VNM,1998,76.017876,145.375,8.685,230.077876
Vietnam,VNM,1999,62.712147,176.97371,12.545,252.230857
Vietnam,VNM,2000,75.607574,192.45325,15.44,283.500824
Vietnam,VNM,2001,87.25253,198.8381,19.300001,305.390631
Vietnam,VNM,2002,106.86921,200.17555,23.16,330.20476
Vietnam,VNM,2003,125.789,209.97966,22.89945,358.66811
Vietnam,VNM,2004,178.11969,237.41481,40.144,455.6785
Vietnam,VNM,2005,222.04228,219.67906,62.146,503.86734
Vietnam,VNM,2006,252.55495,199.39636,67.55,519.50131
Vietnam,VNM,2007,276.685,188.41763,68.322,533.42463
Vietnam,VNM,2008,259.06128,176.35732,72.36536,507.78396
Vietnam,VNM,2009,287.073,193.26733,77.2965,557.63683
Vietnam,VNM,2010,292.00323,177.42728,90.729294,560.159804
Vietnam,VNM,2011,303.57004,179.43927,81.832,564.84131
Vietnam,VNM,2012,274.0799,197.64255,90.27575,561.9982
Vietnam,VNM,2013,267.4433,196.68423,94.09715,558.22468
Vietnam,VNM,2014,267.58658,184.37039,98.526505,550.483475
Vietnam,VNM,2015,271.351,199.67548,102.868996,573.895476
Vietnam,VNM,2016,252.27489,180.39293,102.3865,535.05432
Vietnam,VNM,2017,250.1517,161.0755,95.206894,506.4340940000001
Vietnam,VNM,2018,276.04025,144.3283,96.5965,516.96505
Vietnam,VNM,2019,302.11115,133.07278,98.43,533.61393
Vietnam,VNM,2020,290.462,116.57796,88.394005,495.433965
Vietnam,VNM,2021,314.6718,110.02213,71.989,496.68293000000006
Vietnam,VNM,2022,324.69574,108.6242,77.972,511.29193999999995
Vietnam,VNM,2023,307.7884,105.166954,72.05703,485.01238400000005
Vietnam,VNM,2024,285.44888,98.90096,61.2706,445.62044
Vietnam,VNM,2025,297.0327,99.41463,57.838917,454.28624699999995
Yemen,YEM,1986,,5.5634995,,5.5634995
Yemen,YEM,1987,,14.465097,,14.465097
Yemen,YEM,1988,,94.83861,,94.83861
Yemen,YEM,1989,,99.03029,,99.03029
Yemen,YEM,1990,,101.255684,,101.255684
Yemen,YEM,1991,,109.60094,,109.60094
Yemen,YEM,1992,,101.488045,,101.488045
Yemen,YEM,1993,,115.08085,,115.08085
Yemen,YEM,1994,,190.63002,,190.63002
Yemen,YEM,1995,,193.73741,,193.73741
Yemen,YEM,1996,,196.74644,,196.74644
Yemen,YEM,1997,,206.1437,,206.1437
Yemen,YEM,1998,,209.352,,209.352
Yemen,YEM,1999,,222.89235,,222.89235
Yemen,YEM,2000,,243.5132,,243.5132
Yemen,YEM,2001,,249.26254,,249.26254
Yemen,YEM,2002,,250.62747,,250.62747
Yemen,YEM,2003,,246.91525,,246.91525
Yemen,YEM,2004,,232.37946,,232.37946
Yemen,YEM,2005,,230.10866,,230.10866
Yemen,YEM,2006,,211.07729,,211.07729
Yemen,YEM,2007,,185.4388,,185.4388
Yemen,YEM,2008,,172.09631,,172.09631
Yemen,YEM,2009,,167.21411,,167.21411
Yemen,YEM,2010,,166.20221,,166.20221
Yemen,YEM,2011,,118.21562,,118.21562
Yemen,YEM,2012,,96.00097,,96.00097
Yemen,YEM,2013,,105.71454,,105.71454
Yemen,YEM,2014,,80.54798,,80.54798
Yemen,YEM,2015,,25.202724,,25.202724
Yemen,YEM,2016,,18.729792,,18.729792
Yemen,YEM,2017,,34.364895,,34.364895
Yemen,YEM,2018,,47.119152,,47.119152
Yemen,YEM,2019,,47.393547,,47.393547
Yemen,YEM,2020,,43.814594,,43.814594
Yemen,YEM,2021,,40.717346,,40.717346
Yemen,YEM,2022,,35.73156,,35.73156
Yemen,YEM,2023,,27.7826,,27.7826
Yemen,YEM,2024,,23.364437,,23.364437
Yemen,YEM,2025,,12.338541,,12.338541
Zimbabwe,ZWE,1981,21.522198,,,21.522198
Zimbabwe,ZWE,1982,20.772297,,,20.772297
Zimbabwe,ZWE,1983,24.97175,,,24.97175
Zimbabwe,ZWE,1984,23.321964,,,23.321964
Zimbabwe,ZWE,1985,23.321964,,,23.321964
Zimbabwe,ZWE,1986,30.371048,,,30.371048
Zimbabwe,ZWE,1987,36.220287,,,36.220287
Zimbabwe,ZWE,1988,38.020054,,,38.020054
Zimbabwe,ZWE,1989,38.32001,,,38.32001
Zimbabwe,ZWE,1990,41.24463,,,41.24463
Zimbabwe,ZWE,1991,42.144516,,,42.144516
Zimbabwe,ZWE,1992,41.619583,,,41.619583
Zimbabwe,ZWE,1993,39.669838,,,39.669838
Zimbabwe,ZWE,1994,41.01966,,,41.01966
Zimbabwe,ZWE,1995,41.544594,,,41.544594
Zimbabwe,ZWE,1996,38.769955,,,38.769955
Zimbabwe,ZWE,1997,39.744827,,,39.744827
Zimbabwe,ZWE,1998,41.01966,,,41.01966
Zimbabwe,ZWE,1999,37.345142,,,37.345142
Zimbabwe,ZWE,2000,33.070694,,,33.070694
Zimbabwe,ZWE,2001,33.831448,,,33.831448
Zimbabwe,ZWE,2002,29.532469,,,29.532469
Zimbabwe,ZWE,2003,21.179958,,,21.179958
Zimbabwe,ZWE,2004,28.478811,,,28.478811
Zimbabwe,ZWE,2005,25.277906,,,25.277906
Zimbabwe,ZWE,2006,15.801306,,,15.801306
Zimbabwe,ZWE,2007,15.5996275,,,15.5996275
Zimbabwe,ZWE,2008,11.316627,,,11.316627
Zimbabwe,ZWE,2009,12.5034685,,,12.5034685
Zimbabwe,ZWE,2010,20.008768,,,20.008768
Zimbabwe,ZWE,2011,19.212906,,,19.212906
Zimbabwe,ZWE,2012,11.950444,,,11.950444
Zimbabwe,ZWE,2013,23.35346,,,23.35346
Zimbabwe,ZWE,2014,43.363857,,,43.363857
Zimbabwe,ZWE,2015,32.517216,,,32.517216
Zimbabwe,ZWE,2016,20.260256,,,20.260256
Zimbabwe,ZWE,2017,21.957142,,,21.957142
Zimbabwe,ZWE,2018,25.104963,,,25.104963
Zimbabwe,ZWE,2019,19.700018,,,19.700018
Zimbabwe,ZWE,2020,20.291876,,,20.291876
Zimbabwe,ZWE,2021,24.290953,,,24.290953
Zimbabwe,ZWE,2022,29.553642,,,29.553642
Zimbabwe,ZWE,2023,37.412743,,,37.412743
Zimbabwe,ZWE,2024,43.47612,,,43.47612
Zimbabwe,ZWE,2025,53.575928,,,53.575928
