iso3,country,Year,oil_rents_pct_gdp,coal_rents_pct_gdp,gas_rents_pct_gdp,total_fossil_rents_pct_gdp,fossil_share_pct,coal_production_twh,oil_production_twh,gas_production_twh,total_production_twh,un_session
ABW,Aruba,1960,,,,,,,,,,15
ABW,Aruba,1961,,,,,,,,,,16
ABW,Aruba,1962,,,,,,,,,,17
ABW,Aruba,1963,,,,,,,,,,18
ABW,Aruba,1964,,,,,,,,,,19
ABW,Aruba,1965,,,,,,,,,,20
ABW,Aruba,1966,,,,,,,,,,21
ABW,Aruba,1967,,,,,,,,,,22
ABW,Aruba,1968,,,,,,,,,,23
ABW,Aruba,1969,,,,,,,,,,24
ABW,Aruba,1970,,,,,,,,,,25
ABW,Aruba,1971,,,,,,,,,,26
ABW,Aruba,1972,,,,,,,,,,27
ABW,Aruba,1973,,,,,,,,,,28
ABW,Aruba,1974,,,,,,,,,,29
ABW,Aruba,1975,,,,,,,,,,30
ABW,Aruba,1976,,,,,,,,,,31
ABW,Aruba,1977,,,,,,,,,,32
ABW,Aruba,1978,,,,,,,,,,33
ABW,Aruba,1979,,,,,,,,,,34
ABW,Aruba,1980,,,,,,,,,,35
ABW,Aruba,1981,,,,,,,,,,36
ABW,Aruba,1982,,,,,,,,,,37
ABW,Aruba,1983,,,,,,,,,,38
ABW,Aruba,1984,,,,,,,,,,39
ABW,Aruba,1985,,,,,,,,,,40
ABW,Aruba,1986,0.0,0.0,0.0,0.0,,,,,,41
ABW,Aruba,1987,0.0,0.0,0.0,0.0,,,,,,42
ABW,Aruba,1988,0.0,0.0,0.0,0.0,,,,,,43
ABW,Aruba,1989,0.0,0.0,0.0,0.0,,,,,,44
ABW,Aruba,1990,0.0,0.0,0.0,0.0,,,,,,45
ABW,Aruba,1991,0.0,0.0,0.0,0.0,,,,,,46
ABW,Aruba,1992,0.0,0.0,0.0,0.0,,,,,,47
ABW,Aruba,1993,0.0,0.0,0.0,0.0,,,,,,48
ABW,Aruba,1994,0.0,0.0,0.0,0.0,,,,,,49
ABW,Aruba,1995,0.0,0.0,0.0,0.0,,,,,,50
ABW,Aruba,1996,0.0,0.0,0.0,0.0,,,,,,51
ABW,Aruba,1997,0.0,0.0,0.0,0.0,,,,,,52
ABW,Aruba,1998,0.0,0.0,0.0,0.0,,,,,,53
ABW,Aruba,1999,0.0,0.0,0.0,0.0,,,,,,54
ABW,Aruba,2000,0.0009594888861472,0.0,0.0,0.0009594888861472,,,,,,55
ABW,Aruba,2001,0.000698232167894,0.0,0.0,0.000698232167894,,,,,,56
ABW,Aruba,2002,0.0007207029193188,0.0,0.0,0.0007207029193188,,,,,,57
ABW,Aruba,2003,0.0007606510865598,0.0,0.0,0.0007606510865598,,,,,,58
ABW,Aruba,2004,0.0009061665960825,0.0,0.0,0.0009061665960825,,,,,,59
ABW,Aruba,2005,0.0013140529343261,0.0,0.0,0.0013140529343261,,,,,,60
ABW,Aruba,2006,0.0015257728032441,0.0,0.0,0.0015257728032441,,,,,,61
ABW,Aruba,2007,0.0015397398572783,0.0,0.0,0.0015397398572783,,,,,,62
ABW,Aruba,2008,0.001956400084591,0.0,0.0,0.001956400084591,,,,,,63
ABW,Aruba,2009,0.0010942970473633,0.0,0.0,0.0010942970473633,,,,,,64
ABW,Aruba,2010,0.0015696065369167,0.0,0.0,0.0015696065369167,,,,,,65
ABW,Aruba,2011,0.0019268976544637,0.0,0.0,0.0019268976544637,,,,,,66
ABW,Aruba,2012,0.001490306298153,0.0,0.0,0.001490306298153,,,,,,67
ABW,Aruba,2013,0.0,0.0,0.0,0.0,,,,,,68
ABW,Aruba,2014,0.0,0.0,0.0,0.0,,,,,,69
ABW,Aruba,2015,0.0,0.0,0.0,0.0,,,,,,70
ABW,Aruba,2016,0.0,0.0,0.0,0.0,,,,,,71
ABW,Aruba,2017,0.0,0.0,0.0,0.0,,,,,,72
ABW,Aruba,2018,0.0,0.0,0.0,0.0,,,,,,73
ABW,Aruba,2019,0.0,0.0,0.0,0.0,,,,,,74
ABW,Aruba,2020,0.0,0.0,0.0,0.0,,,,,,75
ABW,Aruba,2021,0.0,0.0,0.0,0.0,,,,,,76
ABW,Aruba,2022,,,,,,,,,,77
ABW,Aruba,2023,,,,,,,,,,78
ABW,Aruba,2024,,,,,,,,,,79
ABW,Aruba,2025,,,,,,,,,,80
AFG,Afghanistan,1960,,,,,,,,,,15
AFG,Afghanistan,1961,,,,,,,,,,16
AFG,Afghanistan,1962,,,,,,,,,,17
AFG,Afghanistan,1963,,,,,,,,,,18
AFG,Afghanistan,1964,,,,,,,,,,19
AFG,Afghanistan,1965,,,,,,,,,,20
AFG,Afghanistan,1966,,,,,,,,,,21
AFG,Afghanistan,1967,,,,,,,,,,22
AFG,Afghanistan,1968,,,,,,,,,,23
AFG,Afghanistan,1969,,,,,,,,,,24
AFG,Afghanistan,1970,0.0265662947026768,,0.565894962471447,0.5924612571741238,,,,,,25
AFG,Afghanistan,1971,0.0453108139131106,,0.645741697314356,0.6910525112274667,,,,,,26
AFG,Afghanistan,1972,0.0557663770385733,,0.741465718591879,0.7972320956304524,,,,,,27
AFG,Afghanistan,1973,0.07633415678642,,0.829717882168702,0.906052038955122,,,,,,28
AFG,Afghanistan,1974,0.427935476827928,,0.897242371554401,1.3251778483823289,,,,,,29
AFG,Afghanistan,1975,0.520410843483266,,1.33344928055424,1.853860124037506,,,,,,30
AFG,Afghanistan,1976,0.646363012764153,,1.40510706132468,2.051470074088833,,,,,,31
AFG,Afghanistan,1977,0.687944963914268,,1.39269094424288,2.080635908157148,,,,,,32
AFG,Afghanistan,1978,0.644109079334453,,0.849953626105317,1.4940627054397702,,,,,,33
AFG,Afghanistan,1979,1.29349953039045,,0.57616563239498,1.86966516278543,,,,,,34
AFG,Afghanistan,1980,1.35005887806414,0.0515118681579856,0.565203899013619,1.9667746452357446,,,,,,35
AFG,Afghanistan,1981,1.35474939888996,0.0870233499866114,0.111868106068871,1.5536408549454424,,,,,,36
AFG,Afghanistan,1982,,,,,,,,,,37
AFG,Afghanistan,1983,,,,,,,,,,38
AFG,Afghanistan,1984,,,,,,,,,,39
AFG,Afghanistan,1985,,,,,,,,,,40
AFG,Afghanistan,1986,,,,,,,,,,41
AFG,Afghanistan,1987,,,,,,,,,,42
AFG,Afghanistan,1988,,,,,,,,,,43
AFG,Afghanistan,1989,,,,,,,,,,44
AFG,Afghanistan,1990,,,,,,,,,,45
AFG,Afghanistan,1991,,,,,,,,,,46
AFG,Afghanistan,1992,,,,,,,,,,47
AFG,Afghanistan,1993,,,,,,,,,,48
AFG,Afghanistan,1994,,,,,,,,,,49
AFG,Afghanistan,1995,,,,,,,,,,50
AFG,Afghanistan,1996,,,,,,,,,,51
AFG,Afghanistan,1997,,,,,,,,,,52
AFG,Afghanistan,1998,,,,,,,,,,53
AFG,Afghanistan,1999,,,,,,,,,,54
AFG,Afghanistan,2000,,,,,,,,,,55
AFG,Afghanistan,2001,,,,,,,,,,56
AFG,Afghanistan,2002,0.030789275783499,0.0046500199767601,0.231561307228384,0.2670006029886431,,,,,,57
AFG,Afghanistan,2003,0.0256328025661278,0.0074727484840848,0.036729700085138,0.0698352511353506,,,,,,58
AFG,Afghanistan,2004,0.0256051597697051,0.0165437838421436,0.0283021705785469,0.0704511141903956,,,,,,59
AFG,Afghanistan,2005,0.0258476198749782,0.0109135244434021,0.0230939370293463,0.0598550813477266,,,,,,60
AFG,Afghanistan,2006,0.0214070372585048,0.0112063527032708,0.0175735938615238,0.050186983823299405,,,,,,61
AFG,Afghanistan,2007,0.0144464639818204,0.0770462649096367,0.0140511789653461,0.1055439078568032,,,,,,62
AFG,Afghanistan,2008,0.015736313879498,0.221132916238516,0.0162665856535653,0.2531358157715793,,,,,,63
AFG,Afghanistan,2009,0.0052417380028876,0.128832445822436,0.0102634444245309,0.1443376282498545,,,,,,64
AFG,Afghanistan,2010,0.0051494556486691,0.215322628919275,0.0403224481935062,0.2607945327614503,,,,,,65
AFG,Afghanistan,2011,0.0066023954370691,0.481711529177581,0.0451518313015526,0.5334657559162027,,,,,,66
AFG,Afghanistan,2012,0.109823883946021,0.26623044263315,0.0464655939898396,0.42251992056901055,,,,,,67
AFG,Afghanistan,2013,0.0672901618424767,0.237665574938235,0.0341687943179892,0.3391245310987009,,,,,,68
AFG,Afghanistan,2014,0.0407438655716957,0.22737000694477,0.0046218198083544,0.2727356923248201,,,,,,69
AFG,Afghanistan,2015,0.0136357996041316,0.163204860716174,0.0021525915335507,0.1789932518538563,,,,,,70
AFG,Afghanistan,2016,0.0094450804292938,0.249916790607737,0.0021301787047721,0.2614920497418029,,,,,,71
AFG,Afghanistan,2017,0.0134270806666745,0.40234480168601,0.0019373320404179,0.4177092143931024,,,,,,72
AFG,Afghanistan,2018,0.018854416706035,0.541363923742697,0.0015120272314162,0.5617303676801483,,,,,,73
AFG,Afghanistan,2019,0.0127772897517024,0.334119584032567,0.0015271889396803,0.34842406272394966,,,,,,74
AFG,Afghanistan,2020,0.0051776190588676,0.0070014745871935,0.0013475511321641,0.013526644778225199,,,,,,75
AFG,Afghanistan,2021,0.0178695056581909,0.0193977562950517,0.0019535392221079,0.0392208011753505,,,,,,76
AFG,Afghanistan,2022,,,,,,,,,,77
AFG,Afghanistan,2023,,,,,,,,,,78
AFG,Afghanistan,2024,,,,,,,,,,79
AFG,Afghanistan,2025,,,,,,,,,,80
AGO,Angola,1960,,,,,,,,,,15
AGO,Angola,1961,,,,,,,,,,16
AGO,Angola,1962,,,,,,,,,,17
AGO,Angola,1963,,,,,,,,,,18
AGO,Angola,1964,,,,,,,,,,19
AGO,Angola,1965,,,,,,,7.6176496,,7.6176496,20
AGO,Angola,1966,,,,,,,7.3385296,,7.3385296,21
AGO,Angola,1967,,,,,,,6.24531,,6.24531,22
AGO,Angola,1968,,,,,,,8.7225,,8.7225,23
AGO,Angola,1969,,,,,,,28.58654,,28.58654,24
AGO,Angola,1970,,,,,,,58.905952,,58.905952,25
AGO,Angola,1971,,,,,,,66.53523,,66.53523,26
AGO,Angola,1972,,,,,,,82.072914,,82.072914,27
AGO,Angola,1973,,,,,,,95.07525,,95.07525,28
AGO,Angola,1974,,,,,,,99.33183,,99.33183,29
AGO,Angola,1975,,,,,,,90.60933,,90.60933,30
AGO,Angola,1976,,,,,,,87.96932,,87.96932,31
AGO,Angola,1977,,,,,,,82.13106,,82.13106,32
AGO,Angola,1978,,,,,,,75.23447,,75.23447,33
AGO,Angola,1979,,,,,,,83.736,,83.736,34
AGO,Angola,1980,19.5416106844043,0.0,0.0303698954484592,19.57198057985276,,,86.38764,,86.38764,35
AGO,Angola,1981,10.426247111977,0.0,0.021145838970313,10.447392950947313,,,83.24754,,83.24754,36
AGO,Angola,1982,4.09463309036246,0.0,0.0074508295670958,4.102083919929555,,,74.5483,,74.5483,37
AGO,Angola,1983,11.21929927694,0.0,0.0245208531136713,11.24382013005367,,,102.2277,,102.2277,38
AGO,Angola,1984,14.0994665560488,0.0,0.0252186249858535,14.124685181034653,,,117.16062,,117.16062,39
AGO,Angola,1985,14.1586246957292,0.0,0.020325503782181,14.17895019951138,,,133.18675,,133.18675,40
AGO,Angola,1986,6.31853106919339,0.0,0.0294913176962773,6.348022386889667,,,161.95938,,161.95938,41
AGO,Angola,1987,15.1707819484774,0.0,0.0250447065518835,15.195826655029283,,,203.59479,,203.59479,42
AGO,Angola,1988,14.4045947596654,0.0,0.0209596050513708,14.42555436471677,,,259.5816,,259.5816,43
AGO,Angola,1989,21.882605469383,0.0,0.0227399332838464,21.90534540266685,,,263.32648,,263.32648,44
AGO,Angola,1990,28.0268256543238,0.0,0.0795872176902704,28.106412872014072,,,271.9094,,271.9094,45
AGO,Angola,1991,16.8761491015161,0.0,0.078435847881649,16.95458494939775,,,285.0978,,285.0978,46
AGO,Angola,1992,27.0256548842449,0.0,0.0905957741900589,27.11625065843496,,,315.7894,,315.7894,47
AGO,Angola,1993,34.5185265508012,0.0,0.160844205980298,34.679370756781495,,,288.54028,,288.54028,48
AGO,Angola,1994,40.5755094827092,0.0,0.221467333218776,40.79697681592798,,,318.94113,,318.94113,49
AGO,Angola,1995,41.0188156720936,0.0,0.206519283558313,41.22533495565192,,,362.542,,362.542,50
AGO,Angola,1996,39.0741439653244,0.0,0.159734205456364,39.23387817078077,,,411.2833,,411.2833,51
AGO,Angola,1997,37.3490232506807,0.0,0.158566178380028,37.50758942906073,,,424.495,,424.495,52
AGO,Angola,1998,21.7476800076135,0.0,0.136441188557766,21.884121196171265,,,418.68,,418.68,53
AGO,Angola,1999,38.5242698405316,0.0,0.161428826039536,38.685698666571135,,,426.821,,426.821,54
AGO,Angola,2000,57.5134839616206,0.0,0.196300643661974,57.70978460528257,,,428.5655,,428.5655,55
AGO,Angola,2001,42.5915766791073,0.0,0.210594107007388,42.80217078611469,,,425.07648,,425.07648,56
AGO,Angola,2002,31.7610292464785,0.0,0.131900390989224,31.892929637467724,,,518.698,,518.698,57
AGO,Angola,2003,27.1162657537214,0.0,0.135113552616191,27.25137930633759,,,498.14465,,498.14465,58
AGO,Angola,2004,32.9626955078503,0.0,0.123797564311738,33.086493072162035,,,634.8,,634.8,59
AGO,Angola,2005,42.2206783158613,0.0,0.0367077834483982,42.2573860993097,,,726.11163,,726.11163,60
AGO,Angola,2006,40.2786520912475,0.0,0.0801485865290752,40.35880067777658,,,798.73517,,798.73517,61
AGO,Angola,2007,45.3976036521592,0.0,0.075690352036519,45.473294004195715,,,944.1738,,944.1738,62
AGO,Angola,2008,52.1013581243545,0.0,0.0566358779076589,52.15799400226216,,,1073.3398,,1073.3398,63
AGO,Angola,2009,29.7782995191992,0.0,0.0619194883478922,29.840219007547095,,,1000.6081,,1000.6081,64
AGO,Angola,2010,37.7085091832735,0.0,0.0633424630809303,37.77185164635443,,,1034.2383,,1034.2383,65
AGO,Angola,2011,38.6184358197859,0.0,0.0704815977652541,38.68891741755115,,,954.0293,,954.0293,66
AGO,Angola,2012,34.3328389540912,0.0,0.0646914683950498,34.39753042248625,,,991.99084,,991.99084,67
AGO,Angola,2013,29.0014846107501,0.0,0.0689984474570451,29.070483058207145,,,990.9448,,990.9448,68
AGO,Angola,2014,21.736607448329,0.0,0.0508980853938274,21.78750553372283,,,968.5163,,968.5163,69
AGO,Angola,2015,12.7187303090272,0.0,0.0604405605969015,12.779170869624101,,,1025.3317,,1025.3317,70
AGO,Angola,2016,19.7483988340046,0.0,0.158766315983972,19.907165149988572,,,997.48224,,997.48224,71
AGO,Angola,2017,24.7110060055382,0.0,0.476162010407452,25.18716801594565,,,949.0655,,949.0655,72
AGO,Angola,2018,30.7304027285905,0.0,0.74554243174425,31.475945160334753,,,861.41077,,861.41077,73
AGO,Angola,2019,27.504828641196,0.0,0.814083850645771,28.318912491841772,,,802.00006,,802.00006,74
AGO,Angola,2020,18.5719595053837,0.0,0.876758383885871,19.44871788926957,,,748.5814,,748.5814,75
AGO,Angola,2021,28.2744398825844,0.0,1.01234906054638,29.28678894313078,,,666.19714,,666.19714,76
AGO,Angola,2022,,,,,,,671.45935,,671.45935,77
AGO,Angola,2023,,,,,,,652.18713,,652.18713,78
AGO,Angola,2024,,,,,,,669.6342,,669.6342,79
AGO,Angola,2025,,,,,,,616.5964,,616.5964,80
ALB,Albania,1960,,,,,,,,,,15
ALB,Albania,1961,,,,,,,,,,16
ALB,Albania,1962,,,,,,,,,,17
ALB,Albania,1963,,,,,,,,,,18
ALB,Albania,1964,,,,,,,,,,19
ALB,Albania,1965,,,,,,,,,,20
ALB,Albania,1966,,,,,,,,,,21
ALB,Albania,1967,,,,,,,,,,22
ALB,Albania,1968,,,,,,,,,,23
ALB,Albania,1969,,,,,,,,,,24
ALB,Albania,1970,,,,,,,,,,25
ALB,Albania,1971,,,,,,,,,,26
ALB,Albania,1972,,,,,,,,,,27
ALB,Albania,1973,,,,,,,,,,28
ALB,Albania,1974,,,,,,,,,,29
ALB,Albania,1975,,,,,,,,,,30
ALB,Albania,1976,,,,,,,,,,31
ALB,Albania,1977,,,,,,,,,,32
ALB,Albania,1978,,,,,,,,,,33
ALB,Albania,1979,,,,,,,,,,34
ALB,Albania,1980,,,,,,,,,,35
ALB,Albania,1981,,,,,,,,,,36
ALB,Albania,1982,,,,,,,,,,37
ALB,Albania,1983,,,,,,,,,,38
ALB,Albania,1984,5.79911357215572,0.368325704185594,0.480087182712261,6.647526459053575,,,,,,39
ALB,Albania,1985,5.35720713662887,0.556625381865033,0.429410237184159,6.343242755678062,,,,,,40
ALB,Albania,1986,1.94987076169298,0.152296785525418,0.392760293749113,2.494927840967511,,,,,,41
ALB,Albania,1987,3.1040802885248,0.048179542902903,0.207890285277707,3.3601501167054098,,,,,,42
ALB,Albania,1988,2.37853926219519,0.0768914986372058,0.198466812038451,2.653897572870847,,,,,,43
ALB,Albania,1989,3.34558789124586,0.0909233961034251,0.156546254770579,3.593057542119864,,,,,,44
ALB,Albania,1990,4.8458773941323,0.224522159849684,0.199187474772875,5.2695870287548585,,,,,,45
ALB,Albania,1991,3.61748146583453,0.204305952237496,0.151694214692069,3.973481632764095,,,,,,46
ALB,Albania,1992,4.67814330470611,0.0679486013181908,0.0984135087821083,4.8445054148064095,,,,,,47
ALB,Albania,1993,2.64923826281687,0.0023860711736208,0.0967423101475636,2.7483666441380543,,,,,,48
ALB,Albania,1994,1.52228488071084,0.0015579476763627,0.0376780789926274,1.5615209073798302,,,,,,49
ALB,Albania,1995,1.15951602844704,0.0028629082849502,0.0291496090693974,1.1915285458013878,,,,,,50
ALB,Albania,1996,1.16070259405485,0.0017524519596482,0.0174110710674192,1.1798661170819174,,,,,,51
ALB,Albania,1997,1.08835644606329,0.0003694905055133,0.0212292713268089,1.1099552078956123,,,,,,52
ALB,Albania,1998,0.233494630433512,0.0007938897685006,0.0022264354163782,0.2365149556183908,,,,,,53
ALB,Albania,1999,0.494725403679998,0.0001265754958265,0.0016800556549638,0.49653203483078834,,,,,,54
ALB,Albania,2000,1.07150056484779,0.0006346237162777,0.0070346273790705,1.0791698159431382,,,,,,55
ALB,Albania,2001,0.699922137592021,0.0013284317401371,0.010399353794783,0.7116499231269411,,,,,,56
ALB,Albania,2002,0.687177627386246,0.0002882818668638,0.0117918086634504,0.6992577179165602,,,,,,57
ALB,Albania,2003,0.692722774590139,0.0009148991383693,0.0091952231675507,0.702832896896059,,,,,,58
ALB,Albania,2004,0.793153163005221,0.0068346112642736,0.0048676691156837,0.8048554433851783,,,,,,59
ALB,Albania,2005,1.02095374629243,0.0030712188523035,0.004024068186814,1.0280490333315475,,,,,,60
ALB,Albania,2006,1.19244921679704,0.0029350945254328,0.008133516356358,1.2035178276788308,,,,,,61
ALB,Albania,2007,1.24943402811758,0.0040429561121997,0.0111900092211739,1.2646669934509536,,,,,,62
ALB,Albania,2008,1.60465469310703,0.0139175166136866,0.0084114240252289,1.6269836337459456,,,,,,63
ALB,Albania,2009,0.923660115710382,0.0007169393729396,0.0064809966209885,0.9308580517043101,,,,,,64
ALB,Albania,2010,1.30954317181467,0.0013721331562775,0.0092524256662293,1.3201677306371766,,,,,,65
ALB,Albania,2011,2.4548890851063,0.0007785011530285,0.0136576272780024,2.4693252135373305,,,,,,66
ALB,Albania,2012,2.86635104305394,0.0003443033759811,0.0164608412977661,2.883156187727687,,,,,,67
ALB,Albania,2013,3.03392407525612,0.0001024720153849,0.0171746839867787,3.0512012312582835,,,,,,68
ALB,Albania,2014,3.12207615711342,0.0,0.0201834576696399,3.1422596147830597,,,,,,69
ALB,Albania,2015,1.45260618469079,0.0059826856178934,0.019112954317569,1.4777018246262525,,,,,,70
ALB,Albania,2016,0.884410718287188,0.0003915130699212,0.0139612587019387,0.8987634900590479,,,,,,71
ALB,Albania,2017,1.12614227560188,0.0175811937920141,0.0188963304814835,1.1626197998753776,,,,,,72
ALB,Albania,2018,1.46983381887842,0.0379024712234031,0.022458616306127,1.5301949064079499,,,,,,73
ALB,Albania,2019,1.42437109584124,0.0088073510367377,0.0273613999739918,1.4605398468519697,,,,,,74
ALB,Albania,2020,0.582225701330423,0.010128655381407,0.0098718761210861,0.602226232832916,,,,,,75
ALB,Albania,2021,1.04218369204761,0.0322572749578343,0.049458339903858,1.1238993069093022,,,,,,76
ALB,Albania,2022,,,,,,,,,,77
ALB,Albania,2023,,,,,,,,,,78
ALB,Albania,2024,,,,,,,,,,79
ALB,Albania,2025,,,,,,,,,,80
AND,Andorra,1960,,,,,,,,,,15
AND,Andorra,1961,,,,,,,,,,16
AND,Andorra,1962,,,,,,,,,,17
AND,Andorra,1963,,,,,,,,,,18
AND,Andorra,1964,,,,,,,,,,19
AND,Andorra,1965,,,,,,,,,,20
AND,Andorra,1966,,,,,,,,,,21
AND,Andorra,1967,,,,,,,,,,22
AND,Andorra,1968,,,,,,,,,,23
AND,Andorra,1969,,,,,,,,,,24
AND,Andorra,1970,,,,,,,,,,25
AND,Andorra,1971,,,,,,,,,,26
AND,Andorra,1972,,,,,,,,,,27
AND,Andorra,1973,,,,,,,,,,28
AND,Andorra,1974,,,,,,,,,,29
AND,Andorra,1975,,,,,,,,,,30
AND,Andorra,1976,,,,,,,,,,31
AND,Andorra,1977,,,,,,,,,,32
AND,Andorra,1978,,,,,,,,,,33
AND,Andorra,1979,,,,,,,,,,34
AND,Andorra,1980,,,,,,,,,,35
AND,Andorra,1981,,,,,,,,,,36
AND,Andorra,1982,,,,,,,,,,37
AND,Andorra,1983,,,,,,,,,,38
AND,Andorra,1984,,,,,,,,,,39
AND,Andorra,1985,,,,,,,,,,40
AND,Andorra,1986,,,,,,,,,,41
AND,Andorra,1987,,,,,,,,,,42
AND,Andorra,1988,,,,,,,,,,43
AND,Andorra,1989,,,,,,,,,,44
AND,Andorra,1990,,,,,,,,,,45
AND,Andorra,1991,,,,,,,,,,46
AND,Andorra,1992,,,,,,,,,,47
AND,Andorra,1993,,,,,,,,,,48
AND,Andorra,1994,,,,,,,,,,49
AND,Andorra,1995,,,,,,,,,,50
AND,Andorra,1996,,,,,,,,,,51
AND,Andorra,1997,,,,,,,,,,52
AND,Andorra,1998,,,,,,,,,,53
AND,Andorra,1999,,,,,,,,,,54
AND,Andorra,2000,,,,,,,,,,55
AND,Andorra,2001,,,,,,,,,,56
AND,Andorra,2002,,,,,,,,,,57
AND,Andorra,2003,,,,,,,,,,58
AND,Andorra,2004,,,,,,,,,,59
AND,Andorra,2005,,,,,,,,,,60
AND,Andorra,2006,,,,,,,,,,61
AND,Andorra,2007,,,,,,,,,,62
AND,Andorra,2008,,,,,,,,,,63
AND,Andorra,2009,,,,,,,,,,64
AND,Andorra,2010,,,,,,,,,,65
AND,Andorra,2011,,,,,,,,,,66
AND,Andorra,2012,,,,,,,,,,67
AND,Andorra,2013,,,,,,,,,,68
AND,Andorra,2014,,,,,,,,,,69
AND,Andorra,2015,,,,,,,,,,70
AND,Andorra,2016,,,,,,,,,,71
AND,Andorra,2017,,,,,,,,,,72
AND,Andorra,2018,,,,,,,,,,73
AND,Andorra,2019,,,,,,,,,,74
AND,Andorra,2020,,,,,,,,,,75
AND,Andorra,2021,,,,,,,,,,76
AND,Andorra,2022,,,,,,,,,,77
AND,Andorra,2023,,,,,,,,,,78
AND,Andorra,2024,,,,,,,,,,79
AND,Andorra,2025,,,,,,,,,,80
ARE,United Arab Emirates,1960,,,,,,,,,,15
ARE,United Arab Emirates,1961,,,,,,,,,,16
ARE,United Arab Emirates,1962,,,,,,,,,,17
ARE,United Arab Emirates,1963,,,,,,,,,,18
ARE,United Arab Emirates,1964,,,,,,,,,,19
ARE,United Arab Emirates,1965,,,,,,,158.93922,,158.93922,20
ARE,United Arab Emirates,1966,,,,,,,202.75732,,202.75732,21
ARE,United Arab Emirates,1967,,,,,,,215.20438,,215.20438,22
ARE,United Arab Emirates,1968,,,,,,,280.45877,,280.45877,23
ARE,United Arab Emirates,1969,,,,,,,353.58624,,353.58624,24
ARE,United Arab Emirates,1970,,,,,,,439.08228,8.12175,447.20403000000005,25
ARE,United Arab Emirates,1971,,,,,,,596.7261,14.34225,611.06835,26
ARE,United Arab Emirates,1972,,,,,,,679.2343,14.55675,693.7910499999999,27
ARE,United Arab Emirates,1973,,,,,,,863.18304,16.921125,880.104165,28
ARE,United Arab Emirates,1974,,,,,,,945.41235,16.9455,962.35785,29
ARE,United Arab Emirates,1975,37.4179603088941,0.0,0.163466506683093,37.581426815577196,,,937.07684,16.185,953.2618399999999,30
ARE,United Arab Emirates,1976,36.8782876103444,0.0,0.148005538855027,37.026293149199425,,,1093.5983,18.915,1112.5133,31
ARE,United Arab Emirates,1977,30.8690345782272,0.0,0.281350586820016,31.150385165047215,,,1125.703,38.024998,1163.727998,32
ARE,United Arab Emirates,1978,31.4520067178137,0.0,0.49838179224681,31.95038851006051,,,1030.9652,55.6725,1086.6377,33
ARE,United Arab Emirates,1979,56.0299307985901,0.0,0.641714769412177,56.671645568002276,,,1031.0718,59.5725,1090.6443,34
ARE,United Arab Emirates,1980,41.9017222889892,0.0,0.425602042225653,42.327324331214854,,,974.6628,73.32,1047.9828,35
ARE,United Arab Emirates,1981,33.037027439471,0.0,0.371555229070157,33.40858266854115,,,861.628,86.385,948.013,36
ARE,United Arab Emirates,1982,22.8797386280149,0.0,0.131548058305729,23.011286686320627,,,749.46564,92.625,842.09064,37
ARE,United Arab Emirates,1983,23.6932140726226,0.0,0.586418700981653,24.279632773604252,,,705.9224,81.509995,787.432395,38
ARE,United Arab Emirates,1984,25.7520260229299,0.0,0.683106149097478,26.43513217202738,,,676.1817,107.25,783.4317,39
ARE,United Arab Emirates,1985,23.7113309073601,0.0,0.95386591130851,24.665196818668612,,,650.8159,128.9925,779.8084000000001,40
ARE,United Arab Emirates,1986,17.0122917735774,0.0,1.353966078348,18.3662578519254,,,751.5359,148.395,899.9309,41
ARE,United Arab Emirates,1987,22.8978256173288,0.0,1.41052878408729,24.30835440141609,,,793.14496,164.6775,957.82246,42
ARE,United Arab Emirates,1988,20.3567774890166,0.0,1.39749832676632,21.754275815782922,,,837.8947,169.26001,1007.1547099999999,43
ARE,United Arab Emirates,1989,28.6130173334727,0.0,1.47072835344582,30.083745686918522,,,989.44775,198.705,1188.15275,44
ARE,United Arab Emirates,1990,35.3156119922356,0.0,1.28679743521128,36.60240942744688,,,1083.3516,196.0725,1279.4241,45
ARE,United Arab Emirates,1991,23.5124336664395,0.0,1.42278115751413,24.93521482395363,,,1242.6837,232.1475,1474.8312,46
ARE,United Arab Emirates,1992,23.314265622308,0.0,1.44489185742813,24.75915747973613,,,1368.6174,216.1575,1584.7749000000001,47
ARE,United Arab Emirates,1993,20.8005002641545,0.0,1.34984304373982,22.15034330789432,,,1330.0209,224.15251,1554.1734099999999,48
ARE,United Arab Emirates,1994,16.966789757447,0.0,1.29651248840557,18.26330224585257,,,1341.0413,251.745,1592.7863000000002,49
ARE,United Arab Emirates,1995,16.3473463917171,0.0,1.52774715570848,17.87509354742558,,,1330.6033,305.37,1635.9733,50
ARE,United Arab Emirates,1996,19.1112827067212,0.0,1.60805442765848,20.719337134379682,,,1359.7686,329.55002,1689.31862,51
ARE,United Arab Emirates,1997,16.9646090621951,0.0,1.71580198382946,18.68041104602456,,,1364.287,354.02252,1718.30952,52
ARE,United Arab Emirates,1998,10.8323014620584,0.0,1.69523548425714,12.52753694631554,,,1413.2999,361.4325,1774.7323999999999,53
ARE,United Arab Emirates,1999,13.3744382605246,0.0,1.48019075248212,14.85462901300672,,,1302.8959,375.2775,1678.1734,54
ARE,United Arab Emirates,2000,20.8440561536495,0.0,1.5402537160529,22.3843098697024,,,1413.3167,374.20502,1787.5217200000002,55
ARE,United Arab Emirates,2001,15.8062390008792,0.0,1.79003505598156,17.59627405686076,100.0,,1377.1503,383.76,1760.9103,56
ARE,United Arab Emirates,2002,14.6453240587361,0.0,1.59217479022602,16.237498848962122,100.0,,1267.8835,423.05252,1690.9360199999999,57
ARE,United Arab Emirates,2003,17.8057010079321,0.0,1.40024746926002,19.20594847719212,100.0,,1467.5858,436.7025,1904.2883000000002,58
ARE,United Arab Emirates,2004,20.9182068452778,0.0,1.3026745340904,22.2208813793682,100.0,,1526.739,451.32748,1978.06648,59
ARE,United Arab Emirates,2005,23.9417369873026,0.0,1.39252709986089,25.33426408716349,100.0,,1588.1108,465.95248,2054.06328,60
ARE,United Arab Emirates,2006,25.8820272214672,0.0,1.32306915187906,27.20509637334626,100.0,,1693.9802,475.70248,2169.68268,61
ARE,United Arab Emirates,2007,23.7183455650517,0.0,1.21877202510384,24.937117590155538,100.0,,1670.5735,490.3275,2160.901,62
ARE,United Arab Emirates,2008,26.67204274176,0.0,1.04274122887812,27.71478397063812,99.99999,,1689.2214,489.84,2179.0614,63
ARE,United Arab Emirates,2009,18.418263242659,0.0,1.29504191176003,19.71330515441903,99.99932,,1498.1176,476.18997,1974.30757,64
ARE,United Arab Emirates,2010,22.6797378677807,0.0,1.09696752906347,23.776705396844168,99.99811,,1561.2549,499.99948,2061.25438,65
ARE,United Arab Emirates,2011,28.5990789001782,0.0,1.17972038186238,29.77879928204058,99.99798,,1737.4958,510.003,2247.4988,66
ARE,United Arab Emirates,2012,27.0648520266069,0.0,1.14944917707313,28.21430120368003,99.99775,,1801.5312,529.425,2330.9561999999996,67
ARE,United Arab Emirates,2013,26.2480640478396,0.0,1.13311451584915,27.38117856368875,99.99232,,1879.6893,532.35004,2412.0393400000003,68
ARE,United Arab Emirates,2014,22.9458647037024,0.0,1.02785418598527,23.97371888968767,99.97256,,1895.0093,528.88477,2423.89407,69
ARE,United Arab Emirates,2015,13.1025344354216,0.0,0.944063472144973,14.046597907566573,99.97541,,2036.3232,585.98737,2622.31057,70
ARE,United Arab Emirates,2016,11.0807563620506,0.0,0.724598673737908,11.805355035788509,99.9751,,2112.0898,595.2082,2707.2980000000002,71
ARE,United Arab Emirates,2017,13.4985731745503,0.0,0.82907663794894,14.32764981249924,99.93845,,2034.374,527.33514,2561.70914,72
ARE,United Arab Emirates,2018,17.0989945007163,0.0,1.08759822581719,18.18659272653349,99.894035,,2046.3977,464.33398,2510.73168,73
ARE,United Arab Emirates,2019,15.681591549088,0.0,1.21418377523218,16.89577532432018,99.69865,,2092.2188,537.1913,2629.4101,74
ARE,United Arab Emirates,2020,10.4940977026696,0.0,1.47800034393077,11.97209804660037,99.139114,,1941.3671,536.8787,2478.2457999999997,75
ARE,United Arab Emirates,2021,15.6730945329946,0.0,1.96089498612487,17.63398951911947,96.960884,,1930.4508,531.226,2461.6768,76
ARE,United Arab Emirates,2022,,,,,94.577736,,2157.3184,541.8506,2699.169,77
ARE,United Arab Emirates,2023,,,,,91.676445,,2096.1228,552.68756,2648.81036,78
ARE,United Arab Emirates,2024,,,,,90.43786,,2090.4954,563.74133,2654.2367299999996,79
ARE,United Arab Emirates,2025,,,,,90.47492,,2198.67,586.29095,2784.96095,80
ARG,Argentina,1960,,,,,,,,,,15
ARG,Argentina,1961,,,,,,,,,,16
ARG,Argentina,1962,,,,,,,,,,17
ARG,Argentina,1963,,,,,,,,,,18
ARG,Argentina,1964,,,,,,,,,,19
ARG,Argentina,1965,,,,,99.624344,,160.08415,,160.08415,20
ARG,Argentina,1966,,,,,99.63149,,170.30933,,170.30933,21
ARG,Argentina,1967,,,,,99.63332,,185.64127,,185.64127,22
ARG,Argentina,1968,,,,,99.58155,,203.38063,,203.38063,23
ARG,Argentina,1969,,,,,99.63722,,210.5816,,210.5816,24
ARG,Argentina,1970,0.183779149216649,,0.0056850188122777,0.1894641680289267,99.50702,,232.60602,58.544502,291.150522,25
ARG,Argentina,1971,0.312886775004762,0.0,0.0094543112775258,0.32234108628228775,99.53596,,250.86913,63.265987,314.13511700000004,26
ARG,Argentina,1972,0.359047343543258,0.0,0.009141039413237,0.36818838295649503,99.539696,,258.39575,60.1394,318.53515000000004,27
ARG,Argentina,1973,0.412805282018559,5.45451001655193e-05,0.0064676711543315,0.419327498273056,99.18605,,251.22162,65.48815,316.70977,28
ARG,Argentina,1974,1.65885773770647,0.0021513814440473,0.0374907502519704,1.6984998694024875,97.93419,,245.91354,70.48679,316.40033,29
ARG,Argentina,1975,2.11889964582298,0.0094133832826308,0.103099296421199,2.2314123255268097,96.687035,,235.63022,74.804695,310.434915,30
ARG,Argentina,1976,2.35967093826561,0.0119643758535321,0.0988380204642832,2.4704733345834256,96.8568,,237.41643,71.32315,308.73958,31
ARG,Argentina,1977,1.93385257138462,0.0095440050100607,0.006811249737982,1.9502078261326627,97.462975,,256.58066,73.61825,330.19891,32
ARG,Argentina,1978,2.19019719332059,0.0059894592140895,0.0162548951741007,2.21244154770878,96.11138,,269.9307,75.952255,345.882955,33
ARG,Argentina,1979,5.02863549439409,0.0079958025301522,0.0850475621025231,5.121678859026765,95.80552,,282.35434,70.31175,352.66609,34
ARG,Argentina,1980,5.84241226408529,0.0069821502495909,0.1966017224325,6.045996136767381,94.92625,,293.85562,81.64623,375.50185,35
ARG,Argentina,1981,4.79626652315171,0.0162221253207305,0.144536391472678,4.957025039945118,94.547485,,299.3141,84.952736,384.266836,36
ARG,Argentina,1982,2.64858284193801,0.0166465635535402,0.0328048780293968,2.698034283520947,94.58883,,297.39435,95.20775,392.60209999999995,37
ARG,Argentina,1983,2.93199669852781,0.006178693819498,0.161123885827592,3.0992992781749003,93.58745,,298.51083,127.7865,426.29733,38
ARG,Argentina,1984,3.68570761843442,0.0056265994659578,0.263237654828575,3.9545718727289527,92.45328,,292.39865,131.093,423.49164999999994,39
ARG,Argentina,1985,3.00657445804799,0.0050202524382446,0.232273336449674,3.2438680469359085,91.38487,,280.96475,135.08025,416.04499999999996,40
ARG,Argentina,1986,0.97146283280127,0.0016040569201759,0.169715743996771,1.1427826337182168,91.75696,,265.96246,150.83475,416.79721000000006,41
ARG,Argentina,1987,1.54851052425753,0.0,0.121268074864062,1.669778599121592,91.48188,,262.51917,147.33376,409.85293,42
ARG,Argentina,1988,1.07039410413757,0.0007118416875556,0.112903764731897,1.1840097105570226,93.52317,,275.8608,174.661,450.5218,43
ARG,Argentina,1989,2.73924507290797,0.003105357376128,0.257531904139602,2.9998823344237,94.21262,,281.7945,184.67775,466.47225000000003,44
ARG,Argentina,1990,2.18272104761879,0.0010149409756513,0.156002201280318,2.3397381898747596,91.63516,,295.8271,173.494,469.3211,45
ARG,Argentina,1991,0.893993392718008,0.0007410081753084,0.105217488837536,0.9999518897308525,91.9312,,301.00766,193.81926,494.82692,46
ARG,Argentina,1992,0.911490169536768,0.0002285197795113,0.0791319167057277,0.990850606022007,92.17505,,337.74042,195.37524,533.1156599999999,47
ARG,Argentina,1993,0.90189290799156,0.0,0.101191566049317,1.003084474040877,91.0932,,361.31882,209.28201,570.6008300000001,48
ARG,Argentina,1994,0.882210245002207,0.0,0.0832982540170027,0.9655084990192098,90.606705,,401.36295,216.57574,617.93869,49
ARG,Argentina,1995,1.11368338221007,0.0002970861613123,0.0810388224069918,1.195019290778374,91.6783,,435.6241,243.22224,678.84634,50
ARG,Argentina,1996,1.42093287722449,4.09155974885757e-05,0.084701578486069,1.5056753713080475,92.57756,,474.6901,281.34427,756.03437,51
ARG,Argentina,1997,1.27158678591403,0.0,0.0820948873528113,1.3536816732668413,91.457565,,504.57437,266.2705,770.84487,52
ARG,Argentina,1998,0.67625546126761,0.0,0.07155227159531,0.74780773286292,92.27693,,512.04645,287.76276,799.8092100000001,53
ARG,Argentina,1999,1.18222911614852,0.0,0.145370116357675,1.3275992325061952,93.41907,,484.84152,336.19324,821.03476,54
ARG,Argentina,2000,2.03921231896402,0.0,0.282821013547511,2.322033332511531,92.524666,,480.87112,363.81226,844.6833799999999,55
ARG,Argentina,2001,1.57828961704899,0.0001052621390481,0.29987415057312,1.878269029761158,90.43037,,510.89627,361.1865,872.08277,56
ARG,Argentina,2002,4.58801102253871,0.0,0.646827117703421,5.234838140242132,90.671,,503.27725,351.16974,854.4469899999999,57
ARG,Argentina,2003,3.79526357487009,1.55229412714307e-08,0.415641192852899,4.2109047832459305,90.73772,,501.18347,399.11398,900.29745,58
ARG,Argentina,2004,3.62815045579444,0.0005898336129965,0.333214519684995,3.9619548090924317,91.804855,,477.1305,436.45798,913.58848,59
ARG,Argentina,2005,4.36083044381745,0.0001464981594431,0.518722288899288,4.879699230876182,92.11562,,457.86237,443.75174,901.61411,60
ARG,Argentina,2006,4.49089064691066,0.0004935140779443,0.633332833614627,5.124716994603232,91.58085,,458.60773,448.3225,906.9302299999999,61
ARG,Argentina,2007,3.70577772027876,0.0009382830080984,0.605509596028324,4.312225599315182,93.05816,,444.4343,435.97174,880.4060400000001,62
ARG,Argentina,2008,4.03900096602208,0.0017800451689059,0.513205960913271,4.553986972104257,93.05253,,439.66977,428.4835,868.15327,63
ARG,Argentina,2009,2.12453488071178,0.0004051489132472,0.5753366974209,2.700276727045927,92.04558,,395.9278,403.0119,798.9397,64
ARG,Argentina,2010,2.30522041977185,0.0005654273924792,0.309484878442217,2.615270725606546,92.08503,,387.02927,389.96994,776.99921,65
ARG,Argentina,2011,2.74533146547491,0.0009162373808718,0.538827310390617,3.285075013246399,92.57137,,362.68546,377.17847,739.86393,66
ARG,Argentina,2012,2.55649872416885,0.000602582816122,0.544036864497816,3.1011381714827877,92.84696,,358.6779,366.91202,725.58992,67
ARG,Argentina,2013,2.25387298647688,0.0004034152901813,0.5571291088583,2.8114055106253613,92.44228,,351.06256,345.55853,696.6210900000001,68
ARG,Argentina,2014,2.09270565105548,0.0002401464358522,0.535325276913858,2.62827107440519,92.50315,,346.41473,344.8588,691.2735299999999,69
ARG,Argentina,2015,0.693912054976671,9.86419365883691e-05,0.246808228645021,0.9408189255582804,91.97601,,349.43137,354.91144,704.3428100000001,70
ARG,Argentina,2016,0.549552011638029,8.00634259462361e-05,0.119238339223091,0.6688704142870663,91.95269,,333.0377,372.82358,705.86128,71
ARG,Argentina,2017,0.663565866238942,7.90800456830933e-05,0.132192711472979,0.7958376577576041,91.98109,,317.0157,371.4989,688.5146,72
ARG,Argentina,2018,1.31095340723836,0.0003488699534058,0.401322114717452,1.7126243919092177,91.59892,,320.5191,394.2329,714.752,73
ARG,Argentina,2019,1.29099565501431,0.0005239701657668,0.523559339823675,1.8150789650037518,90.64014,,393.4316,416.15262,809.58422,74
ARG,Argentina,2020,0.677055565819106,9.62586968364024e-05,0.298269697229754,0.9754215217456963,90.019264,,392.29428,382.92526,775.21954,75
ARG,Argentina,2021,1.54438228879011,0.0001577464191957,0.389397123451652,1.9339371586609577,90.72697,,437.04614,386.08496,823.1311000000001,76
ARG,Argentina,2022,,,,,90.99995,,527.52936,416.52444,944.0538,77
ARG,Argentina,2023,,,,,89.49008,,595.3271,415.93362,1011.26072,78
ARG,Argentina,2024,,,,,88.28498,,682.9139,441.1331,1124.047,79
ARG,Argentina,2025,,,,,88.010315,,801.4902,451.54346,1253.03366,80
ARM,Armenia,1960,,,,,,,,,,15
ARM,Armenia,1961,,,,,,,,,,16
ARM,Armenia,1962,,,,,,,,,,17
ARM,Armenia,1963,,,,,,,,,,18
ARM,Armenia,1964,,,,,,,,,,19
ARM,Armenia,1965,,,,,,,,,,20
ARM,Armenia,1966,,,,,,,,,,21
ARM,Armenia,1967,,,,,,,,,,22
ARM,Armenia,1968,,,,,,,,,,23
ARM,Armenia,1969,,,,,,,,,,24
ARM,Armenia,1970,,,,,,,,,,25
ARM,Armenia,1971,,,,,,,,,,26
ARM,Armenia,1972,,,,,,,,,,27
ARM,Armenia,1973,,,,,,,,,,28
ARM,Armenia,1974,,,,,,,,,,29
ARM,Armenia,1975,,,,,,,,,,30
ARM,Armenia,1976,,,,,,,,,,31
ARM,Armenia,1977,,,,,,,,,,32
ARM,Armenia,1978,,,,,,,,,,33
ARM,Armenia,1979,,,,,,,,,,34
ARM,Armenia,1980,,,,,,,,,,35
ARM,Armenia,1981,,,,,,,,,,36
ARM,Armenia,1982,,,,,,,,,,37
ARM,Armenia,1983,,,,,,,,,,38
ARM,Armenia,1984,,,,,,,,,,39
ARM,Armenia,1985,,,,,,,,,,40
ARM,Armenia,1986,,,,,,,,,,41
ARM,Armenia,1987,,,,,,,,,,42
ARM,Armenia,1988,,,,,,,,,,43
ARM,Armenia,1989,,,,,,,,,,44
ARM,Armenia,1990,0.0,0.0,0.0,0.0,,,,,,45
ARM,Armenia,1991,0.0,0.0,0.0,0.0,,,,,,46
ARM,Armenia,1992,0.0,0.0,0.0,0.0,,,,,,47
ARM,Armenia,1993,0.0,0.0,0.0,0.0,,,,,,48
ARM,Armenia,1994,0.0,0.0,0.0,0.0,,,,,,49
ARM,Armenia,1995,0.0,0.0,0.0,0.0,,,,,,50
ARM,Armenia,1996,0.0,0.0,0.0,0.0,,,,,,51
ARM,Armenia,1997,0.0,0.0,0.0,0.0,,,,,,52
ARM,Armenia,1998,0.0,0.0,0.0,0.0,,,,,,53
ARM,Armenia,1999,0.0,0.0,0.0,0.0,,,,,,54
ARM,Armenia,2000,0.0,0.0,0.0,0.0,,,,,,55
ARM,Armenia,2001,0.0,0.0,0.0,0.0,,,,,,56
ARM,Armenia,2002,0.0,0.0,0.0,0.0,,,,,,57
ARM,Armenia,2003,0.0,0.0,0.0,0.0,,,,,,58
ARM,Armenia,2004,0.0,0.0,0.0,0.0,,,,,,59
ARM,Armenia,2005,0.0,0.0,0.0,0.0,,,,,,60
ARM,Armenia,2006,0.0,0.0,0.0,0.0,,,,,,61
ARM,Armenia,2007,0.0,0.0,0.0,0.0,,,,,,62
ARM,Armenia,2008,0.0,0.0,0.0,0.0,,,,,,63
ARM,Armenia,2009,0.0,0.0,0.0,0.0,,,,,,64
ARM,Armenia,2010,0.0,0.0,0.0,0.0,,,,,,65
ARM,Armenia,2011,0.0,0.0,0.0,0.0,,,,,,66
ARM,Armenia,2012,0.0,0.0,0.0,0.0,,,,,,67
ARM,Armenia,2013,0.0,0.0,0.0,0.0,,,,,,68
ARM,Armenia,2014,0.0,0.0,0.0,0.0,,,,,,69
ARM,Armenia,2015,0.0,0.0,0.0,0.0,,,,,,70
ARM,Armenia,2016,0.0,0.0,0.0,0.0,,,,,,71
ARM,Armenia,2017,0.0,1.46665818859353e-06,0.0,1.46665818859353e-06,,,,,,72
ARM,Armenia,2018,0.0,2.43835282054823e-06,0.0,2.43835282054823e-06,,,,,,73
ARM,Armenia,2019,0.0,1.63312356514246e-06,0.0,1.63312356514246e-06,,,,,,74
ARM,Armenia,2020,0.0,1.48770502333102e-06,0.0,1.48770502333102e-06,,,,,,75
ARM,Armenia,2021,0.0,2.759777831075e-06,0.0,2.759777831075e-06,,,,,,76
ARM,Armenia,2022,,,,,,,,,,77
ARM,Armenia,2023,,,,,,,,,,78
ARM,Armenia,2024,,,,,,,,,,79
ARM,Armenia,2025,,,,,,,,,,80
ASM,American Samoa,1960,,,,,,,,,,15
ASM,American Samoa,1961,,,,,,,,,,16
ASM,American Samoa,1962,,,,,,,,,,17
ASM,American Samoa,1963,,,,,,,,,,18
ASM,American Samoa,1964,,,,,,,,,,19
ASM,American Samoa,1965,,,,,,,,,,20
ASM,American Samoa,1966,,,,,,,,,,21
ASM,American Samoa,1967,,,,,,,,,,22
ASM,American Samoa,1968,,,,,,,,,,23
ASM,American Samoa,1969,,,,,,,,,,24
ASM,American Samoa,1970,,,,,,,,,,25
ASM,American Samoa,1971,,,,,,,,,,26
ASM,American Samoa,1972,,,,,,,,,,27
ASM,American Samoa,1973,,,,,,,,,,28
ASM,American Samoa,1974,,,,,,,,,,29
ASM,American Samoa,1975,,,,,,,,,,30
ASM,American Samoa,1976,,,,,,,,,,31
ASM,American Samoa,1977,,,,,,,,,,32
ASM,American Samoa,1978,,,,,,,,,,33
ASM,American Samoa,1979,,,,,,,,,,34
ASM,American Samoa,1980,,,,,,,,,,35
ASM,American Samoa,1981,,,,,,,,,,36
ASM,American Samoa,1982,,,,,,,,,,37
ASM,American Samoa,1983,,,,,,,,,,38
ASM,American Samoa,1984,,,,,,,,,,39
ASM,American Samoa,1985,,,,,,,,,,40
ASM,American Samoa,1986,,,,,,,,,,41
ASM,American Samoa,1987,,,,,,,,,,42
ASM,American Samoa,1988,,,,,,,,,,43
ASM,American Samoa,1989,,,,,,,,,,44
ASM,American Samoa,1990,,,,,,,,,,45
ASM,American Samoa,1991,,,,,,,,,,46
ASM,American Samoa,1992,,,,,,,,,,47
ASM,American Samoa,1993,,,,,,,,,,48
ASM,American Samoa,1994,,,,,,,,,,49
ASM,American Samoa,1995,,,,,,,,,,50
ASM,American Samoa,1996,,,,,,,,,,51
ASM,American Samoa,1997,,,,,,,,,,52
ASM,American Samoa,1998,,,,,,,,,,53
ASM,American Samoa,1999,,,,,,,,,,54
ASM,American Samoa,2000,,,,,,,,,,55
ASM,American Samoa,2001,,,,,,,,,,56
ASM,American Samoa,2002,0.0,0.0,0.0,0.0,,,,,,57
ASM,American Samoa,2003,0.0,0.0,0.0,0.0,,,,,,58
ASM,American Samoa,2004,0.0,0.0,0.0,0.0,,,,,,59
ASM,American Samoa,2005,0.0,0.0,0.0,0.0,,,,,,60
ASM,American Samoa,2006,0.0,0.0,0.0,0.0,,,,,,61
ASM,American Samoa,2007,0.0,0.0,0.0,0.0,,,,,,62
ASM,American Samoa,2008,0.0,0.0,0.0,0.0,,,,,,63
ASM,American Samoa,2009,0.0,0.0,0.0,0.0,,,,,,64
ASM,American Samoa,2010,0.0,0.0,0.0,0.0,,,,,,65
ASM,American Samoa,2011,0.0,0.0,0.0,0.0,,,,,,66
ASM,American Samoa,2012,0.0,0.0,0.0,0.0,,,,,,67
ASM,American Samoa,2013,0.0,0.0,0.0,0.0,,,,,,68
ASM,American Samoa,2014,0.0,0.0,0.0,0.0,,,,,,69
ASM,American Samoa,2015,0.0,0.0,0.0,0.0,,,,,,70
ASM,American Samoa,2016,0.0,0.0,0.0,0.0,,,,,,71
ASM,American Samoa,2017,0.0,0.0,0.0,0.0,,,,,,72
ASM,American Samoa,2018,0.0,0.0,0.0,0.0,,,,,,73
ASM,American Samoa,2019,0.0,0.0,0.0,0.0,,,,,,74
ASM,American Samoa,2020,0.0,0.0,0.0,0.0,,,,,,75
ASM,American Samoa,2021,0.0,0.0,0.0,0.0,,,,,,76
ASM,American Samoa,2022,,,,,,,,,,77
ASM,American Samoa,2023,,,,,,,,,,78
ASM,American Samoa,2024,,,,,,,,,,79
ASM,American Samoa,2025,,,,,,,,,,80
ATG,Antigua and Barbuda,1960,,,,,,,,,,15
ATG,Antigua and Barbuda,1961,,,,,,,,,,16
ATG,Antigua and Barbuda,1962,,,,,,,,,,17
ATG,Antigua and Barbuda,1963,,,,,,,,,,18
ATG,Antigua and Barbuda,1964,,,,,,,,,,19
ATG,Antigua and Barbuda,1965,,,,,,,,,,20
ATG,Antigua and Barbuda,1966,,,,,,,,,,21
ATG,Antigua and Barbuda,1967,,,,,,,,,,22
ATG,Antigua and Barbuda,1968,,,,,,,,,,23
ATG,Antigua and Barbuda,1969,,,,,,,,,,24
ATG,Antigua and Barbuda,1970,,,,,,,,,,25
ATG,Antigua and Barbuda,1971,,,,,,,,,,26
ATG,Antigua and Barbuda,1972,,,,,,,,,,27
ATG,Antigua and Barbuda,1973,,,,,,,,,,28
ATG,Antigua and Barbuda,1974,,,,,,,,,,29
ATG,Antigua and Barbuda,1975,,,,,,,,,,30
ATG,Antigua and Barbuda,1976,,,,,,,,,,31
ATG,Antigua and Barbuda,1977,,,,,,,,,,32
ATG,Antigua and Barbuda,1978,,,,,,,,,,33
ATG,Antigua and Barbuda,1979,,,,,,,,,,34
ATG,Antigua and Barbuda,1980,0.0,0.0,0.0,0.0,,,,,,35
ATG,Antigua and Barbuda,1981,0.0,0.0,0.0,0.0,,,,,,36
ATG,Antigua and Barbuda,1982,0.0,0.0,0.0,0.0,,,,,,37
ATG,Antigua and Barbuda,1983,0.0,0.0,0.0,0.0,,,,,,38
ATG,Antigua and Barbuda,1984,0.0,0.0,0.0,0.0,,,,,,39
ATG,Antigua and Barbuda,1985,0.0,0.0,0.0,0.0,,,,,,40
ATG,Antigua and Barbuda,1986,0.0,0.0,0.0,0.0,,,,,,41
ATG,Antigua and Barbuda,1987,0.0,0.0,0.0,0.0,,,,,,42
ATG,Antigua and Barbuda,1988,0.0,0.0,0.0,0.0,,,,,,43
ATG,Antigua and Barbuda,1989,0.0,0.0,0.0,0.0,,,,,,44
ATG,Antigua and Barbuda,1990,0.0,0.0,0.0,0.0,,,,,,45
ATG,Antigua and Barbuda,1991,0.0,0.0,0.0,0.0,,,,,,46
ATG,Antigua and Barbuda,1992,0.0,0.0,0.0,0.0,,,,,,47
ATG,Antigua and Barbuda,1993,0.0,0.0,0.0,0.0,,,,,,48
ATG,Antigua and Barbuda,1994,0.0,0.0,0.0,0.0,,,,,,49
ATG,Antigua and Barbuda,1995,0.0,0.0,0.0,0.0,,,,,,50
ATG,Antigua and Barbuda,1996,0.0,0.0,0.0,0.0,,,,,,51
ATG,Antigua and Barbuda,1997,0.0,0.0,0.0,0.0,,,,,,52
ATG,Antigua and Barbuda,1998,0.0,0.0,0.0,0.0,,,,,,53
ATG,Antigua and Barbuda,1999,0.0,0.0,0.0,0.0,,,,,,54
ATG,Antigua and Barbuda,2000,0.0,0.0,0.0,0.0,,,,,,55
ATG,Antigua and Barbuda,2001,0.0,0.0,0.0,0.0,,,,,,56
ATG,Antigua and Barbuda,2002,0.0,0.0,0.0,0.0,,,,,,57
ATG,Antigua and Barbuda,2003,0.0,0.0,0.0,0.0,,,,,,58
ATG,Antigua and Barbuda,2004,0.0,0.0,0.0,0.0,,,,,,59
ATG,Antigua and Barbuda,2005,0.0,0.0,0.0,0.0,,,,,,60
ATG,Antigua and Barbuda,2006,0.0,0.0,0.0,0.0,,,,,,61
ATG,Antigua and Barbuda,2007,0.0,0.0,0.0,0.0,,,,,,62
ATG,Antigua and Barbuda,2008,0.0,0.0,0.0,0.0,,,,,,63
ATG,Antigua and Barbuda,2009,0.0,0.0,0.0,0.0,,,,,,64
ATG,Antigua and Barbuda,2010,0.0,0.0,0.0,0.0,,,,,,65
ATG,Antigua and Barbuda,2011,0.0,0.0,0.0,0.0,,,,,,66
ATG,Antigua and Barbuda,2012,0.0,0.0,0.0,0.0,,,,,,67
ATG,Antigua and Barbuda,2013,0.0,0.0,0.0,0.0,,,,,,68
ATG,Antigua and Barbuda,2014,0.0,0.0,0.0,0.0,,,,,,69
ATG,Antigua and Barbuda,2015,0.0,0.0,0.0,0.0,,,,,,70
ATG,Antigua and Barbuda,2016,0.0,0.0,0.0,0.0,,,,,,71
ATG,Antigua and Barbuda,2017,0.0,0.0,0.0,0.0,,,,,,72
ATG,Antigua and Barbuda,2018,0.0,0.0,0.0,0.0,,,,,,73
ATG,Antigua and Barbuda,2019,0.0,0.0,0.0,0.0,,,,,,74
ATG,Antigua and Barbuda,2020,0.0,0.0,0.0,0.0,,,,,,75
ATG,Antigua and Barbuda,2021,0.0,0.0,0.0,0.0,,,,,,76
ATG,Antigua and Barbuda,2022,,,,,,,,,,77
ATG,Antigua and Barbuda,2023,,,,,,,,,,78
ATG,Antigua and Barbuda,2024,,,,,,,,,,79
ATG,Antigua and Barbuda,2025,,,,,,,,,,80
AUS,Australia,1960,,,,,,,,,,15
AUS,Australia,1961,,,,,,,,,,16
AUS,Australia,1962,,,,,,,,,,17
AUS,Australia,1963,,,,,,,,,,18
AUS,Australia,1964,,,,,,,,,,19
AUS,Australia,1965,,,,,97.90905,,4.0263753,,4.0263753,20
AUS,Australia,1966,,,,,98.099144,,5.1767683,,5.1767683,21
AUS,Australia,1967,,,,,98.14813,,12.079125,,12.079125,22
AUS,Australia,1968,,,,,98.18859,,22.494122,,22.494122,23
AUS,Australia,1969,,,,,98.1132,,25.883842,,25.883842,24
AUS,Australia,1970,0.0153710223028318,0.135861104644286,0.0,0.1512321269471178,98.00754,,101.23458,17.303974,118.53855399999999,25
AUS,Australia,1971,0.0253198031265626,0.1057036939559,0.0068600337479541,0.1378835308304167,97.86472,,177.42035,25.82668,203.24703000000002,26
AUS,Australia,1972,0.0772457057276175,0.107817931036259,0.0128058512256082,0.1978694879894847,97.944824,,189.33647,37.074265,226.410735,27
AUS,Australia,1973,0.248095609277592,0.103849655163199,0.0213948240624894,0.3733400885032804,97.93725,,237.18723,47.068798,284.256028,28
AUS,Australia,1974,1.24983188764352,0.29403319600046,0.0850154188895675,1.6288805025335475,97.78379,,234.67719,53.70199,288.37918,29
AUS,Australia,1975,1.31204877070562,1.10757538668422,0.148487028720157,2.5681111861099972,97.643585,,251.46202,57.669968,309.131988,30
AUS,Australia,1976,1.35846553041966,1.2298431675518,0.154832053112199,2.7431407510836587,97.83442,,257.49902,68.07722,325.57624,31
AUS,Australia,1977,1.51713853676785,1.29400217126807,0.174272027528108,2.985412735564028,98.045296,,272.4299,77.76844,350.19834,32
AUS,Australia,1978,1.35918446431775,1.00881389900051,0.20058445557712,2.56858281889538,97.96755,,269.70963,83.72538,353.43501000000003,33
AUS,Australia,1979,2.93104683007127,0.858020342849833,0.281864869545654,4.070932042466757,98.09272,,270.70334,96.37518,367.07852,34
AUS,Australia,1980,2.80222598045723,0.840994537059568,0.265150130637996,3.9083706481547935,98.210724,,253.9847,110.665886,364.650586,35
AUS,Australia,1981,1.90661890421157,1.38263480300504,0.11042948868479,3.3996831959014,98.18316,788.57117,247.38208,119.94439,1155.8976400000001,36
AUS,Australia,1982,1.14392595319274,1.43840584348905,0.0374601956530704,2.6197919923348603,98.26223,804.9543,243.93091,116.980835,1165.866045,37
AUS,Australia,1983,1.42608236601379,1.19460091036769,0.0865220339234795,2.7072053103049596,98.35777,838.7407,237.44705,127.07482,1203.26257,38
AUS,Australia,1984,1.5738765141311,0.892541982031882,0.106744792001129,2.573163288164111,98.28969,880.9173,307.9994,125.31727,1314.23397,39
AUS,Australia,1985,1.90782675227061,0.996734887793282,0.155901793319544,3.0604634333834357,98.23666,1074.3456,356.84106,133.95262,1565.13928,40
AUS,Australia,1986,0.912782136823864,0.604786413751141,0.261254380890092,1.778822931465097,98.25744,1142.8596,318.80838,146.32928,1607.9972599999999,41
AUS,Australia,1987,1.29742789477165,0.199458277424828,0.227429850160488,1.724316022356966,98.34896,1193.6675,338.87204,149.39459,1681.93413,42
AUS,Australia,1988,0.775504211333759,0.226122705286209,0.158420224535713,1.160047141155681,98.26368,1173.2935,321.6083,152.99338,1647.89518,43
AUS,Australia,1989,0.794334616368393,0.315628214490081,0.14305235926313,1.253015190121604,98.332,1274.6781,303.33276,177.07565,1755.08651,44
AUS,Australia,1990,1.18927836382777,0.371730522630293,0.234861244993648,1.795870131451711,98.33075,1334.6012,352.09924,206.11147,1892.8119100000001,45
AUS,Australia,1991,0.645649685055411,0.353411435057268,0.195331450563141,1.19439257067582,98.23928,1384.4242,332.76974,215.765,1932.95894,46
AUS,Australia,1992,0.613094302495831,0.258757261664356,0.229765008586858,1.1016165727470448,98.25246,1477.2354,327.94684,233.33595,2038.51819,47
AUS,Australia,1993,0.610539248128821,0.139803081661993,0.304404898871275,1.0547472286620891,98.24812,1484.1,305.8865,243.83902,2033.8255199999999,48
AUS,Australia,1994,0.467145046577168,0.0548026318167938,0.359554422014385,0.8815021004083468,98.32842,1516.9104,329.3391,279.91214,2126.16164,49
AUS,Australia,1995,0.472621236603855,0.171957307124255,0.364303031664732,1.008881575392842,98.3836,1591.818,310.114,295.9597,2197.8917,50
AUS,Australia,1996,0.49172140428228,0.111276066385766,0.400710340720103,1.003707811388149,98.36866,1640.6823,326.40598,296.33704,2263.42532,51
AUS,Australia,1997,0.390188127605254,0.103289754405005,0.380230933324588,0.873708815334847,98.39674,1789.1144,346.43536,296.37646,2431.92622,52
AUS,Australia,1998,0.214859613602787,0.175055580055072,0.311317043471957,0.701232237129816,98.4259,1832.1017,328.0255,302.7371,2462.8642999999997,53
AUS,Australia,1999,0.302021117738925,0.10742712955668,0.364771381363961,0.774219628659566,98.43496,1931.918,319.49728,307.1253,2558.54058,54
AUS,Australia,2000,0.876745345389259,0.184104025753703,0.551817752368355,1.6126671235113168,98.47999,1996.8198,431.37653,311.92328,2740.1196099999997,55
AUS,Australia,2001,0.720452604163645,0.63498237850381,0.562124106792889,1.917559089460344,98.52875,2157.921,399.1475,326.41318,2883.48168,56
AUS,Australia,2002,0.803940893602656,0.402755328418002,0.488247924172099,1.6949441461927568,98.432594,2224.0464,396.66782,330.01163,2950.7258500000003,57
AUS,Australia,2003,0.757626170343175,0.230063115657696,0.5084006809536,1.4960899669544712,98.33579,2299.0476,343.3505,337.45227,2979.85037,58
AUS,Australia,2004,0.73789012235773,0.933946347350269,0.448804277256907,2.1206407469649062,98.17246,2388.831,299.8592,359.30313,3047.9933300000002,59
AUS,Australia,2005,0.887355262985534,1.00528465592215,0.420182475428722,2.312822394336406,97.90929,2501.2886,294.55624,382.3528,3178.19764,60
AUS,Australia,2006,0.865992075121712,1.07281199355498,0.399162747844491,2.337966816521183,97.92249,2556.8406,268.95715,406.82227,3232.6200200000003,61
AUS,Australia,2007,0.871982126285964,0.861705552072965,0.355799251990489,2.089486930349418,97.97192,2640.8552,286.4461,427.51187,3354.81317,62
AUS,Australia,2008,0.935960985495543,2.95865213970117,0.331366192668345,4.225979317865058,98.1443,2720.6213,285.7068,416.829,3423.1571,63
AUS,Australia,2009,0.553069182846371,1.49919129745478,0.380336796941961,2.4325972772431124,98.133156,2822.8337,280.429,466.97592,3570.23862,64
AUS,Australia,2010,0.706854443143111,2.01394646953452,0.358939187120881,3.079740099798512,97.985176,2914.7896,286.53317,526.2551,3727.57787,65
AUS,Australia,2011,0.877828805391789,2.3534770034687,0.350838343671304,3.5821441525317925,97.4206,2850.8132,249.01212,544.51514,3644.34046,66
AUS,Australia,2012,0.679385653265247,1.19179744642538,0.291490714216486,2.162673813907113,97.34286,3091.9092,246.37003,582.85803,3921.13726,67
AUS,Australia,2013,0.538515503941203,0.812671152247083,0.331288181046131,1.682474837234417,96.98458,3323.7434,204.80865,605.76587,4134.3179199999995,68
AUS,Australia,2014,0.488872500922202,0.752873824759254,0.484066275281438,1.725812600962894,97.16574,3559.4495,216.3719,652.74426,4428.56566,69
AUS,Australia,2015,0.197899254363141,0.467415278392218,0.604563395765041,1.2698779285204,97.05623,3555.7026,195.42085,742.9768,4494.10025,70
AUS,Australia,2016,0.173168975942925,0.595294475037987,0.587554401448582,1.3560178524294941,96.71868,3563.0557,178.5461,940.797,4682.3988,71
AUS,Australia,2017,0.198665473505862,0.778130785108022,0.710596127047236,1.68739238566112,96.8908,3473.3135,161.66643,1102.9464,4737.92633,72
AUS,Australia,2018,0.264744671813473,0.79660582885988,1.12681291351523,2.1881634141885833,96.23233,3716.8325,170.05481,1274.0186,5160.90591,73
AUS,Australia,2019,0.229199447926395,0.691993900604111,1.33869213675891,2.259885485289416,95.99841,3803.6514,223.93333,1461.0239,5488.60863,74
AUS,Australia,2020,0.108188865636013,0.544915652209042,1.20573602321749,1.8588405410625453,95.12597,3494.2944,222.27069,1457.1638,5173.72889,75
AUS,Australia,2021,0.264201375268924,0.786459619916648,1.71840640102869,2.769067396214262,94.19348,3406.9924,214.2501,1479.2603,5100.5028,76
AUS,Australia,2022,,,,,93.75335,3180.4482,198.70668,1542.3914,4921.5462800000005,77
AUS,Australia,2023,,,,,93.10427,3188.7532,181.57283,1507.1117,4877.43773,78
AUS,Australia,2024,,,,,92.884605,3252.4995,175.79169,1522.9299,4951.22109,79
AUS,Australia,2025,,,,,92.11152,3024.478,160.11562,1485.7379,4670.33152,80
AUT,Austria,1960,,,,,,,,,,15
AUT,Austria,1961,,,,,,,,,,16
AUT,Austria,1962,,,,,,,,,,17
AUT,Austria,1963,,,,,,,,,,18
AUT,Austria,1964,,,,,,,,,,19
AUT,Austria,1965,,,,,89.82244,,,,,20
AUT,Austria,1966,,,,,89.45858,,,,,21
AUT,Austria,1967,,,,,89.3211,,,,,22
AUT,Austria,1968,,,,,89.82109,,,,,23
AUT,Austria,1969,,,,,91.1643,,,,,24
AUT,Austria,1970,0.0133840215274099,0.0,0.0319014387177766,0.045285460245186496,89.980644,,,,,25
AUT,Austria,1971,0.0396656673508013,0.0024513491246236,0.0344382961806929,0.0765553126561178,92.36031,,,,,26
AUT,Austria,1972,0.0460995203914106,0.002375289341453,0.0399211065468103,0.08839591627967391,92.41753,,,,,27
AUT,Austria,1973,0.0657208153708483,0.0022102012989963,0.0283507426587602,0.09628175932860479,92.124725,,,,,28
AUT,Austria,1974,0.290970933167581,0.0045375001529998,0.0729745053115962,0.368482938632177,90.47765,,,,,29
AUT,Austria,1975,0.212970291690541,0.0327027509529406,0.10146099537663,0.34713403802011156,89.85265,,,,,30
AUT,Austria,1976,0.204521712880777,0.0314880517534944,0.0899224642808509,0.3259322289151223,91.79499,,,,,31
AUT,Austria,1977,0.165236137960972,0.0258553906397475,0.084717483814066,0.2758090124147855,89.73727,,,,,32
AUT,Austria,1978,0.141543864580465,0.0148123140176083,0.0772660073577331,0.23362218595580642,90.23388,,,,,33
AUT,Austria,1979,0.280504200694145,0.0095248072576966,0.105028123686583,0.3950571316384246,89.485985,,,,,34
AUT,Austria,1980,0.266774154178384,0.0189885371019289,0.106454014314995,0.3922167055953079,88.96959,,,,,35
AUT,Austria,1981,0.223363425571516,0.0490770095594218,0.0596093656920332,0.332049800822971,87.71769,,,,,36
AUT,Austria,1982,0.135193975215537,0.0565606922699493,0.025407282413816,0.21716194989930232,87.17239,,,,,37
AUT,Austria,1983,0.170273903548148,0.0223364483968497,0.0399411455495623,0.23255149749456,87.27912,,,,,38
AUT,Austria,1984,0.17566441690777,0.0125056420048415,0.0443088865734808,0.2324789454860923,89.037605,,,,,39
AUT,Austria,1985,0.168061790423356,0.0187483810013569,0.036381463507797,0.2231916349325099,86.83232,,,,,40
AUT,Austria,1986,0.0454156428863414,0.0037989153642912,0.0246173540370213,0.0738319122876539,86.39071,,,,,41
AUT,Austria,1987,0.0557035846571561,0.0007983537311726,0.0107382730148726,0.0672402114032013,85.58948,,,,,42
AUT,Austria,1988,0.0443388095418362,0.0008733457535647,0.0095573210585198,0.0547694763539207,85.194016,,,,,43
AUT,Austria,1989,0.0700210564133721,0.001078299720708,0.0106851024726083,0.0817844586066884,85.3401,,,,,44
AUT,Austria,1990,0.0765118886958938,0.0035814371450398,0.0132315851845866,0.09332491102552021,87.14186,,,,,45
AUT,Austria,1991,0.0396873742577725,0.0027403491077382,0.0092539608848618,0.051681684250372506,87.77823,,,,,46
AUT,Austria,1992,0.0352680260830231,0.0012185590683493,0.0047448920729509,0.041231477224323305,85.93374,,,,,47
AUT,Austria,1993,0.0340668448552991,0.0001302396352756,0.0112578098585122,0.0454548943490869,85.43767,,,,,48
AUT,Austria,1994,0.0270900120712639,0.0001294681520517,0.0093096254154672,0.0365291056387828,85.90316,,,,,49
AUT,Austria,1995,0.0240556789265433,0.0005113019692767,0.0159218186973434,0.0404887995931634,85.51739,,,,,50
AUT,Austria,1996,0.032850191717391,0.0002330818672765,0.015671415815533,0.0487546894002005,87.344315,,,,,51
AUT,Austria,1997,0.0280351908089642,0.0001142866980898,0.0181006482273762,0.0462501257344302,86.65552,,,,,52
AUT,Austria,1998,0.0083748684983236,0.0002166980861587,0.0025289855659671,0.0111205521504494,86.46295,,,,,53
AUT,Austria,1999,0.026292282564808,4.31017610698708e-05,0.0027477374848164,0.02908312181069427,85.42449,,,,,54
AUT,Austria,2000,0.0610377226881713,0.0004640613517068,0.0213333873225911,0.08283517136246919,85.127945,,,,,55
AUT,Austria,2001,0.0440884027065614,0.0015114146178692,0.0436415765473745,0.0892413938718051,86.05361,,,,,56
AUT,Austria,2002,0.0420533656435616,0.0005490687605798,0.0325849066521663,0.0751873410563077,86.30208,,,,,57
AUT,Austria,2003,0.0392050238257237,0.0003878874740539,0.0301419304528529,0.0697348417526305,88.70688,,,,,58
AUT,Austria,2004,0.048536725746942,0.0006571036415407,0.0224294750284273,0.07162330441691,87.4827,,,,,59
AUT,Austria,2005,0.060495702750532,0.0,0.0151465240868567,0.0756422268373887,87.03698,,,,,60
AUT,Austria,2006,0.0662743642127353,0.0,0.0351944312048777,0.101468795417613,85.90778,,,,,61
AUT,Austria,2007,0.0586899562102081,0.0,0.0319127148875307,0.09060267109773881,84.21046,,,,,62
AUT,Austria,2008,0.0884445033789297,0.0,0.0429913930065737,0.1314358963855034,83.77862,,,,,63
AUT,Austria,2009,0.0534302351399535,0.0,0.0355173563880205,0.08894759152797399,81.68545,,,,,64
AUT,Austria,2010,0.0599149361185314,0.0,0.0339847636937159,0.0938996998122473,82.989105,,,,,65
AUT,Austria,2011,0.073845969443668,0.0,0.0467239804320505,0.12056994987571851,83.29906,,,,,66
AUT,Austria,2012,0.0843342386593595,0.0,0.055437461757175,0.1397717004165345,80.087715,,,,,67
AUT,Austria,2013,0.0749501568832041,0.0,0.0416512097457698,0.1166013666289739,80.27937,,,,,68
AUT,Austria,2014,0.0769140310885635,0.0,0.0263618098266118,0.1032758409151753,79.56023,,,,,69
AUT,Austria,2015,0.0340776955534437,0.0,0.0216007474240721,0.0556784429775158,80.67245,,,,,70
AUT,Austria,2016,0.0232518762283344,0.0,0.011656370171843,0.0349082464001774,80.01362,,,,,71
AUT,Austria,2017,0.0301638333518207,0.0,0.0164285466528456,0.0465923800046663,80.467255,,,,,72
AUT,Austria,2018,0.0426588456107289,0.0,0.0198917686011633,0.0625506142118922,80.417854,,,,,73
AUT,Austria,2019,0.0368255085399603,0.0,0.0126697674134977,0.049495275953458,79.94081,,,,,74
AUT,Austria,2020,0.0172756920777442,0.0,0.0052691862993391,0.0225448783770833,78.02359,,,,,75
AUT,Austria,2021,0.0378037868173202,0.0,0.0240584970736946,0.061862283891014794,79.586296,,,,,76
AUT,Austria,2022,,,,,78.986595,,,,,77
AUT,Austria,2023,,,,,75.58204,,,,,78
AUT,Austria,2024,,,,,73.411736,,,,,79
AUT,Austria,2025,,,,,75.32314,,,,,80
AZE,Azerbaijan,1960,,,,,,,,,,15
AZE,Azerbaijan,1961,,,,,,,,,,16
AZE,Azerbaijan,1962,,,,,,,,,,17
AZE,Azerbaijan,1963,,,,,,,,,,18
AZE,Azerbaijan,1964,,,,,,,,,,19
AZE,Azerbaijan,1965,,,,,,,,,,20
AZE,Azerbaijan,1966,,,,,,,,,,21
AZE,Azerbaijan,1967,,,,,,,,,,22
AZE,Azerbaijan,1968,,,,,,,,,,23
AZE,Azerbaijan,1969,,,,,,,,,,24
AZE,Azerbaijan,1970,,,,,,,,,,25
AZE,Azerbaijan,1971,,,,,,,,,,26
AZE,Azerbaijan,1972,,,,,,,,,,27
AZE,Azerbaijan,1973,,,,,,,,,,28
AZE,Azerbaijan,1974,,,,,,,,,,29
AZE,Azerbaijan,1975,,,,,,,,,,30
AZE,Azerbaijan,1976,,,,,,,,,,31
AZE,Azerbaijan,1977,,,,,,,,,,32
AZE,Azerbaijan,1978,,,,,,,,,,33
AZE,Azerbaijan,1979,,,,,,,,,,34
AZE,Azerbaijan,1980,,,,,,,,,,35
AZE,Azerbaijan,1981,,,,,,,,,,36
AZE,Azerbaijan,1982,,,,,,,,,,37
AZE,Azerbaijan,1983,,,,,,,,,,38
AZE,Azerbaijan,1984,,,,,,,,,,39
AZE,Azerbaijan,1985,,,,,99.43517,,153.8649,137.39355,291.25845000000004,40
AZE,Azerbaijan,1986,,,,,99.679886,,151.7715,132.804,284.57550000000003,41
AZE,Azerbaijan,1987,,,,,99.66961,,161.7733,122.0625,283.8358,42
AZE,Azerbaijan,1988,,,,,99.71364,,159.7962,116.2035,275.9997,43
AZE,Azerbaijan,1989,,,,,99.71922,,153.0508,108.3915,261.4423,44
AZE,Azerbaijan,1990,15.5492022502738,0.0,2.1786106851534,17.7278129354272,99.35563,,145.375,96.6735,242.0485,45
AZE,Azerbaijan,1991,7.34652576867916,0.0,1.33681556118759,8.68334132986675,99.287476,,136.92813,83.979004,220.907134,46
AZE,Azerbaijan,1992,,,,,99.17179,,130.206,77.1435,207.34949999999998,47
AZE,Azerbaijan,1993,35.4573315880059,0.0,5.24454400952398,40.70187559752988,98.661385,,119.22262,66.402,185.62462,48
AZE,Azerbaijan,1994,38.3122460381466,0.0,6.28450643062198,44.59675246876858,98.90605,,111.21537,62.496,173.71137,49
AZE,Azerbaijan,1995,20.087202730857,0.0,5.91670157388794,26.003904304744943,99.01271,,106.550575,64.449,170.999575,50
AZE,Azerbaijan,1996,21.6088403332231,0.0,4.43012286164639,26.03896319486949,98.80605,,105.837654,57.388905,163.226559,51
AZE,Azerbaijan,1997,15.0224092579053,0.0,3.41074027833419,18.43314953623949,98.60591,,104.98402,54.654705,159.638725,52
AZE,Azerbaijan,1998,4.8840188982702,0.0,0.372016698669466,5.2560355969396655,98.41158,,133.15187,51.002594,184.15446400000002,53
AZE,Azerbaijan,1999,17.0099980276687,0.0,0.378262974832,17.388261002500702,98.77965,,161.08713,54.654705,215.741835,54
AZE,Azerbaijan,2000,32.9457476254157,0.0,2.11438079766029,35.06012842307599,98.81135,,163.62247,51.529903,215.15237299999998,55
AZE,Azerbaijan,2001,23.7019953992356,0.0,4.20455862951384,27.90655402874944,98.95675,,174.20576,50.514343,224.720103,56
AZE,Azerbaijan,2002,23.2537194764338,0.0,2.61682450573272,25.87054398216652,98.340614,,178.33441,46.85247,225.18687999999997,57
AZE,Azerbaijan,2003,23.6510138139512,0.0,2.43611048644021,26.08712430039141,98.11941,,178.84615,46.705997,225.552147,58
AZE,Azerbaijan,2004,26.8343888172544,0.0,1.90809402810988,28.74248284536428,98.14744,,179.78816,45.5049,225.29306,59
AZE,Azerbaijan,2005,37.4466296016638,0.0,1.14263840609091,38.58926800775471,98.13347,,258.35114,55.973957,314.32509699999997,60
AZE,Azerbaijan,2006,39.5813073807196,0.0,1.8870925892626,41.4683999699822,98.42077,,375.2722,66.0446,441.3168,61
AZE,Azerbaijan,2007,36.8683513686981,0.0,2.27027277147196,39.13862414017006,98.38911,,496.10675,105.77545,601.8822,62
AZE,Azerbaijan,2008,39.5007730331452,0.0,3.53468638543854,43.03545941858374,98.4829,,518.3956,159.52592,677.92152,63
AZE,Azerbaijan,2009,26.6788300895754,0.0,2.94720896244255,29.626039052017948,98.16665,,587.0347,159.39116,746.4258600000001,64
AZE,Azerbaijan,2010,25.5154476387508,0.0,2.27375001160716,27.78919765035796,97.18212,,591.9461,162.80891,754.75501,65
AZE,Azerbaijan,2011,29.7979549979878,0.0,2.96365565662679,32.76161065461459,98.102715,,531.3305,159.76907,691.0995700000001,66
AZE,Azerbaijan,2012,25.8177819240506,0.0,3.10607700286362,28.92385892691422,98.76054,,505.04205,168.36911,673.41116,67
AZE,Azerbaijan,2013,22.5837832214089,0.0,2.88092982846284,25.46471304987174,98.88297,,505.99106,174.74565,680.73671,68
AZE,Azerbaijan,2014,20.2463063109853,0.0,2.21091796655308,22.45722427753838,98.988014,,490.1894,183.84077,674.03017,69
AZE,Azerbaijan,2015,12.069575141696,0.0,2.28675308989615,14.35632823159215,98.8628,,484.68375,187.84053,672.52428,70
AZE,Azerbaijan,2016,12.7825654497772,0.0,1.87620937481827,14.65877482459547,98.63197,,477.72086,182.7754,660.49626,71
AZE,Azerbaijan,2017,17.1235678602694,0.0,2.22236696678728,19.34593482705668,98.74118,,450.31827,177.58627,627.90454,72
AZE,Azerbaijan,2018,24.1724100094907,0.0,3.27586233997117,27.44827234946187,98.765785,,451.1161,187.58467,638.70077,73
AZE,Azerbaijan,2019,20.4577104992688,0.0,2.78333521411986,23.241045713388658,98.90139,,436.85303,239.38214,676.2351699999999,74
AZE,Azerbaijan,2020,11.1476827315754,0.0,1.59281919627418,12.74050192784958,99.17102,,402.75156,258.64847,661.40003,75
AZE,Azerbaijan,2021,20.983375083624,0.0,8.58674677408325,29.57012185770725,99.12073,,402.6969,318.08316,720.78006,76
AZE,Azerbaijan,2022,,,,,99.01146,,380.20096,341.34042,721.54138,77
AZE,Azerbaijan,2023,,,,,98.95635,,351.90518,355.5866,707.49178,78
AZE,Azerbaijan,2024,,,,,98.08938,,339.2471,377.59888,716.84598,79
AZE,Azerbaijan,2025,,,,,98.00593,,323.18143,378.41913,701.60056,80
BDI,Burundi,1960,,,,,,,,,,15
BDI,Burundi,1961,,,,,,,,,,16
BDI,Burundi,1962,,,,,,,,,,17
BDI,Burundi,1963,,,,,,,,,,18
BDI,Burundi,1964,,,,,,,,,,19
BDI,Burundi,1965,,,,,,,,,,20
BDI,Burundi,1966,,,,,,,,,,21
BDI,Burundi,1967,,,,,,,,,,22
BDI,Burundi,1968,,,,,,,,,,23
BDI,Burundi,1969,,,,,,,,,,24
BDI,Burundi,1970,,,,,,,,,,25
BDI,Burundi,1971,,,,,,,,,,26
BDI,Burundi,1972,,,,,,,,,,27
BDI,Burundi,1973,,,,,,,,,,28
BDI,Burundi,1974,,,,,,,,,,29
BDI,Burundi,1975,,,,,,,,,,30
BDI,Burundi,1976,,,,,,,,,,31
BDI,Burundi,1977,,,,,,,,,,32
BDI,Burundi,1978,,,,,,,,,,33
BDI,Burundi,1979,,,,,,,,,,34
BDI,Burundi,1980,0.0,0.0,0.0,0.0,,,,,,35
BDI,Burundi,1981,0.0,0.0,0.0,0.0,,,,,,36
BDI,Burundi,1982,0.0,0.0,0.0,0.0,,,,,,37
BDI,Burundi,1983,0.0,0.0,0.0,0.0,,,,,,38
BDI,Burundi,1984,0.0,0.0,0.0,0.0,,,,,,39
BDI,Burundi,1985,0.0,0.0,0.0,0.0,,,,,,40
BDI,Burundi,1986,0.0,0.0,0.0,0.0,,,,,,41
BDI,Burundi,1987,0.0,0.0,0.0,0.0,,,,,,42
BDI,Burundi,1988,0.0,0.0,0.0,0.0,,,,,,43
BDI,Burundi,1989,0.0,0.0,0.0,0.0,,,,,,44
BDI,Burundi,1990,0.0,0.0,0.0,0.0,,,,,,45
BDI,Burundi,1991,0.0,0.0,0.0,0.0,,,,,,46
BDI,Burundi,1992,0.0,0.0,0.0,0.0,,,,,,47
BDI,Burundi,1993,0.0,0.0,0.0,0.0,,,,,,48
BDI,Burundi,1994,0.0,0.0,0.0,0.0,,,,,,49
BDI,Burundi,1995,0.0,0.0,0.0,0.0,,,,,,50
BDI,Burundi,1996,0.0,0.0,0.0,0.0,,,,,,51
BDI,Burundi,1997,0.0,0.0,0.0,0.0,,,,,,52
BDI,Burundi,1998,0.0,0.0,0.0,0.0,,,,,,53
BDI,Burundi,1999,0.0,0.0,0.0,0.0,,,,,,54
BDI,Burundi,2000,0.0,0.0,0.0,0.0,,,,,,55
BDI,Burundi,2001,0.0,0.0,0.0,0.0,,,,,,56
BDI,Burundi,2002,0.0,0.0,0.0,0.0,,,,,,57
BDI,Burundi,2003,0.0,0.0,0.0,0.0,,,,,,58
BDI,Burundi,2004,0.0,0.0,0.0,0.0,,,,,,59
BDI,Burundi,2005,0.0,0.0,0.0,0.0,,,,,,60
BDI,Burundi,2006,0.0,0.0,0.0,0.0,,,,,,61
BDI,Burundi,2007,0.0,0.0,0.0,0.0,,,,,,62
BDI,Burundi,2008,0.0,0.0,0.0,0.0,,,,,,63
BDI,Burundi,2009,0.0,0.0,0.0,0.0,,,,,,64
BDI,Burundi,2010,0.0,0.0,0.0,0.0,,,,,,65
BDI,Burundi,2011,0.0,0.0,0.0,0.0,,,,,,66
BDI,Burundi,2012,0.0,0.0,0.0,0.0,,,,,,67
BDI,Burundi,2013,0.0,0.0,0.0,0.0,,,,,,68
BDI,Burundi,2014,0.0,0.0,0.0,0.0,,,,,,69
BDI,Burundi,2015,0.0,0.0,0.0,0.0,,,,,,70
BDI,Burundi,2016,0.0,0.0,0.0,0.0,,,,,,71
BDI,Burundi,2017,0.0,0.0,0.0,0.0,,,,,,72
BDI,Burundi,2018,0.0,0.0,0.0,0.0,,,,,,73
BDI,Burundi,2019,0.0,0.0,0.0,0.0,,,,,,74
BDI,Burundi,2020,0.0,0.0,0.0,0.0,,,,,,75
BDI,Burundi,2021,0.0,0.0,0.0,0.0,,,,,,76
BDI,Burundi,2022,,,,,,,,,,77
BDI,Burundi,2023,,,,,,,,,,78
BDI,Burundi,2024,,,,,,,,,,79
BDI,Burundi,2025,,,,,,,,,,80
BEL,Belgium,1960,,,,,,,,,,15
BEL,Belgium,1961,,,,,,,,,,16
BEL,Belgium,1962,,,,,,,,,,17
BEL,Belgium,1963,,,,,,,,,,18
BEL,Belgium,1964,,,,,,,,,,19
BEL,Belgium,1965,,,,,99.934044,,,,,20
BEL,Belgium,1966,,,,,99.92016,,,,,21
BEL,Belgium,1967,,,,,99.87467,,,,,22
BEL,Belgium,1968,,,,,99.90777,,,,,23
BEL,Belgium,1969,,,,,99.941864,,,,,24
BEL,Belgium,1970,,0.103914070238202,0.000451576881249,0.104365647119451,99.92233,,,,,25
BEL,Belgium,1971,0.0,0.109287889565036,0.0004765774170336,0.1097644669820696,99.97467,,,,,26
BEL,Belgium,1972,0.0,0.0810819029751491,0.0005518252296159,0.081633728204765,99.96207,,,,,27
BEL,Belgium,1973,0.0,0.0598173005823316,0.0003684190323131,0.0601857196146447,99.86793,,,,,28
BEL,Belgium,1974,0.0,0.0949765360110765,0.0011062969660783,0.0960828329771548,99.81542,,,,,29
BEL,Belgium,1975,0.0,0.199802509915643,0.0011512058921903,0.2009537158078333,95.95494,,,,,30
BEL,Belgium,1976,0.0,0.215707270693015,0.0007382151833226,0.2164454858763376,94.43237,,,,,31
BEL,Belgium,1977,0.0,0.18084217510018,0.0007314441919425,0.18157361929212248,93.27488,,,,,32
BEL,Belgium,1978,0.0,0.128705751372925,0.000663449923841,0.129369201296766,93.24908,,,,,33
BEL,Belgium,1979,0.0,0.101108937936163,0.0009361393037895,0.1020450772399525,93.97059,,,,,34
BEL,Belgium,1980,0.0,0.100434966241103,0.0013585262257019,0.1017934924668049,93.095245,,,,,35
BEL,Belgium,1981,0.0,0.166290387985566,0.0008976315499869,0.1671880195355529,92.549866,,,,,36
BEL,Belgium,1982,0.0,0.215949360169918,0.0004517574215021,0.2164011175914201,90.731766,,,,,37
BEL,Belgium,1983,0.0,0.158606160194101,0.0004923431747389,0.1590985033688399,85.396095,,,,,38
BEL,Belgium,1984,0.0,0.130387348392295,0.0010543333521048,0.1314416817443998,83.94072,,,,,39
BEL,Belgium,1985,0.0,0.118018411734512,0.0010017651767876,0.1190201769112996,80.87101,,,,,40
BEL,Belgium,1986,0.0,0.0558627595896272,0.0004773360682404,0.0563400956578676,78.882614,,,,,41
BEL,Belgium,1987,0.0,0.0205057825046749,0.0002133473770646,0.0207191298817395,78.14664,,,,,42
BEL,Belgium,1988,0.0,0.0037253665362645,0.0001041158837372,0.0038294824200017,77.997314,,,,,43
BEL,Belgium,1989,0.0,0.0002676241680133,8.6427300856737e-05,0.000354051468870037,79.10019,,,,,44
BEL,Belgium,1990,0.0,0.0023240406919522,9.367750107079e-05,0.0024177181930229896,79.06047,,,,,45
BEL,Belgium,1991,0.0,0.0012470566009104,5.51758278534618e-05,0.0013022324287638618,79.67802,,,,,46
BEL,Belgium,1992,0.0,0.0002111529480871,1.51644843039528e-05,0.0002263174323910528,79.34794,,,,,47
BEL,Belgium,1993,0.0,0.0,2.85267405706294e-05,2.85267405706294e-05,79.77036,,,,,48
BEL,Belgium,1994,0.0,0.0,6.13932212724749e-06,6.13932212724749e-06,81.327545,,,,,49
BEL,Belgium,1995,0.0,0.0,2.24846421375341e-06,2.24846421375341e-06,81.20361,,,,,50
BEL,Belgium,1996,0.0,0.0,1.78550722480673e-05,1.78550722480673e-05,81.46146,,,,,51
BEL,Belgium,1997,0.0,0.0,1.60110731010144e-06,1.60110731010144e-06,79.948746,,,,,52
BEL,Belgium,1998,0.0,0.0,0.0,0.0,80.81729,,,,,53
BEL,Belgium,1999,0.0,0.0,5.65681240184915e-07,5.65681240184915e-07,79.494095,,,,,54
BEL,Belgium,2000,0.0,0.0,2.36893974858375e-05,2.36893974858375e-05,80.14501,,,,,55
BEL,Belgium,2001,0.0,0.0,0.0,0.0,80.7255,,,,,56
BEL,Belgium,2002,0.0,0.0,0.0,0.0,80.23058,,,,,57
BEL,Belgium,2003,0.0,0.0,0.0,0.0,80.92166,,,,,58
BEL,Belgium,2004,0.0,0.0,0.0,0.0,80.95004,,,,,59
BEL,Belgium,2005,5.74329868610464e-05,0.0,0.0,5.74329868610464e-05,80.45094,,,,,60
BEL,Belgium,2006,0.0015350435137962,0.0,0.0,0.0015350435137962,80.607735,,,,,61
BEL,Belgium,2007,0.0,0.0,0.0,0.0,79.9712,,,,,62
BEL,Belgium,2008,0.0,0.0,0.0,0.0,81.0032,,,,,63
BEL,Belgium,2009,0.0,0.0,0.0,0.0,78.283844,,,,,64
BEL,Belgium,2010,0.0276859283389536,0.0,0.0,0.0276859283389536,78.75319,,,,,65
BEL,Belgium,2011,0.0465608455427308,0.0,0.0,0.0465608455427308,76.814766,,,,,66
BEL,Belgium,2012,0.0447323666928789,0.0,0.0,0.0447323666928789,78.69917,,,,,67
BEL,Belgium,2013,0.0397728832079876,0.0,0.0,0.0397728832079876,78.06448,,,,,68
BEL,Belgium,2014,0.048118822461714,0.0,0.0,0.048118822461714,80.34529,,,,,69
BEL,Belgium,2015,0.0157279649794816,0.0,0.0,0.0157279649794816,83.519455,,,,,70
BEL,Belgium,2016,0.0115678220486407,0.0,0.0,0.0115678220486407,77.3114,,,,,71
BEL,Belgium,2017,0.0205164347675808,0.0,0.0,0.0205164347675808,77.64974,,,,,72
BEL,Belgium,2018,0.029217776231573,0.0,0.0,0.029217776231573,83.0372,,,,,73
BEL,Belgium,2019,0.0271254076077426,0.0,3.98584889407065e-05,0.027165266096683308,77.24863,,,,,74
BEL,Belgium,2020,0.0147576977551149,0.0,3.13349862684409e-05,0.01478903274138334,77.5761,,,,,75
BEL,Belgium,2021,0.0312735679835233,0.0,0.0001367791843322,0.0314103471678555,73.706474,,,,,76
BEL,Belgium,2022,,,,,74.32273,,,,,77
BEL,Belgium,2023,,,,,77.18791,,,,,78
BEL,Belgium,2024,,,,,78.285255,,,,,79
BEL,Belgium,2025,,,,,80.999146,,,,,80
BEN,Benin,1960,,,,,,,,,,15
BEN,Benin,1961,,,,,,,,,,16
BEN,Benin,1962,,,,,,,,,,17
BEN,Benin,1963,,,,,,,,,,18
BEN,Benin,1964,,,,,,,,,,19
BEN,Benin,1965,,,,,,,,,,20
BEN,Benin,1966,,,,,,,,,,21
BEN,Benin,1967,,,,,,,,,,22
BEN,Benin,1968,,,,,,,,,,23
BEN,Benin,1969,,,,,,,,,,24
BEN,Benin,1970,,,,,,,,,,25
BEN,Benin,1971,0.0,0.0,0.0,0.0,,,,,,26
BEN,Benin,1972,0.0,0.0,0.0,0.0,,,,,,27
BEN,Benin,1973,0.0,0.0,0.0,0.0,,,,,,28
BEN,Benin,1974,0.0,0.0,0.0,0.0,,,,,,29
BEN,Benin,1975,0.0,0.0,0.0,0.0,,,,,,30
BEN,Benin,1976,0.0,0.0,0.0,0.0,,,,,,31
BEN,Benin,1977,0.0,0.0,0.0,0.0,,,,,,32
BEN,Benin,1978,0.0,0.0,0.0,0.0,,,,,,33
BEN,Benin,1979,0.0,0.0,0.0,0.0,,,,,,34
BEN,Benin,1980,0.0,0.0,0.0,0.0,,,,,,35
BEN,Benin,1981,1.48757375956137,0.0,0.0,1.48757375956137,,,,,,36
BEN,Benin,1982,0.504680954031738,0.0,0.0,0.504680954031738,,,,,,37
BEN,Benin,1983,1.54650620426954,0.0,0.0,1.54650620426954,,,,,,38
BEN,Benin,1984,2.61575445484521,0.0,0.0,2.61575445484521,,,,,,39
BEN,Benin,1985,3.00673613438005,0.0,0.0,3.00673613438005,,,,,,40
BEN,Benin,1986,0.848821830801933,0.0,0.0,0.848821830801933,,,,,,41
BEN,Benin,1987,1.48377958534252,0.0,0.0,1.48377958534252,,,,,,42
BEN,Benin,1988,1.0431569279832,0.0,0.0,1.0431569279832,,,,,,43
BEN,Benin,1989,1.58194777477986,0.0,0.0,1.58194777477986,,,,,,44
BEN,Benin,1990,1.5756167070246,0.0,0.0,1.5756167070246,,,,,,45
BEN,Benin,1991,0.817877515983306,0.0,0.0,0.817877515983306,,,,,,46
BEN,Benin,1992,1.41824438128408,0.0,0.0,1.41824438128408,,,,,,47
BEN,Benin,1993,1.00672415635067,0.0,0.0,1.00672415635067,,,,,,48
BEN,Benin,1994,1.17322790855677,0.0,0.0,1.17322790855677,,,,,,49
BEN,Benin,1995,0.54286469566944,0.0,0.0,0.54286469566944,,,,,,50
BEN,Benin,1996,0.395654415709238,0.0,0.0,0.395654415709238,,,,,,51
BEN,Benin,1997,0.303942178232137,0.0,0.0,0.303942178232137,,,,,,52
BEN,Benin,1998,0.101033020834667,0.0,0.0,0.101033020834667,,,,,,53
BEN,Benin,1999,,0.0,0.0,0.0,,,,,,54
BEN,Benin,2000,,0.0,0.0,0.0,,,,,,55
BEN,Benin,2001,,0.0,0.0,0.0,,,,,,56
BEN,Benin,2002,,0.0,0.0,0.0,,,,,,57
BEN,Benin,2003,,0.0,0.0,0.0,,,,,,58
BEN,Benin,2004,0.0,0.0,0.0,0.0,,,,,,59
BEN,Benin,2005,0.0,0.0,0.0,0.0,,,,,,60
BEN,Benin,2006,0.0,0.0,0.0,0.0,,,,,,61
BEN,Benin,2007,0.0,0.0,0.0,0.0,,,,,,62
BEN,Benin,2008,0.0,0.0,0.0,0.0,,,,,,63
BEN,Benin,2009,0.0,0.0,0.0,0.0,,,,,,64
BEN,Benin,2010,0.0,0.0,0.0,0.0,,,,,,65
BEN,Benin,2011,0.0,0.0,0.0,0.0,,,,,,66
BEN,Benin,2012,0.0,0.0,0.0,0.0,,,,,,67
BEN,Benin,2013,0.0,0.0,0.0,0.0,,,,,,68
BEN,Benin,2014,0.0,0.0,0.0,0.0,,,,,,69
BEN,Benin,2015,0.0533746520369224,0.0,0.0,0.0533746520369224,,,,,,70
BEN,Benin,2016,0.0514773561767198,0.0,0.0,0.0514773561767198,,,,,,71
BEN,Benin,2017,0.0874965519938235,0.0,0.0,0.0874965519938235,,,,,,72
BEN,Benin,2018,0.116502415263534,0.0,0.0,0.116502415263534,,,,,,73
BEN,Benin,2019,0.09788725913474,0.0,0.0,0.09788725913474,,,,,,74
BEN,Benin,2020,0.0451182412067022,0.0,0.0,0.0451182412067022,,,,,,75
BEN,Benin,2021,0.0,0.0,0.0,0.0,,,,,,76
BEN,Benin,2022,,,,,,,,,,77
BEN,Benin,2023,,,,,,,,,,78
BEN,Benin,2024,,,,,,,,,,79
BEN,Benin,2025,,,,,,,,,,80
BFA,Burkina Faso,1960,,,,,,,,,,15
BFA,Burkina Faso,1961,,,,,,,,,,16
BFA,Burkina Faso,1962,,,,,,,,,,17
BFA,Burkina Faso,1963,,,,,,,,,,18
BFA,Burkina Faso,1964,,,,,,,,,,19
BFA,Burkina Faso,1965,,,,,,,,,,20
BFA,Burkina Faso,1966,,,,,,,,,,21
BFA,Burkina Faso,1967,,,,,,,,,,22
BFA,Burkina Faso,1968,,,,,,,,,,23
BFA,Burkina Faso,1969,,,,,,,,,,24
BFA,Burkina Faso,1970,,,,,,,,,,25
BFA,Burkina Faso,1971,,,,,,,,,,26
BFA,Burkina Faso,1972,,,,,,,,,,27
BFA,Burkina Faso,1973,,,,,,,,,,28
BFA,Burkina Faso,1974,,,,,,,,,,29
BFA,Burkina Faso,1975,,,,,,,,,,30
BFA,Burkina Faso,1976,,,,,,,,,,31
BFA,Burkina Faso,1977,,,,,,,,,,32
BFA,Burkina Faso,1978,,,,,,,,,,33
BFA,Burkina Faso,1979,,,,,,,,,,34
BFA,Burkina Faso,1980,0.0,0.0,0.0,0.0,,,,,,35
BFA,Burkina Faso,1981,0.0,0.0,0.0,0.0,,,,,,36
BFA,Burkina Faso,1982,0.0,0.0,0.0,0.0,,,,,,37
BFA,Burkina Faso,1983,0.0,0.0,0.0,0.0,,,,,,38
BFA,Burkina Faso,1984,0.0,0.0,0.0,0.0,,,,,,39
BFA,Burkina Faso,1985,0.0,0.0,0.0,0.0,,,,,,40
BFA,Burkina Faso,1986,0.0,0.0,0.0,0.0,,,,,,41
BFA,Burkina Faso,1987,0.0,0.0,0.0,0.0,,,,,,42
BFA,Burkina Faso,1988,0.0,0.0,0.0,0.0,,,,,,43
BFA,Burkina Faso,1989,0.0,0.0,0.0,0.0,,,,,,44
BFA,Burkina Faso,1990,0.0,0.0,0.0,0.0,,,,,,45
BFA,Burkina Faso,1991,0.0,0.0,0.0,0.0,,,,,,46
BFA,Burkina Faso,1992,0.0,0.0,0.0,0.0,,,,,,47
BFA,Burkina Faso,1993,0.0,0.0,0.0,0.0,,,,,,48
BFA,Burkina Faso,1994,0.0,0.0,0.0,0.0,,,,,,49
BFA,Burkina Faso,1995,0.0,0.0,0.0,0.0,,,,,,50
BFA,Burkina Faso,1996,0.0,0.0,0.0,0.0,,,,,,51
BFA,Burkina Faso,1997,0.0,0.0,0.0,0.0,,,,,,52
BFA,Burkina Faso,1998,0.0,0.0,0.0,0.0,,,,,,53
BFA,Burkina Faso,1999,0.0,0.0,0.0,0.0,,,,,,54
BFA,Burkina Faso,2000,0.0,0.0,0.0,0.0,,,,,,55
BFA,Burkina Faso,2001,0.0,0.0,0.0,0.0,,,,,,56
BFA,Burkina Faso,2002,0.0,0.0,0.0,0.0,,,,,,57
BFA,Burkina Faso,2003,0.0,0.0,0.0,0.0,,,,,,58
BFA,Burkina Faso,2004,0.0,0.0,0.0,0.0,,,,,,59
BFA,Burkina Faso,2005,0.0,0.0,0.0,0.0,,,,,,60
BFA,Burkina Faso,2006,0.0,0.0,0.0,0.0,,,,,,61
BFA,Burkina Faso,2007,0.0,0.0,0.0,0.0,,,,,,62
BFA,Burkina Faso,2008,0.0,0.0,0.0,0.0,,,,,,63
BFA,Burkina Faso,2009,0.0,0.0,0.0,0.0,,,,,,64
BFA,Burkina Faso,2010,0.0,0.0,0.0,0.0,,,,,,65
BFA,Burkina Faso,2011,0.0,0.0,0.0,0.0,,,,,,66
BFA,Burkina Faso,2012,0.0,0.0,0.0,0.0,,,,,,67
BFA,Burkina Faso,2013,0.0,0.0,0.0,0.0,,,,,,68
BFA,Burkina Faso,2014,0.0,0.0,0.0,0.0,,,,,,69
BFA,Burkina Faso,2015,0.0,0.0,0.0,0.0,,,,,,70
BFA,Burkina Faso,2016,0.0,0.0,0.0,0.0,,,,,,71
BFA,Burkina Faso,2017,0.0,0.0,0.0,0.0,,,,,,72
BFA,Burkina Faso,2018,0.0,0.0,0.0,0.0,,,,,,73
BFA,Burkina Faso,2019,0.0,0.0,0.0,0.0,,,,,,74
BFA,Burkina Faso,2020,0.0,0.0,0.0,0.0,,,,,,75
BFA,Burkina Faso,2021,0.0,0.0,0.0,0.0,,,,,,76
BFA,Burkina Faso,2022,,,,,,,,,,77
BFA,Burkina Faso,2023,,,,,,,,,,78
BFA,Burkina Faso,2024,,,,,,,,,,79
BFA,Burkina Faso,2025,,,,,,,,,,80
BGD,Bangladesh,1960,,,,,,,,,,15
BGD,Bangladesh,1961,,,,,,,,,,16
BGD,Bangladesh,1962,,,,,,,,,,17
BGD,Bangladesh,1963,,,,,,,,,,18
BGD,Bangladesh,1964,,,,,,,,,,19
BGD,Bangladesh,1965,,,,,,,,,,20
BGD,Bangladesh,1966,,,,,,,,,,21
BGD,Bangladesh,1967,,,,,,,,,,22
BGD,Bangladesh,1968,,,,,,,,,,23
BGD,Bangladesh,1969,,,,,,,,,,24
BGD,Bangladesh,1970,0.0005991136441611,,0.0330339937653794,0.0336331074095405,,,,,,25
BGD,Bangladesh,1971,0.0008540006551556,0.0,0.0440290756408936,0.0448830762960492,98.66048,,,4.456375,4.456375,26
BGD,Bangladesh,1972,0.0010502892826397,0.0,0.0509512418233029,0.0520015311059426,98.8214,,,4.456375,4.456375,27
BGD,Bangladesh,1973,0.001020889389336,0.0,0.0572618178601654,0.058282707249501395,98.24241,,,6.150375,6.150375,28
BGD,Bangladesh,1974,0.0039654514705256,0.0,0.0481544193522859,0.0521198708228115,98.80125,,,6.8145003,6.8145003,29
BGD,Bangladesh,1975,0.0027606559900858,0.0,0.029782484073481,0.0325431400635668,97.87087,,,4.5141253,4.5141253,30
BGD,Bangladesh,1976,0.0057809209814632,0.0,0.0989079103942444,0.1046888313757076,97.935326,,,6.87225,6.87225,31
BGD,Bangladesh,1977,0.0063191527285801,0.0,0.140857200168227,0.1471763528968071,98.22235,,,8.1235,8.1235,32
BGD,Bangladesh,1978,0.0042457463442518,0.0,0.0739726114535406,0.0782183577977924,98.056366,,,8.614375,8.614375,33
BGD,Bangladesh,1979,0.0077501181126773,0.0,0.0577942200054973,0.0655443381181746,97.95086,,,9.865625,9.865625,34
BGD,Bangladesh,1980,0.0062612582903004,0.0,0.0962085709933433,0.1024698292836437,98.26536,,,12.291124,12.291124,35
BGD,Bangladesh,1981,0.0049279452530496,0.0,0.0131906458879545,0.0181185911410041,98.24519,,,13.613856,13.613856,36
BGD,Bangladesh,1982,0.0035568198551439,0.0,0.0,0.0035568198551439,98.679886,,,17.674847,17.674847,37
BGD,Bangladesh,1983,0.0096740097044496,0.0,0.0750950598378671,0.0847690695423167,98.29797,,,19.667187,19.667187,38
BGD,Bangladesh,1984,0.0150348240417558,0.0,0.0291656501806434,0.0442004742223992,97.84825,,,22.700663,22.700663,39
BGD,Bangladesh,1985,0.0149931930609909,0.0,0.0293088680717999,0.0443020611327908,98.42188,,,25.780474,25.780474,40
BGD,Bangladesh,1986,0.0076599041880639,0.0,0.136235574827777,0.1438954790158409,99.12885,,,29.07015,29.07015,41
BGD,Bangladesh,1987,0.0101506500659474,0.0,0.140821318900844,0.1509719689667914,99.092545,,,34.155926,34.155926,42
BGD,Bangladesh,1988,0.0077472979212532,0.0,0.110148061487945,0.1178953594091982,98.93289,,,40.201077,40.201077,43
BGD,Bangladesh,1989,0.0097877229079852,0.0,0.211599025279384,0.2213867481873692,98.64333,,,42.49867,42.49867,44
BGD,Bangladesh,1990,0.0203201461879886,0.0,0.243919159694319,0.2642393058823076,98.774376,,,45.742012,45.742012,45
BGD,Bangladesh,1991,0.0113715162813764,0.0,0.184237103275824,0.19560861955720038,98.79624,,,47.107487,47.107487,46
BGD,Bangladesh,1992,0.0140449207472924,0.0,0.21353257645443,0.2275774972017224,98.954735,,,51.370163,51.370163,47
BGD,Bangladesh,1993,0.0123153025022102,0.0,0.235350651621975,0.24766595412418518,99.27829,,,57.50253,57.50253,48
BGD,Bangladesh,1994,0.0172049134880783,0.0,0.287616429967909,0.30482134345598727,99.04867,,,60.985718,60.985718,49
BGD,Bangladesh,1995,0.0131964705068302,0.0,0.324387065016714,0.3375835355235442,99.650314,,,67.42334,67.42334,50
BGD,Bangladesh,1996,0.0178010302921139,0.0,0.30375467828582,0.32155570857793386,99.33277,,,72.36467,72.36467,51
BGD,Bangladesh,1997,0.0173308738284211,0.0,0.271240317553023,0.2885711913814441,99.382744,,,71.13274,71.13274,52
BGD,Bangladesh,1998,0.0080104572643324,0.0,0.316799450658648,0.3248099079229804,99.301674,,,76.86446,76.86446,53
BGD,Bangladesh,1999,0.0179507388011089,0.0,0.430095811879651,0.44804655068075994,99.33548,,,83.80357,83.80357,54
BGD,Bangladesh,2000,0.0353231482134216,0.0,0.687350827946421,0.7226739761598426,99.34997,,,90.581894,90.581894,55
BGD,Bangladesh,2001,0.0543710423247111,0.0,0.699483029772388,0.7538540720970991,99.28876,,,101.43209,101.43209,56
BGD,Bangladesh,2002,0.0837501114858241,0.0,0.885287428354618,0.9690375398404422,99.38023,,,106.71138,106.71138,57
BGD,Bangladesh,2003,0.0708422538942109,0.0,0.90807195473038,0.978914208624591,99.43032,,,114.7843,114.7843,58
BGD,Bangladesh,2004,0.0886657388470392,0.0,0.981489496063701,1.0701552349107402,99.49816,,,123.40232,123.40232,59
BGD,Bangladesh,2005,0.0854314760057084,0.0069136094183501,1.16332572452017,1.2556708099442284,99.54388,,,132.63358,132.63358,60
BGD,Bangladesh,2006,0.101110752410513,0.0124673577202567,1.28689068571642,1.4004687958471898,99.56358,,,143.63368,143.63368,61
BGD,Bangladesh,2007,0.146631401064833,0.0199079952644518,0.783588562995689,0.9501279593249738,99.55873,,,153.36371,153.36371,62
BGD,Bangladesh,2008,0.207602557921387,0.0636567644064419,0.712400705627762,0.9836600279555909,99.48651,,,163.7642,163.7642,63
BGD,Bangladesh,2009,0.0809215445999961,0.0333654229570058,0.851690938338084,0.9659779058950859,99.78346,,,187.46739,187.46739,64
BGD,Bangladesh,2010,0.110401376114165,0.0375672237551005,0.898444843866627,1.0464134437358925,99.6625,,,192.53728,192.53728,65
BGD,Bangladesh,2011,0.148237511200664,0.0395969861926023,1.05122540837567,1.2390599057689364,99.589905,,,195.82149,195.82149,66
BGD,Bangladesh,2012,0.165239328703379,0.0341521338114773,1.0663245644488,1.2657160269636563,99.65483,,,213.3628,213.3628,67
BGD,Bangladesh,2013,0.136547577119521,0.0260913874063632,0.781316379861342,0.9439553443872262,99.658325,,,219.52786,219.52786,68
BGD,Bangladesh,2014,0.0959581611484122,0.0214685808700036,0.737053259632387,0.8544800016508027,99.703636,,,230.2227,230.2227,69
BGD,Bangladesh,2015,0.0516183234195442,0.0105820886256824,0.628140947294092,0.6903413593393186,99.67125,,,258.54062,258.54062,70
BGD,Bangladesh,2016,0.0314940256004778,0.0132346228332281,0.490629924530705,0.5353585729644109,99.6933,,,264.50946,264.50946,71
BGD,Bangladesh,2017,0.0460395273977644,0.0181189029918176,0.509162512083424,0.573320942473006,99.63634,,,265.92673,265.92673,72
BGD,Bangladesh,2018,0.0613027609024662,0.0155150936968582,0.501783630475608,0.5786014850749325,99.701515,,,265.81772,265.81772,73
BGD,Bangladesh,2019,0.0401609167939213,0.0090706877527205,0.516998313075893,0.5662299176225347,99.7278,,,252.84435,252.84435,74
BGD,Bangladesh,2020,0.0164788319009585,0.007253640488073,0.457007845879687,0.4807403182687185,99.72078,,,237.309,237.309,75
BGD,Bangladesh,2021,0.0315771885826906,0.0132526717304666,0.490054814572216,0.5348846748853732,99.71525,,,236.10979,236.10979,76
BGD,Bangladesh,2022,,,,,99.71295,,,225.12604,225.12604,77
BGD,Bangladesh,2023,,,,,99.68397,,,211.0325,211.0325,78
BGD,Bangladesh,2024,,,,,99.53364,,,197.24965,197.24965,79
BGD,Bangladesh,2025,,,,,99.53809,,,179.95093,179.95093,80
BGR,Bulgaria,1960,,,,,,,,,,15
BGR,Bulgaria,1961,,,,,,,,,,16
BGR,Bulgaria,1962,,,,,,,,,,17
BGR,Bulgaria,1963,,,,,,,,,,18
BGR,Bulgaria,1964,,,,,,,,,,19
BGR,Bulgaria,1965,,,,,98.27603,,,,,20
BGR,Bulgaria,1966,,,,,98.38725,,,,,21
BGR,Bulgaria,1967,,,,,98.6092,,,,,22
BGR,Bulgaria,1968,,,,,99.20613,,,,,23
BGR,Bulgaria,1969,,,,,98.99215,,,,,24
BGR,Bulgaria,1970,,,,,98.951004,,,,,25
BGR,Bulgaria,1971,,,,,98.984795,,,,,26
BGR,Bulgaria,1972,,,,,99.04867,,,,,27
BGR,Bulgaria,1973,,,,,98.873024,,,,,28
BGR,Bulgaria,1974,,,,,97.92828,,,,,29
BGR,Bulgaria,1975,,,,,96.09494,,,,,30
BGR,Bulgaria,1976,,,,,93.45649,,,,,31
BGR,Bulgaria,1977,,,,,92.64371,,,,,32
BGR,Bulgaria,1978,,,,,93.108154,,,,,33
BGR,Bulgaria,1979,,,,,92.958244,,,,,34
BGR,Bulgaria,1980,0.0995954310579948,0.478499990963023,0.0385830025588355,0.6166784245798533,93.21193,,,,,35
BGR,Bulgaria,1981,0.0770048003957087,0.974165372984558,0.0198325139261796,1.0710026873064464,90.40522,54.998016,,,54.998016,36
BGR,Bulgaria,1982,0.0536326670421855,1.18188731794378,0.0055841736384662,1.241104158624432,89.37632,60.48164,,,60.48164,37
BGR,Bulgaria,1983,0.0743297285404802,0.588508462498243,0.0079652303267058,0.6708034213654289,87.93732,60.815742,,,60.815742,38
BGR,Bulgaria,1984,0.101803892526708,0.313229449748101,0.0062042807791066,0.42123762305391566,87.52671,60.702023,,,60.702023,39
BGR,Bulgaria,1985,0.156159134802039,0.427395617644185,0.0025330013189668,0.5860877537651908,87.45557,57.954987,,,57.954987,40
BGR,Bulgaria,1986,0.048995763378736,0.123137543630079,0.0018174149298124,0.17395072193862743,88.60554,65.98148,,,65.98148,41
BGR,Bulgaria,1987,0.0579643762507766,0.0294596711311685,0.0005347801867764,0.08795882756872149,88.29833,68.92223,,,68.92223,42
BGR,Bulgaria,1988,0.0486972160838721,0.0523169345500681,0.0004411444663207,0.1014552951002609,85.47818,63.966427,,,63.966427,43
BGR,Bulgaria,1989,0.0905874606849773,0.0697530956652046,0.0003850686748873,0.1607256250250692,86.575005,64.21583,,,64.21583,44
BGR,Bulgaria,1990,0.105709691779651,0.23038490908711,0.0010876644855582,0.3371822653523192,85.78304,59.206818,,,59.206818,45
BGR,Bulgaria,1991,0.0292033619087007,0.374247644325709,0.0010391972345446,0.4044902034689543,83.8054,54.24859,,,54.24859,46
BGR,Bulgaria,1992,0.029445833366527,0.266539948764714,0.0021603644134775,0.2981461465447185,84.97151,62.57489,,,62.57489,47
BGR,Bulgaria,1993,0.0187795648595516,0.0272036549607669,0.0084368626908524,0.0544200825111709,83.207855,60.6359,,,60.6359,48
BGR,Bulgaria,1994,0.0271668036563252,0.0385525863719554,0.0076182642525534,0.07333765428083398,81.19165,58.66628,,,58.66628,49
BGR,Bulgaria,1995,0.0145595594944047,0.101534051499835,0.0062805747437756,0.1223741857380153,79.95087,61.48518,,,61.48518,50
BGR,Bulgaria,1996,0.0217715233132045,0.0930147997207232,0.0077752469414445,0.12256156997537221,78.615776,62.819492,,,62.819492,51
BGR,Bulgaria,1997,0.0161313187847838,0.0404969355292273,0.0077888161325135,0.0644170704465246,77.85779,58.28521,,,58.28521,52
BGR,Bulgaria,1998,0.0050276720983797,0.0590828158269289,0.000637127538308,0.0647476154636166,77.80207,58.922813,,,58.922813,53
BGR,Bulgaria,1999,0.0163645931817806,0.0110017165265266,0.0006242816593538,0.027990591367661005,76.435844,49.729588,,,49.729588,54
BGR,Bulgaria,2000,0.0741391525631751,0.101417887783121,0.0025277024858644,0.1780847428321605,73.24661,49.948257,,,49.948257,55
BGR,Bulgaria,2001,0.0192284252329358,0.334376008911218,0.0075014122222032,0.36110584636635695,72.99198,52.30418,,,52.30418,56
BGR,Bulgaria,2002,0.0210526231438115,0.0960634979265377,0.004320922707359,0.1214370437777082,70.97535,51.501152,,,51.501152,57
BGR,Bulgaria,2003,0.0161830349966762,0.0827719717576597,0.0029020456359226,0.1018570523902585,75.27926,54.025444,,,54.025444,58
BGR,Bulgaria,2004,0.0286550756706803,0.624654478990527,0.0431724150903471,0.6964819697515543,75.01003,52.780746,,,52.780746,59
BGR,Bulgaria,2005,0.037174267548741,0.326958692145695,0.0463019081658468,0.41043486786028277,73.932365,48.58942,,,48.58942,60
BGR,Bulgaria,2006,0.0372114671373268,0.309202090108577,0.0873541922780936,0.43376774952399744,73.48406,50.09491,,,50.09491,61
BGR,Bulgaria,2007,0.032067929991172,0.435744738295089,0.0440111294416164,0.5118237977278774,79.63587,56.339363,,,56.339363,62
BGR,Bulgaria,2008,0.0385928436056197,1.10494843954048,0.0431769272049978,1.1867182103510976,77.952515,56.53614,,,56.53614,63
BGR,Bulgaria,2009,0.0216533526362494,0.321963838214618,0.0026718472138392,0.34628903806470657,75.11488,53.578606,,,53.578606,64
BGR,Bulgaria,2010,0.0253291596859351,0.676778240205424,0.0111255684572656,0.7132329683486247,74.755455,57.516132,,,57.516132,65
BGR,Bulgaria,2011,0.0367278516384984,0.91873863918182,0.08909304721064,1.0445595380309582,76.06752,72.23262,,,72.23262,66
BGR,Bulgaria,2012,0.0377761581591458,0.372702923222966,0.087087212755187,0.4975662941372988,74.28263,65.2704,,,65.2704,67
BGR,Bulgaria,2013,0.0340056163950494,0.159088406568224,0.0630866311706594,0.2561806541339328,73.287445,55.695232,,,55.695232,68
BGR,Bulgaria,2014,0.0309655080286577,0.139417174798032,0.0300440667016445,0.2004267495283342,72.27094,59.645885,,,59.645885,69
BGR,Bulgaria,2015,0.0148484893305972,0.115667271860324,0.0132341573376468,0.143749918528568,73.47727,68.23731,,,68.23731,70
BGR,Bulgaria,2016,0.0107367793608996,0.106692897175964,0.0067270423179074,0.124156718854771,72.536674,59.52442,,,59.52442,71
BGR,Bulgaria,2017,0.0150539945411986,0.144852465138495,0.0073561244151592,0.1672625840948528,74.10237,66.27609,,,66.27609,72
BGR,Bulgaria,2018,0.0215683047004454,0.135710834308309,0.0045302089152978,0.1618093479240522,70.366684,59.474857,,,59.474857,73
BGR,Bulgaria,2019,0.0184983412131835,0.0885343509010314,0.0034378607208808,0.1104705528350957,69.85063,55.068783,,,55.068783,74
BGR,Bulgaria,2020,0.0096733360627292,0.0586012880990349,0.0024673666719186,0.0707419908336827,67.4212,43.987392,,,43.987392,75
BGR,Bulgaria,2021,0.0193926462885907,0.126365577523338,0.0064970634437663,0.15225528725569498,68.97507,54.900787,,,54.900787,76
BGR,Bulgaria,2022,,,,,70.66901,68.70899,,,68.70899,77
BGR,Bulgaria,2023,,,,,66.30334,40.82317,,,40.82317,78
BGR,Bulgaria,2024,,,,,65.87854,29.93213,,,29.93213,79
BGR,Bulgaria,2025,,,,,66.46689,34.297043,,,34.297043,80
BHR,Bahrain,1960,,,,,,,,,,15
BHR,Bahrain,1961,,,,,,,,,,16
BHR,Bahrain,1962,,,,,,,,,,17
BHR,Bahrain,1963,,,,,,,,,,18
BHR,Bahrain,1964,,,,,,,,,,19
BHR,Bahrain,1965,,,,,,,,,,20
BHR,Bahrain,1966,,,,,,,,,,21
BHR,Bahrain,1967,,,,,,,,,,22
BHR,Bahrain,1968,,,,,,,,,,23
BHR,Bahrain,1969,,,,,,,,,,24
BHR,Bahrain,1970,,,,,,,,6.50117,6.50117,25
BHR,Bahrain,1971,,,,,,,,9.47845,9.47845,26
BHR,Bahrain,1972,,,,,,,,11.82771,11.82771,27
BHR,Bahrain,1973,,,,,,,,16.77046,16.77046,28
BHR,Bahrain,1974,,,,,,,,20.67814,20.67814,29
BHR,Bahrain,1975,,,,,,,,21.75973,21.75973,30
BHR,Bahrain,1976,,,,,,,,22.80643,22.80643,31
BHR,Bahrain,1977,,,,,,,,24.73701,24.73701,32
BHR,Bahrain,1978,,,,,,,,27.17931,27.17931,33
BHR,Bahrain,1979,,,,,,,,30.133331,30.133331,34
BHR,Bahrain,1980,68.1362125392305,0.0,3.20244574943703,71.33865828866753,,,,24.457891,24.457891,35
BHR,Bahrain,1981,58.0699222662964,0.0,2.5971700268215,60.6670922931179,,,,22.6785,22.6785,36
BHR,Bahrain,1982,33.7423368813276,0.0,1.03177737803352,34.77411425936112,,,,35.80877,35.80877,37
BHR,Bahrain,1983,29.0419490949798,0.0,3.20060069567888,32.24254979065868,,,,37.53001,37.53001,38
BHR,Bahrain,1984,31.8871060471681,0.0,2.79657042832255,34.68367647549065,,,,38.66975,38.66975,39
BHR,Bahrain,1985,30.4149282702955,0.0,3.51916892419728,33.93409719449278,,,,47.20617,47.20617,40
BHR,Bahrain,1986,23.3122958880053,0.0,4.90219489317353,28.214490781178828,,,,54.044613,54.044613,41
BHR,Bahrain,1987,30.0343307928011,0.0,3.71007666541045,33.74440745821155,,,,52.50945,52.50945,42
BHR,Bahrain,1988,23.1071212143896,0.0,3.67440010339245,26.78152131778205,,,,55.77748,55.77748,43
BHR,Bahrain,1989,31.1467417262058,0.0,3.59808818906083,34.74482991526663,,,,58.02207,58.02207,44
BHR,Bahrain,1990,37.0437374677071,0.0,3.82904660505208,40.87278407275918,,,,60.76675,60.76675,45
BHR,Bahrain,1991,20.4853120745387,0.0,3.13278472098241,23.61809679552111,,,,57.92903,57.92903,46
BHR,Bahrain,1992,20.7616769769703,0.0,3.41267086409058,24.17434784106088,,,,67.6866,67.6866,47
BHR,Bahrain,1993,17.9580307941121,0.0,3.5252104984237,21.4832412925358,,,,72.50142,72.50142,48
BHR,Bahrain,1994,14.682952911195,0.0,3.55162548584872,18.23457839704372,,,,74.22266,74.22266,49
BHR,Bahrain,1995,15.2459702602519,0.0,3.71221281533309,18.95818307558499,,,,75.45544,75.45544,50
BHR,Bahrain,1996,18.4494024419669,0.0,4.02364254148443,22.47304498345133,,,,77.70003,77.70003,51
BHR,Bahrain,1997,16.418731399958,0.0,4.50420243160282,20.92293383156082,,,,83.42199,83.42199,52
BHR,Bahrain,1998,10.6376958646887,0.0,4.51744251842113,15.15513838310983,,,,87.713455,87.713455,53
BHR,Bahrain,1999,14.7940799756461,0.0,4.13601981051486,18.93009978616096,,,,90.76052,90.76052,54
BHR,Bahrain,2000,18.711078045797,0.0,3.90509019196928,22.616168237766278,,,,91.74908,91.74908,55
BHR,Bahrain,2001,15.0074471454831,0.0,4.59852838532505,19.605975530808152,,,,95.54045,95.54045,56
BHR,Bahrain,2002,14.4906538546743,0.0,3.81848759632743,18.30914145100173,,,,98.99455,98.99455,57
BHR,Bahrain,2003,14.9880274040125,0.0,3.26282991909153,18.25085732310403,,,,100.77396,100.77396,58
BHR,Bahrain,2004,16.6530213443367,0.0,2.89392654797881,19.54694789231551,,,,92.69889,92.69889,59
BHR,Bahrain,2005,20.0931217396654,0.0,3.45660209335522,23.549723833020618,,,,101.74285,101.74285,60
BHR,Bahrain,2006,20.3670614713082,0.0,3.564943452881,23.9320049241892,,,,107.63207,107.63207,61
BHR,Bahrain,2007,18.9906048191926,0.0,3.2849174428085,22.2755222620011,,,,111.98627,111.98627,62
BHR,Bahrain,2008,21.6815768768211,0.0,3.13396671097874,24.81554358779984,,,,120.17578,120.17578,63
BHR,Bahrain,2009,14.4351176966592,0.0,3.64045864499061,18.07557634164981,,,,121.335045,121.335045,64
BHR,Bahrain,2010,17.3156329535965,0.0,3.1458020023521,20.461434955948597,,,,124.28656,124.28656,65
BHR,Bahrain,2011,23.3980559518896,0.0,3.59618035200711,26.99423630389671,,,,126.24079,126.24079,66
BHR,Bahrain,2012,20.0940234657871,0.0,3.48743064000799,23.58145410579509,,,,130.51854,130.51854,67
BHR,Bahrain,2013,20.8660137007827,0.0,3.66701220157543,24.533025902358126,,,,139.5783,139.5783,68
BHR,Bahrain,2014,18.8709266924557,0.0,3.53944248592437,22.41036917838007,,,,146.96526,146.96526,69
BHR,Bahrain,2015,9.82474436918962,0.0,2.8089852552925,12.63372962448212,,,,145.84346,145.84346,70
BHR,Bahrain,2016,7.62960432748572,0.0,2.01829730710093,9.647901634586649,,,,144.41371,144.41371,71
BHR,Bahrain,2017,8.93795259727704,0.0,2.22156526267298,11.15951785995002,,,,144.66324,144.66324,72
BHR,Bahrain,2018,11.3900811220261,0.0,3.36088505657664,14.75096617860274,,,,146.47456,146.47456,73
BHR,Bahrain,2019,9.8481886760226,0.0,3.51507642806904,13.36326510409164,,,,162.65964,162.65964,74
BHR,Bahrain,2020,6.69558923237194,0.0,4.00801892013274,10.70360815250468,,,,163.69667,163.69667,75
BHR,Bahrain,2021,10.9376756365994,0.0,5.70191051100315,16.63958614760255,,,,166.20808,166.20808,76
BHR,Bahrain,2022,,,,,,,,157.687,157.687,77
BHR,Bahrain,2023,,,,,,,,157.57086,157.57086,78
BHR,Bahrain,2024,,,,,,,,165.71913,165.71913,79
BHR,Bahrain,2025,,,,,,,,160.0826,160.0826,80
BHS,"Bahamas, The",1960,,,,,,,,,,15
BHS,"Bahamas, The",1961,,,,,,,,,,16
BHS,"Bahamas, The",1962,,,,,,,,,,17
BHS,"Bahamas, The",1963,,,,,,,,,,18
BHS,"Bahamas, The",1964,,,,,,,,,,19
BHS,"Bahamas, The",1965,,,,,,,,,,20
BHS,"Bahamas, The",1966,,,,,,,,,,21
BHS,"Bahamas, The",1967,,,,,,,,,,22
BHS,"Bahamas, The",1968,,,,,,,,,,23
BHS,"Bahamas, The",1969,,,,,,,,,,24
BHS,"Bahamas, The",1970,,,,,,,,,,25
BHS,"Bahamas, The",1971,,,,,,,,,,26
BHS,"Bahamas, The",1972,,,,,,,,,,27
BHS,"Bahamas, The",1973,,,,,,,,,,28
BHS,"Bahamas, The",1974,,,,,,,,,,29
BHS,"Bahamas, The",1975,,,,,,,,,,30
BHS,"Bahamas, The",1976,,,,,,,,,,31
BHS,"Bahamas, The",1977,,,,,,,,,,32
BHS,"Bahamas, The",1978,,,,,,,,,,33
BHS,"Bahamas, The",1979,,,,,,,,,,34
BHS,"Bahamas, The",1980,0.0,0.0,0.0,0.0,,,,,,35
BHS,"Bahamas, The",1981,0.0,0.0,0.0,0.0,,,,,,36
BHS,"Bahamas, The",1982,0.0,0.0,0.0,0.0,,,,,,37
BHS,"Bahamas, The",1983,0.0,0.0,0.0,0.0,,,,,,38
BHS,"Bahamas, The",1984,0.0,0.0,0.0,0.0,,,,,,39
BHS,"Bahamas, The",1985,0.0,0.0,0.0,0.0,,,,,,40
BHS,"Bahamas, The",1986,0.0,0.0,0.0,0.0,,,,,,41
BHS,"Bahamas, The",1987,0.0,0.0,0.0,0.0,,,,,,42
BHS,"Bahamas, The",1988,0.0,0.0,0.0,0.0,,,,,,43
BHS,"Bahamas, The",1989,0.0,0.0,0.0,0.0,,,,,,44
BHS,"Bahamas, The",1990,0.0,0.0,0.0,0.0,,,,,,45
BHS,"Bahamas, The",1991,0.0,0.0,0.0,0.0,,,,,,46
BHS,"Bahamas, The",1992,0.0,0.0,0.0,0.0,,,,,,47
BHS,"Bahamas, The",1993,0.0,0.0,0.0,0.0,,,,,,48
BHS,"Bahamas, The",1994,0.0,0.0,0.0,0.0,,,,,,49
BHS,"Bahamas, The",1995,0.0,0.0,0.0,0.0,,,,,,50
BHS,"Bahamas, The",1996,0.0,0.0,0.0,0.0,,,,,,51
BHS,"Bahamas, The",1997,0.0,0.0,0.0,0.0,,,,,,52
BHS,"Bahamas, The",1998,0.0,0.0,0.0,0.0,,,,,,53
BHS,"Bahamas, The",1999,0.0,0.0,0.0,0.0,,,,,,54
BHS,"Bahamas, The",2000,0.0,0.0,0.0,0.0,,,,,,55
BHS,"Bahamas, The",2001,0.0,0.0,0.0,0.0,,,,,,56
BHS,"Bahamas, The",2002,0.0,0.0,0.0,0.0,,,,,,57
BHS,"Bahamas, The",2003,0.0,0.0,0.0,0.0,,,,,,58
BHS,"Bahamas, The",2004,0.0,0.0,0.0,0.0,,,,,,59
BHS,"Bahamas, The",2005,0.0,0.0,0.0,0.0,,,,,,60
BHS,"Bahamas, The",2006,0.0,0.0,0.0,0.0,,,,,,61
BHS,"Bahamas, The",2007,0.0,0.0,0.0,0.0,,,,,,62
BHS,"Bahamas, The",2008,0.0,0.0,0.0,0.0,,,,,,63
BHS,"Bahamas, The",2009,0.0,0.0,0.0,0.0,,,,,,64
BHS,"Bahamas, The",2010,0.0,0.0,0.0,0.0,,,,,,65
BHS,"Bahamas, The",2011,0.0,0.0,0.0,0.0,,,,,,66
BHS,"Bahamas, The",2012,0.0,0.0,0.0,0.0,,,,,,67
BHS,"Bahamas, The",2013,0.0,0.0,0.0,0.0,,,,,,68
BHS,"Bahamas, The",2014,0.0,0.0,0.0,0.0,,,,,,69
BHS,"Bahamas, The",2015,0.0,0.0,0.0,0.0,,,,,,70
BHS,"Bahamas, The",2016,0.0,0.0,0.0,0.0,,,,,,71
BHS,"Bahamas, The",2017,0.0,0.0,0.0,0.0,,,,,,72
BHS,"Bahamas, The",2018,0.0,0.0,0.0,0.0,,,,,,73
BHS,"Bahamas, The",2019,0.0,0.0,0.0,0.0,,,,,,74
BHS,"Bahamas, The",2020,0.0,0.0,0.0,0.0,,,,,,75
BHS,"Bahamas, The",2021,0.0,0.0,0.0,0.0,,,,,,76
BHS,"Bahamas, The",2022,,,,,,,,,,77
BHS,"Bahamas, The",2023,,,,,,,,,,78
BHS,"Bahamas, The",2024,,,,,,,,,,79
BHS,"Bahamas, The",2025,,,,,,,,,,80
BIH,Bosnia and Herzegovina,1960,,,,,,,,,,15
BIH,Bosnia and Herzegovina,1961,,,,,,,,,,16
BIH,Bosnia and Herzegovina,1962,,,,,,,,,,17
BIH,Bosnia and Herzegovina,1963,,,,,,,,,,18
BIH,Bosnia and Herzegovina,1964,,,,,,,,,,19
BIH,Bosnia and Herzegovina,1965,,,,,,,,,,20
BIH,Bosnia and Herzegovina,1966,,,,,,,,,,21
BIH,Bosnia and Herzegovina,1967,,,,,,,,,,22
BIH,Bosnia and Herzegovina,1968,,,,,,,,,,23
BIH,Bosnia and Herzegovina,1969,,,,,,,,,,24
BIH,Bosnia and Herzegovina,1970,,,,,,,,,,25
BIH,Bosnia and Herzegovina,1971,,,,,,,,,,26
BIH,Bosnia and Herzegovina,1972,,,,,,,,,,27
BIH,Bosnia and Herzegovina,1973,,,,,,,,,,28
BIH,Bosnia and Herzegovina,1974,,,,,,,,,,29
BIH,Bosnia and Herzegovina,1975,,,,,,,,,,30
BIH,Bosnia and Herzegovina,1976,,,,,,,,,,31
BIH,Bosnia and Herzegovina,1977,,,,,,,,,,32
BIH,Bosnia and Herzegovina,1978,,,,,,,,,,33
BIH,Bosnia and Herzegovina,1979,,,,,,,,,,34
BIH,Bosnia and Herzegovina,1980,,,,,,,,,,35
BIH,Bosnia and Herzegovina,1981,,,,,,,,,,36
BIH,Bosnia and Herzegovina,1982,,,,,,,,,,37
BIH,Bosnia and Herzegovina,1983,,,,,,,,,,38
BIH,Bosnia and Herzegovina,1984,,,,,,,,,,39
BIH,Bosnia and Herzegovina,1985,,,,,,,,,,40
BIH,Bosnia and Herzegovina,1986,,,,,,,,,,41
BIH,Bosnia and Herzegovina,1987,,,,,,,,,,42
BIH,Bosnia and Herzegovina,1988,,,,,,,,,,43
BIH,Bosnia and Herzegovina,1989,,,,,,,,,,44
BIH,Bosnia and Herzegovina,1990,,,,,,,,,,45
BIH,Bosnia and Herzegovina,1991,,,,,,,,,,46
BIH,Bosnia and Herzegovina,1992,,,,,,,,,,47
BIH,Bosnia and Herzegovina,1993,,,,,,,,,,48
BIH,Bosnia and Herzegovina,1994,0.0,0.0174651080042245,0.0,0.0174651080042245,,,,,,49
BIH,Bosnia and Herzegovina,1995,0.0,0.0679731123399078,1.17651005107296,1.244483163412868,,,,,,50
BIH,Bosnia and Herzegovina,1996,0.0,0.0383334772307156,0.0,0.0383334772307156,,,,,,51
BIH,Bosnia and Herzegovina,1997,0.0,0.039185224023228,0.0,0.039185224023228,,,,,,52
BIH,Bosnia and Herzegovina,1998,0.0,0.085860424257097,0.0,0.085860424257097,,,,,,53
BIH,Bosnia and Herzegovina,1999,0.0,0.0147906862857682,0.0,0.0147906862857682,,,,,,54
BIH,Bosnia and Herzegovina,2000,0.0,0.138280003033367,0.0,0.138280003033367,,,,,,55
BIH,Bosnia and Herzegovina,2001,0.0,0.448961430454632,0.0,0.448961430454632,,,,,,56
BIH,Bosnia and Herzegovina,2002,0.0,0.141291322347015,0.0,0.141291322347015,,,,,,57
BIH,Bosnia and Herzegovina,2003,0.0,0.129088331018867,0.0,0.129088331018867,,,,,,58
BIH,Bosnia and Herzegovina,2004,0.0,1.02502375676112,0.0,1.02502375676112,,,,,,59
BIH,Bosnia and Herzegovina,2005,0.0,0.613757035471359,0.0,0.613757035471359,,,,,,60
BIH,Bosnia and Herzegovina,2006,0.0,0.617839638487773,0.0,0.617839638487773,,,,,,61
BIH,Bosnia and Herzegovina,2007,0.0,0.816076787678695,0.0,0.816076787678695,,,,,,62
BIH,Bosnia and Herzegovina,2008,0.0,2.37666975759293,0.0,2.37666975759293,,,,,,63
BIH,Bosnia and Herzegovina,2009,0.0,0.77289496372878,0.0,0.77289496372878,,,,,,64
BIH,Bosnia and Herzegovina,2010,0.0,1.41865020328922,0.0,1.41865020328922,,,,,,65
BIH,Bosnia and Herzegovina,2011,0.0,1.85949087082502,0.0,1.85949087082502,,,,,,66
BIH,Bosnia and Herzegovina,2012,0.0,0.832298329684597,0.0,0.832298329684597,,,,,,67
BIH,Bosnia and Herzegovina,2013,0.0,0.389629817927477,0.0,0.389629817927477,,,,,,68
BIH,Bosnia and Herzegovina,2014,0.0,0.258107281929994,0.0,0.258107281929994,,,,,,69
BIH,Bosnia and Herzegovina,2015,0.0,0.196643861612622,0.0,0.196643861612622,,,,,,70
BIH,Bosnia and Herzegovina,2016,0.0,0.235805940272804,0.0,0.235805940272804,,,,,,71
BIH,Bosnia and Herzegovina,2017,0.0,0.302151206386166,0.0,0.302151206386166,,,,,,72
BIH,Bosnia and Herzegovina,2018,0.0,0.322899368848151,0.0,0.322899368848151,,,,,,73
BIH,Bosnia and Herzegovina,2019,0.0,0.219668427336333,0.0,0.219668427336333,,,,,,74
BIH,Bosnia and Herzegovina,2020,0.0,0.184004951800987,0.0,0.184004951800987,,,,,,75
BIH,Bosnia and Herzegovina,2021,0.0,0.301983937935592,0.0,0.301983937935592,,,,,,76
BIH,Bosnia and Herzegovina,2022,,,,,,,,,,77
BIH,Bosnia and Herzegovina,2023,,,,,,,,,,78
BIH,Bosnia and Herzegovina,2024,,,,,,,,,,79
BIH,Bosnia and Herzegovina,2025,,,,,,,,,,80
BLR,Belarus,1960,,,,,,,,,,15
BLR,Belarus,1961,,,,,,,,,,16
BLR,Belarus,1962,,,,,,,,,,17
BLR,Belarus,1963,,,,,,,,,,18
BLR,Belarus,1964,,,,,,,,,,19
BLR,Belarus,1965,,,,,,,,,,20
BLR,Belarus,1966,,,,,,,,,,21
BLR,Belarus,1967,,,,,,,,,,22
BLR,Belarus,1968,,,,,,,,,,23
BLR,Belarus,1969,,,,,,,,,,24
BLR,Belarus,1970,,,,,,,,,,25
BLR,Belarus,1971,,,,,,,,,,26
BLR,Belarus,1972,,,,,,,,,,27
BLR,Belarus,1973,,,,,,,,,,28
BLR,Belarus,1974,,,,,,,,,,29
BLR,Belarus,1975,,,,,,,,,,30
BLR,Belarus,1976,,,,,,,,,,31
BLR,Belarus,1977,,,,,,,,,,32
BLR,Belarus,1978,,,,,,,,,,33
BLR,Belarus,1979,,,,,,,,,,34
BLR,Belarus,1980,,,,,,,,,,35
BLR,Belarus,1981,,,,,,,,,,36
BLR,Belarus,1982,,,,,,,,,,37
BLR,Belarus,1983,,,,,,,,,,38
BLR,Belarus,1984,,,,,,,,,,39
BLR,Belarus,1985,,,,,99.99511,,,,,40
BLR,Belarus,1986,,,,,99.99571,,,,,41
BLR,Belarus,1987,,,,,99.995766,,,,,42
BLR,Belarus,1988,,,,,99.99583,,,,,43
BLR,Belarus,1989,,,,,99.99569,,,,,44
BLR,Belarus,1990,1.44597190733028,0.0,0.0189812629076474,1.4649531702379273,99.995705,,,,,45
BLR,Belarus,1991,0.683545756548029,0.0,0.0160697710797241,0.699615527627753,99.996124,,,,,46
BLR,Belarus,1992,0.678212480241202,0.0,0.0089481715123669,0.6871606517535689,99.995804,,,,,47
BLR,Belarus,1993,0.683699221725561,0.0,0.0214436893147621,0.7051429110403231,99.99438,,,,,48
BLR,Belarus,1994,0.662921666065701,0.0,0.0229701022780913,0.6858917683437923,99.99326,,,,,49
BLR,Belarus,1995,0.764551766430683,0.0,0.0411715388339053,0.8057233052645884,99.99202,,,,,50
BLR,Belarus,1996,0.962363803239676,0.0,0.0350657440959967,0.9974295473356727,99.993774,,,,,51
BLR,Belarus,1997,0.782137211300665,0.0,0.0390816469926832,0.8212188582933483,99.99191,,,,,52
BLR,Belarus,1998,0.225994396151491,0.0,0.0048461889940963,0.2308405851455873,99.98899,,,,,53
BLR,Belarus,1999,0.852060708251057,0.0,0.0060421985790376,0.8581029068300946,99.992325,,,,,54
BLR,Belarus,2000,1.78844487580508,0.0,0.03933433969695,1.82777921550203,99.98941,,,,,55
BLR,Belarus,2001,1.34865249857526,0.0,0.0861676897416726,1.4348201883169325,99.98789,,,,,56
BLR,Belarus,2002,1.17776447049082,0.0,0.0526260096442433,1.2303904801350631,99.988686,,,,,57
BLR,Belarus,2003,1.13171633278447,0.0,0.0487649039711523,1.1804812367556223,99.989,,,,,58
BLR,Belarus,2004,1.1746798782904,0.0,0.0319836035451253,1.2066634818355253,99.98806,,,,,59
BLR,Belarus,2005,1.28297270844558,0.0,0.0193793483029706,1.3023520567485505,99.98697,,,,,60
BLR,Belarus,2006,1.21065194701197,0.0,0.033388719470755,1.244040666482725,99.98608,,,,,61
BLR,Belarus,2007,1.09295340297526,0.0,0.0249467887705305,1.1179001917457905,99.97339,,,,,62
BLR,Belarus,2008,1.1998245861583,0.0,0.0333050210480071,1.233129607206307,99.92557,,,,,63
BLR,Belarus,2009,0.730286719935005,0.0,0.0285917873832907,0.7588785073182958,99.83563,,,,,64
BLR,Belarus,2010,0.772806204282758,0.0,0.0224285467978157,0.7952347510805737,99.77422,,,,,65
BLR,Belarus,2011,1.17084554095057,0.0,0.0346631203472808,1.2055086612978507,99.782936,,,,,66
BLR,Belarus,2012,1.04464650090861,0.0,0.0327663731609392,1.0774128740695492,99.78312,,,,,67
BLR,Belarus,2013,0.832270804096301,0.0,0.0314435283411334,0.8637143324374345,99.77474,,,,,68
BLR,Belarus,2014,0.734771849347757,0.0,0.0190292191065204,0.7538010684542774,99.77627,,,,,69
BLR,Belarus,2015,0.439126030844868,0.0,0.0205835331969136,0.4597095640417816,99.74877,,,,,70
BLR,Belarus,2016,0.386692377932086,0.0,0.0138373161215679,0.4005296940536539,99.73148,,,,,71
BLR,Belarus,2017,0.509192771843037,0.0,0.0149563221222871,0.5241490939653242,99.59588,,,,,72
BLR,Belarus,2018,0.81482381135107,0.0,0.0224386419719246,0.8372624533229945,99.66853,,,,,73
BLR,Belarus,2019,0.652174604477283,0.0,0.0145331848819673,0.6667077893592503,99.611946,,,,,74
BLR,Belarus,2020,0.36508491305747,0.0,0.0074468739113335,0.37253178696880346,99.09216,,,,,75
BLR,Belarus,2021,0.81410582144289,0.0,0.0393613113787622,0.8534671328216522,93.684326,,,,,76
BLR,Belarus,2022,,,,,94.57921,,,,,77
BLR,Belarus,2023,,,,,87.789604,,,,,78
BLR,Belarus,2024,,,,,84.320786,,,,,79
BLR,Belarus,2025,,,,,82.78912,,,,,80
BLZ,Belize,1960,,,,,,,,,,15
BLZ,Belize,1961,,,,,,,,,,16
BLZ,Belize,1962,,,,,,,,,,17
BLZ,Belize,1963,,,,,,,,,,18
BLZ,Belize,1964,,,,,,,,,,19
BLZ,Belize,1965,,,,,,,,,,20
BLZ,Belize,1966,,,,,,,,,,21
BLZ,Belize,1967,,,,,,,,,,22
BLZ,Belize,1968,,,,,,,,,,23
BLZ,Belize,1969,,,,,,,,,,24
BLZ,Belize,1970,,,,,,,,,,25
BLZ,Belize,1971,,,,,,,,,,26
BLZ,Belize,1972,,,,,,,,,,27
BLZ,Belize,1973,,,,,,,,,,28
BLZ,Belize,1974,,,,,,,,,,29
BLZ,Belize,1975,,,,,,,,,,30
BLZ,Belize,1976,,,,,,,,,,31
BLZ,Belize,1977,,,,,,,,,,32
BLZ,Belize,1978,,,,,,,,,,33
BLZ,Belize,1979,,,,,,,,,,34
BLZ,Belize,1980,0.0,0.0,0.0,0.0,,,,,,35
BLZ,Belize,1981,0.0,0.0,0.0,0.0,,,,,,36
BLZ,Belize,1982,0.0,0.0,0.0,0.0,,,,,,37
BLZ,Belize,1983,0.0,0.0,0.0,0.0,,,,,,38
BLZ,Belize,1984,0.0,0.0,0.0,0.0,,,,,,39
BLZ,Belize,1985,0.0,0.0,0.0,0.0,,,,,,40
BLZ,Belize,1986,0.0,0.0,0.0,0.0,,,,,,41
BLZ,Belize,1987,0.0,0.0,0.0,0.0,,,,,,42
BLZ,Belize,1988,0.0,0.0,0.0,0.0,,,,,,43
BLZ,Belize,1989,0.0,0.0,0.0,0.0,,,,,,44
BLZ,Belize,1990,0.0,0.0,0.0,0.0,,,,,,45
BLZ,Belize,1991,0.0,0.0,0.0,0.0,,,,,,46
BLZ,Belize,1992,0.0,0.0,0.0,0.0,,,,,,47
BLZ,Belize,1993,0.0,0.0,0.0,0.0,,,,,,48
BLZ,Belize,1994,0.0,0.0,0.0,0.0,,,,,,49
BLZ,Belize,1995,0.0,0.0,0.0,0.0,,,,,,50
BLZ,Belize,1996,0.0,0.0,0.0,0.0,,,,,,51
BLZ,Belize,1997,0.0,0.0,0.0,0.0,,,,,,52
BLZ,Belize,1998,0.0,0.0,0.0,0.0,,,,,,53
BLZ,Belize,1999,0.0,0.0,0.0,0.0,,,,,,54
BLZ,Belize,2000,0.0,0.0,0.0,0.0,,,,,,55
BLZ,Belize,2001,0.0,0.0,0.0,0.0,,,,,,56
BLZ,Belize,2002,0.0,0.0,0.0,0.0,,,,,,57
BLZ,Belize,2003,0.0,0.0,0.0,0.0,,,,,,58
BLZ,Belize,2004,0.0,0.0,0.0,0.0,,,,,,59
BLZ,Belize,2005,0.0302356662908637,0.0,0.0,0.0302356662908637,,,,,,60
BLZ,Belize,2006,2.1564696584244,0.0,0.0,2.1564696584244,,,,,,61
BLZ,Belize,2007,2.82529999150958,0.0,0.0,2.82529999150958,,,,,,62
BLZ,Belize,2008,4.54726478814353,0.0,0.0,4.54726478814353,,,,,,63
BLZ,Belize,2009,2.97041788271908,0.0,0.0,2.97041788271908,,,,,,64
BLZ,Belize,2010,3.81365912702217,0.0,0.0124065859554827,3.8260657129776527,,,,,,65
BLZ,Belize,2011,5.39177359139515,0.0,0.0203645268625787,5.412138118257729,,,,,,66
BLZ,Belize,2012,3.61620294980385,0.0,0.0153731327815479,3.631576082585398,,,,,,67
BLZ,Belize,2013,2.37815923726399,0.0,0.0059190944349549,2.384078331698945,,,,,,68
BLZ,Belize,2014,1.66821698471204,0.0,0.0072804603213085,1.6754974450333486,,,,,,69
BLZ,Belize,2015,0.50187422826991,0.0,0.0037060105918705,0.5055802388617805,,,,,,70
BLZ,Belize,2016,0.324173047828252,0.0,0.0015571303958436,0.3257301782240956,,,,,,71
BLZ,Belize,2017,0.383066806127611,0.0,0.0015939212837048,0.3846607274113158,,,,,,72
BLZ,Belize,2018,0.502364606863084,0.0,0.0030619881387516,0.5054265950018356,,,,,,73
BLZ,Belize,2019,0.336504088611723,0.0,0.002471227139634,0.338975315751357,,,,,,74
BLZ,Belize,2020,0.135640326595164,0.0,0.0012200439076301,0.1368603705027941,,,,,,75
BLZ,Belize,2021,0.280281956428533,0.0,0.0016512454161137,0.2819332018446467,,,,,,76
BLZ,Belize,2022,,,,,,,,,,77
BLZ,Belize,2023,,,,,,,,,,78
BLZ,Belize,2024,,,,,,,,,,79
BLZ,Belize,2025,,,,,,,,,,80
BMU,Bermuda,1960,,,,,,,,,,15
BMU,Bermuda,1961,,,,,,,,,,16
BMU,Bermuda,1962,,,,,,,,,,17
BMU,Bermuda,1963,,,,,,,,,,18
BMU,Bermuda,1964,,,,,,,,,,19
BMU,Bermuda,1965,,,,,,,,,,20
BMU,Bermuda,1966,,,,,,,,,,21
BMU,Bermuda,1967,,,,,,,,,,22
BMU,Bermuda,1968,,,,,,,,,,23
BMU,Bermuda,1969,,,,,,,,,,24
BMU,Bermuda,1970,,,,,,,,,,25
BMU,Bermuda,1971,,,,,,,,,,26
BMU,Bermuda,1972,,,,,,,,,,27
BMU,Bermuda,1973,,,,,,,,,,28
BMU,Bermuda,1974,,,,,,,,,,29
BMU,Bermuda,1975,,,,,,,,,,30
BMU,Bermuda,1976,,,,,,,,,,31
BMU,Bermuda,1977,,,,,,,,,,32
BMU,Bermuda,1978,,,,,,,,,,33
BMU,Bermuda,1979,,,,,,,,,,34
BMU,Bermuda,1980,0.0,0.0,0.0,0.0,,,,,,35
BMU,Bermuda,1981,0.0,0.0,0.0,0.0,,,,,,36
BMU,Bermuda,1982,0.0,0.0,0.0,0.0,,,,,,37
BMU,Bermuda,1983,0.0,0.0,0.0,0.0,,,,,,38
BMU,Bermuda,1984,0.0,0.0,0.0,0.0,,,,,,39
BMU,Bermuda,1985,0.0,0.0,0.0,0.0,,,,,,40
BMU,Bermuda,1986,0.0,0.0,0.0,0.0,,,,,,41
BMU,Bermuda,1987,0.0,0.0,0.0,0.0,,,,,,42
BMU,Bermuda,1988,0.0,0.0,0.0,0.0,,,,,,43
BMU,Bermuda,1989,0.0,0.0,0.0,0.0,,,,,,44
BMU,Bermuda,1990,0.0,0.0,0.0,0.0,,,,,,45
BMU,Bermuda,1991,0.0,0.0,0.0,0.0,,,,,,46
BMU,Bermuda,1992,0.0,0.0,0.0,0.0,,,,,,47
BMU,Bermuda,1993,0.0,0.0,0.0,0.0,,,,,,48
BMU,Bermuda,1994,0.0,0.0,0.0,0.0,,,,,,49
BMU,Bermuda,1995,0.0,0.0,0.0,0.0,,,,,,50
BMU,Bermuda,1996,0.0,0.0,0.0,0.0,,,,,,51
BMU,Bermuda,1997,0.0,0.0,0.0,0.0,,,,,,52
BMU,Bermuda,1998,0.0,0.0,0.0,0.0,,,,,,53
BMU,Bermuda,1999,0.0,0.0,0.0,0.0,,,,,,54
BMU,Bermuda,2000,0.0,0.0,0.0,0.0,,,,,,55
BMU,Bermuda,2001,0.0,0.0,0.0,0.0,,,,,,56
BMU,Bermuda,2002,0.0,0.0,0.0,0.0,,,,,,57
BMU,Bermuda,2003,0.0,0.0,0.0,0.0,,,,,,58
BMU,Bermuda,2004,0.0,0.0,0.0,0.0,,,,,,59
BMU,Bermuda,2005,0.0,0.0,0.0,0.0,,,,,,60
BMU,Bermuda,2006,0.0,0.0,0.0,0.0,,,,,,61
BMU,Bermuda,2007,0.0,0.0,0.0,0.0,,,,,,62
BMU,Bermuda,2008,0.0,0.0,0.0,0.0,,,,,,63
BMU,Bermuda,2009,0.0,0.0,0.0,0.0,,,,,,64
BMU,Bermuda,2010,0.0,0.0,0.0,0.0,,,,,,65
BMU,Bermuda,2011,0.0,0.0,0.0,0.0,,,,,,66
BMU,Bermuda,2012,0.0,0.0,0.0,0.0,,,,,,67
BMU,Bermuda,2013,0.0,0.0,0.0,0.0,,,,,,68
BMU,Bermuda,2014,0.0,0.0,0.0,0.0,,,,,,69
BMU,Bermuda,2015,0.0,0.0,0.0,0.0,,,,,,70
BMU,Bermuda,2016,0.0,0.0,0.0,0.0,,,,,,71
BMU,Bermuda,2017,0.0,0.0,0.0,0.0,,,,,,72
BMU,Bermuda,2018,0.0,0.0,0.0,0.0,,,,,,73
BMU,Bermuda,2019,0.0,0.0,0.0,0.0,,,,,,74
BMU,Bermuda,2020,0.0,0.0,0.0,0.0,,,,,,75
BMU,Bermuda,2021,0.0,0.0,0.0,0.0,,,,,,76
BMU,Bermuda,2022,,,,,,,,,,77
BMU,Bermuda,2023,,,,,,,,,,78
BMU,Bermuda,2024,,,,,,,,,,79
BMU,Bermuda,2025,,,,,,,,,,80
BOL,Bolivia,1960,,,,,,,,,,15
BOL,Bolivia,1961,,,,,,,,,,16
BOL,Bolivia,1962,,,,,,,,,,17
BOL,Bolivia,1963,,,,,,,,,,18
BOL,Bolivia,1964,,,,,,,,,,19
BOL,Bolivia,1965,,,,,,,,,,20
BOL,Bolivia,1966,,,,,,,,,,21
BOL,Bolivia,1967,,,,,,,,,,22
BOL,Bolivia,1968,,,,,,,,,,23
BOL,Bolivia,1969,,,,,,,,,,24
BOL,Bolivia,1970,0.414649790617165,,0.0012311267537956,0.4158809173709606,,,,0.41868,0.41868,25
BOL,Bolivia,1971,0.665714020190133,0.0,0.0018547105538726,0.6675687307440057,,,,0.41868,0.41868,26
BOL,Bolivia,1972,0.571149783034975,0.0,0.0457102012203248,0.6168599842552998,,,,11.1648,11.1648,27
BOL,Bolivia,1973,1.0309604428977,0.0,0.0689966230197258,1.0999570659174258,,,,17.2124,17.2124,28
BOL,Bolivia,1974,3.52258007760293,0.0,0.322319828565483,3.844899906168413,,,,18.01487,18.01487,29
BOL,Bolivia,1975,2.99141060687901,0.0,0.520078573219649,3.5114891800986587,,,,17.75901,17.75901,30
BOL,Bolivia,1976,2.87079668141286,0.0,0.462708264111432,3.3335049455242918,,,,18.305618,18.305618,31
BOL,Bolivia,1977,1.70014358966065,0.0,0.0306489103405502,1.7307925000012003,,,,19.31743,19.31743,32
BOL,Bolivia,1978,1.97464196310885,0.0,0.0613971732363734,2.0360391363452237,,,,19.03831,19.03831,33
BOL,Bolivia,1979,4.44938590228508,0.0,0.384692017980359,4.834077920265439,,,,20.8177,20.8177,34
BOL,Bolivia,1980,5.44751163751417,0.0,1.0520260030591,6.49953764057327,,,,25.52785,25.52785,35
BOL,Bolivia,1981,2.84128762572181,0.0,0.48796664760095,3.3292542733227597,,,,27.22583,27.22583,36
BOL,Bolivia,1982,1.9497511710971,0.0,0.112572959783309,2.062324130880409,,,,28.23764,28.23764,37
BOL,Bolivia,1983,2.51904585140964,0.0,0.653856951411134,3.172902802820774,,,,27.10953,27.10953,38
BOL,Bolivia,1984,2.28481799586335,0.0,0.702557158114853,2.9873751539782027,,,,26.07446,26.07446,39
BOL,Bolivia,1985,2.14769704421791,0.0,0.762303434066817,2.910000478284727,,,,25.84186,25.84186,40
BOL,Bolivia,1986,1.13382149372689,0.0,0.896835071018122,2.030656564745012,,,,26.31869,26.31869,41
BOL,Bolivia,1987,1.98031887414419,0.0,0.599810821739996,2.580129695884186,,,,27.528212,27.528212,42
BOL,Bolivia,1988,1.45643295413321,0.0,0.536813425888193,1.9932463800214029,,,,29.098259,29.098259,43
BOL,Bolivia,1989,2.14090278296784,0.0,0.69739802194161,2.83830080490945,,,,30.69157,30.69157,44
BOL,Bolivia,1990,2.75361755081365,0.0,0.862462574435177,3.616080125248827,,,,31.36611,31.36611,45
BOL,Bolivia,1991,1.37366238218404,0.0,0.618763513014861,1.992425895198901,,,,31.18003,31.18003,46
BOL,Bolivia,1992,1.42097317088114,0.0,0.55581800292962,1.97679117381076,,,,28.311234,28.311234,47
BOL,Bolivia,1993,1.3937400044077,0.0,0.635138288006385,2.028878292414085,,,,28.246838,28.246838,48
BOL,Bolivia,1994,1.32063764470926,0.0,0.53602284659459,1.85666049130385,,,,30.458206,30.458206,49
BOL,Bolivia,1995,1.67539093460871,0.0,0.448012489750806,2.123403424359516,,,,30.43367,30.43367,50
BOL,Bolivia,1996,2.08266621438735,0.0,0.405157180948825,2.487823395336175,,,,30.733114,30.733114,51
BOL,Bolivia,1997,1.64557088716868,0.0,0.385551525773547,2.031122412942227,,,,25.90445,25.90445,52
BOL,Bolivia,1998,1.24033297671521,0.0,0.264054370006603,1.504387346721813,,,,27.055004,27.055004,53
BOL,Bolivia,1999,1.83148099301924,0.0,0.320800790853637,2.152281783872877,,,,21.784061,21.784061,54
BOL,Bolivia,2000,3.20071915897547,0.0,0.772562074092428,3.973281233067898,,,,31.224026,31.224026,55
BOL,Bolivia,2001,2.70191454521148,0.0,1.10433905071583,3.80625359592731,,,,45.47095,45.47095,56
BOL,Bolivia,2002,3.20143436722118,0.0,1.10088698094808,4.30232134816926,,,,58.258457,58.258457,57
BOL,Bolivia,2003,3.57840976144804,0.0,1.02122652481984,4.59963628626788,,,,66.95389,66.95389,58
BOL,Bolivia,2004,5.08868092656529,0.0,1.31796776619707,6.40664869276236,,,,94.1988,94.1988,59
BOL,Bolivia,2005,7.33080300030145,0.0,2.83615706373774,10.16696006403919,,,,116.21581,116.21581,60
BOL,Bolivia,2006,6.90511113358437,0.0,3.55806070652127,10.463171840105641,,,,124.45293,124.45293,61
BOL,Bolivia,2007,4.87482833139779,0.0,3.98560882647042,8.86043715786821,,,,133.30193,133.30193,62
BOL,Bolivia,2008,5.13358898631882,0.0,3.64008440973696,8.77367339605578,,,,137.9202,137.9202,63
BOL,Bolivia,2009,1.99901854108232,0.0,3.30564306364059,5.30466160472291,,,,118.81584,118.81584,64
BOL,Bolivia,2010,2.81120414194023,0.0,2.34929579123048,5.16049993317071,,,,137.14502,137.14502,65
BOL,Bolivia,2011,3.57882129837961,0.0,4.72620152059823,8.30502281897784,,,,150.34001,150.34001,66
BOL,Bolivia,2012,3.58582706729094,0.0,5.04123047708524,8.62705754437618,,,,168.59476,168.59476,67
BOL,Bolivia,2013,3.31838837807072,0.0,5.55829339354152,8.87668177161224,,,,195.75163,195.75163,68
BOL,Bolivia,2014,3.03332355757079,0.0,4.77969194953676,7.813015507107551,,,,204.26025,204.26025,69
BOL,Bolivia,2015,1.14024731448316,0.0,2.33856535298855,3.47881266747171,,,,200.93651,200.93651,70
BOL,Bolivia,2016,0.788114698375915,0.0,0.926800497644539,1.714915196020454,,,,188.99504,188.99504,71
BOL,Bolivia,2017,1.02986757658124,0.0,1.0880253133197,2.11789288990094,,,,185.93495,185.93495,72
BOL,Bolivia,2018,1.4498952900262,0.0,2.2533911778168,3.703286467843,,,,173.31442,173.31442,73
BOL,Bolivia,2019,1.0303191682966,0.0,2.06571007254961,3.0960292408462102,,,,150.94989,150.94989,74
BOL,Bolivia,2020,0.497346305966912,0.0,1.20542213557419,1.7027684415411022,,,,146.925,146.925,75
BOL,Bolivia,2021,1.26335187425347,0.0,1.85442902804369,3.11778090229716,,,,151.49698,151.49698,76
BOL,Bolivia,2022,,,,,,,,135.98546,135.98546,77
BOL,Bolivia,2023,,,,,,,,118.073044,118.073044,78
BOL,Bolivia,2024,,,,,,,,101.38649,101.38649,79
BOL,Bolivia,2025,,,,,,,,86.151436,86.151436,80
BRA,Brazil,1960,,,,,,,,,,15
BRA,Brazil,1961,,,,,,,,,,16
BRA,Brazil,1962,,,,,,,,,,17
BRA,Brazil,1963,,,,,,,,,,18
BRA,Brazil,1964,,,,,,,,,,19
BRA,Brazil,1965,,,,,88.60617,,58.675575,,58.675575,20
BRA,Brazil,1966,,,,,88.571,,71.632545,,71.632545,21
BRA,Brazil,1967,,,,,88.43801,,90.1425,,90.1425,22
BRA,Brazil,1968,,,,,89.59823,,99.05112,,99.05112,23
BRA,Brazil,1969,,,,,89.84198,,108.03545,,108.03545,24
BRA,Brazil,1970,0.0580871342065977,,5.72988785659341e-05,0.058144433085163635,88.41519,,102.25953,0.8110125,103.0705425,25
BRA,Brazil,1971,0.0866783727871194,0.0073919993280761,0.0001278660985326,0.09419823821372811,88.46342,,107.041916,1.2874821,108.3293981,26
BRA,Brazil,1972,0.0829818942691442,0.0059453345131592,0.0001545331744168,0.0890817619567202,88.1746,,104.99714,1.7538141,106.7509541,27
BRA,Brazil,1973,0.106009897227546,0.0047088859161811,0.0001215669360475,0.11084035007977461,88.90218,,106.482506,2.0072556,108.4897616,28
BRA,Brazil,1974,0.472519637288271,0.0133093005032934,0.0013219306492929,0.4871508684408573,88.731705,,111.1111,3.8624465,114.9735465,29
BRA,Brazil,1975,0.373603862526055,0.0257281324817585,0.002293093819495,0.40162508882730846,88.179214,,108.2866,4.2071266,112.4937266,30
BRA,Brazil,1976,0.330242444580902,0.0297089056901109,0.002184719232441,0.36213606950345395,87.63353,,105.45652,4.845799,110.302319,31
BRA,Brazil,1977,0.232335459886067,0.0306955655923164,0.0001751527248784,0.2632061782032618,86.35718,,101.61979,6.0319047,107.6516947,32
BRA,Brazil,1978,0.224772563826461,0.0276920747165437,0.000480360072334,0.2529449986153387,85.842705,,101.04517,7.9377837,108.9829537,33
BRA,Brazil,1979,0.550618644310113,0.0256372479959672,0.0032107249590635,0.5794666172651437,84.56649,,104.676834,8.698108,113.374942,34
BRA,Brazil,1980,0.699999011497544,0.0308320522999571,0.0087320722189762,0.7395631360164773,83.01015,,114.915504,10.168068,125.083572,35
BRA,Brazil,1981,0.629316306688949,0.0462258655327928,0.0043974091940186,0.6799395814157605,82.15794,33.744057,134.21123,9.123889,177.079176,36
BRA,Brazil,1982,0.435449134712181,0.0525098297149989,0.0012604326366603,0.4892193970638402,80.91391,37.195045,163.54337,13.037024,213.775439,37
BRA,Brazil,1983,1.07979579101903,0.048249916805463,0.0132378576963637,1.1412835655208566,78.14384,39.683975,207.35083,17.629381,264.66418600000003,38
BRA,Brazil,1984,1.49331145061436,0.0406331226964831,0.0173173264729097,1.5512618997837528,76.40075,44.539185,290.23807,20.518614,355.295869,39
BRA,Brazil,1985,1.79285373159391,0.0475278896636713,0.0227099114399632,1.8630915326975444,75.28818,45.453854,342.74146,25.739506,413.93482,40
BRA,Brazil,1986,0.65804142113814,0.0226060664066618,0.0180827250883556,0.6987302126331575,75.854485,43.101746,360.37137,29.977045,433.450161,41
BRA,Brazil,1987,0.957379779624883,0.0055411028255795,0.0136314009022103,0.9765522833526727,75.87647,39.264877,358.51154,33.484676,431.261093,42
BRA,Brazil,1988,0.643872438571442,0.0095255215951993,0.0110629251504283,0.6644608853170696,75.31594,42.773262,350.34323,33.697563,426.814055,43
BRA,Brazil,1989,0.782840220998812,0.0107631357552744,0.0103246181642644,0.8039279749183509,74.540985,38.603477,374.16556,34.54913,447.318167,44
BRA,Brazil,1990,1.03088670277662,0.0066468832212895,0.0106566895673508,1.0481902755652603,74.18676,19.62071,396.90588,31.455137,447.981727,45
BRA,Brazil,1991,0.635770130186733,0.0068805897483226,0.0102373707253398,0.6528880906603954,74.16736,23.470465,392.28055,32.700607,448.451622,46
BRA,Brazil,1992,0.721680504993654,0.0040455832069694,0.0108604225718194,0.7365865107724427,73.88268,21.972292,398.22037,37.04399,457.236652,47
BRA,Brazil,1993,0.627722800383303,0.000197775450771,0.0140426313835456,0.6419632072176196,74.064575,21.837795,406.4251,43.394627,471.657522,48
BRA,Brazil,1994,0.444187728125844,0.0005794767614297,0.0093027379708349,0.45406994285810864,74.25217,24.35495,421.4718,47.391705,493.21845499999995,49
BRA,Brazil,1995,0.362004918741715,0.0019715942144108,0.0060876771180838,0.37006419007420954,74.18325,23.892641,436.17145,52.304947,512.369038,50
BRA,Brazil,1996,0.471367837068537,0.0012676616984738,0.0062277214979635,0.47886322026497435,74.60557,22.26761,494.66245,57.157547,574.087607,51
BRA,Brazil,1997,0.425301553735655,0.0008753818327511,0.0064874979780479,0.43266443354645395,75.20245,26.055893,530.28345,62.216633,618.555976,52
BRA,Brazil,1998,0.269584542259557,2.05795269019027e-05,0.0053384942350935,0.27494361602155243,75.42316,25.497108,612.65924,65.17325,703.329598,53
BRA,Brazil,1999,0.755293266193,1.38945690023312e-05,0.0131196169136787,0.768426777675681,75.43533,26.124039,691.94525,76.52524,794.594529,54
BRA,Brazil,2000,1.41179870802297,6.98902048105947e-06,0.021960393735733,1.433766090779184,76.15851,31.227255,780.2455,77.09714,888.569895,55
BRA,Brazil,2001,1.27147695936395,0.0032707516928396,0.0258071276939522,1.300554838750742,77.11045,26.808805,816.74133,78.73798,922.288115,56
BRA,Brazil,2002,1.67933238308169,0.0003834839403099,0.0267500574610956,1.7064659244830955,75.85965,29.793072,914.1956,95.12576,1039.114432,57
BRA,Brazil,2003,1.73818665052402,0.0006459160300989,0.0202189007331639,1.7590514672872828,74.81542,27.196241,948.01917,103.34111,1078.556521,58
BRA,Brazil,2004,1.88707133960992,0.0122345324556236,0.0186665999783458,1.9179724720438893,75.01323,31.53805,940.91486,113.657776,1086.110686,59
BRA,Brazil,2005,2.36913016995635,0.0078013213483276,0.0264140866308715,2.403345577935549,74.54736,33.071194,1034.8539,112.41441,1180.3395040000003,60
BRA,Brazil,2006,2.44556560201409,0.0067546521829496,0.0305846758078658,2.4829049300049055,74.109924,33.04171,1093.6329,114.78471,1241.45932,61
BRA,Brazil,2007,2.06708286540223,0.008557828200019,0.0293323805781565,2.1049730741804056,72.96739,34.01415,1109.1145,115.57735,1258.706,62
BRA,Brazil,2008,2.44243714676148,0.0225501741442782,0.0335296474727113,2.4985169683784694,72.59873,37.866035,1152.7557,143.7607,1334.382435,63
BRA,Brazil,2009,1.33048498208149,0.0072294282876967,0.0319571904244483,1.369671600793635,70.242035,35.40279,1232.6158,122.769424,1390.7880140000002,64
BRA,Brazil,2010,1.49436765608812,0.0091357537078027,0.0208700944797705,1.5243735042756932,71.03596,31.785671,1298.3738,150.20552,1480.3649910000001,65
BRA,Brazil,2011,2.04628720532789,0.0104996113695429,0.0453223777417706,2.1021091944392034,71.390465,31.81142,1326.1354,172.26965,1530.2164699999998,66
BRA,Brazil,2012,2.04370817642662,0.009147101698668,0.0585963181642604,2.1114515962895486,72.90951,33.947872,1306.8228,198.32849,1539.099162,67
BRA,Brazil,2013,1.82332429100899,0.0093599740716601,0.0705641668851668,1.903248431965817,73.66513,42.165073,1281.0779,219.49594,1542.738913,68
BRA,Brazil,2014,1.86374490964098,0.0067796689533387,0.0682078611571187,1.9387324397514372,73.78282,41.826893,1424.1478,233.47676,1699.451453,69
BRA,Brazil,2015,1.03926987894612,0.0065946650771471,0.047972921893605,1.0938374659168721,72.34254,33.800484,1537.4033,238.04495,1809.248734,70
BRA,Brazil,2016,0.832280473743435,0.0063941198165457,0.0209459201154779,0.8596205136754586,70.24894,31.147717,1589.9031,241.23578,1862.286597,71
BRA,Brazil,2017,1.12836853918598,0.0054323987950384,0.0274701476531574,1.1612710856341757,70.30212,25.328682,1658.9243,271.8142,1956.067182,72
BRA,Brazil,2018,1.90111531664903,0.0069338635299879,0.0651681042894358,1.9732172844684537,67.67194,27.44856,1635.2148,251.62358,1914.28694,73
BRA,Brazil,2019,1.6761311575078,0.0057737941681049,0.0723668776342963,1.754271829310201,66.57072,25.144266,1758.4464,257.46527,2041.055936,74
BRA,Brazil,2020,1.07872778605369,0.0061369081619832,0.0477663275367818,1.132631021752455,64.92185,27.919014,1853.1815,242.3634,2123.463914,75
BRA,Brazil,2021,2.60445733698427,0.0143152350634996,0.0699944991767358,2.6887670712245053,68.06453,33.79059,1824.885,243.32677,2102.00236,76
BRA,Brazil,2022,,,,,65.383766,30.290945,1898.2006,230.02669,2158.518235,77
BRA,Brazil,2023,,,,,64.10935,30.168175,2134.9583,234.22762,2399.3540949999997,78
BRA,Brazil,2024,,,,,62.594772,29.57457,2112.8518,228.38542,2370.81179,79
BRA,Brazil,2025,,,,,62.31557,32.180573,2367.314,265.6822,2665.176773,80
BRB,Barbados,1960,,,,,,,,,,15
BRB,Barbados,1961,,,,,,,,,,16
BRB,Barbados,1962,,,,,,,,,,17
BRB,Barbados,1963,,,,,,,,,,18
BRB,Barbados,1964,,,,,,,,,,19
BRB,Barbados,1965,,,,,,,,,,20
BRB,Barbados,1966,,,,,,,,,,21
BRB,Barbados,1967,,,,,,,,,,22
BRB,Barbados,1968,,,,,,,,,,23
BRB,Barbados,1969,,,,,,,,,,24
BRB,Barbados,1970,,,,,,,,,,25
BRB,Barbados,1971,,,,,,,,,,26
BRB,Barbados,1972,,,,,,,,,,27
BRB,Barbados,1973,,,,,,,,,,28
BRB,Barbados,1974,0.340186631141167,,0.0021606877423667,0.3423473188835337,,,,,,29
BRB,Barbados,1975,0.32130511572033,,0.0040562089730967,0.3253613246934267,,,,,,30
BRB,Barbados,1976,0.385736298950942,,0.0043350618660234,0.3900713608169654,,,,,,31
BRB,Barbados,1977,0.335836031110512,,0.0003364047649442,0.3361724358754562,,,,,,32
BRB,Barbados,1978,0.379520275189301,,0.0008034452225883,0.3803237204118893,,,,,,33
BRB,Barbados,1979,0.864958555471364,,0.0073095791346316,0.8722681346059956,,,,,,34
BRB,Barbados,1980,0.770105630007003,0.0,0.013777775853813,0.7838834058608161,,,,,,35
BRB,Barbados,1981,0.417196586572948,0.0,0.0044447419906595,0.4216413285636075,,,,,,36
BRB,Barbados,1982,0.284683399410002,0.0,0.0009189626617892,0.2856023620717912,,,,,,37
BRB,Barbados,1983,0.529135521856333,0.0,0.0094329961094828,0.5385685179658157,,,,,,38
BRB,Barbados,1984,0.79182040505135,0.0,0.0114910175378273,0.8033114225891773,,,,,,39
BRB,Barbados,1985,0.768484155595027,0.0,0.0142907374793579,0.782774893074385,,,,,,40
BRB,Barbados,1986,0.245552114702255,0.0,0.01122675529681,0.256778869999065,,,,,,41
BRB,Barbados,1987,0.323893995282382,0.0,0.0065619083994352,0.3304559036818172,,,,,,42
BRB,Barbados,1988,0.195489380890473,0.0,0.0061747196905403,0.20166410058101328,,,,,,43
BRB,Barbados,1989,0.250544900133297,0.0,0.013754466924589,0.264299367057886,,,,,,44
BRB,Barbados,1990,0.400105606628418,0.0,0.0173272684406591,0.4174328750690771,,,,,,45
BRB,Barbados,1991,0.215801509024324,0.0,0.0111427006762364,0.2269442097005604,,,,,,46
BRB,Barbados,1992,0.259967750227605,0.0,0.0100748952925411,0.27004264552014606,,,,,,47
BRB,Barbados,1993,0.220950034231678,0.0,0.0162671757115085,0.2372172099431865,,,,,,48
BRB,Barbados,1994,0.203752656578402,0.0,0.0099558634953519,0.2137085200737539,,,,,,49
BRB,Barbados,1995,0.23589004398015,0.0,0.0098238262502742,0.2457138702304242,,,,,,50
BRB,Barbados,1996,0.215160119006138,0.0,0.0044344885417674,0.21959460754790538,,,,,,51
BRB,Barbados,1997,0.16364458574617,0.0,0.0040472098325286,0.1676917955786986,,,,,,52
BRB,Barbados,1998,0.133788317191513,0.0,0.0036061388917098,0.1373944560832228,,,,,,53
BRB,Barbados,1999,0.260829730780095,0.0,0.0062220350595428,0.2670517658396378,,,,,,54
BRB,Barbados,2000,0.366975715871392,0.0,0.0089609789157505,0.3759366947871425,,,,,,55
BRB,Barbados,2001,0.233968575112161,0.0,0.0073411310414453,0.24130970615360628,,,,,,56
BRB,Barbados,2002,0.233345874765377,0.0,0.0047372425417446,0.2380831173071216,,,,,,57
BRB,Barbados,2003,0.216001790781783,0.0,0.0027536289199278,0.2187554197017108,,,,,,58
BRB,Barbados,2004,0.231208899358295,0.0,0.0030056774563572,0.2342145768146522,,,,,,59
BRB,Barbados,2005,0.344768895111478,0.0,0.0062574371393769,0.3510263322508549,,,,,,60
BRB,Barbados,2006,0.381788552150649,0.0,0.0085715957653946,0.3903601479160436,,,,,,61
BRB,Barbados,2007,0.337029001675535,0.0,0.0098815867335816,0.3469105884091166,,,,,,62
BRB,Barbados,2008,0.381152347371583,0.0,0.0104550387415471,0.39160738611313006,,,,,,63
BRB,Barbados,2009,0.195379735576456,0.0,0.0125651343981811,0.2079448699746371,,,,,,64
BRB,Barbados,2010,0.274995862501036,0.0,0.0082234626726973,0.2832193251737333,,,,,,65
BRB,Barbados,2011,0.44650222837092,0.0,0.0188275988568033,0.4653298272277233,,,,,,66
BRB,Barbados,2012,0.421754818765643,0.0,0.020460383695257,0.4422152024609,,,,,,67
BRB,Barbados,2013,0.345790863079305,0.0,0.023677064362805,0.36946792744211,,,,,,68
BRB,Barbados,2014,0.293287641580527,0.0,0.020579813277069,0.313867454857596,,,,,,69
BRB,Barbados,2015,0.105085270554838,0.0,0.0100989510271568,0.1151842215819948,,,,,,70
BRB,Barbados,2016,0.0786113955245193,0.0,0.0036186350221517,0.08223003054667101,,,,,,71
BRB,Barbados,2017,0.113958458217943,0.0,0.0041047939559615,0.1180632521739045,,,,,,72
BRB,Barbados,2018,0.193101287398602,0.0,0.0073250257189182,0.20042631311752018,,,,,,73
BRB,Barbados,2019,0.211318147181856,0.0,0.0081904995888136,0.21950864677066959,,,,,,74
BRB,Barbados,2020,0.118477272101359,0.0,0.0058625748806262,0.1243398469819852,,,,,,75
BRB,Barbados,2021,0.309362900191603,0.0,0.0072164177451088,0.3165793179367118,,,,,,76
BRB,Barbados,2022,,,,,,,,,,77
BRB,Barbados,2023,,,,,,,,,,78
BRB,Barbados,2024,,,,,,,,,,79
BRB,Barbados,2025,,,,,,,,,,80
BRN,Brunei Darussalam,1960,,,,,,,,,,15
BRN,Brunei Darussalam,1961,,,,,,,,,,16
BRN,Brunei Darussalam,1962,,,,,,,,,,17
BRN,Brunei Darussalam,1963,,,,,,,,,,18
BRN,Brunei Darussalam,1964,,,,,,,,,,19
BRN,Brunei Darussalam,1965,,,,,,,46.112648,,46.112648,20
BRN,Brunei Darussalam,1966,,,,,,,55.365944,,55.365944,21
BRN,Brunei Darussalam,1967,,,,,,,59.99259,,59.99259,22
BRN,Brunei Darussalam,1968,,,,,,,70.595436,,70.595436,23
BRN,Brunei Darussalam,1969,,,,,,,71.55922,,71.55922,24
BRN,Brunei Darussalam,1970,2.74112553444977,,0.0,2.74112553444977,,,78.49919,2.13525,80.63444,25
BRN,Brunei Darussalam,1971,2.68505332797632,0.0,0.1434037109763,2.82845703895262,,,74.450874,2.11575,76.566624,26
BRN,Brunei Darussalam,1972,9.2129250732725,0.0,0.320250804180378,9.533175877452877,,,105.390366,4.343625,109.733991,27
BRN,Brunei Darussalam,1973,23.0550006711005,0.0,1.36882316787776,24.42382383897826,,,132.97913,18.968626,151.947756,28
BRN,Brunei Darussalam,1974,56.6551762756192,0.0,5.79658443141836,62.45176070703756,,,113.27886,41.17425,154.45310999999998,29
BRN,Brunei Darussalam,1975,52.9310118193498,0.0,12.3290116966222,65.260023515972,,,106.60954,53.9955,160.60504,30
BRN,Brunei Darussalam,1976,55.2783051703255,0.0,14.0583683247057,69.3366734950312,,,123.52781,71.214,194.74181,31
BRN,Brunei Darussalam,1977,52.7272115263147,0.0,12.4247642278543,65.151975754169,,,129.12744,81.7245,210.85194,32
BRN,Brunei Darussalam,1978,49.1589692551152,0.0,12.4052642416374,61.56423349675261,,,136.49191,80.10113,216.59303999999997,33
BRN,Brunei Darussalam,1979,,,,,,,148.17535,83.91825,232.0936,34
BRN,Brunei Darussalam,1980,52.7396416550522,0.0,7.04332659085731,59.782968245909515,,,136.24884,84.230255,220.479095,35
BRN,Brunei Darussalam,1981,35.9351425751176,0.0,3.23321037937806,39.16835295449566,,,98.43889,81.548996,179.987886,36
BRN,Brunei Darussalam,1982,23.1195915132058,0.0,1.11560819209278,24.23519970529858,,,100.906044,81.4515,182.357544,37
BRN,Brunei Darussalam,1983,30.3469179395202,0.0,2.60423015587365,32.95114809539385,,,101.63282,84.95175,186.58456999999999,38
BRN,Brunei Darussalam,1984,34.3361652000866,0.0,3.4487090021513,37.784874202237894,,,97.92559,85.96575,183.89134,39
BRN,Brunei Darussalam,1985,30.03550300042,0.0,4.61169886779788,34.64720186821788,,,95.0956,83.80613,178.90173,40
BRN,Brunei Darussalam,1986,22.9691135535257,0.0,10.7056839953344,33.6747975488601,,,93.74967,84.025505,177.775175,41
BRN,Brunei Darussalam,1987,26.7855376176689,0.0,8.01741042873201,34.802948046400914,,,87.97889,83.8305,171.80939,42
BRN,Brunei Darussalam,1988,19.0003232268832,0.0,7.141227784753,26.1415510116362,,,85.20507,87.09675,172.30182000000002,43
BRN,Brunei Darussalam,1989,25.6466724918498,0.0,7.03299180537517,32.67966429722497,,,84.88347,85.3515,170.23497,44
BRN,Brunei Darussalam,1990,30.6838382585785,0.0,8.16323415161987,38.84707241019837,,,86.03725,87.02363,173.06088,45
BRN,Brunei Darussalam,1991,17.8487047904996,0.0,6.59662439137408,24.44532918187368,,,93.08701,88.335,181.42201,46
BRN,Brunei Darussalam,1992,19.1281731093251,0.0,6.78004726057027,25.90822036989537,,,103.771866,95.082,198.85386599999998,47
BRN,Brunei Darussalam,1993,18.7936196786674,0.0,8.63913819511752,27.432757873784922,,,99.33859,100.67363,200.01222,48
BRN,Brunei Darussalam,1994,16.0500449703665,0.0,9.90028801313038,25.950332983496878,,,101.653,101.31225,202.96525000000003,49
BRN,Brunei Darussalam,1995,13.7981248795186,0.0,10.0563395912067,23.8544644707253,,,99.32618,114.66975,213.99593,50
BRN,Brunei Darussalam,1996,16.06642734769,0.0,10.7782742400189,26.844701587708897,,,93.999794,113.67525,207.675044,51
BRN,Brunei Darussalam,1997,14.8382113343604,0.0,10.9795246369,25.8177359712604,,,92.58174,113.763,206.34474,52
BRN,Brunei Darussalam,1998,8.7864524447592,0.0,9.39722485634625,18.18367730110545,,,89.11289,105.01725,194.13013999999998,53
BRN,Brunei Darussalam,1999,14.7734214326029,0.0,9.5111460455739,24.2845674781768,,,103.66081,109.473,213.13380999999998,54
BRN,Brunei Darussalam,2000,23.4896305488652,0.0,11.4211547210859,34.9107852699511,,,110.308174,110.1555,220.463674,55
BRN,Brunei Darussalam,2001,16.742683402114,0.0,11.2438208054038,27.9865042075178,,,115.73349,111.12075,226.85424,56
BRN,Brunei Darussalam,2002,16.1096999175722,0.0,9.41914724852506,25.52884716609726,,,119.65385,111.72525,231.3791,57
BRN,Brunei Darussalam,2003,16.6876107710204,0.0,11.4097226051516,28.097333376172,,,122.04537,120.4515,242.49687,58
BRN,Brunei Darussalam,2004,19.7780085437059,0.0,10.8502219394206,30.6282304831265,,,120.05514,119.26823,239.32337,59
BRN,Brunei Darussalam,2005,25.956729633831,0.0,8.85868980707189,34.815419440902886,,,117.379524,117.09443,234.473954,60
BRN,Brunei Darussalam,2006,30.500356671909,0.0,6.84285673752605,37.34321340943505,,,125.68926,122.561264,248.25052399999998,61
BRN,Brunei Darussalam,2007,27.5236863460397,0.0,5.99662049691355,33.52030684295325,,,110.43321,119.47629,229.9095,62
BRN,Brunei Darussalam,2008,26.3149392802544,0.0,5.58937389908977,31.90431317934417,,,99.55133,118.49997,218.0513,63
BRN,Brunei Darussalam,2009,16.6918809538917,0.0,6.78152360946728,23.473404563358983,,,95.62808,111.286095,206.914175,64
BRN,Brunei Darussalam,2010,20.3808570661645,0.0,6.26653837953077,26.647395445695267,,,97.98434,119.75348,217.73782,65
BRN,Brunei Darussalam,2011,24.1925755555505,0.0,5.36775639944301,29.56033195499351,,,94.01258,124.78791,218.80049,66
BRN,Brunei Darussalam,2012,20.2405416655378,0.0,4.91811419211934,25.15865585765714,,,90.57037,122.512764,213.083134,67
BRN,Brunei Darussalam,2013,16.496289516532,0.0,4.92311523843707,21.41940475496907,,,76.48024,119.01314,195.49338,68
BRN,Brunei Darussalam,2014,14.6726548413146,0.0,7.35949291695194,22.03214775826654,,,71.56504,126.88147,198.44651,69
BRN,Brunei Darussalam,2015,7.67941403200076,0.0,11.1648852580271,18.84429929002786,,,71.83905,132.91452,204.75357000000002,70
BRN,Brunei Darussalam,2016,6.61076862656256,0.0,9.00868081115163,15.61944943771419,,,68.595314,129.42845,198.023764,71
BRN,Brunei Darussalam,2017,8.33582039119995,0.0,8.75820089006841,17.09402128126836,,,63.8205,128.54909,192.36959000000002,72
BRN,Brunei Darussalam,2018,11.046476859895,0.0,11.3983873234199,22.4448641833149,,,62.948265,125.65272,188.600985,73
BRN,Brunei Darussalam,2019,9.00049471310791,0.0,11.7839298120962,20.78442452520411,,,68.62962,129.80136,198.43097999999998,74
BRN,Brunei Darussalam,2020,3.45811781195258,0.0,10.2374489601131,13.69556677206568,,,62.556503,126.4079,188.964403,75
BRN,Brunei Darussalam,2021,10.3734034426076,0.0,13.8577460214654,24.231149464073,,,60.54044,115.34709,175.88753,76
BRN,Brunei Darussalam,2022,,,,,,,52.02172,105.931,157.95272,77
BRN,Brunei Darussalam,2023,,,,,,,50.559364,99.82059,150.379954,78
BRN,Brunei Darussalam,2024,,,,,,,56.392567,103.65616,160.04872699999999,79
BRN,Brunei Darussalam,2025,,,,,,,60.913963,105.020256,165.934219,80
BTN,Bhutan,1960,,,,,,,,,,15
BTN,Bhutan,1961,,,,,,,,,,16
BTN,Bhutan,1962,,,,,,,,,,17
BTN,Bhutan,1963,,,,,,,,,,18
BTN,Bhutan,1964,,,,,,,,,,19
BTN,Bhutan,1965,,,,,,,,,,20
BTN,Bhutan,1966,,,,,,,,,,21
BTN,Bhutan,1967,,,,,,,,,,22
BTN,Bhutan,1968,,,,,,,,,,23
BTN,Bhutan,1969,,,,,,,,,,24
BTN,Bhutan,1970,,,,,,,,,,25
BTN,Bhutan,1971,,,,,,,,,,26
BTN,Bhutan,1972,,,,,,,,,,27
BTN,Bhutan,1973,,,,,,,,,,28
BTN,Bhutan,1974,,,,,,,,,,29
BTN,Bhutan,1975,,,,,,,,,,30
BTN,Bhutan,1976,,,,,,,,,,31
BTN,Bhutan,1977,,,,,,,,,,32
BTN,Bhutan,1978,,,,,,,,,,33
BTN,Bhutan,1979,,,,,,,,,,34
BTN,Bhutan,1980,0.0,0.0006332689585284,0.0,0.0006332689585284,,,,,,35
BTN,Bhutan,1981,0.0,0.0016215333834763,0.0,0.0016215333834763,,,,,,36
BTN,Bhutan,1982,0.0,0.0018464605978421,0.0,0.0018464605978421,,,,,,37
BTN,Bhutan,1983,0.0,0.001981580976179,0.0,0.001981580976179,,,,,,38
BTN,Bhutan,1984,0.0,0.0030461568624062,0.0,0.0030461568624062,,,,,,39
BTN,Bhutan,1985,0.0,0.0042478874318419,0.0,0.0042478874318419,,,,,,40
BTN,Bhutan,1986,0.0,0.0042573652189281,0.0,0.0042573652189281,,,,,,41
BTN,Bhutan,1987,0.0,0.0050196155148594,0.0,0.0050196155148594,,,,,,42
BTN,Bhutan,1988,0.0,0.0065141503873266,0.0,0.0065141503873266,,,,,,43
BTN,Bhutan,1989,0.0,0.0082370800540608,0.0,0.0082370800540608,,,,,,44
BTN,Bhutan,1990,0.0,0.0083993714405701,0.0,0.0083993714405701,,,,,,45
BTN,Bhutan,1991,0.0,0.0097947014866216,0.0,0.0097947014866216,,,,,,46
BTN,Bhutan,1992,0.0,0.242359976282932,0.0,0.242359976282932,,,,,,47
BTN,Bhutan,1993,0.0,0.143846996595482,0.0,0.143846996595482,,,,,,48
BTN,Bhutan,1994,0.0,0.190908080409126,0.0,0.190908080409126,,,,,,49
BTN,Bhutan,1995,0.0,0.288693595467656,0.0,0.288693595467656,,,,,,50
BTN,Bhutan,1996,0.0,0.231359500990389,0.0,0.231359500990389,,,,,,51
BTN,Bhutan,1997,0.0,0.143033955611796,0.0,0.143033955611796,,,,,,52
BTN,Bhutan,1998,0.0,0.104991590319764,0.0,0.104991590319764,,,,,,53
BTN,Bhutan,1999,0.0,0.0735626936548814,0.0,0.0735626936548814,,,,,,54
BTN,Bhutan,2000,0.0,0.0933287461203952,0.0,0.0933287461203952,,,,,,55
BTN,Bhutan,2001,0.0,0.227224671131255,0.0,0.227224671131255,,,,,,56
BTN,Bhutan,2002,0.0,0.147715230880035,0.0,0.147715230880035,,,,,,57
BTN,Bhutan,2003,0.0,0.108200870366884,0.0,0.108200870366884,,,,,,58
BTN,Bhutan,2004,0.0,0.112179865529557,0.0,0.112179865529557,,,,,,59
BTN,Bhutan,2005,0.0,0.224305476447453,0.0,0.224305476447453,,,,,,60
BTN,Bhutan,2006,0.0,0.254239630000497,0.0,0.254239630000497,,,,,,61
BTN,Bhutan,2007,0.0,0.28236515513651,0.0,0.28236515513651,,,,,,62
BTN,Bhutan,2008,0.0,0.669018206498215,0.0,0.669018206498215,,,,,,63
BTN,Bhutan,2009,0.0,0.125747038230811,0.0,0.125747038230811,,,,,,64
BTN,Bhutan,2010,0.0,0.269641600488603,0.0,0.269641600488603,,,,,,65
BTN,Bhutan,2011,0.0,0.299775409988227,0.0,0.299775409988227,,,,,,66
BTN,Bhutan,2012,0.0,0.21832837678294,0.0,0.21832837678294,,,,,,67
BTN,Bhutan,2013,0.0,0.0,0.0,0.0,,,,,,68
BTN,Bhutan,2014,0.0,0.0,0.0,0.0,,,,,,69
BTN,Bhutan,2015,0.0,0.0,0.0,0.0,,,,,,70
BTN,Bhutan,2016,0.0,0.0,0.0,0.0,,,,,,71
BTN,Bhutan,2017,0.0,0.0,0.0,0.0,,,,,,72
BTN,Bhutan,2018,0.0,0.0,0.0,0.0,,,,,,73
BTN,Bhutan,2019,0.0,0.0,0.0,0.0,,,,,,74
BTN,Bhutan,2020,0.0,0.0,0.0,0.0,,,,,,75
BTN,Bhutan,2021,0.0,0.0,0.0,0.0,,,,,,76
BTN,Bhutan,2022,,,,,,,,,,77
BTN,Bhutan,2023,,,,,,,,,,78
BTN,Bhutan,2024,,,,,,,,,,79
BTN,Bhutan,2025,,,,,,,,,,80
BWA,Botswana,1960,,,,,,,,,,15
BWA,Botswana,1961,,,,,,,,,,16
BWA,Botswana,1962,,,,,,,,,,17
BWA,Botswana,1963,,,,,,,,,,18
BWA,Botswana,1964,,,,,,,,,,19
BWA,Botswana,1965,,,,,,,,,,20
BWA,Botswana,1966,,,,,,,,,,21
BWA,Botswana,1967,,,,,,,,,,22
BWA,Botswana,1968,,,,,,,,,,23
BWA,Botswana,1969,,,,,,,,,,24
BWA,Botswana,1970,,,,,,,,,,25
BWA,Botswana,1971,0.0,0.0,0.0,0.0,,,,,,26
BWA,Botswana,1972,0.0,0.0186618352166527,0.0,0.0186618352166527,,,,,,27
BWA,Botswana,1973,0.0,0.0388515230798067,0.0,0.0388515230798067,,,,,,28
BWA,Botswana,1974,0.0,0.0887536217577939,0.0,0.0887536217577939,,,,,,29
BWA,Botswana,1975,0.0,0.319311676387826,0.0,0.319311676387826,,,,,,30
BWA,Botswana,1976,0.0,0.973133937939042,0.0,0.973133937939042,,,,,,31
BWA,Botswana,1977,0.0,1.09994496800007,0.0,1.09994496800007,,,,,,32
BWA,Botswana,1978,0.0,0.852349823897253,0.0,0.852349823897253,,,,,,33
BWA,Botswana,1979,0.0,0.718164477160786,0.0,0.718164477160786,,,,,,34
BWA,Botswana,1980,0.0,0.820163759120309,0.0,0.820163759120309,,,,,,35
BWA,Botswana,1981,0.0,1.23600488060464,0.0,1.23600488060464,,,,,,36
BWA,Botswana,1982,0.0,1.47703894704089,0.0,1.47703894704089,,,,,,37
BWA,Botswana,1983,0.0,0.753961973463714,0.0,0.753961973463714,,,,,,38
BWA,Botswana,1984,0.0,0.566675641782598,0.0,0.566675641782598,,,,,,39
BWA,Botswana,1985,0.0,0.786990979960984,0.0,0.786990979960984,,,,,,40
BWA,Botswana,1986,0.0,0.54613167949472,0.0,0.54613167949472,,,,,,41
BWA,Botswana,1987,0.0,0.278122212469247,0.0,0.278122212469247,,,,,,42
BWA,Botswana,1988,0.0,0.328480809768848,0.0,0.328480809768848,,,,,,43
BWA,Botswana,1989,0.0,0.364175612291258,0.0,0.364175612291258,,,,,,44
BWA,Botswana,1990,0.0,0.376737732667406,0.0,0.376737732667406,,,,,,45
BWA,Botswana,1991,0.0,0.347958133021311,0.0,0.347958133021311,,,,,,46
BWA,Botswana,1992,0.0,0.339113517040975,0.0,0.339113517040975,,,,,,47
BWA,Botswana,1993,0.0,0.240960842415644,0.0,0.240960842415644,,,,,,48
BWA,Botswana,1994,0.0,0.250343875040253,0.0,0.250343875040253,,,,,,49
BWA,Botswana,1995,0.0,0.323435502252839,0.0,0.323435502252839,,,,,,50
BWA,Botswana,1996,0.0,0.23380694105271,0.0,0.23380694105271,,,,,,51
BWA,Botswana,1997,0.0,0.184308507701451,0.0,0.184308507701451,,,,,,52
BWA,Botswana,1998,0.0,0.166770310280778,0.0,0.166770310280778,,,,,,53
BWA,Botswana,1999,0.0,0.101000971358316,0.0,0.101000971358316,,,,,,54
BWA,Botswana,2000,0.0,0.139274596524146,0.0,0.139274596524146,,,,,,55
BWA,Botswana,2001,0.0,0.252153733387292,0.0,0.252153733387292,,,,,,56
BWA,Botswana,2002,0.0,0.170687645060931,0.0,0.170687645060931,,,,,,57
BWA,Botswana,2003,0.0,0.12183171274878,0.0,0.12183171274878,,,,,,58
BWA,Botswana,2004,0.0,0.346717157221236,0.0,0.346717157221236,,,,,,59
BWA,Botswana,2005,0.0,0.26837351869852,0.0,0.26837351869852,,,,,,60
BWA,Botswana,2006,0.0,0.28588666950323,0.0,0.28588666950323,,,,,,61
BWA,Botswana,2007,0.0,0.32800425160969,0.0,0.32800425160969,,,,,,62
BWA,Botswana,2008,0.0,0.764905638314842,0.0,0.764905638314842,,,,,,63
BWA,Botswana,2009,0.0,0.220914121745021,0.0,0.220914121745021,,,,,,64
BWA,Botswana,2010,0.0,0.430760831584099,0.0,0.430760831584099,,,,,,65
BWA,Botswana,2011,0.0,0.368466644271236,0.0,0.368466644271236,,,,,,66
BWA,Botswana,2012,0.0,0.508801284243223,0.0,0.508801284243223,,,,,,67
BWA,Botswana,2013,0.0,0.40661685146208,0.0,0.40661685146208,,,,,,68
BWA,Botswana,2014,0.0,0.312542070209993,0.0,0.312542070209993,,,,,,69
BWA,Botswana,2015,0.0,0.307384412369603,0.0,0.307384412369603,,,,,,70
BWA,Botswana,2016,0.0,0.279219006721672,0.0,0.279219006721672,,,,,,71
BWA,Botswana,2017,0.0,0.41284939046878,0.0,0.41284939046878,,,,,,72
BWA,Botswana,2018,0.0,0.514157744276992,0.0,0.514157744276992,,,,,,73
BWA,Botswana,2019,0.0,0.326579622734528,0.0,0.326579622734528,,,,,,74
BWA,Botswana,2020,0.0,0.276198000728634,0.0,0.276198000728634,,,,,,75
BWA,Botswana,2021,0.0,0.500235146664399,0.0,0.500235146664399,,,,,,76
BWA,Botswana,2022,,,,,,,,,,77
BWA,Botswana,2023,,,,,,,,,,78
BWA,Botswana,2024,,,,,,,,,,79
BWA,Botswana,2025,,,,,,,,,,80
CAF,Central African Republic,1960,,,,,,,,,,15
CAF,Central African Republic,1961,,,,,,,,,,16
CAF,Central African Republic,1962,,,,,,,,,,17
CAF,Central African Republic,1963,,,,,,,,,,18
CAF,Central African Republic,1964,,,,,,,,,,19
CAF,Central African Republic,1965,,,,,,,,,,20
CAF,Central African Republic,1966,,,,,,,,,,21
CAF,Central African Republic,1967,,,,,,,,,,22
CAF,Central African Republic,1968,,,,,,,,,,23
CAF,Central African Republic,1969,,,,,,,,,,24
CAF,Central African Republic,1970,,,,,,,,,,25
CAF,Central African Republic,1971,,,,,,,,,,26
CAF,Central African Republic,1972,,,,,,,,,,27
CAF,Central African Republic,1973,,,,,,,,,,28
CAF,Central African Republic,1974,,,,,,,,,,29
CAF,Central African Republic,1975,,,,,,,,,,30
CAF,Central African Republic,1976,,,,,,,,,,31
CAF,Central African Republic,1977,,,,,,,,,,32
CAF,Central African Republic,1978,,,,,,,,,,33
CAF,Central African Republic,1979,,,,,,,,,,34
CAF,Central African Republic,1980,0.0,0.0,0.0,0.0,,,,,,35
CAF,Central African Republic,1981,0.0,0.0,0.0,0.0,,,,,,36
CAF,Central African Republic,1982,0.0,0.0,0.0,0.0,,,,,,37
CAF,Central African Republic,1983,0.0,0.0,0.0,0.0,,,,,,38
CAF,Central African Republic,1984,0.0,0.0,0.0,0.0,,,,,,39
CAF,Central African Republic,1985,0.0,0.0,0.0,0.0,,,,,,40
CAF,Central African Republic,1986,0.0,0.0,0.0,0.0,,,,,,41
CAF,Central African Republic,1987,0.0,0.0,0.0,0.0,,,,,,42
CAF,Central African Republic,1988,0.0,0.0,0.0,0.0,,,,,,43
CAF,Central African Republic,1989,0.0,0.0,0.0,0.0,,,,,,44
CAF,Central African Republic,1990,0.0,0.0,0.0,0.0,,,,,,45
CAF,Central African Republic,1991,0.0,0.0,0.0,0.0,,,,,,46
CAF,Central African Republic,1992,0.0,0.0,0.0,0.0,,,,,,47
CAF,Central African Republic,1993,0.0,0.0,0.0,0.0,,,,,,48
CAF,Central African Republic,1994,0.0,0.0,0.0,0.0,,,,,,49
CAF,Central African Republic,1995,0.0,0.0,0.0,0.0,,,,,,50
CAF,Central African Republic,1996,0.0,0.0,0.0,0.0,,,,,,51
CAF,Central African Republic,1997,0.0,0.0,0.0,0.0,,,,,,52
CAF,Central African Republic,1998,0.0,0.0,0.0,0.0,,,,,,53
CAF,Central African Republic,1999,0.0,0.0,0.0,0.0,,,,,,54
CAF,Central African Republic,2000,0.0,0.0,0.0,0.0,,,,,,55
CAF,Central African Republic,2001,0.0,0.0,0.0,0.0,,,,,,56
CAF,Central African Republic,2002,0.0,0.0,0.0,0.0,,,,,,57
CAF,Central African Republic,2003,0.0,0.0,0.0,0.0,,,,,,58
CAF,Central African Republic,2004,0.0,0.0,0.0,0.0,,,,,,59
CAF,Central African Republic,2005,0.0,0.0,0.0,0.0,,,,,,60
CAF,Central African Republic,2006,0.0,0.0,0.0,0.0,,,,,,61
CAF,Central African Republic,2007,0.0,0.0,0.0,0.0,,,,,,62
CAF,Central African Republic,2008,0.0,0.0,0.0,0.0,,,,,,63
CAF,Central African Republic,2009,0.0,0.0,0.0,0.0,,,,,,64
CAF,Central African Republic,2010,0.0,0.0,0.0,0.0,,,,,,65
CAF,Central African Republic,2011,0.0,0.0,0.0,0.0,,,,,,66
CAF,Central African Republic,2012,0.0,0.0,0.0,0.0,,,,,,67
CAF,Central African Republic,2013,0.0,0.0,0.0,0.0,,,,,,68
CAF,Central African Republic,2014,0.0,0.0,0.0,0.0,,,,,,69
CAF,Central African Republic,2015,0.0,0.0,0.0,0.0,,,,,,70
CAF,Central African Republic,2016,0.0,0.0,0.0,0.0,,,,,,71
CAF,Central African Republic,2017,0.0,0.0,0.0,0.0,,,,,,72
CAF,Central African Republic,2018,0.0,0.0,0.0,0.0,,,,,,73
CAF,Central African Republic,2019,0.0,0.0,0.0,0.0,,,,,,74
CAF,Central African Republic,2020,0.0,0.0,0.0,0.0,,,,,,75
CAF,Central African Republic,2021,0.0,0.0,0.0,0.0,,,,,,76
CAF,Central African Republic,2022,,,,,,,,,,77
CAF,Central African Republic,2023,,,,,,,,,,78
CAF,Central African Republic,2024,,,,,,,,,,79
CAF,Central African Republic,2025,,,,,,,,,,80
CAN,Canada,1960,,,,,,,,,,15
CAN,Canada,1961,,,,,,,,,,16
CAN,Canada,1962,,,,,,,,,,17
CAN,Canada,1963,,,,,,,,,,18
CAN,Canada,1964,,,,,,,,,,19
CAN,Canada,1965,,,,,89.76859,,510.25665,,510.25665,20
CAN,Canada,1966,,,,,89.24125,,560.70734,,560.70734,21
CAN,Canada,1967,,,,,89.535576,,612.91425,,612.91425,22
CAN,Canada,1968,,,,,89.9232,,664.29785,,664.29785,23
CAN,Canada,1969,,,,,89.50534,,723.5958,,723.5958,24
CAN,Canada,1970,0.426218710916176,0.0433348274114575,0.0,0.4695535383276335,89.656876,,814.8895,540.1628,1355.0522999999998,25
CAN,Canada,1971,0.483633891255014,0.0566591579819479,0.0030485849378955,0.5433416341748574,89.10635,,874.15466,590.55,1464.7046599999999,26
CAN,Canada,1972,0.590960087858191,0.0590341706995272,0.0588189994360263,0.7088132579937445,88.17051,,1008.47394,666.75,1675.2239399999999,27
CAN,Canada,1973,0.686930362294564,0.0650808504544417,0.1426426606558,0.8946538734048056,87.15006,,1166.6589,714.375,1881.0339,28
CAN,Canada,1974,2.38832396012474,0.107996315967817,1.21748336294711,3.713803639039667,86.66637,,1097.7156,699.5541,1797.2696999999998,29
CAN,Canada,1975,2.22091277208219,0.276727362850915,1.10373747588184,3.6013776108149447,87.30636,,948.7265,714.5655,1663.292,30
CAN,Canada,1976,1.95008492096025,0.258039127916198,0.970374757005405,3.178498805881853,86.51175,,875.7928,720.852,1596.6448,31
CAN,Canada,1977,2.09690953813731,0.27850186292136,1.10295864524684,3.47837004630551,85.62725,,878.9293,757.2375,1636.1668,32
CAN,Canada,1978,1.98951388040675,0.287550478769541,1.00869937722993,3.285763736406221,84.352615,,874.4582,730.758,1605.2162,33
CAN,Canada,1979,4.31015132989068,0.262087037870324,2.90184676433781,7.474085132098814,83.77929,,1003.3732,770.5725,1773.9457,34
CAN,Canada,1980,5.01982219226639,0.277263544413415,2.56694931882748,7.864035055507285,83.37303,,968.42413,712.2795,1680.70363,35
CAN,Canada,1981,3.28392374750294,0.376629952319113,1.46667244821244,5.127226148034493,81.98562,269.31723,876.45544,688.2765,1834.0491699999998,36
CAN,Canada,1982,1.97676703684554,0.419235112485125,0.304784526479071,2.700786675809736,82.03028,285.6331,867.18097,722.47125,1875.28532,37
CAN,Canada,1983,2.44822333019716,0.287063903271562,0.98963206288441,3.7249192963531317,79.91391,296.1142,913.65857,679.5135,1889.28627,38
CAN,Canada,1984,2.2666488894717,0.300918623851284,1.12473451428459,3.6923020276075738,79.628365,387.88895,974.7762,744.75977,2107.42492,39
CAN,Canada,1985,2.35728323441837,0.310806449938126,1.01026569663988,3.678355380996376,78.36281,413.09222,996.51917,805.13684,2214.74823,40
CAN,Canada,1986,0.99798271953185,0.219081026212053,0.215695535730593,1.432759281474496,76.76229,383.92166,997.1099,755.1515,2136.18306,41
CAN,Canada,1987,1.43056959785417,0.124808297233776,0.581851693211679,2.137229588299625,76.516556,387.20447,1050.1238,818.5652,2255.89347,42
CAN,Canada,1988,0.882613319611029,0.140037714678585,0.386410049774813,1.409061084064427,77.453995,448.3875,1105.9545,945.2686,2499.6106,43
CAN,Canada,1989,1.1043802752248,0.176471232681141,0.396208226919289,1.67705973482523,78.966515,477.33334,1077.1763,1004.26935,2558.7789900000002,44
CAN,Canada,1990,1.48748684267335,0.179973367798056,0.349427811582374,2.01688802205378,78.4205,464.7503,1078.7738,1034.4779,2578.002,45
CAN,Canada,1991,1.00432007393102,0.180997900139032,0.289858797634096,1.4751767717041482,76.39018,485.54883,1084.0847,1088.7856,2658.41913,46
CAN,Canada,1992,1.08494897339021,0.138835445422196,0.599039987027641,1.8228244058400471,77.14529,431.53613,1129.9681,1199.6471,2761.1513299999997,47
CAN,Canada,1993,1.00984609631256,0.114565804059871,0.990733550697472,2.115145451069903,75.86028,458.69806,1189.5297,1320.6403,2968.86806,48
CAN,Canada,1994,0.968662410274702,0.0951296547985666,0.849171344883912,1.9129634099571806,74.99995,482.01917,1240.8297,1429.4711,3152.31997,49
CAN,Canada,1995,1.03435296028991,0.164621094674048,0.596623247023328,1.7955973019872862,76.31876,500.22507,1301.4706,1527.4125,3329.10817,50
CAN,Canada,1996,1.29674202820292,0.171225903313589,1.17352464599299,2.6414925775094993,76.519615,508.94858,1342.7245,1539.1808,3390.85388,51
CAN,Canada,1997,0.806571445967673,0.154495984691372,1.28537701238966,2.2464444430487047,77.97383,527.2064,1403.7892,1597.309,3528.3046,52
CAN,Canada,1998,0.35126817314169,0.116915908557634,0.948852588336806,1.41703667003613,79.52275,498.6286,1454.7723,1656.041,3609.4419,53
CAN,Canada,1999,0.764045566591957,0.0686138022560112,1.19673708351473,2.029396452362698,79.40222,479.27606,1407.1923,1705.402,3591.87036,54
CAN,Canada,2000,1.47117947256471,0.0678379849881592,2.69008812026294,4.229105577815809,79.580246,454.52444,1454.7485,1763.0468,3672.31974,55
CAN,Canada,2001,0.858857509112782,0.111915500607763,2.24768527470397,3.218458284424515,79.83651,462.9014,1467.3573,1794.1923,3724.451,56
CAN,Canada,2002,0.955943439201293,0.0859207575484165,1.52405736696144,2.565921563711149,79.95485,398.45804,1546.8191,1807.2258,3752.50294,57
CAN,Canada,2003,1.12578576172741,0.0703204719569824,2.64892897467011,3.8450352083545027,80.81376,369.9703,1635.5128,1760.47,3765.9530999999997,58
CAN,Canada,2004,1.49755944499054,0.141081981512294,2.36322206157322,4.001863488076054,79.60645,394.3739,1688.1901,1767.352,3849.916,59
CAN,Canada,2005,1.78498681477884,0.152155931468389,3.22083898396214,5.157981730209369,78.68017,418.35196,1659.3553,1791.5245,3869.23176,60
CAN,Canada,2006,1.79784487204702,0.153706697524731,1.41752853523662,3.369080104808371,78.40679,407.6139,1756.1113,1793.974,3957.6992,61
CAN,Canada,2007,1.79572860434846,0.109096873104644,1.1136047676712,3.018430245124304,78.9888,418.77777,1810.4688,1746.7913,3976.03787,62
CAN,Canada,2008,2.54002352343034,0.374150835026828,1.5731684213923,4.4873427798494685,78.09347,420.17862,1782.181,1664.916,3867.2756200000003,63
CAN,Canada,2009,1.33142171181656,0.198211464291355,0.129656375469644,1.6592895515775592,77.8208,391.37137,1781.1637,1550.5082,3723.04327,64
CAN,Canada,2010,1.36035981724265,0.246577674456861,0.0,1.6069374916995112,78.5934,415.0936,1868.1313,1495.9108,3779.1357000000003,65
CAN,Canada,2011,1.65206257737853,0.312902433338827,0.0,1.964965010717357,78.00482,414.22137,1978.6213,1510.7133,3903.55597,66
CAN,Canada,2012,0.873035162318975,0.165451060942996,0.0,1.038486223261971,77.464226,416.84637,2127.2776,1503.052,4047.1759699999993,67
CAN,Canada,2013,1.25009355545576,0.111210926632906,0.0,1.361304482088666,76.96438,419.49026,2272.614,1519.2035,4211.30776,68
CAN,Canada,2014,1.16512699520053,0.0762774146791335,0.118317835064536,1.3597222449441995,77.10487,416.65555,2439.7065,1589.916,4446.27805,69
CAN,Canada,2015,0.0345891578218769,0.0677434311762043,0.0,0.1023325889980812,77.139755,375.61917,2512.9456,1607.5568,4496.12157,70
CAN,Canada,2016,0.471724709301756,0.0762147109420282,0.0,0.5479394202437842,76.579605,381.34,2545.1667,1691.1692,4617.6759,71
CAN,Canada,2017,0.816766635206739,0.0890428258212832,0.0,0.9058094610280222,76.519554,369.53778,2751.9355,1748.0621,4869.53538,72
CAN,Canada,2018,1.50562872928079,0.0853870422151225,0.0205383386190184,1.6115541101149309,77.25027,340.3583,2997.575,1800.5444,5138.4776999999995,73
CAN,Canada,2019,1.6199500962193,0.053736494242235,0.0,1.673686590461535,77.278336,334.60724,3063.6577,1734.476,5132.74094,74
CAN,Canada,2020,0.8889084820818,0.0442539359555517,0.0,0.9331624180373517,75.65068,318.4625,2930.347,1697.0734,4945.8829000000005,75
CAN,Canada,2021,2.82978528865474,0.0730211132400775,0.793958417895896,3.6967648197907135,76.44413,336.04694,3100.7734,1765.0311,5201.85144,76
CAN,Canada,2022,,,,,76.82631,337.71054,3185.7852,1894.5349,5418.03064,77
CAN,Canada,2023,,,,,77.49202,352.49915,3229.7332,1950.195,5532.42735,78
CAN,Canada,2024,,,,,78.055084,318.3414,3374.6255,1994.7085,5687.6754,79
CAN,Canada,2025,,,,,78.05161,302.63715,3514.414,2062.2717,5879.3228500000005,80
CHE,Switzerland,1960,,,,,,,,,,15
CHE,Switzerland,1961,,,,,,,,,,16
CHE,Switzerland,1962,,,,,,,,,,17
CHE,Switzerland,1963,,,,,,,,,,18
CHE,Switzerland,1964,,,,,,,,,,19
CHE,Switzerland,1965,,,,,,,,,,20
CHE,Switzerland,1966,,,,,,,,,,21
CHE,Switzerland,1967,,,,,,,,,,22
CHE,Switzerland,1968,,,,,81.80601,,,,,23
CHE,Switzerland,1969,,,,,82.67574,,,,,24
CHE,Switzerland,1970,,,,,82.04819,,,,,25
CHE,Switzerland,1971,,,,,83.22745,,,,,26
CHE,Switzerland,1972,,,,,82.44883,,,,,27
CHE,Switzerland,1973,,,,,79.84999,,,,,28
CHE,Switzerland,1974,,,,,76.793,,,,,29
CHE,Switzerland,1975,,,,,73.94076,,,,,30
CHE,Switzerland,1976,,,,,76.687775,,,,,31
CHE,Switzerland,1977,,,,,73.64499,,,,,32
CHE,Switzerland,1978,,,,,74.85088,,,,,33
CHE,Switzerland,1979,,,,,71.30289,,,,,34
CHE,Switzerland,1980,0.0,0.0,0.0,0.0,68.3261,,,,,35
CHE,Switzerland,1981,0.0,0.0,0.0,0.0,65.61347,,,,,36
CHE,Switzerland,1982,0.0,0.0,0.0,0.0,64.4037,,,,,37
CHE,Switzerland,1983,0.0,0.0,0.0,0.0,66.059006,,,,,38
CHE,Switzerland,1984,0.0,0.0,0.0,0.0,64.96612,,,,,39
CHE,Switzerland,1985,0.0,0.0,0.0005218016758897,0.0005218016758897,61.91629,,,,,40
CHE,Switzerland,1986,0.0,0.0,0.0003680875429549,0.0003680875429549,63.44688,,,,,41
CHE,Switzerland,1987,0.0,0.0,4.63037968362586e-05,4.63037968362586e-05,61.561966,,,,,42
CHE,Switzerland,1988,0.0,0.0,2.51750591147481e-05,2.51750591147481e-05,61.430992,,,,,43
CHE,Switzerland,1989,0.0,0.0,1.39026769117188e-05,1.39026769117188e-05,62.110786,,,,,44
CHE,Switzerland,1990,0.0,0.0,2.41975953514502e-05,2.41975953514502e-05,63.18734,,,,,45
CHE,Switzerland,1991,0.0,0.0,1.26354380718431e-05,1.26354380718431e-05,63.675655,,,,,46
CHE,Switzerland,1992,0.0,0.0,6.44796022674242e-06,6.44796022674242e-06,63.437103,,,,,47
CHE,Switzerland,1993,0.0,0.0,9.96984088687989e-06,9.96984088687989e-06,61.569668,,,,,48
CHE,Switzerland,1994,0.0,0.0,4.37153720340599e-06,4.37153720340599e-06,60.814957,,,,,49
CHE,Switzerland,1995,0.0,0.0,0.0,0.0,60.03507,,,,,50
CHE,Switzerland,1996,0.0,0.0,0.0,0.0,62.14322,,,,,51
CHE,Switzerland,1997,0.0,0.0,0.0,0.0,61.656055,,,,,52
CHE,Switzerland,1998,0.0,0.0,0.0,0.0,61.802765,,,,,53
CHE,Switzerland,1999,0.0,0.0,0.0,0.0,60.86017,,,,,54
CHE,Switzerland,2000,0.0,0.0,0.0,0.0,59.96668,,,,,55
CHE,Switzerland,2001,0.0,0.0,0.0,0.0,60.3581,,,,,56
CHE,Switzerland,2002,0.0,0.0,0.0,0.0,60.136658,,,,,57
CHE,Switzerland,2003,0.0,0.0,0.0,0.0,59.738712,,,,,58
CHE,Switzerland,2004,0.0001852692365648,0.0,0.0,0.0001852692365648,60.781433,,,,,59
CHE,Switzerland,2005,0.0003177655135726,0.0,0.0,0.0003177655135726,63.78172,,,,,60
CHE,Switzerland,2006,0.0006371193447155,0.0,0.0,0.0006371193447155,60.714622,,,,,61
CHE,Switzerland,2007,0.000749164452712,0.0,0.0,0.000749164452712,58.85236,,,,,62
CHE,Switzerland,2008,0.0009600137277195,0.0,0.0,0.0009600137277195,59.72899,,,,,63
CHE,Switzerland,2009,0.0002032025500118,0.0,0.0,0.0002032025500118,59.056213,,,,,64
CHE,Switzerland,2010,0.0003013510522918,0.0,0.0,0.0003013510522918,60.438103,,,,,65
CHE,Switzerland,2011,0.000356657639592,0.0,0.0,0.000356657639592,58.807285,,,,,66
CHE,Switzerland,2012,0.000416318750538,0.0,0.0,0.000416318750538,59.00026,,,,,67
CHE,Switzerland,2013,0.0002682146217397,0.0,0.0,0.0002682146217397,59.193733,,,,,68
CHE,Switzerland,2014,0.0002434873143646,0.0,0.0,0.0002434873143646,55.64325,,,,,69
CHE,Switzerland,2015,0.0001250641115047,0.0,0.0,0.0001250641115047,58.723522,,,,,70
CHE,Switzerland,2016,0.0001166601338747,0.0,0.0,0.0001166601338747,59.7541,,,,,71
CHE,Switzerland,2017,0.0001785775350507,0.0,0.0,0.0001785775350507,60.588844,,,,,72
CHE,Switzerland,2018,0.0002173572725704,0.0,0.0,0.0002173572725704,56.729412,,,,,73
CHE,Switzerland,2019,0.0004447948217574,0.0,0.0,0.0004447948217574,56.07376,,,,,74
CHE,Switzerland,2020,0.0002312519110674,0.0,0.0,0.0002312519110674,54.093124,,,,,75
CHE,Switzerland,2021,0.0005122900578712,0.0,0.0,0.0005122900578712,56.200783,,,,,76
CHE,Switzerland,2022,,,,,56.59067,,,,,77
CHE,Switzerland,2023,,,,,54.287704,,,,,78
CHE,Switzerland,2024,,,,,51.955696,,,,,79
CHE,Switzerland,2025,,,,,56.619236,,,,,80
CHI,Channel Islands,1960,,,,,,,,,,15
CHI,Channel Islands,1961,,,,,,,,,,16
CHI,Channel Islands,1962,,,,,,,,,,17
CHI,Channel Islands,1963,,,,,,,,,,18
CHI,Channel Islands,1964,,,,,,,,,,19
CHI,Channel Islands,1965,,,,,,,,,,20
CHI,Channel Islands,1966,,,,,,,,,,21
CHI,Channel Islands,1967,,,,,,,,,,22
CHI,Channel Islands,1968,,,,,,,,,,23
CHI,Channel Islands,1969,,,,,,,,,,24
CHI,Channel Islands,1970,,,,,,,,,,25
CHI,Channel Islands,1971,,,,,,,,,,26
CHI,Channel Islands,1972,,,,,,,,,,27
CHI,Channel Islands,1973,,,,,,,,,,28
CHI,Channel Islands,1974,,,,,,,,,,29
CHI,Channel Islands,1975,,,,,,,,,,30
CHI,Channel Islands,1976,,,,,,,,,,31
CHI,Channel Islands,1977,,,,,,,,,,32
CHI,Channel Islands,1978,,,,,,,,,,33
CHI,Channel Islands,1979,,,,,,,,,,34
CHI,Channel Islands,1980,,,,,,,,,,35
CHI,Channel Islands,1981,,,,,,,,,,36
CHI,Channel Islands,1982,,,,,,,,,,37
CHI,Channel Islands,1983,,,,,,,,,,38
CHI,Channel Islands,1984,,,,,,,,,,39
CHI,Channel Islands,1985,,,,,,,,,,40
CHI,Channel Islands,1986,,,,,,,,,,41
CHI,Channel Islands,1987,,,,,,,,,,42
CHI,Channel Islands,1988,,,,,,,,,,43
CHI,Channel Islands,1989,,,,,,,,,,44
CHI,Channel Islands,1990,,,,,,,,,,45
CHI,Channel Islands,1991,,,,,,,,,,46
CHI,Channel Islands,1992,,,,,,,,,,47
CHI,Channel Islands,1993,,,,,,,,,,48
CHI,Channel Islands,1994,,,,,,,,,,49
CHI,Channel Islands,1995,,,,,,,,,,50
CHI,Channel Islands,1996,,,,,,,,,,51
CHI,Channel Islands,1997,,,,,,,,,,52
CHI,Channel Islands,1998,,,,,,,,,,53
CHI,Channel Islands,1999,,,,,,,,,,54
CHI,Channel Islands,2000,,,,,,,,,,55
CHI,Channel Islands,2001,,,,,,,,,,56
CHI,Channel Islands,2002,,,,,,,,,,57
CHI,Channel Islands,2003,,,,,,,,,,58
CHI,Channel Islands,2004,,,,,,,,,,59
CHI,Channel Islands,2005,,,,,,,,,,60
CHI,Channel Islands,2006,,,,,,,,,,61
CHI,Channel Islands,2007,,,,,,,,,,62
CHI,Channel Islands,2008,,,,,,,,,,63
CHI,Channel Islands,2009,,,,,,,,,,64
CHI,Channel Islands,2010,,,,,,,,,,65
CHI,Channel Islands,2011,,,,,,,,,,66
CHI,Channel Islands,2012,,,,,,,,,,67
CHI,Channel Islands,2013,,,,,,,,,,68
CHI,Channel Islands,2014,,,,,,,,,,69
CHI,Channel Islands,2015,,,,,,,,,,70
CHI,Channel Islands,2016,,,,,,,,,,71
CHI,Channel Islands,2017,,,,,,,,,,72
CHI,Channel Islands,2018,,,,,,,,,,73
CHI,Channel Islands,2019,,,,,,,,,,74
CHI,Channel Islands,2020,,,,,,,,,,75
CHI,Channel Islands,2021,,,,,,,,,,76
CHI,Channel Islands,2022,,,,,,,,,,77
CHI,Channel Islands,2023,,,,,,,,,,78
CHI,Channel Islands,2024,,,,,,,,,,79
CHI,Channel Islands,2025,,,,,,,,,,80
CHL,Chile,1960,,,,,,,,,,15
CHL,Chile,1961,,,,,,,,,,16
CHL,Chile,1962,,,,,,,,,,17
CHL,Chile,1963,,,,,,,,,,18
CHL,Chile,1964,,,,,,,,,,19
CHL,Chile,1965,,,,,93.88824,,,,,20
CHL,Chile,1966,,,,,94.00447,,,,,21
CHL,Chile,1967,,,,,93.99531,,,,,22
CHL,Chile,1968,,,,,95.040504,,,,,23
CHL,Chile,1969,,,,,94.78226,,,,,24
CHL,Chile,1970,0.0562266313632991,,0.003308307833218,0.059534939196517096,94.70332,,,,,25
CHL,Chile,1971,0.0773644632134632,1.75428797542783e-07,0.0036845799783075,0.08104921862056824,94.28767,,,,,26
CHL,Chile,1972,0.0828826445018713,2.56488899074269e-06,0.0035501859287641,0.08643539531962614,93.27112,,,,,27
CHL,Chile,1973,0.104264180453157,0.0006390022535605,0.0020428381413628,0.1069460208480803,93.21863,,,,,28
CHL,Chile,1974,0.606349740712544,0.0262491200162529,0.0163020700804943,0.6489009308092912,92.20829,,,,,29
CHL,Chile,1975,1.2361480689743,0.223367483634975,0.0716004078776441,1.5311159604869191,91.196625,,,,,30
CHL,Chile,1976,0.979511538628698,0.142771724540081,0.0809842745964913,1.2032675377652702,91.16985,,,,,31
CHL,Chile,1977,0.607553508279438,0.111844922123817,0.0050332848443822,0.7244317152476372,91.06689,,,,,32
CHL,Chile,1978,0.582775440508512,0.0668422495479221,0.0118442217382171,0.6614619117946512,91.0287,,,,,33
CHL,Chile,1979,1.11799850318142,0.0388434146987495,0.0382826484491269,1.1951245663292964,91.310005,,,,,34
CHL,Chile,1980,1.03979635359195,0.063445362636141,0.0653228010732039,1.168564517301295,91.05555,,,,,35
CHL,Chile,1981,0.903989200937335,0.0965916910144665,0.0334080002016052,1.0339888921534068,90.74028,,,,,36
CHL,Chile,1982,0.772552374023926,0.125998565942598,0.0099171656472238,0.9084681056137477,88.78227,,,,,37
CHL,Chile,1983,1.18928887039012,0.0764968910338638,0.0712456912340203,1.337031452658004,88.04682,,,,,38
CHL,Chile,1984,1.18048972397471,0.0626453939991633,0.0827549906491545,1.325890108623028,88.10389,,,,,39
CHL,Chile,1985,1.17571112818707,0.0954568103551375,0.0913946703167388,1.3625626088589462,86.77968,,,,,40
CHL,Chile,1986,0.409029921948734,0.0497742889633383,0.0656320959297065,0.5244363068417788,86.0628,,,,,41
CHL,Chile,1987,0.544418330796708,2.94416860399134e-05,0.0405633946803494,0.5850111671630973,85.59131,,,,,42
CHL,Chile,1988,0.282172670801024,0.0153343291888085,0.0405319825729947,0.33803898256282716,87.579834,,,,,43
CHL,Chile,1989,0.335865076332922,0.0355850958232769,0.0637259298853554,0.4351761020415543,90.94234,,,,,44
CHL,Chile,1990,0.378183852893491,0.0388798270131772,0.0728562190095789,0.4899198989162471,91.40773,,,,,45
CHL,Chile,1991,0.15702683344808,0.0319766808501447,0.0453311051993622,0.2343346194975869,89.08989,,,,,46
CHL,Chile,1992,0.123100470876911,0.0104163434648414,0.038321853889761,0.17183866823151342,86.33462,,,,,47
CHL,Chile,1993,0.101835542669396,0.0,0.0423070875971118,0.1441426302665078,86.84947,,,,,48
CHL,Chile,1994,0.0759573406290912,0.0,0.0347164019518358,0.11067374258092699,87.69037,,,,,49
CHL,Chile,1995,0.0577970101150581,0.0040407221851858,0.0225535114248099,0.0843912437250538,87.69363,,,,,50
CHL,Chile,1996,0.0596959389109353,0.0005220338077354,0.0220761655005779,0.08229413821924861,89.58319,,,,,51
CHL,Chile,1997,0.038289499179926,0.0,0.0198402199294848,0.0581297191094108,90.059715,,,,,52
CHL,Chile,1998,0.0234700874281488,0.0,0.0140606516256155,0.037530739053764306,92.2209,,,,,53
CHL,Chile,1999,0.0418250296937214,0.0,0.025964022680054,0.0677890523737754,93.251884,,,,,54
CHL,Chile,2000,0.0648093154178196,0.0,0.0492733030540225,0.1140826184718421,91.38425,,,,,55
CHL,Chile,2001,0.0510190743548732,0.001379500355391,0.0562807667278416,0.1086793414381058,90.11724,,,,,56
CHL,Chile,2002,0.0501709401792536,0.0,0.0437175691931366,0.09388850937239021,89.641235,,,,,57
CHL,Chile,2003,0.0506283318232754,1.86613613263971e-07,0.0255686799154457,0.07619719835233436,90.064095,,,,,58
CHL,Chile,2004,0.0480418034693177,0.0043617950941407,0.019692704959145,0.0720963035226034,91.09078,,,,,59
CHL,Chile,2005,0.0466681498310735,0.004529101461407,0.0355430214805236,0.0867402727730041,89.97733,,,,,60
CHL,Chile,2006,0.0305200002965691,0.0039630770712313,0.0384461522535262,0.0729292296213266,89.741165,,,,,61
CHL,Chile,2007,0.0244412955141765,0.0026223934594917,0.0395838125596647,0.0666475015333329,90.697044,,,,,62
CHL,Chile,2008,0.0394143420844663,0.017518031560179,0.0413250084352478,0.0982573820798931,89.16718,,,,,63
CHL,Chile,2009,0.0241963153528489,0.0041393143410706,0.0505988665683244,0.0789344962622439,88.48257,,,,,64
CHL,Chile,2010,0.0177167005915164,0.0080349820593617,0.0282523464279479,0.054004029078825996,89.997696,,,,,65
CHL,Chile,2011,0.0202996901928584,0.0094602506274596,0.0440500118610045,0.0738099526813225,90.262184,,,,,66
CHL,Chile,2012,0.0339242699071752,0.006770633681382,0.0362681843736354,0.0769630879621926,89.42421,,,,,67
CHL,Chile,2013,0.0371419227856785,0.0209492686777565,0.0300928851237097,0.0881840765871447,89.04019,,,,,68
CHL,Chile,2014,0.0299545823134528,0.0242195938381422,0.0237423341784095,0.07791651033000449,89.05519,,,,,69
CHL,Chile,2015,0.0070217503844221,0.0152173546318032,0.0163761783716805,0.038615283387905805,88.035736,,,,,70
CHL,Chile,2016,0.0071656778225496,0.0133752190489627,0.0081846580803659,0.0287255549518782,88.48679,,,,,71
CHL,Chile,2017,0.0083333916899708,0.0156030837579444,0.0100470032058539,0.0339834786537691,87.088585,,,,,72
CHL,Chile,2018,0.0122096396579944,0.015765082710182,0.0228131047345746,0.050787827102750996,85.2487,,,,,73
CHL,Chile,2019,0.01138461169495,0.0077391169052194,0.0313384615447608,0.0504621901449302,86.200226,,,,,74
CHL,Chile,2020,0.0073483419512708,0.0024227961414755,0.0143455551337787,0.024116693226525,84.90347,,,,,75
CHL,Chile,2021,0.0126983242549898,0.0001519770108825,0.0213598763535539,0.0342101776194262,86.01681,,,,,76
CHL,Chile,2022,,,,,84.63623,,,,,77
CHL,Chile,2023,,,,,81.54988,,,,,78
CHL,Chile,2024,,,,,80.15193,,,,,79
CHL,Chile,2025,,,,,81.63268,,,,,80
CHN,China,1960,,,,,,,,,,15
CHN,China,1961,,,,,,,,,,16
CHN,China,1962,,,,,,,,,,17
CHN,China,1963,,,,,,,,,,18
CHN,China,1964,,,,,,,,,,19
CHN,China,1965,,,,,98.519905,,131.53531,,131.53531,20
CHN,China,1966,,,,,98.616516,,169.2165,,169.2165,21
CHN,China,1967,,,,,98.6752,,161.42441,,161.42441,22
CHN,China,1968,,,,,98.44623,,185.9637,,185.9637,23
CHN,China,1969,,,,,98.70757,,252.8362,,252.8362,24
CHN,China,1970,0.0239932527380286,,0.0,0.0239932527380286,98.96153,,356.4595,28.925762,385.385262,25
CHN,China,1971,0.0326166388114579,0.0745389208411057,0.0054312942933849,0.1125868539459485,98.9401,,458.3383,37.6942,496.0325,26
CHN,China,1972,0.110289049637007,0.0691535992826392,0.0092033528827298,0.188646001802376,98.884674,,531.1421,48.780727,579.922827,27
CHN,China,1973,0.335981223804028,0.077074228180657,0.0146021265650113,0.4276575785496963,98.81769,,623.4843,60.270405,683.754705,28
CHN,China,1974,2.77486095153925,0.711009206486046,0.0854365348821421,3.5713066929074384,98.69977,,754.2055,75.892334,830.097834,29
CHN,China,1975,3.13064076517083,2.69280693403666,0.156379185078558,5.979826884286048,98.78694,,896.20776,89.19617,985.40393,30
CHN,China,1976,4.11075236691182,3.0311520485369,0.199514391006454,7.341418806455173,98.83342,,1013.67084,101.794495,1115.465335,31
CHN,China,1977,4.32661024057366,3.08113278502555,0.197542971292289,7.6052859968914985,98.88427,,1089.0332,122.1534,1211.1866,32
CHN,China,1978,5.55801172476075,3.33590821868904,0.298356152647044,9.192276096096833,99.049446,,1210.1016,138.38004,1348.48164,33
CHN,China,1979,11.6010159186869,2.69650761840277,0.372525341825161,14.67004887891483,98.96178,,1234.5245,146.24141,1380.76591,34
CHN,China,1980,12.2797158609943,4.550303812533,0.322729870295346,17.152749543822647,98.764824,,1232.1985,143.82251,1376.02101,35
CHN,China,1981,9.41179174665108,7.95333965961777,0.117879993566964,17.483011399835814,98.586754,3614.604,1177.1886,128.40216,4920.194759999999,36
CHN,China,1982,6.06435465384148,8.72549855637581,0.0321590932387949,14.822012303456084,98.45974,3874.5344,1187.6556,120.23845,5182.42845,37
CHN,China,1983,6.54804530796784,4.38935293161726,0.0652670367121731,11.002665276297273,98.315,4154.8174,1233.5941,123.06047,5511.4719700000005,38
CHN,China,1984,6.22299902406109,2.98496212712962,0.0757826807799267,9.283743831970636,98.42591,4589.1978,1332.9143,125.27778,6047.389880000001,39
CHN,China,1985,5.60486220624911,3.04748440074638,0.0848619176159509,8.737208524611441,98.45236,5072.425,1452.587,130.31711,6655.329110000001,40
CHN,China,1986,2.8471706463358,1.58663620371161,0.143334745481363,4.577141595528773,98.48942,5198.61,1519.9247,138.6824,6857.2171,41
CHN,China,1987,4.78169369741204,0.196742361719575,0.141300446141658,5.119736505273273,98.51914,5396.9014,1560.0482,139.99261,7096.94221,42
CHN,China,1988,3.18960289496402,0.914569028426778,0.102787699332707,4.206959622723504,98.49495,5698.1187,1593.8915,143.72173,7435.73193,43
CHN,China,1989,4.15992450908559,1.47842452212878,0.105879097731663,5.744228128946032,98.442955,6130.173,1600.7532,151.6738,7882.599999999999,44
CHN,China,1990,5.54445902741075,1.7052386616778,0.137794047610542,7.387491736699092,98.34423,6279.5195,1608.5453,154.18338,8042.2481800000005,45
CHN,China,1991,3.02704993378969,1.34805201595044,0.1124132027329,4.48751515247303,98.45204,6323.266,1639.7137,156.11848,8119.09818,46
CHN,China,1992,2.96010199129732,0.699208657061324,0.110443553541784,3.769754201900428,98.45158,6491.7495,1651.9252,159.14209,8302.816789999999,47
CHN,China,1993,2.81111820572631,0.142655939106701,0.131100101339435,3.084874246172446,98.27484,6691.146,1675.0688,168.96878,8535.183579999999,48
CHN,China,1994,1.9160808560853,0.0649779012544379,0.123497618029488,2.104556375369226,97.79212,7210.0244,1698.9104,176.97124,9085.906040000002,49
CHN,China,1995,1.62342401977579,0.455735912219756,0.100748559616033,2.179908491611579,97.59558,7912.651,1733.1027,180.912,9826.6657,50
CHN,China,1996,1.84232152309017,0.128660824709202,0.11848025821498,2.089462606014352,97.7527,8121.8066,1843.5876,202.72221,10168.11641,51
CHN,China,1997,1.44303352016986,0.0847831389309089,0.123887552681035,1.651704211781804,97.65206,8068.494,1862.312,228.81587,10159.62187,52
CHN,China,1998,0.634591601254742,0.14993960613722,0.0857852995104412,0.8703165069024033,97.6421,7745.7466,1862.8933,234.62119,9843.26109,53
CHN,China,1999,1.08727720069319,0.0711870233211488,0.0962944519710737,1.2547586759854126,97.721054,7931.644,1863.3586,253.96214,10048.96474,54
CHN,China,2000,2.03905175243341,0.146386681969002,0.14650852993033,2.331946964332742,97.517586,8226.111,1891.2705,274.13962,10391.521120000001,55
CHN,China,2001,1.32058497741337,0.801896055646553,0.134243959482196,2.256724992542119,97.154396,8715.2295,1916.9729,305.67575,10937.87815,56
CHN,China,2002,1.24409369454799,0.263542850237849,0.114450402325318,1.622086947111157,97.12112,9307.322,1940.6515,329.1792,11577.1527,57
CHN,China,2003,1.28559248986066,0.220007406138794,0.134315827720248,1.6399157237197022,97.19233,10994.302,1972.2737,352.90436,13319.48006,58
CHN,China,2004,1.63506369666261,2.48180871668287,0.156262243265364,4.273134656610844,97.07521,12873.73,2024.213,417.86133,15315.804329999999,59
CHN,China,2005,2.23061473485701,1.84458902608905,0.164824325904146,4.240028086850206,97.11692,14440.99,2109.1343,497.07965,17047.20395,60
CHN,China,2006,2.2255244607283,1.8434710833023,0.142534786756028,4.211530330786628,97.12247,15449.555,2148.8252,590.1359,18188.5161,61
CHN,China,2007,1.75983053566581,2.10209759333344,0.125539522363848,3.9874676513630978,97.008156,16738.865,2166.8809,697.8466,19603.592500000002,62
CHN,China,2008,1.9902860340032,4.95292742699964,0.117610932160963,7.060824393163802,96.2932,17349.283,2214.8125,809.31665,20373.41215,63
CHN,China,2009,0.899050539990343,1.70995200685933,0.11303728959797,2.722039836447643,96.38854,17885.352,2203.7688,859.3975,20948.518299999996,64
CHN,China,2010,1.22257362123247,2.74101073299239,0.114498931303681,4.078083285528541,96.16373,19367.25,2361.053,965.4452,22693.748199999998,65
CHN,China,2011,1.54520918045373,3.531173681463,0.111272165477375,5.187655027394106,96.28878,21535.068,2359.4421,1061.6561,24956.1662,66
CHN,China,2012,1.28348679227813,1.77837319641686,0.101496660091287,3.163356648786277,95.59156,21789.303,2412.969,1114.7808,25317.0528,67
CHN,China,2013,1.07614082250695,1.08227721470867,0.0941454766793496,2.2525635138949696,95.27353,22034.137,2441.8264,1218.1072,25694.0706,68
CHN,China,2014,0.888100390466572,0.795129720884853,0.125698597465449,1.808928708816874,94.52746,21680.762,2458.9192,1311.8086,25451.4898,69
CHN,China,2015,0.335243616051991,0.404630230720423,0.134795850990954,0.874669697763368,93.9031,21273.959,2495.3328,1356.6887,25125.980499999998,70
CHN,China,2016,0.245866848453772,0.413140466173888,0.104843531709252,0.763850846336912,93.07005,19671.232,2322.3364,1379.4161,23372.9845,71
CHN,China,2017,0.313804041024999,0.53771676055273,0.106612708521095,0.958133510098824,92.54329,20326.11,2227.2148,1491.9949,24045.319700000004,72
CHN,China,2018,0.413038667779282,0.582602393231466,0.153295372359551,1.148936433370299,91.939896,21352.951,2201.8381,1614.1885,25168.977600000002,73
CHN,China,2019,0.298457754882779,0.448117054740137,0.160723457303557,0.907298266926473,91.47514,21770.871,2228.6338,1767.4144,25766.9192,74
CHN,China,2020,0.114304451775114,0.359558405712834,0.135539849767672,0.60940270725562,91.05759,21988.465,2265.1633,1940.0923,26193.7206,75
CHN,China,2021,0.308578757061099,0.607568894164746,0.210524604380993,1.126672255606838,90.5623,22825.744,2312.986,2092.1692,27230.8992,76
CHN,China,2022,,,,,90.0905,25015.523,2380.9167,2218.4143,29614.854000000003,77
CHN,China,2023,,,,,89.96409,25608.953,2430.9724,2342.5835,30382.5089,78
CHN,China,2024,,,,,88.71135,25916.26,2475.9224,2483.8965,30876.078899999997,79
CHN,China,2025,,,,,87.54564,26295.787,2513.0918,2641.2344,31450.1132,80
CIV,Cote d'Ivoire,1960,,,,,,,,,,15
CIV,Cote d'Ivoire,1961,,,,,,,,,,16
CIV,Cote d'Ivoire,1962,,,,,,,,,,17
CIV,Cote d'Ivoire,1963,,,,,,,,,,18
CIV,Cote d'Ivoire,1964,,,,,,,,,,19
CIV,Cote d'Ivoire,1965,,,,,,,,,,20
CIV,Cote d'Ivoire,1966,,,,,,,,,,21
CIV,Cote d'Ivoire,1967,,,,,,,,,,22
CIV,Cote d'Ivoire,1968,,,,,,,,,,23
CIV,Cote d'Ivoire,1969,,,,,,,,,,24
CIV,Cote d'Ivoire,1970,,,,,,,,,,25
CIV,Cote d'Ivoire,1971,0.0,,,0.0,,,,,,26
CIV,Cote d'Ivoire,1972,0.0,,,0.0,,,,,,27
CIV,Cote d'Ivoire,1973,0.0,,,0.0,,,,,,28
CIV,Cote d'Ivoire,1974,0.0,,,0.0,,,,,,29
CIV,Cote d'Ivoire,1975,0.0,,,0.0,,,,,,30
CIV,Cote d'Ivoire,1976,0.0,,,0.0,,,,,,31
CIV,Cote d'Ivoire,1977,0.0,,,0.0,,,,,,32
CIV,Cote d'Ivoire,1978,0.0,0.0,,0.0,,,,,,33
CIV,Cote d'Ivoire,1979,0.0,0.0,,0.0,,,,,,34
CIV,Cote d'Ivoire,1980,0.11162471818467,0.0,,0.11162471818467,,,,,,35
CIV,Cote d'Ivoire,1981,0.406239015865524,0.0,,0.406239015865524,,,,,,36
CIV,Cote d'Ivoire,1982,0.344693538381303,0.0,,0.344693538381303,,,,,,37
CIV,Cote d'Ivoire,1983,1.08325619955352,0.0,,1.08325619955352,,,,,,38
CIV,Cote d'Ivoire,1984,1.23720996916911,0.0,,1.23720996916911,,,,,,39
CIV,Cote d'Ivoire,1985,1.32980271732637,0.0,,1.32980271732637,,,,,,40
CIV,Cote d'Ivoire,1986,0.326483420224798,0.0,,0.326483420224798,,,,,,41
CIV,Cote d'Ivoire,1987,0.535702692063633,0.0,,0.535702692063633,,,,,,42
CIV,Cote d'Ivoire,1988,0.284584624376772,0.0,,0.284584624376772,,,,,,43
CIV,Cote d'Ivoire,1989,0.104980258706609,0.0,,0.104980258706609,,,,,,44
CIV,Cote d'Ivoire,1990,0.111829077867099,0.0,,0.111829077867099,,,,,,45
CIV,Cote d'Ivoire,1991,0.0411260342677253,0.0,,0.0411260342677253,,,,,,46
CIV,Cote d'Ivoire,1992,0.21395748137054,0.0,,0.21395748137054,,,,,,47
CIV,Cote d'Ivoire,1993,0.231249910568653,0.0,,0.231249910568653,,,,,,48
CIV,Cote d'Ivoire,1994,0.263283893930115,0.0,,0.263283893930115,,,,,,49
CIV,Cote d'Ivoire,1995,0.230815868459038,0.0,0.0069778311120424,0.2377936995710804,,,,,,50
CIV,Cote d'Ivoire,1996,0.380359773738748,0.0,0.0579435908857458,0.4383033646244938,,,,,,51
CIV,Cote d'Ivoire,1997,0.319862757443427,0.0,0.0411475004385256,0.3610102578819526,,,,,,52
CIV,Cote d'Ivoire,1998,0.101604151054954,0.0,0.0549598172907061,0.1565639683456601,,,,,,53
CIV,Cote d'Ivoire,1999,0.162964832198363,0.0,0.108854679545715,0.271819511744078,,,,,,54
CIV,Cote d'Ivoire,2000,0.308013121439312,0.0,0.21648578432124,0.524498905760552,,,,,,55
CIV,Cote d'Ivoire,2001,0.184450908626382,0.0,0.268183612174263,0.45263452080064503,,,,,,56
CIV,Cote d'Ivoire,2002,0.449871788392484,0.0,0.191211922520124,0.641083710912608,,,,,,57
CIV,Cote d'Ivoire,2003,0.547536157690114,0.0,0.161409274386099,0.708945432076213,,,,,,58
CIV,Cote d'Ivoire,2004,0.868358242832743,0.0,0.173819970816715,1.042178213649458,,,,,,59
CIV,Cote d'Ivoire,2005,2.12719162540331,0.0,0.126214192619765,2.253405818023075,,,,,,60
CIV,Cote d'Ivoire,2006,3.70627347527892,0.0,0.407012042239876,4.113285517518796,,,,,,61
CIV,Cote d'Ivoire,2007,2.92984750032697,0.0,0.274487306472778,3.204334806799748,,,,,,62
CIV,Cote d'Ivoire,2008,3.23685198449427,0.0,0.307395693178292,3.544247677672562,,,,,,63
CIV,Cote d'Ivoire,2009,1.55323608726763,0.0,0.245314581949486,1.798550669217116,,,,,,64
CIV,Cote d'Ivoire,2010,1.97607516845206,0.0,0.283475786785777,2.259550955237837,,,,,,65
CIV,Cote d'Ivoire,2011,2.38568766510419,0.0,0.362965532638359,2.748653197742549,,,,,,66
CIV,Cote d'Ivoire,2012,2.01610713884301,0.0,0.393227820298858,2.409334959141868,,,,,,67
CIV,Cote d'Ivoire,2013,1.32089224861062,0.0,0.320411424987291,1.641303673597911,,,,,,68
CIV,Cote d'Ivoire,2014,0.691789500523942,0.0,0.319671081972001,1.011460582495943,,,,,,69
CIV,Cote d'Ivoire,2015,0.366602851194199,0.0,0.261322774444977,0.627925625639176,,,,,,70
CIV,Cote d'Ivoire,2016,0.384370728252087,0.0,0.178681873738581,0.563052601990668,,,,,,71
CIV,Cote d'Ivoire,2017,0.811412807702894,0.0,0.186969561218541,0.9983823689214351,,,,,,72
CIV,Cote d'Ivoire,2018,0.930497052970617,0.0,0.253454611297185,1.183951664267802,,,,,,73
CIV,Cote d'Ivoire,2019,0.857465003549306,0.0,0.218403089389861,1.075868092939167,,,,,,74
CIV,Cote d'Ivoire,2020,0.371217181360166,0.0,0.177485744990039,0.548702926350205,,,,,,75
CIV,Cote d'Ivoire,2021,0.70017290136454,0.0,0.309353155239366,1.0095260566039062,,,,,,76
CIV,Cote d'Ivoire,2022,,,,,,,,,,77
CIV,Cote d'Ivoire,2023,,,,,,,,,,78
CIV,Cote d'Ivoire,2024,,,,,,,,,,79
CIV,Cote d'Ivoire,2025,,,,,,,,,,80
CMR,Cameroon,1960,,,,,,,,,,15
CMR,Cameroon,1961,,,,,,,,,,16
CMR,Cameroon,1962,,,,,,,,,,17
CMR,Cameroon,1963,,,,,,,,,,18
CMR,Cameroon,1964,,,,,,,,,,19
CMR,Cameroon,1965,,,,,,,,,,20
CMR,Cameroon,1966,,,,,,,,,,21
CMR,Cameroon,1967,,,,,,,,,,22
CMR,Cameroon,1968,,,,,,,,,,23
CMR,Cameroon,1969,,,,,,,,,,24
CMR,Cameroon,1970,,,,,,,,,,25
CMR,Cameroon,1971,0.0,0.0,0.0,0.0,,,,,,26
CMR,Cameroon,1972,0.0,0.0,0.0,0.0,,,,,,27
CMR,Cameroon,1973,0.0,0.0,0.0,0.0,,,,,,28
CMR,Cameroon,1974,0.0,0.0,0.0,0.0,,,,,,29
CMR,Cameroon,1975,0.0,0.0,0.0,0.0,,,,,,30
CMR,Cameroon,1976,0.0,0.0,0.0,0.0,,,,,,31
CMR,Cameroon,1977,0.0781817184019177,0.0,0.0,0.0781817184019177,,,,,,32
CMR,Cameroon,1978,0.83681430650894,0.0,0.0,0.83681430650894,,,,,,33
CMR,Cameroon,1979,4.76693275264051,0.0,0.0,4.76693275264051,,,,,,34
CMR,Cameroon,1980,6.6964981697782,0.0,0.0,6.6964981697782,,,,,,35
CMR,Cameroon,1981,5.87804427818666,0.0,0.0,5.87804427818666,,,,,,36
CMR,Cameroon,1982,2.87852166523641,0.0,0.0,2.87852166523641,,,,,,37
CMR,Cameroon,1983,6.02763685227288,0.0,0.0,6.02763685227288,,,,,,38
CMR,Cameroon,1984,7.82271434985394,0.0,0.0,7.82271434985394,,,,,,39
CMR,Cameroon,1985,9.97862114735416,0.0,0.0,9.97862114735416,,,,,,40
CMR,Cameroon,1986,2.36486314097188,0.0,0.0,2.36486314097188,,,,,,41
CMR,Cameroon,1987,4.54942204576229,0.0,0.0,4.54942204576229,,,,,,42
CMR,Cameroon,1988,3.73209127245004,0.0,0.0,3.73209127245004,,,,,,43
CMR,Cameroon,1989,7.61262799687422,0.0,0.0,7.61262799687422,,,,,,44
CMR,Cameroon,1990,8.68450877617334,0.0,0.0,8.68450877617334,,,,,,45
CMR,Cameroon,1991,4.65315901033898,0.0,0.0,4.65315901033898,,,,,,46
CMR,Cameroon,1992,4.7419927824119,0.0,0.0,4.7419927824119,,,,,,47
CMR,Cameroon,1993,3.08798938410601,0.0,0.0,3.08798938410601,,,,,,48
CMR,Cameroon,1994,3.96666682607101,0.0,0.0,3.96666682607101,,,,,,49
CMR,Cameroon,1995,3.7645468556202,0.0,0.0,3.7645468556202,,,,,,50
CMR,Cameroon,1996,4.21594793357001,0.0,0.0,4.21594793357001,,,,,,51
CMR,Cameroon,1997,4.60078884361968,0.0,0.0,4.60078884361968,,,,,,52
CMR,Cameroon,1998,2.051675402548,0.0,0.0,2.051675402548,,,,,,53
CMR,Cameroon,1999,2.7393088165397,0.0,0.0,2.7393088165397,,,,,,54
CMR,Cameroon,2000,5.65350106318017,0.0,0.0,5.65350106318017,,,,,,55
CMR,Cameroon,2001,3.59717199204675,0.0,0.0,3.59717199204675,,,,,,56
CMR,Cameroon,2002,3.05284107934737,0.0,0.0,3.05284107934737,,,,,,57
CMR,Cameroon,2003,2.31676395154355,0.0,0.0,2.31676395154355,,,,,,58
CMR,Cameroon,2004,2.75939445890458,0.0,0.0,2.75939445890458,,,,,,59
CMR,Cameroon,2005,5.28439433394488,0.0,0.0021223957771239,5.2865167297220035,,,,,,60
CMR,Cameroon,2006,6.18342969188823,0.0,0.005855599493132,6.189285291381362,,,,,,61
CMR,Cameroon,2007,6.03958891829607,0.0,0.0049330640108033,6.044521982306873,,,,,,62
CMR,Cameroon,2008,7.12107584128101,0.0,0.0052768354804251,7.126352676761434,,,,,,63
CMR,Cameroon,2009,3.18641938368574,0.0,0.0044795666249974,3.1908989503107374,,,,,,64
CMR,Cameroon,2010,4.14191421736693,0.0,0.0529414980109188,4.194855715377848,,,,,,65
CMR,Cameroon,2011,5.25804310748538,0.0,0.049940575845557,5.307983683330938,,,,,,66
CMR,Cameroon,2012,5.26170344833076,0.0,0.0951680418324432,5.356871490163203,,,,,,67
CMR,Cameroon,2013,4.19597685270569,0.0,1.46664435256529e-17,4.19597685270569,,,,,,68
CMR,Cameroon,2014,3.67835628658685,0.0,0.122306805074881,3.800663091661731,,,,,,69
CMR,Cameroon,2015,1.89664344480798,0.0,0.109547491948903,2.006190936756883,,,,,,70
CMR,Cameroon,2016,1.55546940126434,0.0,0.075259562096555,1.630728963360895,,,,,,71
CMR,Cameroon,2017,2.19707562839754,0.0,0.0955529946977523,2.2926286230952924,,,,,,72
CMR,Cameroon,2018,2.78430133697793,0.0,0.356813520977837,3.1411148579557673,,,,,,73
CMR,Cameroon,2019,2.42269397588966,0.0,0.49071048227931,2.91340445816897,,,,,,74
CMR,Cameroon,2020,1.28058779283346,0.0,0.361296047441197,1.641883840274657,,,,,,75
CMR,Cameroon,2021,2.36159953238547,0.0,0.584760671391585,2.946360203777055,,,,,,76
CMR,Cameroon,2022,,,,,,,,,,77
CMR,Cameroon,2023,,,,,,,,,,78
CMR,Cameroon,2024,,,,,,,,,,79
CMR,Cameroon,2025,,,,,,,,,,80
COD,"Congo, Dem. Rep.",1960,,,,,,,,,,15
COD,"Congo, Dem. Rep.",1961,,,,,,,,,,16
COD,"Congo, Dem. Rep.",1962,,,,,,,,,,17
COD,"Congo, Dem. Rep.",1963,,,,,,,,,,18
COD,"Congo, Dem. Rep.",1964,,,,,,,,,,19
COD,"Congo, Dem. Rep.",1965,,,,,,,,,,20
COD,"Congo, Dem. Rep.",1966,,,,,,,,,,21
COD,"Congo, Dem. Rep.",1967,,,,,,,,,,22
COD,"Congo, Dem. Rep.",1968,,,,,,,,,,23
COD,"Congo, Dem. Rep.",1969,,,,,,,,,,24
COD,"Congo, Dem. Rep.",1970,,,,,,,,,,25
COD,"Congo, Dem. Rep.",1971,0.0,0.0073093099570111,0.0,0.0073093099570111,,,,,,26
COD,"Congo, Dem. Rep.",1972,0.0,0.0085041786811758,0.0,0.0085041786811758,,,,,,27
COD,"Congo, Dem. Rep.",1973,0.0,0.0083748881903898,0.0,0.0083748881903898,,,,,,28
COD,"Congo, Dem. Rep.",1974,0.0,0.010636333210213,0.0,0.010636333210213,,,,,,29
COD,"Congo, Dem. Rep.",1975,0.001672162639878,0.0266903598110773,0.0,0.0283625224509553,,,,,,30
COD,"Congo, Dem. Rep.",1976,0.73175808205292,0.0195194840899775,0.0,0.7512775661428975,,,,,,31
COD,"Congo, Dem. Rep.",1977,0.646473546532972,0.0187303503284891,0.0,0.6652038968614611,,,,,,32
COD,"Congo, Dem. Rep.",1978,0.371763445844138,0.0119255853935333,0.0,0.3836890312376713,,,,,,33
COD,"Congo, Dem. Rep.",1979,1.16243208437868,0.0117680004887757,0.0,1.1742000848674556,,,,,,34
COD,"Congo, Dem. Rep.",1980,0.972185772178855,0.0240384523831925,0.0,0.9962242245620475,,,,,,35
COD,"Congo, Dem. Rep.",1981,0.748745254525893,0.0415887168711392,0.0,0.7903339713970322,,,,,,36
COD,"Congo, Dem. Rep.",1982,0.293930091965501,0.034794904631151,0.0,0.328724996596652,,,,,,37
COD,"Congo, Dem. Rep.",1983,0.83527905758779,0.0245596664503119,0.0,0.8598387240381019,,,,,,38
COD,"Congo, Dem. Rep.",1984,1.72331982799581,0.029454852344647,0.0,1.752774680340457,,,,,,39
COD,"Congo, Dem. Rep.",1985,2.14537157884134,0.0360951861014179,0.0,2.181466764942758,,,,,,40
COD,"Congo, Dem. Rep.",1986,0.635779190957398,0.0243935475390816,0.0,0.6601727384964796,,,,,,41
COD,"Congo, Dem. Rep.",1987,1.38967425377524,0.0191071080738812,0.0,1.4087813618491212,,,,,,42
COD,"Congo, Dem. Rep.",1988,0.926352686963646,0.0211678148404289,0.0,0.9475205018040749,,,,,,43
COD,"Congo, Dem. Rep.",1989,1.46454484550055,0.0250913169805197,0.0,1.48963616248107,,,,,,44
COD,"Congo, Dem. Rep.",1990,2.06738083913538,0.0259130599458666,0.0,2.0932938990812464,,,,,,45
COD,"Congo, Dem. Rep.",1991,1.0194588751419,0.0,0.0,1.0194588751419,,,,,,46
COD,"Congo, Dem. Rep.",1992,1.18085978623998,0.0,0.0,1.18085978623998,,,,,,47
COD,"Congo, Dem. Rep.",1993,0.83847770505667,0.0,0.0,0.83847770505667,,,,,,48
COD,"Congo, Dem. Rep.",1994,1.38193909888382,0.0,0.0,1.38193909888382,,,,,,49
COD,"Congo, Dem. Rep.",1995,1.80440473026036,0.0,0.0,1.80440473026036,,,,,,50
COD,"Congo, Dem. Rep.",1996,2.19515258214803,0.0,0.0,2.19515258214803,,,,,,51
COD,"Congo, Dem. Rep.",1997,1.8203081208374,0.0,0.0,1.8203081208374,,,,,,52
COD,"Congo, Dem. Rep.",1998,0.797078595749003,0.0,0.0,0.797078595749003,,,,,,53
COD,"Congo, Dem. Rep.",1999,1.73975706615301,0.0,0.0,1.73975706615301,,,,,,54
COD,"Congo, Dem. Rep.",2000,0.862629545247728,0.0,0.0,0.862629545247728,,,,,,55
COD,"Congo, Dem. Rep.",2001,1.71728779678104,0.0,0.0,1.71728779678104,,,,,,56
COD,"Congo, Dem. Rep.",2002,1.45214336853988,0.0,0.0,1.45214336853988,,,,,,57
COD,"Congo, Dem. Rep.",2003,1.59353042142954,0.0,0.0,1.59353042142954,,,,,,58
COD,"Congo, Dem. Rep.",2004,2.13752329731202,0.0,0.0,2.13752329731202,,,,,,59
COD,"Congo, Dem. Rep.",2005,2.66413154294407,0.0,0.0,2.66413154294407,,,,,,60
COD,"Congo, Dem. Rep.",2006,2.58333183654341,0.0,0.0051376957111961,2.588469532254606,,,,,,61
COD,"Congo, Dem. Rep.",2007,2.54642184974013,0.0,0.0085533364806232,2.5549751862207533,,,,,,62
COD,"Congo, Dem. Rep.",2008,2.83293568116403,0.0,0.008963235415929,2.841898916579959,,,,,,63
COD,"Congo, Dem. Rep.",2009,1.37907393656144,0.0,0.0081376594459377,1.3872115960073776,,,,,,64
COD,"Congo, Dem. Rep.",2010,1.80606291179953,0.0,0.0077997629672618,1.8138626747667916,,,,,,65
COD,"Congo, Dem. Rep.",2011,2.44284320183572,0.0,0.0095730701789558,2.4524162720146756,,,,,,66
COD,"Congo, Dem. Rep.",2012,2.05735950238427,0.0,,2.05735950238427,,,,,,67
COD,"Congo, Dem. Rep.",2013,1.5624595976329,0.0,,1.5624595976329,,,,,,68
COD,"Congo, Dem. Rep.",2014,1.0574581164719,0.0,0.000561016888275,1.058019133360175,,,,,,69
COD,"Congo, Dem. Rep.",2015,0.345534121829134,0.0,0.0002185659727756,0.3457526878019096,,,,,,70
COD,"Congo, Dem. Rep.",2016,0.306678110044986,0.0,4.59100664006211e-05,0.30672402011138666,,,,,,71
COD,"Congo, Dem. Rep.",2017,0.659902410781335,0.0,4.85414901302104e-05,0.6599509522714653,,,,,,72
COD,"Congo, Dem. Rep.",2018,0.783495113502667,0.0,6.12298906058406e-05,0.7835563433932728,,,,,,73
COD,"Congo, Dem. Rep.",2019,0.629309383334329,0.0,6.04172796864765e-05,0.6293698006140155,,,,,,74
COD,"Congo, Dem. Rep.",2020,0.358850561150071,0.0,0.0,0.358850561150071,,,,,,75
COD,"Congo, Dem. Rep.",2021,0.649836903019219,0.0,0.0,0.649836903019219,,,,,,76
COD,"Congo, Dem. Rep.",2022,,,,,,,,,,77
COD,"Congo, Dem. Rep.",2023,,,,,,,,,,78
COD,"Congo, Dem. Rep.",2024,,,,,,,,,,79
COD,"Congo, Dem. Rep.",2025,,,,,,,,,,80
COG,"Congo, Rep.",1960,,,,,,,,,,15
COG,"Congo, Rep.",1961,,,,,,,,,,16
COG,"Congo, Rep.",1962,,,,,,,,,,17
COG,"Congo, Rep.",1963,,,,,,,,,,18
COG,"Congo, Rep.",1964,,,,,,,,,,19
COG,"Congo, Rep.",1965,,,,,,,0.82573,,0.82573,20
COG,"Congo, Rep.",1966,,,,,,,0.72106,,0.72106,21
COG,"Congo, Rep.",1967,,,,,,,0.5815,,0.5815,22
COG,"Congo, Rep.",1968,,,,,,,0.50009,,0.50009,23
COG,"Congo, Rep.",1969,,,,,,,0.27912,,0.27912,24
COG,"Congo, Rep.",1970,0.0115602838766326,,,0.0115602838766326,,,0.22096999,,0.22096999,25
COG,"Congo, Rep.",1971,0.0030984373883722,0.0,,0.0030984373883722,,,0.16282001,,0.16282001,26
COG,"Congo, Rep.",1972,0.186200888466482,0.0,,0.186200888466482,,,3.90768,,3.90768,27
COG,"Congo, Rep.",1973,1.51885780119361,0.0,,1.51885780119361,,,24.31833,,24.31833,28
COG,"Congo, Rep.",1974,24.2620319664417,0.0,,24.2620319664417,,,28.55165,,28.55165,29
COG,"Congo, Rep.",1975,13.1385741712754,0.0,,13.1385741712754,,,20.80607,,20.80607,30
COG,"Congo, Rep.",1976,15.4202485231747,0.0,,15.4202485231747,,,24.422998,,24.422998,31
COG,"Congo, Rep.",1977,16.5001923359572,0.0,,16.5001923359572,,,19.061571,,19.061571,32
COG,"Congo, Rep.",1978,17.1334552526525,0.0,,17.1334552526525,,,28.2609,,28.2609,33
COG,"Congo, Rep.",1979,37.9393625588413,0.0,,37.9393625588413,,,32.122063,,32.122063,34
COG,"Congo, Rep.",1980,29.3499929583315,0.0,0.0187707325735457,29.36876369090505,,,36.84384,,36.84384,35
COG,"Congo, Rep.",1981,17.8736388507926,0.0,0.0107724316754048,17.884411282468005,,,47.69463,,47.69463,36
COG,"Congo, Rep.",1982,7.25092356913313,0.0,0.0035021105914775,7.254425679724608,,,52.95139,,52.95139,37
COG,"Congo, Rep.",1983,17.9104655007995,0.0,0.0126376939117345,17.923103194711235,,,62.394947,,62.394947,38
COG,"Congo, Rep.",1984,22.3319139805741,0.0,0.0117026531626422,22.343616633736744,,,70.07075,,70.07075,39
COG,"Congo, Rep.",1985,24.1675969162857,0.0,0.0337013691848965,24.201298285470596,,,69.04731,,69.04731,40
COG,"Congo, Rep.",1986,9.9166539586636,0.0,0.0096329814021158,9.926286940065715,,,69.21013,,69.21013,41
COG,"Congo, Rep.",1987,18.2464767133142,0.0,0.0313491024686438,18.27782581578284,,,73.466705,,73.466705,42
COG,"Congo, Rep.",1988,17.2879024167938,0.0,0.0,17.2879024167938,,,81.851944,,81.851944,43
COG,"Congo, Rep.",1989,31.9903938330206,0.0,0.0,31.9903938330206,,,92.59806,,92.59806,44
COG,"Congo, Rep.",1990,37.0679852946243,0.0,0.0,37.0679852946243,,,93.37727,,93.37727,45
COG,"Congo, Rep.",1991,20.7037580261964,0.0,0.0,20.7037580261964,,,93.66802,,93.66802,46
COG,"Congo, Rep.",1992,23.3587405950744,0.0,0.0,23.3587405950744,,,100.45994,,100.45994,47
COG,"Congo, Rep.",1993,27.2825783443645,0.0,0.0,27.2825783443645,,,110.92694,,110.92694,48
COG,"Congo, Rep.",1994,32.4835583497713,0.0,0.0,32.4835583497713,,,111.20606,,111.20606,49
COG,"Congo, Rep.",1995,31.3905248097934,0.0,0.0,31.3905248097934,,,107.775215,,107.775215,50
COG,"Congo, Rep.",1996,34.2466290821695,0.0,0.0,34.2466290821695,,,120.475174,,120.475174,51
COG,"Congo, Rep.",1997,38.8429815606382,0.0,0.0,38.8429815606382,,,134.74518,,134.74518,52
COG,"Congo, Rep.",1998,23.4026290591939,0.0,0.0,23.4026290591939,,,158.15637,,158.15637,53
COG,"Congo, Rep.",1999,34.4709216830853,0.0,0.0,34.4709216830853,,,159.6449,,159.6449,54
COG,"Congo, Rep.",2000,55.9533665542603,0.0,0.0,55.9533665542603,,,157.21277,,157.21277,55
COG,"Congo, Rep.",2001,43.2924415564204,0.0,0.0,43.2924415564204,,,145.88965,,145.88965,56
COG,"Congo, Rep.",2002,40.6339102482945,0.0,0.0,40.6339102482945,,,140.1276,,140.1276,57
COG,"Congo, Rep.",2003,32.8203228243625,0.0,,32.8203228243625,,,128.00389,,128.00389,58
COG,"Congo, Rep.",2004,36.7574181614469,0.0,,36.7574181614469,,,133.39854,,133.39854,59
COG,"Congo, Rep.",2005,44.9456173814714,0.0,0.0373602563649983,44.9829776378364,,,146.158,,146.158,60
COG,"Congo, Rep.",2006,50.1208093428642,0.0,0.136515195916912,50.25732453878111,,,165.13911,,165.13911,61
COG,"Congo, Rep.",2007,43.9536353057112,0.0,0.194880093886761,44.14851539959796,,,133.55975,,133.55975,62
COG,"Congo, Rep.",2008,48.8603735696485,0.0,0.232242539355073,49.09261610900357,,,141.85997,,141.85997,63
COG,"Congo, Rep.",2009,32.0193923725837,0.0,0.34102428913248,32.36041666171618,,,163.89842,,163.89842,64
COG,"Congo, Rep.",2010,40.9410251641332,0.0,0.490499136773879,41.43152430090708,,,186.5655,,186.5655,65
COG,"Congo, Rep.",2011,48.6661331517592,0.0,0.749128501169339,49.415261652928535,,,178.15218,,178.15218,66
COG,"Congo, Rep.",2012,38.0875246076633,0.0,0.697104154265071,38.78462876192837,,,165.62729,,165.62729,67
COG,"Congo, Rep.",2013,29.6858074019147,0.0,0.90171887030378,30.587526272218483,,,143.32234,,143.32234,68
COG,"Congo, Rep.",2014,24.8226399767107,0.0,0.491681471556293,25.314321448266995,,,149.92778,,149.92778,69
COG,"Congo, Rep.",2015,12.2746700668843,0.0,0.529950921594635,12.804620988478934,,,138.78883,,138.78883,70
COG,"Congo, Rep.",2016,12.8004971968497,0.0,0.388986974310453,13.189484171160153,,,138.25708,,138.25708,71
COG,"Congo, Rep.",2017,25.0227768251894,0.0,0.435295524625467,25.458072349814866,,,160.49629,,160.49629,72
COG,"Congo, Rep.",2018,38.248715891351,0.0,0.562029195762642,38.81074508711364,,,196.91171,,196.91171,73
COG,"Congo, Rep.",2019,35.8517991110343,0.0,0.374465630241367,36.22626474127567,,,200.34785,,200.34785,74
COG,"Congo, Rep.",2020,22.4084125429251,0.0,0.238426693941222,22.64683923686632,,,183.19785,,183.19785,75
COG,"Congo, Rep.",2021,34.3828809069635,0.0,0.356926091847818,34.73980699881132,,,162.84421,,162.84421,76
COG,"Congo, Rep.",2022,,,,,,,159.82117,,159.82117,77
COG,"Congo, Rep.",2023,,,,,,,165.6352,,165.6352,78
COG,"Congo, Rep.",2024,,,,,,,159.47325,,159.47325,79
COG,"Congo, Rep.",2025,,,,,,,165.45473,,165.45473,80
COL,Colombia,1960,,,,,,,,,,15
COL,Colombia,1961,,,,,,,,,,16
COL,Colombia,1962,,,,,,,,,,17
COL,Colombia,1963,,,,,,,,,,18
COL,Colombia,1964,,,,,,,,,,19
COL,Colombia,1965,,,,,96.09431,,123.91237,,123.91237,20
COL,Colombia,1966,,,,,96.14837,,121.46218,,121.46218,21
COL,Colombia,1967,,,,,95.90827,,117.17435,,117.17435,22
COL,Colombia,1968,,,,,95.58228,,107.66777,,107.66777,23
COL,Colombia,1969,,,,,95.10712,,130.65038,,130.65038,24
COL,Colombia,1970,0.453852135192152,,0.0051902082612574,0.4590423434534094,95.02192,,136.76793,12.493251,149.26118100000002,25
COL,Colombia,1971,0.685517417606044,0.0410172348042826,0.0080708778773064,0.7346055302876331,94.62217,,135.78943,13.0045,148.79393000000002,26
COL,Colombia,1972,0.657317983358433,0.0368235493191544,0.0094324356811315,0.7035739683587189,94.85424,,123.015465,15.8855,138.900965,27
COL,Colombia,1973,0.92942316517958,0.0357097536021074,0.0080780684805028,0.9732109872621902,94.13572,,115.69473,16.46,132.15473,28
COL,Colombia,1974,3.98291235195913,0.134444545082803,0.0520234776352319,4.169380374677165,94.03742,,105.52804,17.1255,122.65354,29
COL,Colombia,1975,3.33821480333793,0.410758200603752,0.0801917665400931,3.8291647704817753,92.45375,,98.84858,14.91575,113.76433,30
COL,Colombia,1976,2.86098892003378,0.414101377848907,0.068185364348838,3.343275662231525,92.3786,,92.362915,15.148,107.510915,31
COL,Colombia,1977,1.78535540238928,0.347249855431733,0.0045167537537278,2.1371220115747405,92.50272,,86.84424,17.174751,104.018991,32
COL,Colombia,1978,1.56559233732864,0.291940467657637,0.0118828050147876,1.8694156100010646,91.6766,,82.55641,22.808249,105.364659,33
COL,Colombia,1979,3.25082063533461,0.227242710571107,0.0761920482064286,3.5542553941121455,91.15712,,77.65604,26.056002,103.712042,34
COL,Colombia,1980,3.40244588319501,0.227831539620897,0.179099352689446,3.809376775505353,90.68192,,79.09724,27.844751,106.941991,35
COL,Colombia,1981,2.79806453723812,0.340147473242694,0.107367436318633,3.245579446799447,90.992004,32.021763,84.39405,30.519,146.934813,36
COL,Colombia,1982,1.67230460563661,0.374381410162188,0.0211484248551719,2.06783444065397,90.578896,35.48201,88.92848,32.536,156.94648999999998,37
COL,Colombia,1983,2.43966813941097,0.253478521180264,0.111165543903119,2.8043122044943534,91.0452,40.550415,95.41989,35.745502,171.71580699999998,38
COL,Colombia,1984,2.66352851984923,0.233149990629555,0.176121214519172,3.0727997249979566,89.98125,53.259933,104.8947,36.340748,194.49538099999998,39
COL,Colombia,1985,2.92183566367263,0.352719780445643,0.190067064115417,3.46462250823369,89.4994,72.013664,110.73357,37.0675,219.814734,40
COL,Colombia,1986,2.14754362376945,0.223224724725254,0.159059832733703,2.529828181228407,88.23468,86.1612,186.68938,36.1265,308.97708,41
COL,Colombia,1987,4.29296249771919,0.054428760529238,0.110307064031435,4.457698322279863,88.30535,117.11247,236.79889,38.069252,391.980612,42
COL,Colombia,1988,2.8758638419425,0.112481137209196,0.0937686628666727,3.0821136420183683,87.51637,121.18099,232.53386,36.71075,390.42560000000003,43
COL,Colombia,1989,4.66461024743611,0.282186927995717,0.113496920436502,5.060294095868329,86.97703,151.68288,248.43729,37.1025,437.22267000000005,44
COL,Colombia,1990,5.85725180474062,0.318211442256867,0.123827884295904,6.2992911312933915,85.73907,164.24956,271.8334,39.246,475.32895999999994,45
COL,Colombia,1991,3.02073717145768,0.2736211426375,0.100203101977118,3.394561416072298,86.06831,160.74277,262.5844,38.8615,462.18867,46
COL,Colombia,1992,2.83229170281085,0.155844186701443,0.0736125390692444,3.0617484285815375,89.6326,175.74094,270.61578,39.809,486.16571999999996,47
COL,Colombia,1993,2.45619870164746,0.0342376032108984,0.0834645375361317,2.57390084239449,87.78026,174.24031,279.4891,38.97375,492.70316,48
COL,Colombia,1994,1.94674410530817,0.0153010812605245,0.0607742835358483,2.022819470104543,86.82709,181.87984,280.52615,40.2045,502.61048999999997,49
COL,Colombia,1995,2.53983784015495,0.0932435181074178,0.0460974047307293,2.679178762993097,87.1919,206.55577,360.71124,42.149,609.41601,50
COL,Colombia,1996,3.29062171473192,0.0320248212890901,0.0473161137419421,3.369962649762952,86.24449,237.24223,387.98355,45.468502,670.6942819999999,51
COL,Colombia,1997,2.73078985975652,0.017596369894562,0.0539552977634069,2.8023415274144887,88.256645,262.74472,405.1625,56.74,724.6472200000001,52
COL,Colombia,1998,1.79752139116737,0.0181023390909199,0.0470901919207675,1.8627139221790574,88.68123,269.31696,469.95505,64.8955,804.16751,53
COL,Colombia,1999,3.89182280764251,0.0057856175748216,0.064673624416215,3.9622820496335467,86.34001,262.84103,508.2989,56.929,828.06893,54
COL,Colombia,2000,5.13691457442314,0.0059474327041465,0.111515277869386,5.254377284996672,87.26505,306.88058,421.97263,57.358074,786.211284,55
COL,Colombia,2001,3.3895291211657,0.0917148556563016,0.119128827948719,3.6003728047707204,87.029076,352.37653,369.97833,59.38993,781.7447900000001,56
COL,Colombia,2002,3.4723491449574,0.0189143133586352,0.0943543415243117,3.585617799840347,85.90982,316.85098,354.0521,59.986813,730.889893,57
COL,Colombia,2003,3.70073313323441,0.012881055924233,0.0735630238143874,3.7871772129730306,85.1661,401.46042,331.38788,57.499798,790.3480979999999,58
COL,Colombia,2004,3.84640284854431,1.06821593565836,0.0624997059439029,4.977118490146573,85.10388,432.4318,324.48898,61.3482,818.26898,59
COL,Colombia,2005,4.6618753019502,0.596433944424005,0.100445843787992,5.358755090162197,84.305626,478.87476,322.2988,64.46344,865.637,60
COL,Colombia,2006,5.14627956079988,0.667109273396652,0.138003736740983,5.951392570937515,85.110634,528.8039,323.06256,67.64682,919.51328,61
COL,Colombia,2007,4.23708928157192,1.00789274631713,0.137520220909257,5.382502248798307,84.73766,558.44556,325.31992,72.57884,956.34432,62
COL,Colombia,2008,5.53392629328463,2.52115179783189,0.153846594070654,8.208924685187174,84.770676,587.2049,360.95447,87.188644,1035.348014,63
COL,Colombia,2009,3.27049268265203,0.693707471444523,0.205016544784415,4.169216698880968,85.57728,581.6551,410.77594,101.118195,1093.549235,64
COL,Colombia,2010,4.39207978728564,1.27474708918259,0.126227349398466,5.793054225866696,86.03576,593.97986,481.3789,108.433876,1183.7926360000001,65
COL,Colombia,2011,6.932640671944,1.77817848904041,0.235528552582625,8.946347713567036,83.42031,685.4781,560.6426,105.458466,1351.579166,66
COL,Colombia,2012,6.20532168790636,1.03216023590783,0.245199962236551,7.482681886050742,84.72218,711.21136,579.90173,115.25648,1406.36957,67
COL,Colombia,2013,5.87412217837008,0.731247317458531,0.27873333434137,6.884102830169981,86.25416,683.0242,618.5938,132.23476,1433.85276,68
COL,Colombia,2014,5.26376178203189,0.592321749950267,0.249868141338717,6.105951673320874,86.64011,707.6454,606.6536,123.32835,1437.62735,69
COL,Colombia,2015,2.62770808784162,0.570764338950047,0.154268801916413,3.3527412287080796,86.3993,692.6424,615.9615,116.10316,1424.7070600000002,70
COL,Colombia,2016,1.86176731845908,0.708360151216034,0.0625158675282947,2.632643337203409,87.07037,730.9894,544.14105,119.92117,1395.0516200000002,71
COL,Colombia,2017,2.42584234973897,0.859687671858285,0.0740134626050438,3.359543484202299,84.39254,733.3861,523.1395,117.52476,1374.05036,72
COL,Colombia,2018,3.64006660382347,0.870600652866166,0.174481375671232,4.6851486323608675,84.62174,702.2291,530.1477,123.76339,1356.14019,73
COL,Colombia,2019,3.14271008185612,0.666127039502179,0.19571942392748,4.004556545285779,85.39382,707.02246,542.61224,126.1822,1375.8169,74
COL,Colombia,2020,1.56279790261714,0.389999760965154,0.124980430688447,2.077778094270741,85.243416,453.77264,479.76053,124.550316,1058.083486,75
COL,Colombia,2021,3.42402487593374,0.725814104210245,0.175988272187925,4.3258272523319095,83.78766,508.89645,451.0527,125.66442,1085.61357,76
COL,Colombia,2022,,,,,84.37194,535.334,462.05707,124.32279,1121.7138599999998,77
COL,Colombia,2023,,,,,84.91723,553.3347,477.31705,120.612,1151.26375,78
COL,Colombia,2024,,,,,85.318855,459.49573,474.6074,110.95444,1045.05757,79
COL,Colombia,2025,,,,,81.39599,383.04053,458.50525,94.13379,935.6795699999999,80
COM,Comoros,1960,,,,,,,,,,15
COM,Comoros,1961,,,,,,,,,,16
COM,Comoros,1962,,,,,,,,,,17
COM,Comoros,1963,,,,,,,,,,18
COM,Comoros,1964,,,,,,,,,,19
COM,Comoros,1965,,,,,,,,,,20
COM,Comoros,1966,,,,,,,,,,21
COM,Comoros,1967,,,,,,,,,,22
COM,Comoros,1968,,,,,,,,,,23
COM,Comoros,1969,,,,,,,,,,24
COM,Comoros,1970,,,,,,,,,,25
COM,Comoros,1971,,,,,,,,,,26
COM,Comoros,1972,,,,,,,,,,27
COM,Comoros,1973,,,,,,,,,,28
COM,Comoros,1974,,,,,,,,,,29
COM,Comoros,1975,,,,,,,,,,30
COM,Comoros,1976,,,,,,,,,,31
COM,Comoros,1977,,,,,,,,,,32
COM,Comoros,1978,,,,,,,,,,33
COM,Comoros,1979,,,,,,,,,,34
COM,Comoros,1980,0.0,0.0,0.0,0.0,,,,,,35
COM,Comoros,1981,0.0,0.0,0.0,0.0,,,,,,36
COM,Comoros,1982,0.0,0.0,0.0,0.0,,,,,,37
COM,Comoros,1983,0.0,0.0,0.0,0.0,,,,,,38
COM,Comoros,1984,0.0,0.0,0.0,0.0,,,,,,39
COM,Comoros,1985,0.0,0.0,0.0,0.0,,,,,,40
COM,Comoros,1986,0.0,0.0,0.0,0.0,,,,,,41
COM,Comoros,1987,0.0,0.0,0.0,0.0,,,,,,42
COM,Comoros,1988,0.0,0.0,0.0,0.0,,,,,,43
COM,Comoros,1989,0.0,0.0,0.0,0.0,,,,,,44
COM,Comoros,1990,0.0,0.0,0.0,0.0,,,,,,45
COM,Comoros,1991,0.0,0.0,0.0,0.0,,,,,,46
COM,Comoros,1992,0.0,0.0,0.0,0.0,,,,,,47
COM,Comoros,1993,0.0,0.0,0.0,0.0,,,,,,48
COM,Comoros,1994,0.0,0.0,0.0,0.0,,,,,,49
COM,Comoros,1995,0.0,0.0,0.0,0.0,,,,,,50
COM,Comoros,1996,0.0,0.0,0.0,0.0,,,,,,51
COM,Comoros,1997,0.0,0.0,0.0,0.0,,,,,,52
COM,Comoros,1998,0.0,0.0,0.0,0.0,,,,,,53
COM,Comoros,1999,0.0,0.0,0.0,0.0,,,,,,54
COM,Comoros,2000,0.0,0.0,0.0,0.0,,,,,,55
COM,Comoros,2001,0.0,0.0,0.0,0.0,,,,,,56
COM,Comoros,2002,0.0,0.0,0.0,0.0,,,,,,57
COM,Comoros,2003,0.0,0.0,0.0,0.0,,,,,,58
COM,Comoros,2004,0.0,0.0,0.0,0.0,,,,,,59
COM,Comoros,2005,0.0,0.0,0.0,0.0,,,,,,60
COM,Comoros,2006,0.0,0.0,0.0,0.0,,,,,,61
COM,Comoros,2007,0.0,0.0,0.0,0.0,,,,,,62
COM,Comoros,2008,0.0,0.0,0.0,0.0,,,,,,63
COM,Comoros,2009,0.0,0.0,0.0,0.0,,,,,,64
COM,Comoros,2010,0.0,0.0,0.0,0.0,,,,,,65
COM,Comoros,2011,0.0,0.0,0.0,0.0,,,,,,66
COM,Comoros,2012,0.0,0.0,0.0,0.0,,,,,,67
COM,Comoros,2013,0.0,0.0,0.0,0.0,,,,,,68
COM,Comoros,2014,0.0,0.0,0.0,0.0,,,,,,69
COM,Comoros,2015,0.0,0.0,0.0,0.0,,,,,,70
COM,Comoros,2016,0.0,0.0,0.0,0.0,,,,,,71
COM,Comoros,2017,0.0,0.0,0.0,0.0,,,,,,72
COM,Comoros,2018,0.0,0.0,0.0,0.0,,,,,,73
COM,Comoros,2019,0.0,0.0,0.0,0.0,,,,,,74
COM,Comoros,2020,0.0,0.0,0.0,0.0,,,,,,75
COM,Comoros,2021,0.0,0.0,0.0,0.0,,,,,,76
COM,Comoros,2022,,,,,,,,,,77
COM,Comoros,2023,,,,,,,,,,78
COM,Comoros,2024,,,,,,,,,,79
COM,Comoros,2025,,,,,,,,,,80
CPV,Cabo Verde,1960,,,,,,,,,,15
CPV,Cabo Verde,1961,,,,,,,,,,16
CPV,Cabo Verde,1962,,,,,,,,,,17
CPV,Cabo Verde,1963,,,,,,,,,,18
CPV,Cabo Verde,1964,,,,,,,,,,19
CPV,Cabo Verde,1965,,,,,,,,,,20
CPV,Cabo Verde,1966,,,,,,,,,,21
CPV,Cabo Verde,1967,,,,,,,,,,22
CPV,Cabo Verde,1968,,,,,,,,,,23
CPV,Cabo Verde,1969,,,,,,,,,,24
CPV,Cabo Verde,1970,,,,,,,,,,25
CPV,Cabo Verde,1971,,,,,,,,,,26
CPV,Cabo Verde,1972,,,,,,,,,,27
CPV,Cabo Verde,1973,,,,,,,,,,28
CPV,Cabo Verde,1974,,,,,,,,,,29
CPV,Cabo Verde,1975,,,,,,,,,,30
CPV,Cabo Verde,1976,,,,,,,,,,31
CPV,Cabo Verde,1977,,,,,,,,,,32
CPV,Cabo Verde,1978,,,,,,,,,,33
CPV,Cabo Verde,1979,,,,,,,,,,34
CPV,Cabo Verde,1980,,,,,,,,,,35
CPV,Cabo Verde,1981,,,,,,,,,,36
CPV,Cabo Verde,1982,,,,,,,,,,37
CPV,Cabo Verde,1983,,,,,,,,,,38
CPV,Cabo Verde,1984,,,,,,,,,,39
CPV,Cabo Verde,1985,,,,,,,,,,40
CPV,Cabo Verde,1986,,,,,,,,,,41
CPV,Cabo Verde,1987,0.0,60.3345094673672,0.0,60.3345094673672,,,,,,42
CPV,Cabo Verde,1988,0.0,59.5161232558082,0.0,59.5161232558082,,,,,,43
CPV,Cabo Verde,1989,0.0,69.8038632577659,0.0,69.8038632577659,,,,,,44
CPV,Cabo Verde,1990,0.0,58.8340571455211,0.0,58.8340571455211,,,,,,45
CPV,Cabo Verde,1991,0.0,55.7330916346419,0.0,55.7330916346419,,,,,,46
CPV,Cabo Verde,1992,0.0,45.1411282201477,0.0,45.1411282201477,,,,,,47
CPV,Cabo Verde,1993,0.0,26.8093770604547,0.0,26.8093770604547,,,,,,48
CPV,Cabo Verde,1994,0.0,28.2075920745909,0.0,28.2075920745909,,,,,,49
CPV,Cabo Verde,1995,0.0,29.3073905590353,0.0,29.3073905590353,,,,,,50
CPV,Cabo Verde,1996,0.0,28.8241325799333,0.0,28.8241325799333,,,,,,51
CPV,Cabo Verde,1997,0.0,27.9261973255657,0.0,27.9261973255657,,,,,,52
CPV,Cabo Verde,1998,0.0,21.8556292367127,0.0,21.8556292367127,,,,,,53
CPV,Cabo Verde,1999,0.0,13.9165354661169,0.0,13.9165354661169,,,,,,54
CPV,Cabo Verde,2000,0.0,17.0506562731343,0.0,17.0506562731343,,,,,,55
CPV,Cabo Verde,2001,0.0,23.7774303144037,0.0,23.7774303144037,,,,,,56
CPV,Cabo Verde,2002,0.0,18.6660117494038,0.0,18.6660117494038,,,,,,57
CPV,Cabo Verde,2003,0.0,13.6465215764818,0.0,13.6465215764818,,,,,,58
CPV,Cabo Verde,2004,0.0,25.0815325396624,0.0,25.0815325396624,,,,,,59
CPV,Cabo Verde,2005,0.0,31.6104334488128,0.0,31.6104334488128,,,,,,60
CPV,Cabo Verde,2006,0.0,30.4031239366484,0.0,30.4031239366484,,,,,,61
CPV,Cabo Verde,2007,0.0,21.5472166448193,0.0,21.5472166448193,,,,,,62
CPV,Cabo Verde,2008,0.0,48.7224896766497,0.0,48.7224896766497,,,,,,63
CPV,Cabo Verde,2009,0.0,21.2095054194917,0.0,21.2095054194917,,,,,,64
CPV,Cabo Verde,2010,0.0,32.8175245458718,0.0,32.8175245458718,,,,,,65
CPV,Cabo Verde,2011,0.0,39.6578022158308,0.0,39.6578022158308,,,,,,66
CPV,Cabo Verde,2012,0.0,24.4650892301952,0.0,24.4650892301952,,,,,,67
CPV,Cabo Verde,2013,0.0,15.9841772281575,0.0,15.9841772281575,,,,,,68
CPV,Cabo Verde,2014,0.0,11.3666676890308,0.0,11.3666676890308,,,,,,69
CPV,Cabo Verde,2015,0.0,8.69712510622088,0.0,8.69712510622088,,,,,,70
CPV,Cabo Verde,2016,0.0,9.38675264949474,0.0,9.38675264949474,,,,,,71
CPV,Cabo Verde,2017,0.0,11.6082269487291,0.0,11.6082269487291,,,,,,72
CPV,Cabo Verde,2018,0.0,13.9398394603711,0.0,13.9398394603711,,,,,,73
CPV,Cabo Verde,2019,0.0,12.7633265623315,0.0,12.7633265623315,,,,,,74
CPV,Cabo Verde,2020,0.0,11.0704275823815,0.0,11.0704275823815,,,,,,75
CPV,Cabo Verde,2021,0.0,17.1799974804718,0.0,17.1799974804718,,,,,,76
CPV,Cabo Verde,2022,,,,,,,,,,77
CPV,Cabo Verde,2023,,,,,,,,,,78
CPV,Cabo Verde,2024,,,,,,,,,,79
CPV,Cabo Verde,2025,,,,,,,,,,80
CRI,Costa Rica,1960,,,,,,,,,,15
CRI,Costa Rica,1961,,,,,,,,,,16
CRI,Costa Rica,1962,,,,,,,,,,17
CRI,Costa Rica,1963,,,,,,,,,,18
CRI,Costa Rica,1964,,,,,,,,,,19
CRI,Costa Rica,1965,,,,,,,,,,20
CRI,Costa Rica,1966,,,,,,,,,,21
CRI,Costa Rica,1967,,,,,,,,,,22
CRI,Costa Rica,1968,,,,,,,,,,23
CRI,Costa Rica,1969,,,,,,,,,,24
CRI,Costa Rica,1970,,,,,,,,,,25
CRI,Costa Rica,1971,0.0,0.0,0.0,0.0,,,,,,26
CRI,Costa Rica,1972,0.0,0.0,0.0,0.0,,,,,,27
CRI,Costa Rica,1973,0.0,0.0,0.0,0.0,,,,,,28
CRI,Costa Rica,1974,0.0,0.0,0.0,0.0,,,,,,29
CRI,Costa Rica,1975,0.0,0.0,0.0,0.0,,,,,,30
CRI,Costa Rica,1976,0.0,0.0,0.0,0.0,,,,,,31
CRI,Costa Rica,1977,0.0,0.0,0.0,0.0,,,,,,32
CRI,Costa Rica,1978,0.0,0.0,0.0,0.0,,,,,,33
CRI,Costa Rica,1979,0.0,0.0,0.0,0.0,,,,,,34
CRI,Costa Rica,1980,0.0,0.0,0.0,0.0,,,,,,35
CRI,Costa Rica,1981,0.0,0.0,0.0,0.0,,,,,,36
CRI,Costa Rica,1982,0.0,0.0,0.0,0.0,,,,,,37
CRI,Costa Rica,1983,0.0,0.0,0.0,0.0,,,,,,38
CRI,Costa Rica,1984,0.0,0.0,0.0,0.0,,,,,,39
CRI,Costa Rica,1985,0.0,0.0,0.0,0.0,,,,,,40
CRI,Costa Rica,1986,0.0,0.0,0.0,0.0,,,,,,41
CRI,Costa Rica,1987,0.0,0.0,0.0,0.0,,,,,,42
CRI,Costa Rica,1988,0.0,0.0,0.0,0.0,,,,,,43
CRI,Costa Rica,1989,0.0,0.0,0.0,0.0,,,,,,44
CRI,Costa Rica,1990,0.0,0.0,0.0,0.0,,,,,,45
CRI,Costa Rica,1991,0.0,0.0,0.0,0.0,,,,,,46
CRI,Costa Rica,1992,0.0,0.0,0.0,0.0,,,,,,47
CRI,Costa Rica,1993,0.0,0.0,0.0,0.0,,,,,,48
CRI,Costa Rica,1994,0.0,0.0,0.0,0.0,,,,,,49
CRI,Costa Rica,1995,0.0,0.0,0.0,0.0,,,,,,50
CRI,Costa Rica,1996,0.0,0.0,0.0,0.0,,,,,,51
CRI,Costa Rica,1997,0.0,0.0,0.0,0.0,,,,,,52
CRI,Costa Rica,1998,0.0,0.0,0.0,0.0,,,,,,53
CRI,Costa Rica,1999,0.0,0.0,0.0,0.0,,,,,,54
CRI,Costa Rica,2000,0.0,0.0,0.0,0.0,,,,,,55
CRI,Costa Rica,2001,0.0,0.0,0.0,0.0,,,,,,56
CRI,Costa Rica,2002,0.0283908073416018,0.0,0.0,0.0283908073416018,,,,,,57
CRI,Costa Rica,2003,0.0374595979479728,0.0,0.0,0.0374595979479728,,,,,,58
CRI,Costa Rica,2004,0.0613781507663448,0.0,0.0,0.0613781507663448,,,,,,59
CRI,Costa Rica,2005,0.13263457054308,0.0,0.0,0.13263457054308,,,,,,60
CRI,Costa Rica,2006,0.145655110180747,0.0,0.0,0.145655110180747,,,,,,61
CRI,Costa Rica,2007,0.177661149458376,0.0,0.0,0.177661149458376,,,,,,62
CRI,Costa Rica,2008,0.177814056910713,0.0,0.0,0.177814056910713,,,,,,63
CRI,Costa Rica,2009,0.0442489217587359,0.0,0.0,0.0442489217587359,,,,,,64
CRI,Costa Rica,2010,0.0,0.0,0.0,0.0,,,,,,65
CRI,Costa Rica,2011,0.0,0.0,0.0,0.0,,,,,,66
CRI,Costa Rica,2012,0.0649850267861909,0.0,0.0,0.0649850267861909,,,,,,67
CRI,Costa Rica,2013,0.0577584252152377,0.0,0.0,0.0577584252152377,,,,,,68
CRI,Costa Rica,2014,0.0518301508258059,0.0,0.0,0.0518301508258059,,,,,,69
CRI,Costa Rica,2015,0.0200960578384208,0.0,0.0,0.0200960578384208,,,,,,70
CRI,Costa Rica,2016,0.0158677459016205,0.0,0.0,0.0158677459016205,,,,,,71
CRI,Costa Rica,2017,0.0058555348343444,0.0,0.0,0.0058555348343444,,,,,,72
CRI,Costa Rica,2018,0.0090072249417001,0.0,0.0,0.0090072249417001,,,,,,73
CRI,Costa Rica,2019,0.0069863479612975,0.0,0.0,0.0069863479612975,,,,,,74
CRI,Costa Rica,2020,0.0034159082601099,0.0,0.0,0.0034159082601099,,,,,,75
CRI,Costa Rica,2021,0.0089657936912584,0.0,0.0,0.0089657936912584,,,,,,76
CRI,Costa Rica,2022,,,,,,,,,,77
CRI,Costa Rica,2023,,,,,,,,,,78
CRI,Costa Rica,2024,,,,,,,,,,79
CRI,Costa Rica,2025,,,,,,,,,,80
CUB,Cuba,1960,,,,,,,,,,15
CUB,Cuba,1961,,,,,,,,,,16
CUB,Cuba,1962,,,,,,,,,,17
CUB,Cuba,1963,,,,,,,,,,18
CUB,Cuba,1964,,,,,,,,,,19
CUB,Cuba,1965,,,,,,,,,,20
CUB,Cuba,1966,,,,,,,,,,21
CUB,Cuba,1967,,,,,,,,,,22
CUB,Cuba,1968,,,,,,,,,,23
CUB,Cuba,1969,,,,,,,,,,24
CUB,Cuba,1970,0.0047712960605014,,,0.0047712960605014,,,,,,25
CUB,Cuba,1971,0.0140045517696139,0.0,4.05550677629978e-05,0.014045106837376897,,,,,,26
CUB,Cuba,1972,0.0186977412483791,0.0,4.36007223165934e-05,0.018741341970695692,,,,,,27
CUB,Cuba,1973,0.0337887211090941,0.0,7.3217325947975e-05,0.03386193843504208,,,,,,28
CUB,Cuba,1974,0.197845984286904,0.0,0.000636944886301,0.198482929173205,,,,,,29
CUB,Cuba,1975,0.193309806881375,0.0,0.0009324843077768,0.1942422911891518,,,,,,30
CUB,Cuba,1976,0.196787845883152,0.0,0.0010627736751447,0.19785061955829672,,,,,,31
CUB,Cuba,1977,0.160586274366474,0.0,6.1076485891691e-05,0.16064735085236567,,,,,,32
CUB,Cuba,1978,0.140414786124696,0.0,7.16925453315475e-05,0.14048647867002753,,,,,,33
CUB,Cuba,1979,0.33619086941619,0.0,0.0007277473108081,0.3369186167269981,,,,,,34
CUB,Cuba,1980,0.23011806408963,0.0,0.0018172377709656,0.2319353018605956,,,,,,35
CUB,Cuba,1981,0.301829036754566,0.0,0.000817706536557,0.302646743291123,,,,,,36
CUB,Cuba,1982,0.217067936658417,0.0,0.0001321410834093,0.21720007774182631,,,,,,37
CUB,Cuba,1983,0.335359837135922,0.0,0.0005308997489461,0.3358907368848681,,,,,,38
CUB,Cuba,1984,0.380565874392903,0.0,0.0002167362324269,0.3807826106253299,,,,,,39
CUB,Cuba,1985,0.428379697837274,0.0,0.000467044598548,0.428846742435822,,,,,,40
CUB,Cuba,1986,0.184420150331265,0.0,0.0003583450727146,0.1847784954039796,,,,,,41
CUB,Cuba,1987,0.286924401277863,0.0,0.0009129113496792,0.2878373126275422,,,,,,42
CUB,Cuba,1988,0.164363422913367,0.0,0.000675613198694,0.165039036112061,,,,,,43
CUB,Cuba,1989,0.252991351505356,0.0,0.0012845323799271,0.2542758838852831,,,,,,44
CUB,Cuba,1990,0.31891247361977,0.0,0.0015519259696759,0.3204643995894459,,,,,,45
CUB,Cuba,1991,0.201212158276417,0.0,0.0013012226683369,0.2025133809447539,,,,,,46
CUB,Cuba,1992,0.281464360818641,0.0,0.0009076032457184,0.28237196406435944,,,,,,47
CUB,Cuba,1993,0.313376335941248,0.0,0.0012210910213554,0.3145974269626034,,,,,,48
CUB,Cuba,1994,0.374698995902472,0.0,0.0007149451978926,0.37541394110036463,,,,,,49
CUB,Cuba,1995,0.369987817099305,0.0,0.0005075903369896,0.3704954074362946,,,,,,50
CUB,Cuba,1996,0.675390195778219,0.0,0.000733563552197,0.676123759330416,,,,,,51
CUB,Cuba,1997,0.626493951547418,0.0,0.0013867007397465,0.6278806522871645,,,,,,52
CUB,Cuba,1998,0.300379052764362,0.0,0.0035049465911724,0.3038839993555344,,,,,,53
CUB,Cuba,1999,0.543947892989849,0.0,0.0171150477205305,0.5610629407103795,,,,,,54
CUB,Cuba,2000,1.03392160067739,0.0,0.0359991017269573,1.0699207024043471,,,,,,55
CUB,Cuba,2001,0.779894730792667,0.0,0.0353626627565963,0.8152573935492633,,,,,,56
CUB,Cuba,2002,0.831779750838195,0.0,0.0256172551808774,0.8573970060190724,,,,,,57
CUB,Cuba,2003,0.993675537981586,0.0,0.0205500721682942,1.0142256101498803,,,,,,58
CUB,Cuba,2004,1.18579942444702,0.0,0.0208004922554342,1.2065999167024541,,,,,,59
CUB,Cuba,2005,1.37378607233087,0.0,0.0374885182921214,1.4112745906229913,,,,,,60
CUB,Cuba,2006,1.4879931750339,0.0,0.0676605557087799,1.5556537307426799,,,,,,61
CUB,Cuba,2007,1.5704638638002,0.0,0.0816960299384737,1.6521598937386737,,,,,,62
CUB,Cuba,2008,2.02585670473765,0.0,0.0837279708502994,2.1095846755879495,,,,,,63
CUB,Cuba,2009,0.987366610395309,0.0,0.0895315001563061,1.076898110551615,,,,,,64
CUB,Cuba,2010,1.34124170669609,0.0,0.0567309411882793,1.3979726478843693,,,,,,65
CUB,Cuba,2011,1.84020872037107,0.0,0.104448229136775,1.944656949507845,,,,,,66
CUB,Cuba,2012,1.66617403150143,0.0,0.105749002098167,1.771923033599597,,,,,,67
CUB,Cuba,2013,1.44283922428397,0.0,0.11276462547149,1.55560384975546,,,,,,68
CUB,Cuba,2014,1.25544342902406,0.0,0.109578029251644,1.3650214582757039,,,,,,69
CUB,Cuba,2015,0.439949990553393,0.0,0.0532537527362868,0.4932037432896798,,,,,,70
CUB,Cuba,2016,0.325419833747477,0.0,0.0207658045978483,0.34618563834532534,,,,,,71
CUB,Cuba,2017,0.457704950515475,0.0,0.0232276417840159,0.4809325922994909,,,,,,72
CUB,Cuba,2018,0.731495348136671,0.0,0.0494182663276201,0.7809136144642912,,,,,,73
CUB,Cuba,2019,0.543713406970896,0.0,0.0497037958193293,0.5934172027902253,,,,,,74
CUB,Cuba,2020,0.222499890127649,0.0,0.02442943653562,0.246929326663269,,,,,,75
CUB,Cuba,2021,,,,,,,,,,76
CUB,Cuba,2022,,,,,,,,,,77
CUB,Cuba,2023,,,,,,,,,,78
CUB,Cuba,2024,,,,,,,,,,79
CUB,Cuba,2025,,,,,,,,,,80
CUW,Curacao,1960,,,,,,,,,,15
CUW,Curacao,1961,,,,,,,,,,16
CUW,Curacao,1962,,,,,,,,,,17
CUW,Curacao,1963,,,,,,,,,,18
CUW,Curacao,1964,,,,,,,,,,19
CUW,Curacao,1965,,,,,,,,,,20
CUW,Curacao,1966,,,,,,,,,,21
CUW,Curacao,1967,,,,,,,,,,22
CUW,Curacao,1968,,,,,,,,,,23
CUW,Curacao,1969,,,,,,,,,,24
CUW,Curacao,1970,,,,,,,,,,25
CUW,Curacao,1971,,,,,,,,,,26
CUW,Curacao,1972,,,,,,,,,,27
CUW,Curacao,1973,,,,,,,,,,28
CUW,Curacao,1974,,,,,,,,,,29
CUW,Curacao,1975,,,,,,,,,,30
CUW,Curacao,1976,,,,,,,,,,31
CUW,Curacao,1977,,,,,,,,,,32
CUW,Curacao,1978,,,,,,,,,,33
CUW,Curacao,1979,,,,,,,,,,34
CUW,Curacao,1980,,,,,,,,,,35
CUW,Curacao,1981,,,,,,,,,,36
CUW,Curacao,1982,,,,,,,,,,37
CUW,Curacao,1983,,,,,,,,,,38
CUW,Curacao,1984,,,,,,,,,,39
CUW,Curacao,1985,,,,,,,,,,40
CUW,Curacao,1986,,,,,,,,,,41
CUW,Curacao,1987,,,,,,,,,,42
CUW,Curacao,1988,,,,,,,,,,43
CUW,Curacao,1989,,,,,,,,,,44
CUW,Curacao,1990,,,,,,,,,,45
CUW,Curacao,1991,,,,,,,,,,46
CUW,Curacao,1992,,,,,,,,,,47
CUW,Curacao,1993,,,,,,,,,,48
CUW,Curacao,1994,,,,,,,,,,49
CUW,Curacao,1995,,,,,,,,,,50
CUW,Curacao,1996,,,,,,,,,,51
CUW,Curacao,1997,,,,,,,,,,52
CUW,Curacao,1998,,,,,,,,,,53
CUW,Curacao,1999,,,,,,,,,,54
CUW,Curacao,2000,,,,,,,,,,55
CUW,Curacao,2001,,,,,,,,,,56
CUW,Curacao,2002,,,,,,,,,,57
CUW,Curacao,2003,,,,,,,,,,58
CUW,Curacao,2004,,,,,,,,,,59
CUW,Curacao,2005,,,,,,,,,,60
CUW,Curacao,2006,,,,,,,,,,61
CUW,Curacao,2007,,,,,,,,,,62
CUW,Curacao,2008,,,,,,,,,,63
CUW,Curacao,2009,,,,,,,,,,64
CUW,Curacao,2010,,,,,,,,,,65
CUW,Curacao,2011,,0.0,,0.0,,,,,,66
CUW,Curacao,2012,,0.0,,0.0,,,,,,67
CUW,Curacao,2013,,0.0,,0.0,,,,,,68
CUW,Curacao,2014,,0.0,,0.0,,,,,,69
CUW,Curacao,2015,,0.0,,0.0,,,,,,70
CUW,Curacao,2016,,0.0,,0.0,,,,,,71
CUW,Curacao,2017,,0.0,,0.0,,,,,,72
CUW,Curacao,2018,,0.0,,0.0,,,,,,73
CUW,Curacao,2019,,0.0,,0.0,,,,,,74
CUW,Curacao,2020,,0.0,,0.0,,,,,,75
CUW,Curacao,2021,,0.0,,0.0,,,,,,76
CUW,Curacao,2022,,,,,,,,,,77
CUW,Curacao,2023,,,,,,,,,,78
CUW,Curacao,2024,,,,,,,,,,79
CUW,Curacao,2025,,,,,,,,,,80
CYM,Cayman Islands,1960,,,,,,,,,,15
CYM,Cayman Islands,1961,,,,,,,,,,16
CYM,Cayman Islands,1962,,,,,,,,,,17
CYM,Cayman Islands,1963,,,,,,,,,,18
CYM,Cayman Islands,1964,,,,,,,,,,19
CYM,Cayman Islands,1965,,,,,,,,,,20
CYM,Cayman Islands,1966,,,,,,,,,,21
CYM,Cayman Islands,1967,,,,,,,,,,22
CYM,Cayman Islands,1968,,,,,,,,,,23
CYM,Cayman Islands,1969,,,,,,,,,,24
CYM,Cayman Islands,1970,,,,,,,,,,25
CYM,Cayman Islands,1971,,,,,,,,,,26
CYM,Cayman Islands,1972,,,,,,,,,,27
CYM,Cayman Islands,1973,,,,,,,,,,28
CYM,Cayman Islands,1974,,,,,,,,,,29
CYM,Cayman Islands,1975,,,,,,,,,,30
CYM,Cayman Islands,1976,,,,,,,,,,31
CYM,Cayman Islands,1977,,,,,,,,,,32
CYM,Cayman Islands,1978,,,,,,,,,,33
CYM,Cayman Islands,1979,,,,,,,,,,34
CYM,Cayman Islands,1980,,,,,,,,,,35
CYM,Cayman Islands,1981,,,,,,,,,,36
CYM,Cayman Islands,1982,,,,,,,,,,37
CYM,Cayman Islands,1983,,,,,,,,,,38
CYM,Cayman Islands,1984,,,,,,,,,,39
CYM,Cayman Islands,1985,,,,,,,,,,40
CYM,Cayman Islands,1986,,,,,,,,,,41
CYM,Cayman Islands,1987,,,,,,,,,,42
CYM,Cayman Islands,1988,,,,,,,,,,43
CYM,Cayman Islands,1989,,,,,,,,,,44
CYM,Cayman Islands,1990,,,,,,,,,,45
CYM,Cayman Islands,1991,,,,,,,,,,46
CYM,Cayman Islands,1992,,,,,,,,,,47
CYM,Cayman Islands,1993,,,,,,,,,,48
CYM,Cayman Islands,1994,,,,,,,,,,49
CYM,Cayman Islands,1995,,,,,,,,,,50
CYM,Cayman Islands,1996,,,,,,,,,,51
CYM,Cayman Islands,1997,,,,,,,,,,52
CYM,Cayman Islands,1998,,,,,,,,,,53
CYM,Cayman Islands,1999,,,,,,,,,,54
CYM,Cayman Islands,2000,,,,,,,,,,55
CYM,Cayman Islands,2001,,,,,,,,,,56
CYM,Cayman Islands,2002,,,,,,,,,,57
CYM,Cayman Islands,2003,,,,,,,,,,58
CYM,Cayman Islands,2004,,,,,,,,,,59
CYM,Cayman Islands,2005,,,,,,,,,,60
CYM,Cayman Islands,2006,0.0,0.0,0.0,0.0,,,,,,61
CYM,Cayman Islands,2007,0.0,0.0,0.0,0.0,,,,,,62
CYM,Cayman Islands,2008,0.0,0.0,0.0,0.0,,,,,,63
CYM,Cayman Islands,2009,0.0,0.0,0.0,0.0,,,,,,64
CYM,Cayman Islands,2010,0.0,0.0,0.0,0.0,,,,,,65
CYM,Cayman Islands,2011,0.0,0.0,0.0,0.0,,,,,,66
CYM,Cayman Islands,2012,0.0,0.0,0.0,0.0,,,,,,67
CYM,Cayman Islands,2013,0.0,0.0,0.0,0.0,,,,,,68
CYM,Cayman Islands,2014,0.0,0.0,0.0,0.0,,,,,,69
CYM,Cayman Islands,2015,0.0,0.0,0.0,0.0,,,,,,70
CYM,Cayman Islands,2016,0.0,0.0,0.0,0.0,,,,,,71
CYM,Cayman Islands,2017,0.0,0.0,0.0,0.0,,,,,,72
CYM,Cayman Islands,2018,0.0,0.0,0.0,0.0,,,,,,73
CYM,Cayman Islands,2019,0.0,0.0,0.0,0.0,,,,,,74
CYM,Cayman Islands,2020,0.0,0.0,0.0,0.0,,,,,,75
CYM,Cayman Islands,2021,0.0,0.0,0.0,0.0,,,,,,76
CYM,Cayman Islands,2022,,,,,,,,,,77
CYM,Cayman Islands,2023,,,,,,,,,,78
CYM,Cayman Islands,2024,,,,,,,,,,79
CYM,Cayman Islands,2025,,,,,,,,,,80
CYP,Cyprus,1960,,,,,,,,,,15
CYP,Cyprus,1961,,,,,,,,,,16
CYP,Cyprus,1962,,,,,,,,,,17
CYP,Cyprus,1963,,,,,,,,,,18
CYP,Cyprus,1964,,,,,,,,,,19
CYP,Cyprus,1965,,,,,,,,,,20
CYP,Cyprus,1966,,,,,,,,,,21
CYP,Cyprus,1967,,,,,,,,,,22
CYP,Cyprus,1968,,,,,,,,,,23
CYP,Cyprus,1969,,,,,,,,,,24
CYP,Cyprus,1970,,,,,,,,,,25
CYP,Cyprus,1971,,,,,,,,,,26
CYP,Cyprus,1972,,,,,,,,,,27
CYP,Cyprus,1973,,,,,,,,,,28
CYP,Cyprus,1974,,,,,,,,,,29
CYP,Cyprus,1975,0.0,0.0,0.0,0.0,,,,,,30
CYP,Cyprus,1976,0.0,0.0,0.0,0.0,,,,,,31
CYP,Cyprus,1977,0.0,0.0,0.0,0.0,,,,,,32
CYP,Cyprus,1978,0.0,0.0,0.0,0.0,,,,,,33
CYP,Cyprus,1979,0.0,0.0,0.0,0.0,,,,,,34
CYP,Cyprus,1980,0.0,0.0,0.0,0.0,,,,,,35
CYP,Cyprus,1981,0.0,0.0,0.0,0.0,,,,,,36
CYP,Cyprus,1982,0.0,0.0,0.0,0.0,,,,,,37
CYP,Cyprus,1983,0.0,0.0,0.0,0.0,,,,,,38
CYP,Cyprus,1984,0.0,0.0,0.0,0.0,,,,,,39
CYP,Cyprus,1985,0.0,0.0,0.0,0.0,,,,,,40
CYP,Cyprus,1986,0.0,0.0,0.0,0.0,,,,,,41
CYP,Cyprus,1987,0.0,0.0,0.0,0.0,,,,,,42
CYP,Cyprus,1988,0.0,0.0,0.0,0.0,,,,,,43
CYP,Cyprus,1989,0.0,0.0,0.0,0.0,,,,,,44
CYP,Cyprus,1990,0.0,0.0,0.0,0.0,,,,,,45
CYP,Cyprus,1991,0.0,0.0,0.0,0.0,,,,,,46
CYP,Cyprus,1992,0.0,0.0,0.0,0.0,,,,,,47
CYP,Cyprus,1993,0.0,0.0,0.0,0.0,,,,,,48
CYP,Cyprus,1994,0.0,0.0,0.0,0.0,,,,,,49
CYP,Cyprus,1995,0.0,0.0,0.0,0.0,,,,,,50
CYP,Cyprus,1996,0.0,0.0,0.0,0.0,,,,,,51
CYP,Cyprus,1997,0.0,0.0,0.0,0.0,,,,,,52
CYP,Cyprus,1998,0.0,0.0,0.0,0.0,,,,,,53
CYP,Cyprus,1999,0.0,0.0,0.0,0.0,,,,,,54
CYP,Cyprus,2000,0.0,0.0,0.0,0.0,,,,,,55
CYP,Cyprus,2001,0.0,0.0,0.0,0.0,,,,,,56
CYP,Cyprus,2002,0.0,0.0,0.0,0.0,,,,,,57
CYP,Cyprus,2003,0.0,0.0,0.0,0.0,,,,,,58
CYP,Cyprus,2004,0.0,0.0,0.0,0.0,,,,,,59
CYP,Cyprus,2005,0.001201771639014,0.0,0.0,0.001201771639014,,,,,,60
CYP,Cyprus,2006,0.0012743349855961,0.0,0.0,0.0012743349855961,99.99469,,,,,61
CYP,Cyprus,2007,0.0011798865812592,0.0,0.0,0.0011798865812592,99.95259,,,,,62
CYP,Cyprus,2008,0.0150445662460913,0.0,0.0,0.0150445662460913,,,,,,63
CYP,Cyprus,2009,0.0086811159973184,0.0,0.0,0.0086811159973184,,,,,,64
CYP,Cyprus,2010,0.0054958172488735,0.0,0.0,0.0054958172488735,,,,,,65
CYP,Cyprus,2011,0.0100066330418738,0.0,0.0,0.0100066330418738,,,,,,66
CYP,Cyprus,2012,0.0105936802654269,0.0,0.0,0.0105936802654269,,,,,,67
CYP,Cyprus,2013,0.0031621616968066,0.0,0.0,0.0031621616968066,,,,,,68
CYP,Cyprus,2014,0.0022848977248968,0.0,0.0,0.0022848977248968,,,,,,69
CYP,Cyprus,2015,0.0,0.0,0.0,0.0,,,,,,70
CYP,Cyprus,2016,0.0002762972912372,0.0,0.0,0.0002762972912372,,,,,,71
CYP,Cyprus,2017,0.0,0.0,0.0,0.0,,,,,,72
CYP,Cyprus,2018,0.0,0.0,0.0,0.0,,,,,,73
CYP,Cyprus,2019,0.0,0.0,0.0,0.0,,,,,,74
CYP,Cyprus,2020,0.0,0.0,0.0,0.0,,,,,,75
CYP,Cyprus,2021,0.0,0.0,0.0,0.0,,,,,,76
CYP,Cyprus,2022,,,,,,,,,,77
CYP,Cyprus,2023,,,,,,,,,,78
CYP,Cyprus,2024,,,,,,,,,,79
CYP,Cyprus,2025,,,,,,,,,,80
CZE,Czechia,1960,,,,,,,,,,15
CZE,Czechia,1961,,,,,,,,,,16
CZE,Czechia,1962,,,,,,,,,,17
CZE,Czechia,1963,,,,,,,,,,18
CZE,Czechia,1964,,,,,,,,,,19
CZE,Czechia,1965,,,,,99.51943,,,,,20
CZE,Czechia,1966,,,,,99.55067,,,,,21
CZE,Czechia,1967,,,,,99.58894,,,,,22
CZE,Czechia,1968,,,,,99.6956,,,,,23
CZE,Czechia,1969,,,,,99.76198,,,,,24
CZE,Czechia,1970,,,,,99.6733,,,,,25
CZE,Czechia,1971,,,,,99.7809,,,,,26
CZE,Czechia,1972,,,,,99.771996,,,,,27
CZE,Czechia,1973,,,,,99.8063,,,,,28
CZE,Czechia,1974,,,,,99.67669,,,,,29
CZE,Czechia,1975,,,,,99.69031,,,,,30
CZE,Czechia,1976,,,,,99.76016,,,,,31
CZE,Czechia,1977,,,,,99.68366,,,,,32
CZE,Czechia,1978,,,,,99.70989,,,,,33
CZE,Czechia,1979,,,,,99.639824,,,,,34
CZE,Czechia,1980,,,,,99.61065,,,,,35
CZE,Czechia,1981,,,,,99.663345,496.22098,,,496.22098,36
CZE,Czechia,1982,,,,,99.7243,501.44598,,,501.44598,37
CZE,Czechia,1983,,,,,99.627365,509.62076,,,509.62076,38
CZE,Czechia,1984,,,,,99.19545,517.12714,,,517.12714,39
CZE,Czechia,1985,,,,,98.578865,510.80017,,,510.80017,40
CZE,Czechia,1986,,,,,96.7756,509.7306,,,509.7306,41
CZE,Czechia,1987,,,,,94.63604,506.90396,,,506.90396,42
CZE,Czechia,1988,,,,,94.20664,494.7815,,,494.7815,43
CZE,Czechia,1989,,,,,93.81696,473.74078,,,473.74078,44
CZE,Czechia,1990,0.0241546688775384,1.37922206335397,0.0097990285891432,1.4131757608206517,92.90604,422.0585,,,422.0585,45
CZE,Czechia,1991,0.0185752326970374,1.65795436650295,0.0097500637085548,1.6862796629085421,92.47296,394.43753,,,394.43753,46
CZE,Czechia,1992,0.0144138022143178,1.06027906594633,0.0030192919044243,1.077712160065072,92.254555,365.37872,,,365.37872,47
CZE,Czechia,1993,0.0143009433982058,0.490518780016397,0.0077137256412407,0.5125334490558435,91.755196,357.6968,,,357.6968,48
CZE,Czechia,1994,0.0125335992840751,0.275756177150651,0.0064913849357411,0.29478116137046717,91.17204,326.8422,,,326.8422,49
CZE,Czechia,1995,0.0137249404827816,0.340515672038566,0.0099165693864166,0.3641571819077642,91.6526,316.6454,,,316.6454,50
CZE,Czechia,1996,0.0239398023552188,0.281613252541427,0.0078286400869459,0.3133816949835917,91.59019,320.43347,,,320.43347,51
CZE,Czechia,1997,0.0158931801493376,0.254172701108037,0.0082390770543375,0.27830495831171215,91.39709,325.27686,,,325.27686,52
CZE,Czechia,1998,0.0050770264010698,0.231770769289246,0.0010377976123236,0.2378855933026394,90.72704,303.55847,,,303.55847,53
CZE,Czechia,1999,0.0159526982087267,0.105523995491534,0.0010749910947493,0.12255168479501001,90.03586,269.04248,,,269.04248,54
CZE,Czechia,2000,0.0350742549672057,0.205842193385371,0.0074433765801998,0.2483598249327765,90.46249,291.31522,,,291.31522,55
CZE,Czechia,2001,0.02445812874736,0.456704658658971,0.0104317183351056,0.49159450574143654,89.9181,294.7865,,,294.7865,56
CZE,Czechia,2002,0.0304619403231985,0.224411134093946,0.0061207657106258,0.2609938401277703,87.37174,282.084,,,282.084,57
CZE,Czechia,2003,0.0351709363162619,0.169331400191245,0.0062622721329893,0.2107646086404962,84.20546,283.60004,,,283.60004,58
CZE,Czechia,2004,0.0383298465371606,0.654724081984303,0.0057278736002702,0.6987818021217338,84.15085,272.2294,,,272.2294,59
CZE,Czechia,2005,0.0508088454131561,0.540246052284705,0.0040429936430414,0.5950978913409025,84.76631,274.1188,,,274.1188,60
CZE,Czechia,2006,0.0436075630517138,0.528275970815551,0.0075732829722643,0.5794568168395291,84.157074,277.50995,,,277.50995,61
CZE,Czechia,2007,0.0367473553909014,0.456650977636518,0.0071543319080121,0.5005526649354315,83.85914,276.84058,,,276.84058,62
CZE,Czechia,2008,0.0429704222612688,1.3243839026066,0.0101994932672347,1.3775538181351035,83.009155,264.99173,,,264.99173,63
CZE,Czechia,2009,0.0244055189347667,0.523809142646871,0.0093008843582404,0.5575155459398781,81.257675,242.52397,,,242.52397,64
CZE,Czechia,2010,0.0217719950834572,0.768828148333853,0.0092046137748873,0.7998047571921976,81.20616,242.34268,,,242.34268,65
CZE,Czechia,2011,0.0306168472969245,0.873763828516135,0.0120883197213644,0.9164689955344238,79.748474,244.40384,,,244.40384,66
CZE,Czechia,2012,0.0305352758913579,0.4337699262957,0.0157107832668183,0.4800159854538762,78.07843,235.90388,,,235.90388,67
CZE,Czechia,2013,0.0274970082447114,0.178348044959311,0.0146450305832525,0.22049008378727492,76.86514,206.7583,,,206.7583,68
CZE,Czechia,2014,0.0252681890510458,0.146547348893172,0.0108856455416215,0.1827011834858393,76.42628,197.64938,,,197.64938,69
CZE,Czechia,2015,0.0102914811209634,0.12546374892164,0.008663954404076,0.1444191844466794,78.11987,196.75519,,,196.75519,70
CZE,Czechia,2016,0.0069249128799782,0.126840441052511,0.0043476884386616,0.1381130423711508,79.52207,187.35568,,,187.35568,71
CZE,Czechia,2017,0.0088162227585879,0.143846138961089,0.0056664701024383,0.15832883182211518,77.95604,177.73419,,,177.73419,72
CZE,Czechia,2018,0.0125584051035841,0.133105028971712,0.0075991296603768,0.1532625637356729,77.09587,171.0091,,,171.0091,73
CZE,Czechia,2019,0.0083220468689857,0.0910332301509012,0.0049983753878955,0.10435365240778241,76.067535,156.24455,,,156.24455,74
CZE,Czechia,2020,0.0050720792275744,0.0544222892525117,0.0023967548175807,0.06189112329766679,74.08886,118.740425,,,118.740425,75
CZE,Czechia,2021,0.0096569642955021,0.0939363572598997,0.0121354470762149,0.1157287686316167,74.87705,122.445816,,,122.445816,76
CZE,Czechia,2022,,,,,74.18174,132.67432,,,132.67432,77
CZE,Czechia,2023,,,,,72.30096,113.92237,,,113.92237,78
CZE,Czechia,2024,,,,,71.30819,95.28993,,,95.28993,79
CZE,Czechia,2025,,,,,70.19163,96.88002,,,96.88002,80
DEU,Germany,1960,,,,,,,,,,15
DEU,Germany,1961,,,,,,,,,,16
DEU,Germany,1962,,,,,,,,,,17
DEU,Germany,1963,,,,,,,,,,18
DEU,Germany,1964,,,,,,,,,,19
DEU,Germany,1965,,,,,99.43605,,,,,20
DEU,Germany,1966,,,,,99.37687,,,,,21
DEU,Germany,1967,,,,,99.30664,,,,,22
DEU,Germany,1968,,,,,99.290855,,,,,23
DEU,Germany,1969,,,,,99.15513,,,,,24
DEU,Germany,1970,0.003119345734465,0.1324448818893,0.013195277381082,0.14875950500484703,98.88198,,,120.12975,120.12975,25
DEU,Germany,1971,0.0082798456333101,0.151251262007413,0.0181851312326412,0.17771623887336432,99.023705,,,147.99725,147.99725,26
DEU,Germany,1972,0.0098708514745137,0.115803942679795,0.0252932186413905,0.1509680127956992,98.79479,,,177.18575,177.18575,27
DEU,Germany,1973,0.0125932623508712,0.0955038691361155,0.0176536014915782,0.1257507329785649,98.60834,,,198.37451,198.37451,28
DEU,Germany,1974,0.0636311442347421,0.174816226830244,0.0526108048811511,0.2910581759461372,98.33472,,,206.037,206.037,29
DEU,Germany,1975,0.049587458458777,0.55896621184767,0.0640766571146992,0.6726303274211463,97.49407,,,191.252,191.252,30
DEU,Germany,1976,0.0488229037244032,0.593460604614958,0.066077485672098,0.7083609940114592,97.31653,,,197.20975,197.20975,31
DEU,Germany,1977,0.043999724735129,0.495381875193311,0.0590340363563727,0.5984156362848128,96.32273,,,196.06601,196.06601,32
DEU,Germany,1978,0.0339752739440099,0.337543864852363,0.0561883907288788,0.4277075295252517,96.23461,,,202.7125,202.7125,33
DEU,Germany,1979,0.0654284851480787,0.270450338164734,0.0799569809441844,0.4158358042569971,95.85638,,,203.00475,203.00475,34
DEU,Germany,1980,0.0742475623624776,0.346845900392086,0.0895680058398233,0.5106614685943869,95.40682,,,184.81549,184.81549,35
DEU,Germany,1981,0.0682735897626839,0.737561064335914,0.0716609027668853,0.8774955568654832,94.51142,1731.1663,,189.32574,1920.49204,36
DEU,Germany,1982,0.0422334668266535,0.82921709781908,0.0303470233998994,0.9017975880456329,93.63313,1738.7163,,166.2025,1904.9188,37
DEU,Germany,1983,0.05339348179652,0.455561109233494,0.0582971054883015,0.5672516965183155,93.49628,1642.8706,,183.71301,1826.58361,38
DEU,Germany,1984,0.057063416709362,0.331077274363356,0.0649529842044162,0.4530936752771342,91.818924,1662.8279,,180.5255,1843.3534,39
DEU,Germany,1985,0.0587343665748451,0.367431260276884,0.0540104384106968,0.4801760652624259,89.66767,1728.6155,,171.077,1899.6925,40
DEU,Germany,1986,0.0159854011950339,0.141787204003675,0.0357618511461658,0.1935344563448747,90.129456,1669.0494,,140.1515,1809.2009,41
DEU,Germany,1987,0.0191694523183211,0.0634452994895365,0.0168555370631806,0.0994702888710382,89.3841,1616.0663,,157.3055,1773.3718,42
DEU,Germany,1988,0.0143130278652513,0.0570128019281002,0.0127619167182813,0.08408774651163281,88.3563,1603.5989,,146.38426,1749.98316,43
DEU,Germany,1989,0.0221132214990713,0.0772510541291143,0.0130481224015465,0.1124123980297321,87.93317,1530.1111,,153.2025,1683.3136,44
DEU,Germany,1990,0.022824397451738,0.103669326117461,0.0151879956295033,0.1416817191987023,88.445404,1454.1819,,150.24626,1604.42816,45
DEU,Germany,1991,0.0098174380632187,0.0837695366611205,0.0102149064381137,0.1038018811624529,88.5704,1234.5308,,153.95282,1388.48362,46
DEU,Germany,1992,0.0089691067742224,0.0544020079344182,0.0048243187337393,0.0681954334423799,87.38576,1135.4911,,156.15968,1291.65078,47
DEU,Germany,1993,0.0083135699848586,0.031339779487604,0.011123366676754,0.0507767161492166,87.70126,1021.6924,,155.40355,1177.09595,48
DEU,Germany,1994,0.0066846661801401,0.0172747057193051,0.0105228588978429,0.0344822307972881,87.68672,941.4317,,162.92096,1104.35266,49
DEU,Germany,1995,0.0063393390797232,0.0235269723717906,0.0175923556823876,0.0474586671339014,87.45658,919.34607,,168.11719,1087.46326,50
DEU,Germany,1996,0.0090419036366161,0.0213794934341291,0.0189470243090187,0.0493684213797639,87.36155,860.474,,182.06174,1042.53574,51
DEU,Germany,1997,0.0077800806854251,0.0190783066795065,0.0228031670735354,0.049661554438466995,86.49532,824.1913,,178.96686,1003.15816,52
DEU,Germany,1998,0.0024977050695113,0.0171083022879381,0.0028657644443962,0.0224717718018456,86.95254,756.04755,,174.86966,930.9172100000001,53
DEU,Germany,1999,0.0071320679965299,0.009204528651664,0.0030429179994743,0.0193795146476682,86.01499,735.9455,,186.78319,922.72869,54
DEU,Germany,2000,0.0201562303638046,0.0156124005348027,0.0220483201424161,0.0578169510410234,85.80245,706.0867,,176.6545,882.7411999999999,55
DEU,Germany,2001,0.0153289209077331,0.0363504237141466,0.0475097973402925,0.09918914196217221,85.80929,677.5281,,178.33382,855.86192,56
DEU,Germany,2002,0.016056222546191,0.0212106403442727,0.033724476268888,0.0709913391593517,85.79503,679.46185,,177.86783,857.32968,57
DEU,Germany,2003,0.0165037382126426,0.0155847293701629,0.0304352574071414,0.0625237249899469,85.58706,672.2004,,185.15663,857.3570299999999,58
DEU,Germany,2004,0.0185417711460884,0.0694685561161683,0.0218423665324729,0.1098526937947296,84.94235,679.34467,,171.33516,850.6798299999999,59
DEU,Germany,2005,0.027268431145628,0.0608344592567013,0.0181131670399714,0.1062160574423007,84.483055,657.9308,,165.42674,823.35754,60
DEU,Germany,2006,0.0291731982459974,0.0574116818103335,0.0400152093967188,0.1266000894530497,83.779015,620.4535,,163.4221,783.8756,61
DEU,Germany,2007,0.028013355499561,0.0592990895293438,0.0359840365971986,0.1232964816261034,84.199615,632.8359,,149.69736,782.53326,62
DEU,Germany,2008,0.034054769495246,0.178039130275431,0.0529173919215807,0.2650112916922577,83.52709,582.6158,,136.35068,718.96648,63
DEU,Germany,2009,0.0184514937131976,0.0645513988300187,0.0405139498565575,0.1235168423997738,83.37037,539.80273,,127.461685,667.264415,64
DEU,Germany,2010,0.0190328024560215,0.100605224103438,0.0311922394814401,0.1508302660408996,83.15135,533.795,,111.23992,645.0349199999999,65
DEU,Germany,2011,0.0301021983000363,0.114695303797205,0.0425672292934665,0.1873647313907078,84.33704,543.4825,,104.6545,648.137,66
DEU,Germany,2012,0.030322053441343,0.0548288593405806,0.0416156923735439,0.1267666051554675,84.19922,555.5953,,94.61372,650.20902,67
DEU,Germany,2013,0.0270022581641135,0.0237162586929113,0.0357489487062639,0.0864674655632887,84.52037,524.7561,,86.04125,610.7973499999999,68
DEU,Germany,2014,0.0223645319543507,0.0188044851044902,0.0189794489646318,0.0601484660234727,83.31229,513.27655,,80.82743,594.1039800000001,69
DEU,Germany,2015,0.0109585492863493,0.0146564038255549,0.0150061510096634,0.0406211041215676,83.09927,497.90945,,75.24433,573.15378,70
DEU,Germany,2016,0.0079542764068523,0.0142241784029931,0.0089391618222992,0.0311176166321446,83.89805,460.97223,,69.230415,530.2026450000001,71
DEU,Germany,2017,0.0108326903342219,0.0179704886289538,0.0107367287094385,0.0395399076726142,84.12413,458.4445,,63.761612,522.206112,72
DEU,Germany,2018,0.0150774778092678,0.0181826118494321,0.0124974991112772,0.0457575887699771,83.4129,439.40762,,55.41774,494.82536,73
DEU,Germany,2019,0.0127922924108005,0.0095331032158394,0.0082295480730452,0.030554943699685096,82.44044,330.5278,,53.30759,383.83539,74
DEU,Germany,2020,0.006730031424642,0.0066310570829328,0.0037565809952499,0.0171176695028247,81.36515,271.94455,,45.324203,317.268753,75
DEU,Germany,2021,0.0140349033815617,0.014480866265137,0.0176994358454919,0.0462152054921906,82.243355,320.33334,,45.368168,365.701508,76
DEU,Germany,2022,,,,,83.98101,331.344,,42.57275,373.91675,77
DEU,Germany,2023,,,,,84.55189,254.48016,,38.061188,292.541348,78
DEU,Germany,2024,,,,,84.92198,229.32445,,36.60267,265.92712,79
DEU,Germany,2025,,,,,84.83469,213.29419,,37.37218,250.66636999999997,80
DJI,Djibouti,1960,,,,,,,,,,15
DJI,Djibouti,1961,,,,,,,,,,16
DJI,Djibouti,1962,,,,,,,,,,17
DJI,Djibouti,1963,,,,,,,,,,18
DJI,Djibouti,1964,,,,,,,,,,19
DJI,Djibouti,1965,,,,,,,,,,20
DJI,Djibouti,1966,,,,,,,,,,21
DJI,Djibouti,1967,,,,,,,,,,22
DJI,Djibouti,1968,,,,,,,,,,23
DJI,Djibouti,1969,,,,,,,,,,24
DJI,Djibouti,1970,,,,,,,,,,25
DJI,Djibouti,1971,,,,,,,,,,26
DJI,Djibouti,1972,,,,,,,,,,27
DJI,Djibouti,1973,,,,,,,,,,28
DJI,Djibouti,1974,,,,,,,,,,29
DJI,Djibouti,1975,,,,,,,,,,30
DJI,Djibouti,1976,,,,,,,,,,31
DJI,Djibouti,1977,,,,,,,,,,32
DJI,Djibouti,1978,,,,,,,,,,33
DJI,Djibouti,1979,,,,,,,,,,34
DJI,Djibouti,1980,,,,,,,,,,35
DJI,Djibouti,1981,,,,,,,,,,36
DJI,Djibouti,1982,,,,,,,,,,37
DJI,Djibouti,1983,,,,,,,,,,38
DJI,Djibouti,1984,,,,,,,,,,39
DJI,Djibouti,1985,0.0,0.0,0.0,0.0,,,,,,40
DJI,Djibouti,1986,,,,,,,,,,41
DJI,Djibouti,1987,0.0,0.0,0.0,0.0,,,,,,42
DJI,Djibouti,1988,0.0,0.0,0.0,0.0,,,,,,43
DJI,Djibouti,1989,0.0,0.0,0.0,0.0,,,,,,44
DJI,Djibouti,1990,0.0,0.0,0.0,0.0,,,,,,45
DJI,Djibouti,1991,0.0,0.0,0.0,0.0,,,,,,46
DJI,Djibouti,1992,0.0,0.0,0.0,0.0,,,,,,47
DJI,Djibouti,1993,0.0,0.0,0.0,0.0,,,,,,48
DJI,Djibouti,1994,0.0,0.0,0.0,0.0,,,,,,49
DJI,Djibouti,1995,0.0,0.0,0.0,0.0,,,,,,50
DJI,Djibouti,1996,0.0,0.0,0.0,0.0,,,,,,51
DJI,Djibouti,1997,0.0,0.0,0.0,0.0,,,,,,52
DJI,Djibouti,1998,0.0,0.0,0.0,0.0,,,,,,53
DJI,Djibouti,1999,0.0,0.0,0.0,0.0,,,,,,54
DJI,Djibouti,2000,0.0,0.0,0.0,0.0,,,,,,55
DJI,Djibouti,2001,0.0,0.0,0.0,0.0,,,,,,56
DJI,Djibouti,2002,0.0,0.0,0.0,0.0,,,,,,57
DJI,Djibouti,2003,0.0,0.0,0.0,0.0,,,,,,58
DJI,Djibouti,2004,0.0,0.0,0.0,0.0,,,,,,59
DJI,Djibouti,2005,0.0,0.0,0.0,0.0,,,,,,60
DJI,Djibouti,2006,0.0,0.0,0.0,0.0,,,,,,61
DJI,Djibouti,2007,0.0,0.0,0.0,0.0,,,,,,62
DJI,Djibouti,2008,0.0,0.0,0.0,0.0,,,,,,63
DJI,Djibouti,2009,0.0,0.0,0.0,0.0,,,,,,64
DJI,Djibouti,2010,0.0,0.0,0.0,0.0,,,,,,65
DJI,Djibouti,2011,0.0,0.0,0.0,0.0,,,,,,66
DJI,Djibouti,2012,0.0,0.0,0.0,0.0,,,,,,67
DJI,Djibouti,2013,0.0,0.0,0.0,0.0,,,,,,68
DJI,Djibouti,2014,0.0,0.0,0.0,0.0,,,,,,69
DJI,Djibouti,2015,0.0,0.0,0.0,0.0,,,,,,70
DJI,Djibouti,2016,0.0,0.0,0.0,0.0,,,,,,71
DJI,Djibouti,2017,0.0,0.0,0.0,0.0,,,,,,72
DJI,Djibouti,2018,0.0,0.0,0.0,0.0,,,,,,73
DJI,Djibouti,2019,0.0,0.0,0.0,0.0,,,,,,74
DJI,Djibouti,2020,0.0,0.0,0.0,0.0,,,,,,75
DJI,Djibouti,2021,0.0,0.0,0.0,0.0,,,,,,76
DJI,Djibouti,2022,,,,,,,,,,77
DJI,Djibouti,2023,,,,,,,,,,78
DJI,Djibouti,2024,,,,,,,,,,79
DJI,Djibouti,2025,,,,,,,,,,80
DMA,Dominica,1960,,,,,,,,,,15
DMA,Dominica,1961,,,,,,,,,,16
DMA,Dominica,1962,,,,,,,,,,17
DMA,Dominica,1963,,,,,,,,,,18
DMA,Dominica,1964,,,,,,,,,,19
DMA,Dominica,1965,,,,,,,,,,20
DMA,Dominica,1966,,,,,,,,,,21
DMA,Dominica,1967,,,,,,,,,,22
DMA,Dominica,1968,,,,,,,,,,23
DMA,Dominica,1969,,,,,,,,,,24
DMA,Dominica,1970,,,,,,,,,,25
DMA,Dominica,1971,,,,,,,,,,26
DMA,Dominica,1972,,,,,,,,,,27
DMA,Dominica,1973,,,,,,,,,,28
DMA,Dominica,1974,,,,,,,,,,29
DMA,Dominica,1975,,,,,,,,,,30
DMA,Dominica,1976,,,,,,,,,,31
DMA,Dominica,1977,,,,,,,,,,32
DMA,Dominica,1978,,,,,,,,,,33
DMA,Dominica,1979,,,,,,,,,,34
DMA,Dominica,1980,0.0,0.0,0.0,0.0,,,,,,35
DMA,Dominica,1981,0.0,0.0,0.0,0.0,,,,,,36
DMA,Dominica,1982,0.0,0.0,0.0,0.0,,,,,,37
DMA,Dominica,1983,0.0,0.0,0.0,0.0,,,,,,38
DMA,Dominica,1984,0.0,0.0,0.0,0.0,,,,,,39
DMA,Dominica,1985,0.0,0.0,0.0,0.0,,,,,,40
DMA,Dominica,1986,0.0,0.0,0.0,0.0,,,,,,41
DMA,Dominica,1987,0.0,0.0,0.0,0.0,,,,,,42
DMA,Dominica,1988,0.0,0.0,0.0,0.0,,,,,,43
DMA,Dominica,1989,0.0,0.0,0.0,0.0,,,,,,44
DMA,Dominica,1990,0.0,0.0,0.0,0.0,,,,,,45
DMA,Dominica,1991,0.0,0.0,0.0,0.0,,,,,,46
DMA,Dominica,1992,0.0,0.0,0.0,0.0,,,,,,47
DMA,Dominica,1993,0.0,0.0,0.0,0.0,,,,,,48
DMA,Dominica,1994,0.0,0.0,0.0,0.0,,,,,,49
DMA,Dominica,1995,0.0,0.0,0.0,0.0,,,,,,50
DMA,Dominica,1996,0.0,0.0,0.0,0.0,,,,,,51
DMA,Dominica,1997,0.0,0.0,0.0,0.0,,,,,,52
DMA,Dominica,1998,0.0,0.0,0.0,0.0,,,,,,53
DMA,Dominica,1999,0.0,0.0,0.0,0.0,,,,,,54
DMA,Dominica,2000,0.0,0.0,0.0,0.0,,,,,,55
DMA,Dominica,2001,0.0,0.0,0.0,0.0,,,,,,56
DMA,Dominica,2002,0.0,0.0,0.0,0.0,,,,,,57
DMA,Dominica,2003,0.0,0.0,0.0,0.0,,,,,,58
DMA,Dominica,2004,0.0,0.0,0.0,0.0,,,,,,59
DMA,Dominica,2005,0.0,0.0,0.0,0.0,,,,,,60
DMA,Dominica,2006,0.0,0.0,0.0,0.0,,,,,,61
DMA,Dominica,2007,0.0,0.0,0.0,0.0,,,,,,62
DMA,Dominica,2008,0.0,0.0,0.0,0.0,,,,,,63
DMA,Dominica,2009,0.0,0.0,0.0,0.0,,,,,,64
DMA,Dominica,2010,0.0,0.0,0.0,0.0,,,,,,65
DMA,Dominica,2011,0.0,0.0,0.0,0.0,,,,,,66
DMA,Dominica,2012,0.0,0.0,0.0,0.0,,,,,,67
DMA,Dominica,2013,0.0,0.0,0.0,0.0,,,,,,68
DMA,Dominica,2014,0.0,0.0,0.0,0.0,,,,,,69
DMA,Dominica,2015,0.0,0.0,0.0,0.0,,,,,,70
DMA,Dominica,2016,0.0,0.0,0.0,0.0,,,,,,71
DMA,Dominica,2017,0.0,0.0,0.0,0.0,,,,,,72
DMA,Dominica,2018,0.0,0.0,0.0,0.0,,,,,,73
DMA,Dominica,2019,0.0,0.0,0.0,0.0,,,,,,74
DMA,Dominica,2020,0.0,0.0,0.0,0.0,,,,,,75
DMA,Dominica,2021,0.0,0.0,0.0,0.0,,,,,,76
DMA,Dominica,2022,,,,,,,,,,77
DMA,Dominica,2023,,,,,,,,,,78
DMA,Dominica,2024,,,,,,,,,,79
DMA,Dominica,2025,,,,,,,,,,80
DNK,Denmark,1960,,,,,,,,,,15
DNK,Denmark,1961,,,,,,,,,,16
DNK,Denmark,1962,,,,,,,,,,17
DNK,Denmark,1963,,,,,,,,,,18
DNK,Denmark,1964,,,,,,,,,,19
DNK,Denmark,1965,,,,,,,,,,20
DNK,Denmark,1966,,,,,,,,,,21
DNK,Denmark,1967,,,,,,,,,,22
DNK,Denmark,1968,,,,,,,,,,23
DNK,Denmark,1969,,,,,,,,,,24
DNK,Denmark,1970,,0.0,0.0,0.0,,,,,,25
DNK,Denmark,1971,0.0,0.0,0.0,0.0,,,,,,26
DNK,Denmark,1972,0.0016184266011419,0.0,4.32770581244268e-06,0.0016227543069543427,,,1.1366035,,1.1366035,27
DNK,Denmark,1973,0.0031923088013828,0.0,5.08652973976002e-06,0.00319739533112256,,,1.7002469,,1.7002469,28
DNK,Denmark,1974,0.0118267238577085,0.0,8.49952790081015e-06,0.01183522338560931,,,1.1334981,,1.1334981,29
DNK,Denmark,1975,0.0167783915854529,0.0,1.78511689654732e-05,0.016796242754418374,,,1.7002469,,1.7002469,30
DNK,Denmark,1976,0.0197155024164032,0.0,1.19665419422539e-05,0.019727468958345453,,,2.273207,,2.273207,31
DNK,Denmark,1977,0.0484291915614412,0.0,2.08284339086905e-05,0.04845001999534989,,,5.66749,,5.66749,32
DNK,Denmark,1978,0.0340799183951375,0.0,1.62571533351311e-05,0.03409617554847263,,,4.5339923,,4.5339923,33
DNK,Denmark,1979,0.07123223340412,0.0,2.45625246304542e-05,0.07125679592875045,,,4.5339923,,4.5339923,34
DNK,Denmark,1980,0.0616235932319062,0.0,3.00431030562503e-05,0.06165363633496245,,,3.4098105,,3.4098105,35
DNK,Denmark,1981,0.147568040067466,0.0,0.0010755035783445,0.14864354364581048,,,8.501235,,8.501235,36
DNK,Denmark,1982,0.212887308237001,0.0,0.0007955422310028,0.2136828504680038,,,19.269466,,19.269466,37
DNK,Denmark,1983,0.352613165036274,0.0,0.0017174055861489,0.3543305706224229,99.91547,,24.370207,,24.370207,38
DNK,Denmark,1984,0.399647348313672,0.0,0.0123763256716149,0.4120236739852869,99.91541,,26.710182,2.4186,29.128782,39
DNK,Denmark,1985,0.490174877747444,0.0,0.0439853697252122,0.5341602474726562,99.91261,,34.00494,11.69685,45.701789999999995,40
DNK,Denmark,1986,0.170962490662189,0.0,0.0521867697274708,0.2231492603896598,99.86114,,41.939426,19.838776,61.77820199999999,41
DNK,Denmark,1987,0.279283559325191,0.0,0.0283625046278715,0.3076460639530625,99.81886,,52.707653,25.28584,77.993493,42
DNK,Denmark,1988,0.207672303278001,0.0,0.0237632494944714,0.2314355527724724,99.73215,,54.55697,24.973087,79.530057,43
DNK,Denmark,1989,0.396823782567179,0.0,0.0304664427938731,0.4272902253610521,99.57256,,63.475887,32.0256,95.501487,44
DNK,Denmark,1990,0.479073854272228,0.0,0.0398394595031874,0.5189133137754154,99.36563,,68.57663,32.703224,101.279854,45
DNK,Denmark,1991,0.272818388965526,0.0,0.0352663761158419,0.3080847650813679,99.205315,,80.478355,41.088234,121.566589,46
DNK,Denmark,1992,0.297883018458222,0.0,0.0177670734866108,0.31565009194483284,98.832886,,89.22337,42.798996,132.022366,47
DNK,Denmark,1993,0.3259609735924,0.0,0.0468891876779597,0.3728501612703597,98.57859,,95.21384,46.9529,142.16674,48
DNK,Denmark,1994,0.294240233120455,0.0,0.0452263810178096,0.3394666141382646,98.816475,,104.84857,50.87366,155.72223,49
DNK,Denmark,1995,0.278953388003317,0.0,0.0765641753446272,0.35551756334794415,98.69398,,105.415306,55.085052,160.500358,50
DNK,Denmark,1996,0.433297740669085,0.0,0.0882671193908403,0.5215648600599253,98.691246,,118.20676,66.93522,185.14198,51
DNK,Denmark,1997,0.403535371493423,0.0,0.127394654835241,0.530930026328664,98.09964,,130.35226,81.939125,212.291385,52
DNK,Denmark,1998,0.127015619249163,0.0,0.0158110767882132,0.1428266960373762,97.536156,,134.88626,78.867,213.75326,53
DNK,Denmark,1999,0.521371441625143,0.0,0.0157772472253218,0.5371486888504649,97.05908,,169.45795,80.85002,250.30797,54
DNK,Denmark,2000,1.36695481609054,0.0,0.122725555837185,1.489680371927725,96.40209,,206.29353,84.994865,291.28839500000004,55
DNK,Denmark,2001,0.95285040740933,0.0,0.267235206342421,1.220085613751751,96.14918,,197.22864,87.3835,284.61214,56
DNK,Denmark,2002,0.977649521931382,0.0,0.18661106349342,1.164260585424802,95.33655,,210.26387,87.570564,297.834434,57
DNK,Denmark,2003,0.93307700460479,0.0,0.15791182172375,1.09098882632854,94.617386,,208.56363,82.93448,291.49811,58
DNK,Denmark,2004,1.15749023574584,0.0,0.142752210617765,1.300242446363605,93.25108,,221.63766,98.32064,319.9583,59
DNK,Denmark,2005,1.57548312247966,0.0,0.127641278622012,1.703124401101672,92.61862,,215.35074,109.1301,324.48084,60
DNK,Denmark,2006,1.5417001087756,0.0,0.26476481017211,1.80646491894771,93.68295,,195.8336,108.42959,304.26319,61
DNK,Denmark,2007,1.37515571112353,0.0,0.214718019127171,1.589873730250701,92.79286,,176.41371,96.1517,272.56541000000004,62
DNK,Denmark,2008,1.70355050889399,0.0,0.383971968799415,2.0875224776934047,92.571724,,163.23248,104.90115,268.13363000000004,63
DNK,Denmark,2009,0.914832469823829,0.0,0.24866631252569,1.163498782349519,91.886826,,150.0611,87.56752,237.62862,64
DNK,Denmark,2010,0.983292205895114,0.0,0.217594784657197,1.200886990552311,89.945,,141.38098,85.35939,226.74036999999998,65
DNK,Denmark,2011,1.3683944127568,0.0,0.250851104600287,1.619245517357087,87.89097,,127.23942,68.57123,195.81065,66
DNK,Denmark,2012,1.2608873326792,0.0,0.241906401833698,1.502793734512898,85.921524,,116.06729,59.91195,175.97924,67
DNK,Denmark,2013,0.967648067154255,0.0,0.187630867262796,1.1552789344170509,85.8945,,100.9822,49.735855,150.718055,68
DNK,Denmark,2014,0.834668694474792,0.0,0.126066308813821,0.9607350032886129,83.92204,,94.556656,48.006546,142.563202,69
DNK,Denmark,2015,0.389980667105512,0.0,0.108895890420425,0.49887655752593696,82.86271,,89.43252,47.935455,137.367975,70
DNK,Denmark,2016,0.261758496429453,0.0,0.0613042603242628,0.32306275675371576,82.75771,,80.53047,47.001026,127.531496,71
DNK,Denmark,2017,0.367052364111918,0.0,0.0860977642930863,0.4531501284050043,78.9872,,78.35093,50.500286,128.85121600000002,72
DNK,Denmark,2018,0.459098841781269,0.0,0.109349577406559,0.568448419187828,79.88035,,65.673004,42.927612,108.600616,73
DNK,Denmark,2019,0.372447675054216,0.0,0.0583699793281617,0.4308176543823777,77.43332,,58.35043,32.025566,90.375996,74
DNK,Denmark,2020,0.137036781200766,0.0,0.0121535304658443,0.14919031166661031,73.76624,,40.940006,13.796929,54.736934999999995,75
DNK,Denmark,2021,0.270290117190291,0.0,0.0551051312906266,0.3253952484809176,70.7736,,37.643425,14.660419,52.303844,76
DNK,Denmark,2022,,,,,71.14173,,37.03992,14.723674,51.763594000000005,77
DNK,Denmark,2023,,,,,70.09147,,33.983025,13.5122595,47.4952845,78
DNK,Denmark,2024,,,,,68.264984,,34.374386,16.762222,51.136608,79
DNK,Denmark,2025,,,,,66.05192,,41.053238,30.698574,71.751812,80
DOM,Dominican Republic,1960,,,,,,,,,,15
DOM,Dominican Republic,1961,,,,,,,,,,16
DOM,Dominican Republic,1962,,,,,,,,,,17
DOM,Dominican Republic,1963,,,,,,,,,,18
DOM,Dominican Republic,1964,,,,,,,,,,19
DOM,Dominican Republic,1965,,,,,,,,,,20
DOM,Dominican Republic,1966,,,,,,,,,,21
DOM,Dominican Republic,1967,,,,,,,,,,22
DOM,Dominican Republic,1968,,,,,,,,,,23
DOM,Dominican Republic,1969,,,,,,,,,,24
DOM,Dominican Republic,1970,,,,,,,,,,25
DOM,Dominican Republic,1971,0.0,0.0,0.0,0.0,,,,,,26
DOM,Dominican Republic,1972,0.0,0.0,0.0,0.0,,,,,,27
DOM,Dominican Republic,1973,0.0,0.0,0.0,0.0,,,,,,28
DOM,Dominican Republic,1974,0.0,0.0,0.0,0.0,,,,,,29
DOM,Dominican Republic,1975,0.0,0.0,0.0,0.0,,,,,,30
DOM,Dominican Republic,1976,0.0,0.0,0.0,0.0,,,,,,31
DOM,Dominican Republic,1977,0.0,0.0,0.0,0.0,,,,,,32
DOM,Dominican Republic,1978,0.0,0.0,0.0,0.0,,,,,,33
DOM,Dominican Republic,1979,0.0,0.0,0.0,0.0,,,,,,34
DOM,Dominican Republic,1980,0.0,0.0,0.0,0.0,,,,,,35
DOM,Dominican Republic,1981,0.0,0.0,0.0,0.0,,,,,,36
DOM,Dominican Republic,1982,0.0,0.0,0.0,0.0,,,,,,37
DOM,Dominican Republic,1983,0.0,0.0,0.0,0.0,,,,,,38
DOM,Dominican Republic,1984,0.0,0.0,0.0,0.0,,,,,,39
DOM,Dominican Republic,1985,0.0,0.0,0.0,0.0,,,,,,40
DOM,Dominican Republic,1986,0.0,0.0,0.0,0.0,,,,,,41
DOM,Dominican Republic,1987,0.0,0.0,0.0,0.0,,,,,,42
DOM,Dominican Republic,1988,0.0,0.0,0.0,0.0,,,,,,43
DOM,Dominican Republic,1989,0.0,0.0,0.0,0.0,,,,,,44
DOM,Dominican Republic,1990,0.0,0.0,0.0,0.0,,,,,,45
DOM,Dominican Republic,1991,0.0,0.0,0.0,0.0,,,,,,46
DOM,Dominican Republic,1992,0.0,0.0,0.0,0.0,,,,,,47
DOM,Dominican Republic,1993,0.0,0.0,0.0,0.0,,,,,,48
DOM,Dominican Republic,1994,0.0,0.0,0.0,0.0,,,,,,49
DOM,Dominican Republic,1995,0.0,0.0,0.0,0.0,,,,,,50
DOM,Dominican Republic,1996,0.0,0.0,0.0,0.0,,,,,,51
DOM,Dominican Republic,1997,0.0,0.0,0.0,0.0,,,,,,52
DOM,Dominican Republic,1998,0.0,0.0,0.0,0.0,,,,,,53
DOM,Dominican Republic,1999,0.0,0.0,0.0,0.0,,,,,,54
DOM,Dominican Republic,2000,0.0,0.0,0.0,0.0,,,,,,55
DOM,Dominican Republic,2001,0.0,0.0,0.0,0.0,,,,,,56
DOM,Dominican Republic,2002,0.0,0.0,0.0,0.0,,,,,,57
DOM,Dominican Republic,2003,0.0,0.0,0.0,0.0,,,,,,58
DOM,Dominican Republic,2004,0.0,0.0,0.0,0.0,,,,,,59
DOM,Dominican Republic,2005,0.0,0.0,0.0,0.0,,,,,,60
DOM,Dominican Republic,2006,0.0,0.0,0.0,0.0,,,,,,61
DOM,Dominican Republic,2007,0.0,0.0,0.0,0.0,,,,,,62
DOM,Dominican Republic,2008,0.0,0.0,0.0,0.0,,,,,,63
DOM,Dominican Republic,2009,0.0,0.0,0.0,0.0,,,,,,64
DOM,Dominican Republic,2010,0.0,0.0,0.0,0.0,,,,,,65
DOM,Dominican Republic,2011,0.0,0.0,0.0,0.0,,,,,,66
DOM,Dominican Republic,2012,0.0,0.0,0.0,0.0,,,,,,67
DOM,Dominican Republic,2013,0.0,0.0,0.0,0.0,,,,,,68
DOM,Dominican Republic,2014,0.0,0.0,0.0,0.0,,,,,,69
DOM,Dominican Republic,2015,0.0,0.0,0.0,0.0,,,,,,70
DOM,Dominican Republic,2016,0.0,0.0,0.0,0.0,,,,,,71
DOM,Dominican Republic,2017,0.0,0.0,0.0,0.0,,,,,,72
DOM,Dominican Republic,2018,0.0,0.0,0.0,0.0,,,,,,73
DOM,Dominican Republic,2019,0.0,0.0,0.0,0.0,,,,,,74
DOM,Dominican Republic,2020,0.0,0.0,0.0,0.0,,,,,,75
DOM,Dominican Republic,2021,0.0,0.0,0.0,0.0,,,,,,76
DOM,Dominican Republic,2022,,,,,,,,,,77
DOM,Dominican Republic,2023,,,,,,,,,,78
DOM,Dominican Republic,2024,,,,,,,,,,79
DOM,Dominican Republic,2025,,,,,,,,,,80
DZA,Algeria,1960,,,,,,,,,,15
DZA,Algeria,1961,,,,,,,,,,16
DZA,Algeria,1962,,,,,,,,,,17
DZA,Algeria,1963,,,,,,,,,,18
DZA,Algeria,1964,,,,,,,,,,19
DZA,Algeria,1965,,,,,98.33679,,304.0002,,304.0002,20
DZA,Algeria,1966,,,,,98.781654,,391.262,,391.262,21
DZA,Algeria,1967,,,,,98.5061,,449.44415,,449.44415,22
DZA,Algeria,1968,,,,,98.07476,,493.38818,,493.38818,23
DZA,Algeria,1969,,,,,98.90049,,516.78827,,516.78827,24
DZA,Algeria,1970,7.16190012707325,,0.358861021890254,7.520761148963504,98.37188,,561.8859,24.380125,586.266025,25
DZA,Algeria,1971,6.99097752673545,0.0029987248782617,0.371657470595125,7.3656337222088375,99.15573,,427.9568,25.69875,453.65555,26
DZA,Algeria,1972,9.01389998420143,0.0031886749516458,0.367873167972858,9.384961827125935,98.86673,,578.319,32.561375,610.880375,27
DZA,Algeria,1973,10.8416352012321,0.0038027284704435,0.372261243430178,11.21769917313272,98.54767,,601.25507,43.216248,644.471318,28
DZA,Algeria,1974,27.7199227930192,0.0088258814243723,0.303040385886068,28.03178906032964,99.14216,,556.3107,49.963375,606.274075,29
DZA,Algeria,1975,22.633272567122,0.0205793059878237,0.609717248630686,23.26356912174051,99.529594,,544.32935,61.523,605.85235,30
DZA,Algeria,1976,23.7199737259153,0.0014044826918748,0.681423789503275,24.402801998110448,99.52177,,607.42487,77.490875,684.915745,31
DZA,Algeria,1977,23.1641392496026,0.0006101966181458,0.674820744473545,23.839570190694293,99.70007,,648.445,74.165436,722.610436,32
DZA,Algeria,1978,20.1203326203857,0.0,0.962880952877937,21.083213573263638,99.77851,,662.15814,115.01875,777.17689,33
DZA,Algeria,1979,36.9394487987451,0.0002469860200137,1.97790860297454,38.91760438773965,99.80334,,675.54517,188.53452,864.07969,34
DZA,Algeria,1980,30.4169667655539,0.0001771584324691,0.900478303210696,31.317622227197067,99.85451,,599.4387,154.09749,753.53619,35
DZA,Algeria,1981,24.5140416578688,0.0002087781563515,1.38730986945165,25.9015603054768,99.829346,,534.1274,178.64844,712.77584,36
DZA,Algeria,1982,18.3348339984003,0.0012403062391683,0.638993445439797,18.975067750079265,99.80621,,531.3829,233.10008,764.48298,37
DZA,Algeria,1983,16.5357512739164,0.0015176309464654,2.50313855871889,19.040407463581758,99.913124,,522.8083,333.79263,856.6009300000001,38
DZA,Algeria,1984,15.4490512271312,0.0011762062623735,2.10265108325506,17.552878516648633,99.8257,,567.38074,339.75882,907.13956,39
DZA,Algeria,1985,14.2827795193099,0.0009208736613381,1.8783799255847,16.162080318555937,99.75251,,547.31964,373.38113,920.70077,40
DZA,Algeria,1986,5.87028540433224,0.0003363493925705,1.78713221892743,7.65775397265224,99.909744,,563.81366,381.89432,945.70798,41
DZA,Algeria,1987,8.53318724872721,0.0002885058489881,1.71933652244808,10.252812277024278,99.82442,,583.7999,431.0078,1014.8077,42
DZA,Algeria,1988,8.0022301703217,0.000154779719589,2.12536476680144,10.127749716842729,99.94002,,611.4504,450.5811,1062.0315,43
DZA,Algeria,1989,12.5689148306239,0.0002045316459584,2.3070478586592,14.876167220929057,99.92382,,633.65845,485.83163,1119.49008,44
DZA,Algeria,1990,15.7969733351133,0.0,2.40895526473454,18.20592859984784,99.95711,,678.6744,516.5697,1195.2441,45
DZA,Algeria,1991,13.5417656312112,0.0,3.38576520086077,16.92753083207197,99.90594,,682.6081,557.0305,1239.6386,46
DZA,Algeria,1992,13.0452267711099,0.0,3.1456829333476,16.1909097044575,99.93778,,657.1114,580.01135,1237.12275,47
DZA,Algeria,1993,11.7164360598656,0.0,3.05243083677015,14.76886689663575,99.88126,,655.03894,587.4662,1242.50514,48
DZA,Algeria,1994,12.6865225216351,0.0,3.58109423094658,16.26761675258168,99.944954,,652.1087,540.1088,1192.2175,49
DZA,Algeria,1995,14.1774813179102,0.0,4.46124812000903,18.63872943791923,99.9383,,649.08484,614.91296,1263.9978,50
DZA,Algeria,1996,16.3135923983909,0.0,4.63271636138877,20.94630875977967,99.95641,,686.3133,652.51276,1338.8260599999999,51
DZA,Algeria,1997,14.7901349570278,0.0,5.3278994745028,20.1180344315306,99.97481,,716.0245,748.5882,1464.6127000000001,52
DZA,Algeria,1998,9.01756331973938,0.0,5.29640841954736,14.31397173928674,99.93019,,713.91675,801.62103,1515.53778,53
DZA,Algeria,1999,12.955667382787,0.0,5.50096124701129,18.45662862979829,99.93474,,680.686,901.0691,1581.7551,54
DZA,Algeria,2000,20.2038945100895,0.0,6.36143139801464,26.565325908104143,99.98199,,776.73285,918.88635,1695.6192,55
DZA,Algeria,2001,16.7197713612172,0.0,6.77330448791438,23.493075849131582,99.9778,,764.68414,864.7254,1629.40954,56
DZA,Algeria,2002,17.703706765696,0.0,5.62628427786398,23.329991043559982,99.9823,,824.4972,889.4159,1713.9131,57
DZA,Algeria,2003,19.6786326659537,0.0,4.62266032721416,24.30129299316786,99.921234,,918.8281,938.57587,1857.4039699999998,58
DZA,Algeria,2004,22.1269733272223,0.0,3.90735998177232,26.03433330899462,99.92814,,971.6982,920.5494,1892.2476000000001,59
DZA,Algeria,2005,27.9141141505655,0.0,4.62829429535199,32.54240844591749,99.84797,,1005.2701,849.1175,1854.3876,60
DZA,Algeria,2006,29.5343935472454,0.0,4.48809354777683,34.02248709502223,99.94256,,1002.5293,812.99493,1815.52423,61
DZA,Algeria,2007,27.9267087662485,0.0,3.92429679953824,31.85100556578674,99.9434,,1005.7857,816.45984,1822.24554,62
DZA,Algeria,2008,29.1086401323721,0.0,3.31233807885605,32.420978211228146,99.933105,,985.7705,826.0079,1811.7784,63
DZA,Algeria,2009,19.9046263657492,0.0,3.99167140096935,23.896297766718547,99.9237,,898.23145,765.66876,1663.90021,64
DZA,Algeria,2010,21.9939993236664,0.0,3.25358685142754,25.24758617509394,99.95849,,858.0033,773.9655,1631.9688,65
DZA,Algeria,2011,25.0260096148481,0.0,3.27268025363181,28.29868986847991,99.91458,,833.58026,795.9875,1629.56776,66
DZA,Algeria,2012,22.6025382987382,0.0,3.36687425907052,25.96941255780872,99.918,,781.67554,784.4375,1566.11304,67
DZA,Algeria,2013,20.8724313901278,0.0,3.15384901781361,24.02628040794141,99.97623,,753.43787,793.38873,1546.8265999999999,68
DZA,Algeria,2014,19.3167294732848,0.0,3.0569020902826,22.3736315635674,99.95659,,799.80676,801.724,1601.53076,69
DZA,Algeria,2015,11.7459031918092,0.0,2.90603072482324,14.65193391663244,99.96403,,781.8267,814.1114,1595.9380999999998,70
DZA,Algeria,2016,10.0262189142963,0.0,2.56694843286828,12.593167347164579,99.94547,,795.6897,913.92267,1709.61237,71
DZA,Algeria,2017,12.1565741270026,0.0,2.96806789859693,15.12464202559953,99.907036,,775.1163,929.7654,1704.8817,72
DZA,Algeria,2018,15.9428081774505,0.0,4.64378704706283,20.58659522451333,99.89079,,759.81116,938.4375,1698.24866,73
DZA,Algeria,2019,14.1421031504305,0.0,4.23642792336282,18.37853107379332,99.88789,,748.1579,869.5225,1617.6804000000002,74
DZA,Algeria,2020,9.03841379679424,0.0,4.83849619936078,13.87690999615502,99.88539,,670.1788,814.24615,1484.42495,75
DZA,Algeria,2021,14.4615654623053,0.0,7.9957286210892,22.4572940833945,99.90323,,676.866,1010.98114,1687.8471399999999,76
DZA,Algeria,2022,,,,,99.907104,,721.8276,976.3215,1698.1491,77
DZA,Algeria,2023,,,,,99.90391,,732.75977,1015.2643,1748.02407,78
DZA,Algeria,2024,,,,,99.91017,,739.15625,1001.924,1741.08025,79
DZA,Algeria,2025,,,,,99.91356,,760.7269,980.20996,1740.93686,80
ECU,Ecuador,1960,,,,,,,,,,15
ECU,Ecuador,1961,,,,,,,,,,16
ECU,Ecuador,1962,,,,,,,,,,17
ECU,Ecuador,1963,,,,,,,,,,18
ECU,Ecuador,1964,,,,,,,,,,19
ECU,Ecuador,1965,,,,,,,4.9867253,,4.9867253,20
ECU,Ecuador,1966,,,,,,,4.3633847,,4.3633847,21
ECU,Ecuador,1967,,,,,,,3.7400439,,3.7400439,22
ECU,Ecuador,1968,,,,,,,3.1252425,,3.1252425,23
ECU,Ecuador,1969,,,,,,,2.4933627,,2.4933627,24
ECU,Ecuador,1970,0.0208366992407299,,,0.0208366992407299,,,2.4933627,,2.4933627,25
ECU,Ecuador,1971,0.0319320365559042,0.0,0.0,0.0319320365559042,,,2.4933627,,2.4933627,26
ECU,Ecuador,1972,0.722424845709208,0.0,0.0,0.722424845709208,,,48.75378,,48.75378,27
ECU,Ecuador,1973,2.80924506220655,0.0,0.0,2.80924506220655,,,130.2782,,130.2782,28
ECU,Ecuador,1974,7.83255695502559,0.0,0.0,7.83255695502559,,,110.3313,,110.3313,29
ECU,Ecuador,1975,5.85937661903557,0.0,0.0,5.85937661903557,,,100.35785,,100.35785,30
ECU,Ecuador,1976,6.26975907495402,0.0,0.0,6.26975907495402,,,117.50911,,117.50911,31
ECU,Ecuador,1977,4.32661744460753,0.0,0.0,4.32661744460753,,,114.43729,,114.43729,32
ECU,Ecuador,1978,4.87918049300881,0.0,0.0,4.87918049300881,,,126.6467,,126.6467,33
ECU,Ecuador,1979,11.1098691939219,0.0,0.0,11.1098691939219,,,134.1268,,134.1268,34
ECU,Ecuador,1980,10.5805004761534,0.0,0.0101375218864533,10.590637998039853,,,128.24379,,128.24379,35
ECU,Ecuador,1981,7.43648308936248,0.0,0.0032107902917627,7.439693879654243,,,132.25677,,132.25677,36
ECU,Ecuador,1982,4.75132859913941,0.0,0.0007802011896313,4.752108800329041,,,132.25677,,132.25677,37
ECU,Ecuador,1983,8.67513964178264,0.0,0.0073826076255914,8.682522249408231,,,149.08698,,149.08698,38
ECU,Ecuador,1984,9.35151976845996,0.0,0.0111427990182847,9.362662567478244,,,162.16396,,162.16396,39
ECU,Ecuador,1985,9.45521760977848,0.0,0.0107428384838936,9.465960448262374,,,177.047,,177.047,40
ECU,Ecuador,1986,4.68377906637246,0.0,0.0075610202905184,4.691340086662978,,,184.52708,,184.52708,41
ECU,Ecuador,1987,4.99756494027957,0.0,0.0039046284220797,5.00146956870165,,,109.19317,,109.19317,42
ECU,Ecuador,1988,6.87057152668533,0.0,0.0054027477906851,6.8759742744760155,,,191.90817,,191.90817,43
ECU,Ecuador,1989,9.05299642422294,0.0,0.006195817875379,9.05919224209832,,,177.24585,,177.24585,44
ECU,Ecuador,1990,11.991103925352,0.0,0.0102982968745506,12.00140222222655,91.63621,,180.52965,,180.52965,45
ECU,Ecuador,1991,6.18084017507188,0.0,0.0060371160669265,6.186877291138807,92.1265,,189.62236,,189.62236,46
ECU,Ecuador,1992,6.68067546189167,0.0,0.0055659286123667,6.686241390504036,92.7093,,203.0098,,203.0098,47
ECU,Ecuador,1993,6.52474732068662,0.0,0.0065841631489334,6.531331483835554,91.361946,,217.78125,,217.78125,48
ECU,Ecuador,1994,5.8266784850764,0.0,0.0047514234854525,5.831429908561852,90.77418,,239.59818,,239.59818,49
ECU,Ecuador,1995,6.45365140471758,0.0,0.0046055518567871,6.458256956574367,93.01504,,244.21895,,244.21895,50
ECU,Ecuador,1996,7.78787008443719,0.0,0.0046136517034546,7.792483736140645,92.13796,,243.37984,,243.37984,51
ECU,Ecuador,1997,6.17219683622489,0.0,0.0034229064339273,6.175619742658817,92.288315,,245.20822,,245.20822,52
ECU,Ecuador,1998,3.21214311967333,0.0,0.0026464706314381,3.2147895903047683,92.37474,,237.72815,,237.72815,53
ECU,Ecuador,1999,7.86330811758721,0.0,0.0054774308663152,7.868785548453525,90.793076,,236.48146,,236.48146,54
ECU,Ecuador,2000,16.3324950885101,0.0,0.0149274346317537,16.347422523141855,91.04636,,251.12022,,251.12022,55
ECU,Ecuador,2001,9.09069290930629,0.0,0.0125625783754855,9.103255487681775,92.07665,,254.79749,,254.79749,56
ECU,Ecuador,2002,8.07370405839442,0.0,0.0052559739651216,8.078960032359541,91.78611,,245.08144,,245.08144,57
ECU,Ecuador,2003,8.39147653417875,0.0,0.0052872442884199,8.39676377846717,92.25995,,261.2883,,261.2883,58
ECU,Ecuador,2004,12.2508252521177,0.0,0.0053453483959928,12.256170600513693,92.60111,,329.50937,,329.50937,59
ECU,Ecuador,2005,16.5366396462506,0.0,0.0137364930608804,16.550376139311478,93.34546,,332.34912,,332.34912,60
ECU,Ecuador,2006,17.9868791091883,0.0,0.01848153963096,18.005360648819263,93.40193,,334.64276,,334.64276,61
ECU,Ecuador,2007,16.5138217754915,0.0,0.0200087462005954,16.533830521692096,91.76332,,319.31387,,319.31387,62
ECU,Ecuador,2008,18.654574856841,0.0,0.0174278432820981,18.672002700123098,90.343704,,316.20746,,316.20746,63
ECU,Ecuador,2009,8.82457083402611,0.0,0.0215040580227175,8.846074892048827,92.56874,,303.71646,,303.71646,64
ECU,Ecuador,2010,11.1941478463167,0.0,0.0152411813949828,11.209389027711682,93.288185,,303.7297,,303.7297,65
ECU,Ecuador,2011,16.0118572281981,0.0,0.0219014648757271,16.03375869307383,91.71028,,311.79193,,311.79193,66
ECU,Ecuador,2012,13.9638597674194,0.0,0.0448272573078322,14.008687024727232,91.377655,,315.15106,,315.15106,67
ECU,Ecuador,2013,12.2978605117168,0.0,0.0450469705695697,12.34290748228637,92.5174,,328.46353,,328.46353,68
ECU,Ecuador,2014,11.0826381316277,0.0,0.0426715913878213,11.125309723015521,92.39007,,346.92267,,346.92267,69
ECU,Ecuador,2015,4.19483660505841,0.0,0.0190291431700831,4.213865748228494,91.186554,,338.5331,,338.5331,70
ECU,Ecuador,2016,3.26158550456448,0.0,0.0089325525577212,3.2705180571222012,89.05648,,342.77148,,342.77148,71
ECU,Ecuador,2017,4.51289936555742,0.0,0.0099993351361004,4.522898700693521,86.44164,,331.18875,,331.18875,72
ECU,Ecuador,2018,6.75910009874679,0.0,0.0183213291864609,6.777421427933251,87.00746,,322.4165,,322.4165,73
ECU,Ecuador,2019,5.52629823993135,0.0,0.0174551929671252,5.543753432898475,84.49974,,330.99576,,330.99576,74
ECU,Ecuador,2020,2.56275988674609,0.0,0.0086762717011158,2.571436158447206,81.8093,,299.63,,299.63,75
ECU,Ecuador,2021,6.40325083301788,0.0,0.0136026725030243,6.416853505520905,84.10172,,294.76608,,294.76608,76
ECU,Ecuador,2022,,,,,85.66002,,299.80652,,299.80652,77
ECU,Ecuador,2023,,,,,85.92032,,296.25784,,296.25784,78
ECU,Ecuador,2024,,,,,87.28595,,297.0753,,297.0753,79
ECU,Ecuador,2025,,,,,84.83236,,274.67017,,274.67017,80
EGY,"Egypt, Arab Rep.",1960,,,,,,,,,,15
EGY,"Egypt, Arab Rep.",1961,,,,,,,,,,16
EGY,"Egypt, Arab Rep.",1962,,,,,,,,,,17
EGY,"Egypt, Arab Rep.",1963,,,,,,,,,,18
EGY,"Egypt, Arab Rep.",1964,,,,,,,,,,19
EGY,"Egypt, Arab Rep.",1965,,,,,98.037704,,75.33914,,75.33914,20
EGY,"Egypt, Arab Rep.",1966,,,,,98.0351,,72.76891,,72.76891,21
EGY,"Egypt, Arab Rep.",1967,,,,,97.50225,,64.90703,,64.90703,22
EGY,"Egypt, Arab Rep.",1968,,,,,96.395256,,99.7505,,99.7505,23
EGY,"Egypt, Arab Rep.",1969,,,,,93.913376,,142.99084,,142.99084,24
EGY,"Egypt, Arab Rep.",1970,1.35975091695316,,0.0063285166579832,1.3660794336111433,94.29947,,190.77852,0.81812495,191.59664494999998,25
EGY,"Egypt, Arab Rep.",1971,1.51778650321548,0.0,0.0057247563299254,1.5235112595454054,93.999825,,173.89175,0.81812495,174.70987495,26
EGY,"Egypt, Arab Rep.",1972,1.41414965534595,0.0,0.0052604125687696,1.4194100679147197,94.51964,,124.67361,0.683375,125.356985,27
EGY,"Egypt, Arab Rep.",1973,1.39607975350548,0.0,0.0039301238560278,1.400009877361508,94.17661,,98.61077,0.548625,99.159395,28
EGY,"Egypt, Arab Rep.",1974,5.88631020930284,0.0,0.0048345566548896,5.89114476595773,93.88768,,86.67839,0.5775,87.25589,29
EGY,"Egypt, Arab Rep.",1975,7.24294064094708,0.0,0.0061511087335946,7.249091749680675,93.88026,,136.46642,0.48125002,136.94767002,30
EGY,"Egypt, Arab Rep.",1976,9.70584745111108,0.0,0.0412931729767677,9.747140624087848,93.98055,,193.1743,3.6575,196.8318,31
EGY,"Egypt, Arab Rep.",1977,12.1647429097968,0.0,0.0565792426337968,12.221322152430597,93.705696,,243.067,4.4275,247.49450000000002,32
EGY,"Egypt, Arab Rep.",1978,14.1098795600338,0.0,0.102349233590231,14.212228793624032,93.420105,,292.95972,7.1225,300.08222,33
EGY,"Egypt, Arab Rep.",1979,29.2321387639113,0.0,0.201212659543661,29.433351423454962,94.25645,,304.00818,10.78,314.78817999999995,34
EGY,"Egypt, Arab Rep.",1980,31.6900821803862,0.0,0.303096363786415,31.993178544172615,94.907394,,346.3414,20.9825,367.32390000000004,35
EGY,"Egypt, Arab Rep.",1981,27.7019088190168,0.0,0.285272208880706,27.987181027897506,95.38089,,373.92776,23.485,397.41276,36
EGY,"Egypt, Arab Rep.",1982,20.3145855308392,0.0,0.0961436277277545,20.410729158566955,95.777435,,387.4418,25.69875,413.14055,37
EGY,"Egypt, Arab Rep.",1983,19.5698422151813,0.0,0.305148314734969,19.874990529916268,96.38611,,423.6809,30.126251,453.80715100000003,38
EGY,"Egypt, Arab Rep.",1984,19.7968763673517,0.0,0.319034425647114,20.115910792998815,96.77139,,486.55267,38.6925,525.24517,39
EGY,"Egypt, Arab Rep.",1985,18.1234335527381,0.0,0.328040564883275,18.451474117621373,97.05802,,524.1292,47.45125,571.5804499999999,40
EGY,"Egypt, Arab Rep.",1986,7.79500738712299,0.0,0.382659569867373,8.177666956990363,97.185326,,478.40002,54.670002,533.070022,41
EGY,"Egypt, Arab Rep.",1987,12.0356801339419,0.0,0.379344035914055,12.415024169855956,97.35472,,537.87585,60.445,598.3208500000001,42
EGY,"Egypt, Arab Rep.",1988,11.0202881461945,0.0,0.493447741679613,11.513735887874114,97.43789,,514.4414,66.604996,581.0463960000001,43
EGY,"Egypt, Arab Rep.",1989,13.8923262424621,0.0,0.474817424842265,14.367143667304365,97.385796,,517.77924,74.497505,592.276745,44
EGY,"Egypt, Arab Rep.",1990,16.9450404713831,0.0,0.510020435747016,17.455060907130115,97.32336,,529.1534,77.67375,606.8271500000001,45
EGY,"Egypt, Arab Rep.",1991,11.7662441097498,0.0,0.631507674585289,12.397751784335089,97.36995,,528.2113,87.395004,615.606304,46
EGY,"Egypt, Arab Rep.",1992,11.1221302701088,0.0,0.583818838684651,11.705949108793451,97.37579,,534.80554,94.5175,629.32304,47
EGY,"Egypt, Arab Rep.",1993,9.87234453989827,0.0,0.630896722018105,10.503241261916376,97.2954,,552.739,108.666245,661.405245,48
EGY,"Egypt, Arab Rep.",1994,7.89742762113067,0.0,0.63844470152896,8.53587232265963,97.26489,,540.76013,116.4625,657.22263,49
EGY,"Egypt, Arab Rep.",1995,7.50906073379094,0.0,0.612728283364487,8.121789017155427,97.309074,,541.8185,120.3125,662.131,50
EGY,"Egypt, Arab Rep.",1996,8.40318332983217,0.0,0.632966198090484,9.036149527922655,97.38288,,524.2804,128.0125,652.2928999999999,51
EGY,"Egypt, Arab Rep.",1997,6.09921817559871,0.0,0.593986674942503,6.693204850541213,97.4269,,509.30096,130.90001,640.20097,52
EGY,"Egypt, Arab Rep.",1998,3.42870521918816,0.0,0.525188376468722,3.953893595656882,97.46034,,499.64807,134.75,634.39807,53
EGY,"Egypt, Arab Rep.",1999,5.19186775765069,3.01803216259927e-08,0.559601222853832,5.751469010684843,97.36516,,481.02844,161.7,642.72844,54
EGY,"Egypt, Arab Rep.",2000,6.47222160611776,0.0002650613685497,0.80988360858388,7.28237027607019,97.36257,,452.60547,202.125,654.73047,55
EGY,"Egypt, Arab Rep.",2001,5.17066273278314,0.0004591709369364,1.12609010255356,6.297212006273637,97.417244,,437.2891,242.54999,679.83909,56
EGY,"Egypt, Arab Rep.",2002,5.90580704386046,0.0002691499416771,1.1880642465276,7.0941404403297375,97.562874,,433.1078,262.7625,695.8703,57
EGY,"Egypt, Arab Rep.",2003,7.50637371077042,0.0002983462741505,1.34012258500625,8.84679464205082,97.86973,,431.15292,289.71252,720.86544,58
EGY,"Egypt, Arab Rep.",2004,9.49448631419397,0.0012942234184541,1.60233568193565,11.098116219548075,97.969955,,405.19684,317.625,722.8218400000001,59
EGY,"Egypt, Arab Rep.",2005,11.8509312061057,0.0006279485502824,2.33458675802498,14.186145912680962,98.05082,,385.7355,409.0625,794.798,60
EGY,"Egypt, Arab Rep.",2006,11.7296934107586,0.0,2.8202302183493,14.5499236291079,98.11913,,385.67053,526.4875,912.1580299999999,61
EGY,"Egypt, Arab Rep.",2007,10.7818588338143,0.0,2.45152200895889,13.23338084277319,98.035194,,393.21033,536.01624,929.22657,62
EGY,"Egypt, Arab Rep.",2008,12.4545677729971,0.0,2.18068996423443,14.63525773723153,98.00365,,403.0303,567.58624,970.61654,63
EGY,"Egypt, Arab Rep.",2009,6.24755741424533,0.0,2.05000012334665,8.297557537591981,98.226364,,410.0738,603.39124,1013.46504,64
EGY,"Egypt, Arab Rep.",2010,7.41778712942652,0.0,1.5962103417445,9.01399747117102,98.34381,,407.3989,590.205,997.6039000000001,65
EGY,"Egypt, Arab Rep.",2011,9.74186285549743,0.0,1.89361087079368,11.63547372629111,98.3916,,402.38626,591.4328,993.81906,66
EGY,"Egypt, Arab Rep.",2012,8.38345897037217,0.0,1.63298671232615,10.016445682698318,98.44139,,403.86438,585.9818,989.84618,67
EGY,"Egypt, Arab Rep.",2013,7.82863019779494,0.0,1.48462315590397,9.31325335369891,98.434166,,399.61905,539.6484,939.26745,68
EGY,"Egypt, Arab Rep.",2014,6.82340013626772,0.0,1.15200734272802,7.97540747899574,98.42496,,408.6805,469.6105,878.2909999999999,69
EGY,"Egypt, Arab Rep.",2015,3.05526433674059,0.0,0.717587471392014,3.7728518081326037,98.35326,,412.06253,425.90625,837.9687799999999,70
EGY,"Egypt, Arab Rep.",2016,2.35006516963224,0.0,0.506687001503198,2.856752171135438,98.42304,,393.50104,402.5175,796.01854,71
EGY,"Egypt, Arab Rep.",2017,4.12683269397819,0.0,1.04828310066825,5.17511579464644,98.51676,,374.23016,488.11273,862.34289,72
EGY,"Egypt, Arab Rep.",2018,5.47658822874947,0.0,1.89151906248592,7.36810729123539,98.42347,,381.97574,585.59,967.56574,73
EGY,"Egypt, Arab Rep.",2019,3.8819618632175,0.0,1.67276468331077,5.55472654652827,98.073166,,369.97357,649.3875,1019.36107,74
EGY,"Egypt, Arab Rep.",2020,1.85770095140202,0.0,1.27251663281876,3.1302175842207802,97.49386,,361.30188,584.65173,945.95361,75
EGY,"Egypt, Arab Rep.",2021,2.98581458250197,0.0,2.04572586744071,5.03154044994268,97.514915,,344.26385,677.9944,1022.2582500000001,76
EGY,"Egypt, Arab Rep.",2022,,,,,97.604866,,347.0419,644.88184,991.92374,77
EGY,"Egypt, Arab Rep.",2023,,,,,97.538216,,345.3406,571.004,916.3446,78
EGY,"Egypt, Arab Rep.",2024,,,,,97.41197,,330.27887,475.1917,805.47057,79
EGY,"Egypt, Arab Rep.",2025,,,,,96.9054,,307.9011,407.5741,715.4752,80
ERI,Eritrea,1960,,,,,,,,,,15
ERI,Eritrea,1961,,,,,,,,,,16
ERI,Eritrea,1962,,,,,,,,,,17
ERI,Eritrea,1963,,,,,,,,,,18
ERI,Eritrea,1964,,,,,,,,,,19
ERI,Eritrea,1965,,,,,,,,,,20
ERI,Eritrea,1966,,,,,,,,,,21
ERI,Eritrea,1967,,,,,,,,,,22
ERI,Eritrea,1968,,,,,,,,,,23
ERI,Eritrea,1969,,,,,,,,,,24
ERI,Eritrea,1970,,,,,,,,,,25
ERI,Eritrea,1971,,,,,,,,,,26
ERI,Eritrea,1972,,,,,,,,,,27
ERI,Eritrea,1973,,,,,,,,,,28
ERI,Eritrea,1974,,,,,,,,,,29
ERI,Eritrea,1975,,,,,,,,,,30
ERI,Eritrea,1976,,,,,,,,,,31
ERI,Eritrea,1977,,,,,,,,,,32
ERI,Eritrea,1978,,,,,,,,,,33
ERI,Eritrea,1979,,,,,,,,,,34
ERI,Eritrea,1980,,,,,,,,,,35
ERI,Eritrea,1981,,,,,,,,,,36
ERI,Eritrea,1982,,,,,,,,,,37
ERI,Eritrea,1983,,,,,,,,,,38
ERI,Eritrea,1984,,,,,,,,,,39
ERI,Eritrea,1985,,,,,,,,,,40
ERI,Eritrea,1986,,,,,,,,,,41
ERI,Eritrea,1987,,,,,,,,,,42
ERI,Eritrea,1988,,,,,,,,,,43
ERI,Eritrea,1989,,,,,,,,,,44
ERI,Eritrea,1990,,,,,,,,,,45
ERI,Eritrea,1991,,,,,,,,,,46
ERI,Eritrea,1992,0.0,0.0,0.0,0.0,,,,,,47
ERI,Eritrea,1993,0.0,0.0,0.0,0.0,,,,,,48
ERI,Eritrea,1994,0.0,0.0,0.0,0.0,,,,,,49
ERI,Eritrea,1995,0.0,0.0,0.0,0.0,,,,,,50
ERI,Eritrea,1996,0.0,0.0,0.0,0.0,,,,,,51
ERI,Eritrea,1997,0.0,0.0,0.0,0.0,,,,,,52
ERI,Eritrea,1998,0.0,0.0,0.0,0.0,,,,,,53
ERI,Eritrea,1999,0.0,0.0,0.0,0.0,,,,,,54
ERI,Eritrea,2000,0.0,0.0,0.0,0.0,,,,,,55
ERI,Eritrea,2001,0.0,0.0,0.0,0.0,,,,,,56
ERI,Eritrea,2002,0.0,0.0,0.0,0.0,,,,,,57
ERI,Eritrea,2003,0.0,0.0,0.0,0.0,,,,,,58
ERI,Eritrea,2004,0.0,0.0,0.0,0.0,,,,,,59
ERI,Eritrea,2005,0.0,0.0,0.0,0.0,,,,,,60
ERI,Eritrea,2006,0.0,0.0,0.0,0.0,,,,,,61
ERI,Eritrea,2007,0.0,0.0,0.0,0.0,,,,,,62
ERI,Eritrea,2008,0.0,0.0,0.0,0.0,,,,,,63
ERI,Eritrea,2009,0.0,0.0,0.0,0.0,,,,,,64
ERI,Eritrea,2010,0.0,0.0,0.0,0.0,,,,,,65
ERI,Eritrea,2011,0.0,0.0,0.0,0.0,,,,,,66
ERI,Eritrea,2012,,,,,,,,,,67
ERI,Eritrea,2013,,,,,,,,,,68
ERI,Eritrea,2014,,,,,,,,,,69
ERI,Eritrea,2015,,,,,,,,,,70
ERI,Eritrea,2016,,,,,,,,,,71
ERI,Eritrea,2017,,,,,,,,,,72
ERI,Eritrea,2018,,,,,,,,,,73
ERI,Eritrea,2019,,,,,,,,,,74
ERI,Eritrea,2020,,,,,,,,,,75
ERI,Eritrea,2021,,,,,,,,,,76
ERI,Eritrea,2022,,,,,,,,,,77
ERI,Eritrea,2023,,,,,,,,,,78
ERI,Eritrea,2024,,,,,,,,,,79
ERI,Eritrea,2025,,,,,,,,,,80
ESP,Spain,1960,,,,,,,,,,15
ESP,Spain,1961,,,,,,,,,,16
ESP,Spain,1962,,,,,,,,,,17
ESP,Spain,1963,,,,,,,,,,18
ESP,Spain,1964,,,,,,,,,,19
ESP,Spain,1965,,,,,,,,,,20
ESP,Spain,1966,,,,,,,,,,21
ESP,Spain,1967,,,,,,,,,,22
ESP,Spain,1968,,,,,,,,,,23
ESP,Spain,1969,,,,,92.307365,,,,,24
ESP,Spain,1970,0.000309180389037,0.0184640772240545,,0.0187732576130915,93.52874,,,,,25
ESP,Spain,1971,0.0007517352737514,0.0206612536046071,,0.0214129888783585,92.38703,,,,,26
ESP,Spain,1972,0.0009725800423157,0.0164659376045888,,0.0174385176469045,91.07918,,,,,27
ESP,Spain,1973,0.0073758389436776,0.0126849762995741,,0.0200608152432517,92.28361,,,,,28
ESP,Spain,1974,0.0934819346316966,0.0219558976048795,,0.1154378322365761,92.01578,,,,,29
ESP,Spain,1975,0.0751290617417776,0.0837688117030645,,0.15889787344484207,92.8312,,,,,30
ESP,Spain,1976,0.0693319729400274,0.0920195599277997,,0.1613515328678271,94.06342,,,,,31
ESP,Spain,1977,0.0364086084503603,0.0954533255544151,3.88848261360552e-06,0.131865822487389,91.845825,,,,,32
ESP,Spain,1978,0.0304238690484626,0.0612092992262134,4.88625823161857e-06,0.0916380545329076,91.32576,,,,,33
ESP,Spain,1979,0.0659562151230207,0.0432393220642171,7.88615122662422e-06,0.10920342333846443,91.49517,,,,,34
ESP,Spain,1980,0.105539264504287,0.069905599314364,1.24533703622278e-05,0.17545731718901322,94.41508,,,,,35
ESP,Spain,1981,0.0747455064052639,0.204376181937485,9.95206462076343e-06,0.27913164040736965,93.87837,140.22293,,,140.22293,36
ESP,Spain,1982,0.0606352635901885,0.260152446606628,5.67417452675856e-06,0.32079338437134325,93.55532,150.59692,,,150.59692,37
ESP,Spain,1983,0.17561908092457,0.12848583269734,1.29477083148853e-05,0.3041178613302249,92.93408,152.98091,,,152.98091,38
ESP,Spain,1984,0.135159181160029,0.0639842514638827,0.0020080077144116,0.2011514403383233,88.18017,151.49219,,,151.49219,39
ESP,Spain,1985,0.123024307047344,0.0851015867830807,0.0027114362661032,0.21083733009652791,86.36594,150.21309,,,150.21309,40
ESP,Spain,1986,0.0300095188793966,0.0217990156284057,0.0027591170305198,0.054567651538322104,84.20994,153.91144,,,153.91144,41
ESP,Spain,1987,0.0345726795191224,0.0049071952280542,0.0022370583750583,0.041716933122234894,83.435814,133.67526,,,133.67526,42
ESP,Spain,1988,0.0202193083988981,0.0055873085602594,0.0020982487531365,0.027904865712294002,80.19504,126.62745,,,126.62745,43
ESP,Spain,1989,0.0205019528481669,0.0053048020946295,0.0033744062122238,0.029181161155020202,81.6337,135.46616,,,135.46616,44
ESP,Spain,1990,0.0167206636998013,0.0191756804390406,0.0035169725170931,0.039413316655935,81.3937,132.3843,,,132.3843,45
ESP,Spain,1991,0.0101230266230823,0.0147466096260703,0.0023441562744783,0.027213792523630903,81.44567,121.370705,,,121.370705,46
ESP,Spain,1992,0.010093392985894,0.0079509905070088,0.0010493112193366,0.0190936947122394,83.24043,123.30123,,,123.30123,47
ESP,Spain,1993,0.0095136073994548,0.0013522681578091,0.0014598609456803,0.012325736502944199,81.91076,121.31246,,,121.31246,48
ESP,Spain,1994,0.0077527597151699,0.0017711027107828,0.000434859430962,0.009958721856914701,82.48126,114.764915,,,114.764915,49
ESP,Spain,1995,0.0060286233651504,0.006224111557031,0.0003305422858266,0.012583277208008,83.574196,113.206436,,,113.206436,50
ESP,Spain,1996,0.0063573803908436,0.0037697537975626,0.0001679038315379,0.0102950380199441,82.133125,111.799164,,,111.799164,51
ESP,Spain,1997,0.0039843224053494,0.0020003098995417,0.0006464343883731,0.0066310666932642,83.508995,112.0201,,,112.0201,52
ESP,Spain,1998,0.0016603722596544,0.0023891919857952,5.20928087999325e-05,0.004101657054249533,83.41896,107.43784,,,107.43784,53
ESP,Spain,1999,0.0027374390042391,0.0003006277724892,6.57580839072651e-05,0.0031038248606355652,85.08566,99.855225,,,99.855225,54
ESP,Spain,2000,0.0048350604862431,0.0038446562303987,0.0005742988009559,0.0092540155175977,84.53396,97.005806,,,97.005806,55
ESP,Spain,2001,0.0061348233895011,0.0123799392928752,0.0036885047102891,0.0222032673926654,83.69575,91.44677,,,91.44677,56
ESP,Spain,2002,0.0044256137815808,0.0040249033623876,0.002488832500217,0.0109393496441854,85.25014,89.364914,,,89.364914,57
ESP,Spain,2003,0.0040117888311546,0.003171107333918,0.0010271676703272,0.0082100638353998,84.43817,83.08475,,,83.08475,58
ESP,Spain,2004,0.0036654446717559,0.0206753364971601,0.0010470210972523,0.0253878022661683,85.027596,80.50286,,,80.50286,59
ESP,Spain,2005,0.0032744655840555,0.0125934254833309,0.0003753163883514,0.0162432074557378,87.07253,77.06032,,,77.06032,60
ESP,Spain,2006,0.0029154908429331,0.0116704698183558,0.0003071654233904,0.014893126084679301,85.96725,72.606026,,,72.606026,61
ESP,Spain,2007,0.0028466450350846,0.0145400693241205,8.33384517777598e-05,0.01747005281098286,86.471695,68.209915,,,68.209915,62
ESP,Spain,2008,0.0033744712688285,0.032079273609495,0.000121351888769,0.0355750967670925,84.75129,50.869614,,,50.869614,63
ESP,Spain,2009,0.0016595111430676,0.0095697382441501,8.17275434437884e-05,0.01131097693066149,83.37189,44.31232,,,44.31232,64
ESP,Spain,2010,0.0022176314385651,0.0162968550522323,0.0002988922234435,0.018813378714240898,79.78085,38.329483,,,38.329483,65
ESP,Spain,2011,0.0028817985927768,0.0155334692771782,0.00039108502139,0.018806352891345,80.73102,30.798552,,,30.798552,66
ESP,Spain,2012,0.0044266059857127,0.0074474408940647,0.000520506046413,0.0123945529261904,79.32541,28.612782,,,28.612782,67
ESP,Spain,2013,0.010347316151723,0.0028822246124274,0.0005394747633158,0.013769015527466198,78.34771,20.49784,,,20.49784,68
ESP,Spain,2014,0.0079086346486516,0.0025335084191447,0.0001609273406479,0.010603070408444201,77.88327,18.932415,,,18.932415,69
ESP,Spain,2015,0.0029307758008732,0.0017451511545335,0.0003509622876312,0.0050268892430379,79.40433,14.48957,,,14.48957,70
ESP,Spain,2016,0.0013292731433236,0.0011367896634245,0.0001797214878117,0.0026457842945598,78.47646,7.9762125,,,7.9762125,71
ESP,Spain,2017,0.0016398936365538,0.0019244758647489,0.0001159642133535,0.0036803337146562,80.19144,13.116511,,,13.116511,72
ESP,Spain,2018,0.001764912494645,0.0015592957370588,0.000544366653518,0.0038685748852218,79.16773,10.267918,,,10.267918,73
ESP,Spain,2019,0.0007440005101594,0.0,0.0005950431968515,0.0013390437070109,78.85938,0.6848833,,,0.6848833,74
ESP,Spain,2020,0.0002957349879874,0.0,0.0001136952728159,0.0004094302608033,74.4988,0.5190886,,,0.5190886,75
ESP,Spain,2021,0.000151493558291,0.0,0.0005672197304352,0.0007187132887262,75.632805,0.49378112,,,0.49378112,76
ESP,Spain,2022,,,,,76.60223,0.38784835,,,0.38784835,77
ESP,Spain,2023,,,,,74.11194,0.22535194,,,0.22535194,78
ESP,Spain,2024,,,,,74.16838,0.23895805,,,0.23895805,79
ESP,Spain,2025,,,,,74.42343,0.0,,,0.0,80
EST,Estonia,1960,,,,,,,,,,15
EST,Estonia,1961,,,,,,,,,,16
EST,Estonia,1962,,,,,,,,,,17
EST,Estonia,1963,,,,,,,,,,18
EST,Estonia,1964,,,,,,,,,,19
EST,Estonia,1965,,,,,,,,,,20
EST,Estonia,1966,,,,,,,,,,21
EST,Estonia,1967,,,,,,,,,,22
EST,Estonia,1968,,,,,,,,,,23
EST,Estonia,1969,,,,,,,,,,24
EST,Estonia,1970,,,,,,,,,,25
EST,Estonia,1971,,,,,,,,,,26
EST,Estonia,1972,,,,,,,,,,27
EST,Estonia,1973,,,,,,,,,,28
EST,Estonia,1974,,,,,,,,,,29
EST,Estonia,1975,,,,,,,,,,30
EST,Estonia,1976,,,,,,,,,,31
EST,Estonia,1977,,,,,,,,,,32
EST,Estonia,1978,,,,,,,,,,33
EST,Estonia,1979,,,,,,,,,,34
EST,Estonia,1980,,,,,,,,,,35
EST,Estonia,1981,,,,,,,,,,36
EST,Estonia,1982,,,,,,,,,,37
EST,Estonia,1983,,,,,,,,,,38
EST,Estonia,1984,,,,,,,,,,39
EST,Estonia,1985,,,,,100.0,,,,,40
EST,Estonia,1986,,,,,100.0,,,,,41
EST,Estonia,1987,,,,,100.0,,,,,42
EST,Estonia,1988,,,,,100.0,,,,,43
EST,Estonia,1989,,,,,99.99999,,,,,44
EST,Estonia,1990,,,,,100.0,,,,,45
EST,Estonia,1991,,,,,100.0,,,,,46
EST,Estonia,1992,,,,,99.99999,,,,,47
EST,Estonia,1993,,,,,99.99999,,,,,48
EST,Estonia,1994,,,,,100.0,,,,,49
EST,Estonia,1995,1.01486539396069,0.0,0.0,1.01486539396069,99.970825,,,,,50
EST,Estonia,1996,1.27526802566813,0.0,0.0,1.27526802566813,99.9771,,,,,51
EST,Estonia,1997,0.875477580930388,0.0,0.0,0.875477580930388,99.962814,,,,,52
EST,Estonia,1998,0.233221617830374,0.0,0.0,0.233221617830374,99.937675,,,,,53
EST,Estonia,1999,0.648546109503094,0.0,0.0,0.648546109503094,99.919205,,,,,54
EST,Estonia,2000,1.53035528821004,0.0,0.0,1.53035528821004,99.68622,,,,,55
EST,Estonia,2001,0.940432350616132,0.0,0.0,0.940432350616132,99.86905,,,,,56
EST,Estonia,2002,0.769330159854059,0.0,0.0,0.769330159854059,99.838585,,,,,57
EST,Estonia,2003,0.628213867743043,0.0,0.0,0.628213867743043,99.839584,,,,,58
EST,Estonia,2004,0.718607971781233,0.0,0.0,0.718607971781233,99.801865,,,,,59
EST,Estonia,2005,1.00907540024629,0.0,0.0,1.00907540024629,99.71838,,,,,60
EST,Estonia,2006,1.05803169914904,0.0,0.0,1.05803169914904,99.65302,,,,,61
EST,Estonia,2007,1.12130367695077,0.0,0.0,1.12130367695077,99.685394,,,,,62
EST,Estonia,2008,1.58302746810645,0.0,0.0,1.58302746810645,99.5159,,,,,63
EST,Estonia,2009,0.956769785029067,0.0,0.0,0.956769785029067,97.91666,,,,,64
EST,Estonia,2010,0.720826423519741,0.0,0.0,0.720826423519741,96.310905,,,,,65
EST,Estonia,2011,0.895652000201936,0.0,0.0,0.895652000201936,96.050125,,,,,66
EST,Estonia,2012,1.01314866161022,0.0,0.0,1.01314866161022,95.04669,,,,,67
EST,Estonia,2013,0.908405977818845,0.0,0.0,0.908405977818845,96.42918,,,,,68
EST,Estonia,2014,0.967779937618074,0.0,0.0,0.967779937618074,95.72215,,,,,69
EST,Estonia,2015,0.577870298883675,0.0,0.0,0.577870298883675,95.01819,,,,,70
EST,Estonia,2016,0.395237695104046,0.0,0.0,0.395237695104046,94.907394,,,,,71
EST,Estonia,2017,0.648969670439222,0.0,0.0,0.648969670439222,94.61807,,,,,72
EST,Estonia,2018,0.995460170965617,0.0,0.0,0.995460170965617,93.572334,,,,,73
EST,Estonia,2019,0.924587689843327,0.0,0.0,0.924587689843327,91.48793,,,,,74
EST,Estonia,2020,0.480973513029608,0.0,0.0,0.480973513029608,87.37938,,,,,75
EST,Estonia,2021,0.962229214145247,0.0,0.0,0.962229214145247,88.29954,,,,,76
EST,Estonia,2022,,,,,89.65157,,,,,77
EST,Estonia,2023,,,,,89.192986,,,,,78
EST,Estonia,2024,,,,,87.554405,,,,,79
EST,Estonia,2025,,,,,86.52007,,,,,80
ETH,Ethiopia,1960,,,,,,,,,,15
ETH,Ethiopia,1961,,,,,,,,,,16
ETH,Ethiopia,1962,,,,,,,,,,17
ETH,Ethiopia,1963,,,,,,,,,,18
ETH,Ethiopia,1964,,,,,,,,,,19
ETH,Ethiopia,1965,,,,,,,,,,20
ETH,Ethiopia,1966,,,,,,,,,,21
ETH,Ethiopia,1967,,,,,,,,,,22
ETH,Ethiopia,1968,,,,,,,,,,23
ETH,Ethiopia,1969,,,,,,,,,,24
ETH,Ethiopia,1970,,,,,,,,,,25
ETH,Ethiopia,1971,,,,,,,,,,26
ETH,Ethiopia,1972,,,,,,,,,,27
ETH,Ethiopia,1973,,,,,,,,,,28
ETH,Ethiopia,1974,,,,,,,,,,29
ETH,Ethiopia,1975,,,,,,,,,,30
ETH,Ethiopia,1976,,,,,,,,,,31
ETH,Ethiopia,1977,,,,,,,,,,32
ETH,Ethiopia,1978,,,,,,,,,,33
ETH,Ethiopia,1979,,,,,,,,,,34
ETH,Ethiopia,1980,,,,,,,,,,35
ETH,Ethiopia,1981,0.0,0.0,0.0,0.0,,,,,,36
ETH,Ethiopia,1982,0.0,0.0,0.0,0.0,,,,,,37
ETH,Ethiopia,1983,0.0,0.0,0.0,0.0,,,,,,38
ETH,Ethiopia,1984,0.0,0.0,0.0,0.0,,,,,,39
ETH,Ethiopia,1985,0.0,0.0,0.0,0.0,,,,,,40
ETH,Ethiopia,1986,0.0,0.0,0.0,0.0,,,,,,41
ETH,Ethiopia,1987,0.0,0.0,0.0,0.0,,,,,,42
ETH,Ethiopia,1988,0.0,0.0,0.0,0.0,,,,,,43
ETH,Ethiopia,1989,0.0,0.0,0.0,0.0,,,,,,44
ETH,Ethiopia,1990,0.0,0.0,0.0,0.0,,,,,,45
ETH,Ethiopia,1991,0.0,0.0,0.0,0.0,,,,,,46
ETH,Ethiopia,1992,0.0,0.0,0.0,0.0,,,,,,47
ETH,Ethiopia,1993,0.0,0.0,0.0,0.0,,,,,,48
ETH,Ethiopia,1994,0.0,0.0,0.0,0.0,,,,,,49
ETH,Ethiopia,1995,0.0,0.0,0.0,0.0,,,,,,50
ETH,Ethiopia,1996,0.0,0.0,0.0,0.0,,,,,,51
ETH,Ethiopia,1997,0.0,0.0,0.0,0.0,,,,,,52
ETH,Ethiopia,1998,0.0,0.0,0.0,0.0,,,,,,53
ETH,Ethiopia,1999,0.0,0.0,0.0,0.0,,,,,,54
ETH,Ethiopia,2000,0.0,0.0,0.0,0.0,,,,,,55
ETH,Ethiopia,2001,0.0,0.0,0.0,0.0,,,,,,56
ETH,Ethiopia,2002,0.0,0.0,0.0,0.0,,,,,,57
ETH,Ethiopia,2003,0.0,0.0,0.0,0.0,,,,,,58
ETH,Ethiopia,2004,0.0,0.0,0.0,0.0,,,,,,59
ETH,Ethiopia,2005,0.0,0.0,0.0,0.0,,,,,,60
ETH,Ethiopia,2006,0.0,0.0,0.0,0.0,,,,,,61
ETH,Ethiopia,2007,0.0,0.0,0.0,0.0,,,,,,62
ETH,Ethiopia,2008,0.0089660103734654,0.0,0.0,0.0089660103734654,,,,,,63
ETH,Ethiopia,2009,0.0035679982906305,0.0018376956220158,0.0,0.0054056939126463,,,,,,64
ETH,Ethiopia,2010,0.0058556774728312,0.0072449925692298,0.0,0.013100670042060999,,,,,,65
ETH,Ethiopia,2011,0.0081746694968384,0.0050772764300167,0.0,0.013251945926855099,,,,,,66
ETH,Ethiopia,2012,0.0058150126399149,0.0,0.0,0.0058150126399149,,,,,,67
ETH,Ethiopia,2013,0.0079039679631487,0.0,0.0,0.0079039679631487,,,,,,68
ETH,Ethiopia,2014,0.0067708864607757,0.0,0.0,0.0067708864607757,,,,,,69
ETH,Ethiopia,2015,0.0028568298955423,0.0,0.0,0.0028568298955423,,,,,,70
ETH,Ethiopia,2016,0.0027240103115128,9.90538673681238e-05,0.0,0.002823064178880924,,,,,,71
ETH,Ethiopia,2017,0.0,0.0001300134751878,0.0,0.0001300134751878,,,,,,72
ETH,Ethiopia,2018,0.0,0.0001485747279059,0.0,0.0001485747279059,,,,,,73
ETH,Ethiopia,2019,0.0,0.0001042081565032,0.0,0.0001042081565032,,,,,,74
ETH,Ethiopia,2020,0.0,8.32489506864312e-05,0.0,8.32489506864312e-05,,,,,,75
ETH,Ethiopia,2021,0.0,0.0001638328101775,0.0,0.0001638328101775,,,,,,76
ETH,Ethiopia,2022,,,,,,,,,,77
ETH,Ethiopia,2023,,,,,,,,,,78
ETH,Ethiopia,2024,,,,,,,,,,79
ETH,Ethiopia,2025,,,,,,,,,,80
FIN,Finland,1960,,,,,,,,,,15
FIN,Finland,1961,,,,,,,,,,16
FIN,Finland,1962,,,,,,,,,,17
FIN,Finland,1963,,,,,,,,,,18
FIN,Finland,1964,,,,,,,,,,19
FIN,Finland,1965,,,,,,,,,,20
FIN,Finland,1966,,,,,,,,,,21
FIN,Finland,1967,,,,,,,,,,22
FIN,Finland,1968,,,,,,,,,,23
FIN,Finland,1969,,,,,,,,,,24
FIN,Finland,1970,,0.0,0.0,0.0,,,,,,25
FIN,Finland,1971,0.0,0.0,0.0,0.0,,,,,,26
FIN,Finland,1972,0.0,0.0,0.0,0.0,,,,,,27
FIN,Finland,1973,0.0,0.0,0.0,0.0,,,,,,28
FIN,Finland,1974,0.0,0.0,0.0,0.0,93.06148,,,,,29
FIN,Finland,1975,0.0,0.0,0.0,0.0,93.48356,,,,,30
FIN,Finland,1976,0.0,0.0,0.0,0.0,95.38561,,,,,31
FIN,Finland,1977,0.0,0.0,0.0,0.0,90.54912,,,,,32
FIN,Finland,1978,0.0,0.0,0.0,0.0,91.37071,,,,,33
FIN,Finland,1979,0.0,0.0,0.0,0.0,87.32717,,,,,34
FIN,Finland,1980,0.0,0.0,0.0,0.0,87.25691,,,,,35
FIN,Finland,1981,0.0,0.0,0.0,0.0,76.25092,,,,,36
FIN,Finland,1982,0.0,0.0,0.0,0.0,73.67574,,,,,37
FIN,Finland,1983,0.0,0.0,0.0,0.0,71.91025,,,,,38
FIN,Finland,1984,0.0,0.0,0.0,0.0,71.99398,,,,,39
FIN,Finland,1985,0.0,0.0,0.0,0.0,73.72804,,,,,40
FIN,Finland,1986,0.0,0.0,0.0,0.0,73.99723,,,,,41
FIN,Finland,1987,0.0,0.0,0.0,0.0,74.05716,,,,,42
FIN,Finland,1988,0.0,0.0,0.0,0.0,74.203545,,,,,43
FIN,Finland,1989,0.0,0.0,0.0,0.0,74.98708,,,,,44
FIN,Finland,1990,0.0,0.0,0.0,0.0,72.223915,,,,,45
FIN,Finland,1991,0.0,0.0,0.0,0.0,71.60011,,,,,46
FIN,Finland,1992,0.0,0.0,0.0,0.0,70.92052,,,,,47
FIN,Finland,1993,0.0,0.0,0.0,0.0,70.23335,,,,,48
FIN,Finland,1994,0.0,0.0,0.0,0.0,72.539055,,,,,49
FIN,Finland,1995,0.0,0.0,0.0,0.0,71.00928,,,,,50
FIN,Finland,1996,0.0,0.0,0.0,0.0,72.732,,,,,51
FIN,Finland,1997,0.0,0.0,0.0,0.0,69.858185,,,,,52
FIN,Finland,1998,0.0,0.0,0.0,0.0,67.477066,,,,,53
FIN,Finland,1999,0.0,0.0,0.0,0.0,67.71598,,,,,54
FIN,Finland,2000,0.0,0.0,0.0,0.0,67.32062,,,,,55
FIN,Finland,2001,0.0,0.0,0.0,0.0,69.262856,,,,,56
FIN,Finland,2002,0.0,0.0,0.0,0.0,70.328156,,,,,57
FIN,Finland,2003,0.0,0.0,0.0,0.0,72.03719,,,,,58
FIN,Finland,2004,0.0001894694238869,0.0,0.0,0.0001894694238869,69.5058,,,,,59
FIN,Finland,2005,0.0011893485185809,0.0,0.0,0.0011893485185809,66.69259,,,,,60
FIN,Finland,2006,0.0023565839001993,0.0,0.0,0.0023565839001993,69.86701,,,,,61
FIN,Finland,2007,0.0,0.0,0.0,0.0,68.9341,,,,,62
FIN,Finland,2008,0.0,0.0,0.0,0.0,65.84133,,,,,63
FIN,Finland,2009,0.0,0.0,0.0,0.0,66.05913,,,,,64
FIN,Finland,2010,0.0351012330705767,0.0,0.0,0.0351012330705767,67.568474,,,,,65
FIN,Finland,2011,0.0362541272728247,0.0,0.0,0.0362541272728247,64.68174,,,,,66
FIN,Finland,2012,0.0475826843159529,0.0,0.0,0.0475826843159529,61.479324,,,,,67
FIN,Finland,2013,0.0522484933642708,0.0,0.0,0.0522484933642708,61.986282,,,,,68
FIN,Finland,2014,0.0536121904628334,0.0,0.0,0.0536121904628334,59.928646,,,,,69
FIN,Finland,2015,0.0321566445749805,0.0,0.0,0.0321566445749805,58.046288,,,,,70
FIN,Finland,2016,0.0049874789259069,0.0,0.0,0.0049874789259069,59.880283,,,,,71
FIN,Finland,2017,0.0205287132946789,0.0,0.0,0.0205287132946789,58.138954,,,,,72
FIN,Finland,2018,0.0359430063476326,0.0,0.0,0.0359430063476326,57.90618,,,,,73
FIN,Finland,2019,0.0395237238079271,0.0,0.0,0.0395237238079271,56.093716,,,,,74
FIN,Finland,2020,0.0208151367431629,0.0,0.0,0.0208151367431629,53.09344,,,,,75
FIN,Finland,2021,0.0456314892036643,0.0,0.0,0.0456314892036643,51.12716,,,,,76
FIN,Finland,2022,,,,,49.348198,,,,,77
FIN,Finland,2023,,,,,41.710907,,,,,78
FIN,Finland,2024,,,,,42.246563,,,,,79
FIN,Finland,2025,,,,,41.53377,,,,,80
FJI,Fiji,1960,,,,,,,,,,15
FJI,Fiji,1961,,,,,,,,,,16
FJI,Fiji,1962,,,,,,,,,,17
FJI,Fiji,1963,,,,,,,,,,18
FJI,Fiji,1964,,,,,,,,,,19
FJI,Fiji,1965,,,,,,,,,,20
FJI,Fiji,1966,,,,,,,,,,21
FJI,Fiji,1967,,,,,,,,,,22
FJI,Fiji,1968,,,,,,,,,,23
FJI,Fiji,1969,,,,,,,,,,24
FJI,Fiji,1970,,,,,,,,,,25
FJI,Fiji,1971,,,,,,,,,,26
FJI,Fiji,1972,,,,,,,,,,27
FJI,Fiji,1973,,,,,,,,,,28
FJI,Fiji,1974,,,,,,,,,,29
FJI,Fiji,1975,,,,,,,,,,30
FJI,Fiji,1976,,,,,,,,,,31
FJI,Fiji,1977,,,,,,,,,,32
FJI,Fiji,1978,,,,,,,,,,33
FJI,Fiji,1979,,,,,,,,,,34
FJI,Fiji,1980,0.0,0.0,0.0,0.0,,,,,,35
FJI,Fiji,1981,0.0,0.0,0.0,0.0,,,,,,36
FJI,Fiji,1982,0.0,0.0,0.0,0.0,,,,,,37
FJI,Fiji,1983,0.0,0.0,0.0,0.0,,,,,,38
FJI,Fiji,1984,0.0,0.0,0.0,0.0,,,,,,39
FJI,Fiji,1985,0.0,0.0,0.0,0.0,,,,,,40
FJI,Fiji,1986,0.0,0.0,0.0,0.0,,,,,,41
FJI,Fiji,1987,0.0,0.0,0.0,0.0,,,,,,42
FJI,Fiji,1988,0.0,0.0,0.0,0.0,,,,,,43
FJI,Fiji,1989,0.0,0.0,0.0,0.0,,,,,,44
FJI,Fiji,1990,0.0,0.0,0.0,0.0,,,,,,45
FJI,Fiji,1991,0.0,0.0,0.0,0.0,,,,,,46
FJI,Fiji,1992,0.0,0.0,0.0,0.0,,,,,,47
FJI,Fiji,1993,0.0,0.0,0.0,0.0,,,,,,48
FJI,Fiji,1994,0.0,0.0,0.0,0.0,,,,,,49
FJI,Fiji,1995,0.0,0.0,0.0,0.0,,,,,,50
FJI,Fiji,1996,0.0,0.0,0.0,0.0,,,,,,51
FJI,Fiji,1997,0.0,0.0,0.0,0.0,,,,,,52
FJI,Fiji,1998,0.0,0.0,0.0,0.0,,,,,,53
FJI,Fiji,1999,0.0,0.0,0.0,0.0,,,,,,54
FJI,Fiji,2000,0.0,0.0,0.0,0.0,,,,,,55
FJI,Fiji,2001,0.0,0.0,0.0,0.0,,,,,,56
FJI,Fiji,2002,0.0,0.0,0.0,0.0,,,,,,57
FJI,Fiji,2003,0.0,0.0,0.0,0.0,,,,,,58
FJI,Fiji,2004,0.0,0.0,0.0,0.0,,,,,,59
FJI,Fiji,2005,0.0,0.0,0.0,0.0,,,,,,60
FJI,Fiji,2006,0.0,0.0,0.0,0.0,,,,,,61
FJI,Fiji,2007,0.0,0.0,0.0,0.0,,,,,,62
FJI,Fiji,2008,0.0,0.0,0.0,0.0,,,,,,63
FJI,Fiji,2009,0.0,0.0,0.0,0.0,,,,,,64
FJI,Fiji,2010,0.0,0.0,0.0,0.0,,,,,,65
FJI,Fiji,2011,0.0,0.0,0.0,0.0,,,,,,66
FJI,Fiji,2012,0.0,0.0,0.0,0.0,,,,,,67
FJI,Fiji,2013,0.0,0.0,0.0,0.0,,,,,,68
FJI,Fiji,2014,0.0,0.0,0.0,0.0,,,,,,69
FJI,Fiji,2015,0.0,0.0,0.0,0.0,,,,,,70
FJI,Fiji,2016,0.0,0.0,0.0,0.0,,,,,,71
FJI,Fiji,2017,0.0,0.0,0.0,0.0,,,,,,72
FJI,Fiji,2018,0.0,0.0,0.0,0.0,,,,,,73
FJI,Fiji,2019,0.0,0.0,0.0,0.0,,,,,,74
FJI,Fiji,2020,0.0,0.0,0.0,0.0,,,,,,75
FJI,Fiji,2021,0.0,0.0,0.0,0.0,,,,,,76
FJI,Fiji,2022,,,,,,,,,,77
FJI,Fiji,2023,,,,,,,,,,78
FJI,Fiji,2024,,,,,,,,,,79
FJI,Fiji,2025,,,,,,,,,,80
FRA,France,1960,,,,,,,,,,15
FRA,France,1961,,,,,,,,,,16
FRA,France,1962,,,,,,,,,,17
FRA,France,1963,,,,,,,,,,18
FRA,France,1964,,,,,,,,,,19
FRA,France,1965,,,,,96.04975,,,,,20
FRA,France,1966,,,,,95.47986,,,,,21
FRA,France,1967,,,,,96.10437,,,,,22
FRA,France,1968,,,,,95.655334,,,,,23
FRA,France,1969,,,,,95.77707,,,,,24
FRA,France,1970,0.0012445261277039,0.0259323930243106,0.0116931337362529,0.0388700528882674,95.46112,,,,,25
FRA,France,1971,0.0030800470267067,0.0254994097202642,0.0136729723767105,0.0422524291236814,95.4843,,,,,26
FRA,France,1972,0.0030299608091241,0.0182509907137858,0.0159847230465609,0.0372656745694708,94.92786,,,,,27
FRA,France,1973,0.0038968450689929,0.0137036416339517,0.0101774035351232,0.0277778902380678,95.378525,,,,,28
FRA,France,1974,0.0220510106841115,0.023225210383413,0.0300156276294667,0.0752918486969912,94.83418,,,,,29
FRA,France,1975,0.0150499049491404,0.0703681511657056,0.0338164225250199,0.1192344786398659,93.765144,,,,,30
FRA,France,1976,0.0149040522622061,0.0756757845307963,0.0330267029957607,0.12360653978876311,95.13037,,,,,31
FRA,France,1977,0.0139991002675884,0.0663031335343206,0.0328480631994955,0.1131502970014045,93.42649,,,,,32
FRA,France,1978,0.0115039459046364,0.0401861639845612,0.02975084480954,0.0814409546987376,92.329025,,,,,33
FRA,France,1979,0.0244140794065056,0.0288221640729182,0.0405887549620628,0.09382499844148659,91.35167,,,,,34
FRA,France,1980,0.0318838289177756,0.0328786136014771,0.0472023714286134,0.1119648139478661,88.21563,,,,,35
FRA,France,1981,0.0343612475061328,0.0717802686678053,0.0331222305442564,0.1392637467181945,81.772804,,,,,36
FRA,France,1982,0.0220183215603602,0.0798308944141115,0.0150138300492797,0.11686304602375139,80.638626,,,,,37
FRA,France,1983,0.0308360670902061,0.038800988021632,0.027667257395432,0.09730431250727009,76.23488,,,,,38
FRA,France,1984,0.040406531375115,0.027758656217762,0.0276535697177136,0.0958187573105906,71.0631,,,,,39
FRA,France,1985,0.0503734120435526,0.0270390133097308,0.0205613835271485,0.09797380888043189,68.08106,,,,,40
FRA,France,1986,0.0158828404535354,0.0088740235644029,0.0117198116485572,0.0364766756664955,65.07616,,,,,41
FRA,France,1987,0.0230614202248691,0.003307600280691,0.0047130924088213,0.0310821129143814,63.932068,,,,,42
FRA,France,1988,0.0167364755200005,0.0027829602327608,0.0031341778004423,0.022653613553203604,62.800182,,,,,43
FRA,France,1989,0.0257003351850313,0.0035364605149567,0.003210465572926,0.032447261272914,61.98832,,,,,44
FRA,France,1990,0.0266357974593468,0.0074768965282609,0.0039414899695966,0.03805418395720429,61.168514,,,,,45
FRA,France,1991,0.012641000783178,0.0064718174139999,0.0031745993517069,0.0222874175488848,61.650345,,,,,46
FRA,France,1992,0.012057977543871,0.003845133652803,0.0014881701446861,0.0173912813413601,60.50467,,,,,47
FRA,France,1993,0.0118039460062411,0.0020723623097237,0.0036522374002115,0.0175285457161763,57.571213,,,,,48
FRA,France,1994,0.0102733020572934,0.0010811742010261,0.0034313382032548,0.014785814461574301,57.02721,,,,,49
FRA,France,1995,0.008798394321969,0.0014877575920718,0.0052553636215025,0.0155415155355433,56.76473,,,,,50
FRA,France,1996,0.0105605201828983,0.0008068996923551,0.0043447754422377,0.0157121953174911,56.744297,,,,,51
FRA,France,1997,0.0077530518573603,0.0003614715694629,0.0045927040737675,0.0127072275005907,56.329586,,,,,52
FRA,France,1998,0.0022073524421779,0.0003396991138686,0.0005005244473393,0.0030475760033858,58.234257,,,,,53
FRA,France,1999,0.0060100955132444,3.57387803183947e-05,0.0004469977847982,0.006492832078360994,57.532703,,,,,54
FRA,France,2000,0.0128162153938784,0.0004267684439125,0.0029950657905807,0.0162380496283716,56.40793,,,,,55
FRA,France,2001,0.0093601296341591,0.0009653490931027,0.0063578362105501,0.016683314937811902,55.81209,,,,,56
FRA,France,2002,0.0083087629463596,0.0002591668562954,0.0042333427464062,0.012801272549061202,54.908916,,,,,57
FRA,France,2003,0.0073791013617469,0.0002532707480532,0.0033223645531099,0.010954736662909999,55.19729,,,,,58
FRA,France,2004,0.0081039825740849,0.0001560532184092,0.002208348098708,0.0104683838912021,54.9843,,,,,59
FRA,France,2005,0.0111412257646513,0.0,0.0014880702236225,0.0126292959882738,54.794197,,,,,60
FRA,France,2006,0.011867928639494,0.0,0.0036644600177254,0.0155323886572194,54.28963,,,,,61
FRA,France,2007,0.0105907897754201,0.0,0.0028542799234592,0.013445069698879299,54.120712,,,,,62
FRA,France,2008,0.014247070185208,0.0,0.0041638138860201,0.018410884071228102,53.608253,,,,,63
FRA,France,2009,0.0076761497248791,0.0,0.0030013145449839,0.010677464269863,54.05686,,,,,64
FRA,France,2010,0.0089175389577351,0.0,0.0023297159180702,0.011247254875805301,53.29325,,,,,65
FRA,France,2011,0.0108192692036986,0.0,0.0025865182340428,0.013405787437741401,51.256653,,,,,66
FRA,France,2012,0.0126937537821637,0.0,0.0025828883032251,0.0152766420853888,51.693623,,,,,67
FRA,France,2013,0.0109314252317,0.0,0.0015493248242741,0.0124807500559741,51.5758,,,,,68
FRA,France,2014,0.0094716180532004,0.0,4.71876516832952e-05,0.009518805704883695,48.493755,,,,,69
FRA,France,2015,0.0051246206563185,0.0,6.2380326009974e-05,0.005187000982328474,49.104675,,,,,70
FRA,France,2016,0.0038516541853126,0.0,3.44487325405203e-05,0.00388610291785312,51.164978,,,,,71
FRA,France,2017,0.0051866236409001,0.0,3.58235354425169e-05,0.005222447176342617,51.97487,,,,,72
FRA,France,2018,0.0083911303924397,0.0,2.92489749702571e-05,0.008420379367409957,49.88218,,,,,73
FRA,France,2019,0.0067826003275288,0.0,3.84726110560525e-05,0.006821072938584852,50.263947,,,,,74
FRA,France,2020,0.0032971078988929,0.0,2.13920330256276e-05,0.0033184999319185275,49.138332,,,,,75
FRA,France,2021,0.0071021867060762,0.0,0.0001377956867409,0.0072399823928171,49.600082,,,,,76
FRA,France,2022,,,,,53.999916,,,,,77
FRA,France,2023,,,,,49.00708,,,,,78
FRA,France,2024,,,,,45.666214,,,,,79
FRA,France,2025,,,,,44.6191,,,,,80
FRO,Faroe Islands,1960,,,,,,,,,,15
FRO,Faroe Islands,1961,,,,,,,,,,16
FRO,Faroe Islands,1962,,,,,,,,,,17
FRO,Faroe Islands,1963,,,,,,,,,,18
FRO,Faroe Islands,1964,,,,,,,,,,19
FRO,Faroe Islands,1965,,,,,,,,,,20
FRO,Faroe Islands,1966,,,,,,,,,,21
FRO,Faroe Islands,1967,,,,,,,,,,22
FRO,Faroe Islands,1968,,,,,,,,,,23
FRO,Faroe Islands,1969,,,,,,,,,,24
FRO,Faroe Islands,1970,,,,,,,,,,25
FRO,Faroe Islands,1971,,,,,,,,,,26
FRO,Faroe Islands,1972,,,,,,,,,,27
FRO,Faroe Islands,1973,,,,,,,,,,28
FRO,Faroe Islands,1974,,,,,,,,,,29
FRO,Faroe Islands,1975,,,,,,,,,,30
FRO,Faroe Islands,1976,,,,,,,,,,31
FRO,Faroe Islands,1977,,,,,,,,,,32
FRO,Faroe Islands,1978,,,,,,,,,,33
FRO,Faroe Islands,1979,,,,,,,,,,34
FRO,Faroe Islands,1980,,,,,,,,,,35
FRO,Faroe Islands,1981,,,,,,,,,,36
FRO,Faroe Islands,1982,,,,,,,,,,37
FRO,Faroe Islands,1983,,,,,,,,,,38
FRO,Faroe Islands,1984,,,,,,,,,,39
FRO,Faroe Islands,1985,,,,,,,,,,40
FRO,Faroe Islands,1986,,,,,,,,,,41
FRO,Faroe Islands,1987,,,,,,,,,,42
FRO,Faroe Islands,1988,,,,,,,,,,43
FRO,Faroe Islands,1989,,,,,,,,,,44
FRO,Faroe Islands,1990,,,,,,,,,,45
FRO,Faroe Islands,1991,,,,,,,,,,46
FRO,Faroe Islands,1992,,,,,,,,,,47
FRO,Faroe Islands,1993,,,,,,,,,,48
FRO,Faroe Islands,1994,,,,,,,,,,49
FRO,Faroe Islands,1995,,,,,,,,,,50
FRO,Faroe Islands,1996,,,,,,,,,,51
FRO,Faroe Islands,1997,,,,,,,,,,52
FRO,Faroe Islands,1998,0.0,0.0,0.0,0.0,,,,,,53
FRO,Faroe Islands,1999,0.0,0.0,0.0,0.0,,,,,,54
FRO,Faroe Islands,2000,0.0,0.0,0.0,0.0,,,,,,55
FRO,Faroe Islands,2001,0.0,0.0,0.0,0.0,,,,,,56
FRO,Faroe Islands,2002,0.0,0.0,0.0,0.0,,,,,,57
FRO,Faroe Islands,2003,0.0,0.0,0.0,0.0,,,,,,58
FRO,Faroe Islands,2004,0.0,0.0,0.0,0.0,,,,,,59
FRO,Faroe Islands,2005,0.0,0.0,0.0,0.0,,,,,,60
FRO,Faroe Islands,2006,0.0,0.0,0.0,0.0,,,,,,61
FRO,Faroe Islands,2007,0.0,0.0,0.0,0.0,,,,,,62
FRO,Faroe Islands,2008,0.0,0.0,0.0,0.0,,,,,,63
FRO,Faroe Islands,2009,0.0,0.0,0.0,0.0,,,,,,64
FRO,Faroe Islands,2010,0.0,0.0,0.0,0.0,,,,,,65
FRO,Faroe Islands,2011,0.0,0.0,0.0,0.0,,,,,,66
FRO,Faroe Islands,2012,0.0,0.0,0.0,0.0,,,,,,67
FRO,Faroe Islands,2013,0.0,,0.0,0.0,,,,,,68
FRO,Faroe Islands,2014,0.0,,0.0,0.0,,,,,,69
FRO,Faroe Islands,2015,0.0,,0.0,0.0,,,,,,70
FRO,Faroe Islands,2016,0.0,,0.0,0.0,,,,,,71
FRO,Faroe Islands,2017,0.0,,0.0,0.0,,,,,,72
FRO,Faroe Islands,2018,0.0,,0.0,0.0,,,,,,73
FRO,Faroe Islands,2019,0.0,,0.0,0.0,,,,,,74
FRO,Faroe Islands,2020,0.0,,0.0,0.0,,,,,,75
FRO,Faroe Islands,2021,0.0,,0.0,0.0,,,,,,76
FRO,Faroe Islands,2022,,,,,,,,,,77
FRO,Faroe Islands,2023,,,,,,,,,,78
FRO,Faroe Islands,2024,,,,,,,,,,79
FRO,Faroe Islands,2025,,,,,,,,,,80
FSM,"Micronesia, Fed. Sts.",1960,,,,,,,,,,15
FSM,"Micronesia, Fed. Sts.",1961,,,,,,,,,,16
FSM,"Micronesia, Fed. Sts.",1962,,,,,,,,,,17
FSM,"Micronesia, Fed. Sts.",1963,,,,,,,,,,18
FSM,"Micronesia, Fed. Sts.",1964,,,,,,,,,,19
FSM,"Micronesia, Fed. Sts.",1965,,,,,,,,,,20
FSM,"Micronesia, Fed. Sts.",1966,,,,,,,,,,21
FSM,"Micronesia, Fed. Sts.",1967,,,,,,,,,,22
FSM,"Micronesia, Fed. Sts.",1968,,,,,,,,,,23
FSM,"Micronesia, Fed. Sts.",1969,,,,,,,,,,24
FSM,"Micronesia, Fed. Sts.",1970,,,,,,,,,,25
FSM,"Micronesia, Fed. Sts.",1971,,,,,,,,,,26
FSM,"Micronesia, Fed. Sts.",1972,,,,,,,,,,27
FSM,"Micronesia, Fed. Sts.",1973,,,,,,,,,,28
FSM,"Micronesia, Fed. Sts.",1974,,,,,,,,,,29
FSM,"Micronesia, Fed. Sts.",1975,,,,,,,,,,30
FSM,"Micronesia, Fed. Sts.",1976,,,,,,,,,,31
FSM,"Micronesia, Fed. Sts.",1977,,,,,,,,,,32
FSM,"Micronesia, Fed. Sts.",1978,,,,,,,,,,33
FSM,"Micronesia, Fed. Sts.",1979,,,,,,,,,,34
FSM,"Micronesia, Fed. Sts.",1980,,,,,,,,,,35
FSM,"Micronesia, Fed. Sts.",1981,,,,,,,,,,36
FSM,"Micronesia, Fed. Sts.",1982,,,,,,,,,,37
FSM,"Micronesia, Fed. Sts.",1983,,,0.0,0.0,,,,,,38
FSM,"Micronesia, Fed. Sts.",1984,,,,,,,,,,39
FSM,"Micronesia, Fed. Sts.",1985,,,,,,,,,,40
FSM,"Micronesia, Fed. Sts.",1986,,,0.0,0.0,,,,,,41
FSM,"Micronesia, Fed. Sts.",1987,,,0.0,0.0,,,,,,42
FSM,"Micronesia, Fed. Sts.",1988,,,0.0,0.0,,,,,,43
FSM,"Micronesia, Fed. Sts.",1989,,,0.0,0.0,,,,,,44
FSM,"Micronesia, Fed. Sts.",1990,,,0.0,0.0,,,,,,45
FSM,"Micronesia, Fed. Sts.",1991,,,0.0,0.0,,,,,,46
FSM,"Micronesia, Fed. Sts.",1992,,,0.0,0.0,,,,,,47
FSM,"Micronesia, Fed. Sts.",1993,,,0.0,0.0,,,,,,48
FSM,"Micronesia, Fed. Sts.",1994,,,0.0,0.0,,,,,,49
FSM,"Micronesia, Fed. Sts.",1995,,,0.0,0.0,,,,,,50
FSM,"Micronesia, Fed. Sts.",1996,,,0.0,0.0,,,,,,51
FSM,"Micronesia, Fed. Sts.",1997,,,0.0,0.0,,,,,,52
FSM,"Micronesia, Fed. Sts.",1998,,,0.0,0.0,,,,,,53
FSM,"Micronesia, Fed. Sts.",1999,,,0.0,0.0,,,,,,54
FSM,"Micronesia, Fed. Sts.",2000,,,0.0,0.0,,,,,,55
FSM,"Micronesia, Fed. Sts.",2001,,,0.0,0.0,,,,,,56
FSM,"Micronesia, Fed. Sts.",2002,,,0.0,0.0,,,,,,57
FSM,"Micronesia, Fed. Sts.",2003,,,0.0,0.0,,,,,,58
FSM,"Micronesia, Fed. Sts.",2004,,,0.0,0.0,,,,,,59
FSM,"Micronesia, Fed. Sts.",2005,,,0.0,0.0,,,,,,60
FSM,"Micronesia, Fed. Sts.",2006,,,0.0,0.0,,,,,,61
FSM,"Micronesia, Fed. Sts.",2007,,,0.0,0.0,,,,,,62
FSM,"Micronesia, Fed. Sts.",2008,,,0.0,0.0,,,,,,63
FSM,"Micronesia, Fed. Sts.",2009,,,0.0,0.0,,,,,,64
FSM,"Micronesia, Fed. Sts.",2010,,,0.0,0.0,,,,,,65
FSM,"Micronesia, Fed. Sts.",2011,,,0.0,0.0,,,,,,66
FSM,"Micronesia, Fed. Sts.",2012,,,0.0,0.0,,,,,,67
FSM,"Micronesia, Fed. Sts.",2013,,,0.0,0.0,,,,,,68
FSM,"Micronesia, Fed. Sts.",2014,,,0.0,0.0,,,,,,69
FSM,"Micronesia, Fed. Sts.",2015,,,0.0,0.0,,,,,,70
FSM,"Micronesia, Fed. Sts.",2016,,,0.0,0.0,,,,,,71
FSM,"Micronesia, Fed. Sts.",2017,,,0.0,0.0,,,,,,72
FSM,"Micronesia, Fed. Sts.",2018,,,0.0,0.0,,,,,,73
FSM,"Micronesia, Fed. Sts.",2019,,,0.0,0.0,,,,,,74
FSM,"Micronesia, Fed. Sts.",2020,,,0.0,0.0,,,,,,75
FSM,"Micronesia, Fed. Sts.",2021,,,0.0,0.0,,,,,,76
FSM,"Micronesia, Fed. Sts.",2022,,,,,,,,,,77
FSM,"Micronesia, Fed. Sts.",2023,,,,,,,,,,78
FSM,"Micronesia, Fed. Sts.",2024,,,,,,,,,,79
FSM,"Micronesia, Fed. Sts.",2025,,,,,,,,,,80
GAB,Gabon,1960,,,,,,,,,,15
GAB,Gabon,1961,,,,,,,,,,16
GAB,Gabon,1962,,,,,,,,,,17
GAB,Gabon,1963,,,,,,,,,,18
GAB,Gabon,1964,,,,,,,,,,19
GAB,Gabon,1965,,,,,,,14.71195,,14.71195,20
GAB,Gabon,1966,,,,,,,16.82861,,16.82861,21
GAB,Gabon,1967,,,,,,,40.06535,,40.06535,22
GAB,Gabon,1968,,,,,,,53.974827,,53.974827,23
GAB,Gabon,1969,,,,,,,58.46401,,58.46401,24
GAB,Gabon,1970,2.82981959687536,,,2.82981959687536,,,63.06949,,63.06949,25
GAB,Gabon,1971,1.02902896732231,0.0,0.0729745996576622,1.1020035669799724,,,67.39585,,67.39585,26
GAB,Gabon,1972,3.40930970981183,0.0,0.0767827109192282,3.486092420731058,,,73.30389,,73.30389,27
GAB,Gabon,1973,4.29871748060017,0.0,0.217246336942356,4.515963817542526,,,88.35311,,88.35311,28
GAB,Gabon,1974,39.0001330213806,0.0,0.254222804570779,39.25435582595138,,,118.649254,,118.649254,29
GAB,Gabon,1975,29.6027283590989,0.0,0.0929586169586449,29.695686976057544,,,131.59344,,131.59344,30
GAB,Gabon,1976,21.3356315061317,0.0,0.0208980806032129,21.356529586734915,,,131.69812,,131.69812,31
GAB,Gabon,1977,27.2013155202753,0.0,0.0221654231398875,27.22348094341519,,,131.03522,,131.03522,32
GAB,Gabon,1978,27.6115140387919,0.0,0.0186075260774481,27.63012156486935,,,123.27801,,123.27801,33
GAB,Gabon,1979,53.9469270154673,0.0,0.0178281909512055,53.96475520641851,,,113.950745,,113.950745,34
GAB,Gabon,1980,32.542915411399,0.0,0.008175802410719,32.55109121380972,,,103.44885,,103.44885,35
GAB,Gabon,1981,17.9630441836621,0.0,0.0238837171376428,17.986927900799742,,,88.99276,,88.99276,36
GAB,Gabon,1982,7.49562339329986,0.0,0.0146973134163849,7.510320706716246,,,90.62096,,90.62096,37
GAB,Gabon,1983,16.6994887937704,0.0,0.0379419858522738,16.737430779622674,,,91.51647,,91.51647,38
GAB,Gabon,1984,20.103227987543,0.0,0.0148229468178702,20.11805093436087,,,101.52989,,101.52989,39
GAB,Gabon,1985,23.5882761384965,0.0,0.0201487710883589,23.60842490958486,,,100.32038,,100.32038,40
GAB,Gabon,1986,7.65871418724573,0.0,0.027750584554608,7.686464771800338,,,96.47085,,96.47085,41
GAB,Gabon,1987,16.0471420740884,0.0,0.022874519446905,16.070016593535303,,,89.88827,,89.88827,42
GAB,Gabon,1988,11.6032527493751,0.0,0.0245639978336662,11.627816747208767,,,103.41396,,103.41396,43
GAB,Gabon,1989,24.5013102164613,0.0,0.0281316252317075,24.529441841693007,,,118.94001,,118.94001,44
GAB,Gabon,1990,30.6150890561432,0.0,0.030291023051845,30.645380079195046,,,156.92358,,156.92358,45
GAB,Gabon,1991,20.0176989291755,0.0,0.0295025310435679,20.047201460219068,,,171.05405,,171.05405,46
GAB,Gabon,1992,23.0465897725741,0.0,0.0247733543202475,23.071363126894347,,,168.07675,,168.07675,47
GAB,Gabon,1993,28.5848268850145,0.0,0.0416942826191052,28.626521167633605,,,177.04349,,177.04349,48
GAB,Gabon,1994,26.2916990777739,0.0,0.0438562774657988,26.3355553552397,,,195.81432,,195.81432,49
GAB,Gabon,1995,27.4446896247965,0.0,0.0566811587339681,27.50137078353047,,,206.50229,,206.50229,50
GAB,Gabon,1996,29.1677160895468,0.0,0.0484586602713025,29.2161747498181,,,212.2475,,212.2475,51
GAB,Gabon,1997,29.7709119999325,0.0,0.0529871241663387,29.82389912409884,,,211.59622,,211.59622,52
GAB,Gabon,1998,15.499721148259,0.0,0.0424388915850032,15.542160039844005,,,195.94223,,195.94223,53
GAB,Gabon,1999,22.0308206615082,0.0,0.0472763797891524,22.078097041297355,,,197.41925,,197.41925,54
GAB,Gabon,2000,43.6933433166058,0.0,0.0772762340975762,43.77061955070337,,,160.71355,,160.71355,55
GAB,Gabon,2001,28.5621391754189,0.0,0.09276544922341,28.65490462464231,,,152.14458,,152.14458,56
GAB,Gabon,2002,27.1895735624659,0.0,0.0866644650501961,27.276238027516094,,,148.66035,,148.66035,57
GAB,Gabon,2003,21.2503487601086,0.0,0.0827014890693919,21.333050249177994,,,159.11304,,159.11304,58
GAB,Gabon,2004,25.0988473562294,0.0,0.071282162957338,25.170129519186737,,,158.96667,,158.96667,59
GAB,Gabon,2005,34.837420996188,0.0,0.03261862995654,34.87003962614454,,,156.9819,,156.9819,60
GAB,Gabon,2006,33.9084565801093,0.0,0.0921095672170826,34.00056614732638,,,140.49571,,140.49571,61
GAB,Gabon,2007,34.283912273453,0.0,0.0792230139390131,34.36313528739201,,,142.59535,,142.59535,62
GAB,Gabon,2008,37.187729257242,0.0,0.0879977934357384,37.27572705067774,,,139.50262,,139.50262,63
GAB,Gabon,2009,24.5730772701098,0.0,0.128111970359723,24.70118924046952,,,139.94995,,139.94995,64
GAB,Gabon,2010,33.5096734280311,0.0,0.160031176391066,33.669704604422165,,,135.41739,,135.41739,65
GAB,Gabon,2011,37.4261753637161,0.0,0.209107750132104,37.6352831138482,,,137.21002,,137.21002,66
GAB,Gabon,2012,38.2761163072887,0.0,0.235863079960661,38.51197938724936,,,128.77348,,128.77348,67
GAB,Gabon,2013,30.2411289292074,0.0,0.21205622538129,30.453185154588688,,,123.92525,,123.92525,68
GAB,Gabon,2014,22.1627532667092,0.0,0.286832079981206,22.449585346690405,,,122.47349,,122.47349,69
GAB,Gabon,2015,9.98640233955356,0.0,0.259727579161708,10.246129918715269,,,124.00364,,124.00364,70
GAB,Gabon,2016,9.0185416132992,0.0,0.180381369327729,9.19892298262693,,,128.48758,,128.48758,71
GAB,Gabon,2017,14.3932577694784,0.0,0.183250931989039,14.57650870146744,,,121.986275,,121.986275,72
GAB,Gabon,2018,18.3274076798358,0.0,0.249185395988878,18.57659307582468,,,112.33555,,112.33555,73
GAB,Gabon,2019,16.6842425426461,0.0,0.24178434717823,16.92602688982433,,,126.495445,,126.495445,74
GAB,Gabon,2020,9.97982419987045,0.0,0.210349223877747,10.190173423748197,,,120.77915,,120.77915,75
GAB,Gabon,2021,15.5565091491463,0.0,0.268524525122843,15.825033674269143,,,105.20508,,105.20508,76
GAB,Gabon,2022,,,,,,,110.651505,,110.651505,77
GAB,Gabon,2023,,,,,,,129.61905,,129.61905,78
GAB,Gabon,2024,,,,,,,130.23563,,130.23563,79
GAB,Gabon,2025,,,,,,,131.81993,,131.81993,80
GBR,United Kingdom,1960,,,,,,,,,,15
GBR,United Kingdom,1961,,,,,,,,,,16
GBR,United Kingdom,1962,,,,,,,,,,17
GBR,United Kingdom,1963,,,,,,,,,,18
GBR,United Kingdom,1964,,,,,,,,,,19
GBR,United Kingdom,1965,,,,,97.815025,,0.97692,,0.97692,20
GBR,United Kingdom,1966,,,,,97.16688,,0.90714,,0.90714,21
GBR,United Kingdom,1967,,,,,96.75347,,1.0350701,,1.0350701,22
GBR,United Kingdom,1968,,,,,96.55131,,0.97692,,0.97692,23
GBR,United Kingdom,1969,,,,,96.33649,,0.98855,,0.98855,24
GBR,United Kingdom,1970,0.0001437731068301,0.0564456090807977,0.0215102849390893,0.0780996671267171,96.727356,,1.81428,109.496445,111.31072499999999,25
GBR,United Kingdom,1971,0.0006248150477157,0.0640940975502289,0.0396288249599441,0.1043477375578887,96.52949,,2.46556,181.96298,184.42854,26
GBR,United Kingdom,1972,0.0011289390754357,0.0439582351093886,0.069056556704709,0.1141437308895333,96.36197,,3.87279,262.55887,266.43166,27
GBR,United Kingdom,1973,0.0023045764320239,0.0478447342229616,0.0543149684919987,0.1044642791469842,96.67248,,4.32636,285.07455,289.40091,28
GBR,United Kingdom,1974,0.0160053749980929,0.0771862664835504,0.193250694070333,0.2864423355519763,95.815414,,4.7683,343.80606,348.57436,29
GBR,United Kingdom,1975,0.0346153950962825,0.40649975447852,0.251084261482557,0.6921994110573595,95.98709,,18.23584,358.0063,376.24214,30
GBR,United Kingdom,1976,0.249608706879883,0.443289781648406,0.28990533168912,0.982803820217409,95.31518,,141.52547,379.12637,520.65184,31
GBR,United Kingdom,1977,0.717546315473168,0.3801186912381,0.27165564800563,1.3693206547168981,94.95636,,445.02194,396.12943,841.15137,32
GBR,United Kingdom,1978,0.796215439609656,0.219063986567784,0.221740237637805,1.237019663815245,95.31842,,628.0898,379.33572,1007.42552,33
GBR,United Kingdom,1979,2.15345223381521,0.131560578451105,0.287370799914419,2.572383612180734,95.39274,,905.44196,383.0457,1288.48766,34
GBR,United Kingdom,1980,2.17468541279508,0.185591876341148,0.281028368656335,2.641305657792563,95.12103,,935.83124,364.14694,1299.97818,35
GBR,United Kingdom,1981,2.0290955871406,0.454571115048602,0.192756868660754,2.676423570849956,94.836494,907.23303,1040.6525,363.33282,2311.21835,36
GBR,United Kingdom,1982,1.53130333265233,0.502843500533318,0.0965944704534917,2.13074130363914,93.96944,884.6825,1200.437,369.28738,2454.4068799999995,37
GBR,United Kingdom,1983,2.28080029508101,0.203979682998197,0.182281821696475,2.667061799775682,93.21036,845.45447,1336.9847,380.7778,2563.21697,38
GBR,United Kingdom,1984,2.75907824081709,0.0305086720676565,0.187512895089207,2.9770998079739535,92.674774,357.26196,1466.136,372.2414,2195.63936,39
GBR,United Kingdom,1985,2.67495492006078,0.0944965918598527,0.180288938060924,2.9497404499815567,92.10396,657.9324,1484.116,415.31894,2557.3673400000002,40
GBR,United Kingdom,1986,0.848914064850015,0.0283571843587255,0.155521445608748,1.0327926948174884,92.525894,762.83496,1477.8009,436.64838,2677.28424,41
GBR,United Kingdom,1987,1.08201365866639,0.0081368688514199,0.0693471580108446,1.1594976855286545,93.01233,734.88806,1434.5721,457.1404,2626.60056,42
GBR,United Kingdom,1988,0.627378568970168,0.0071526222417421,0.0482441606655183,0.6827753518774283,92.076035,736.2139,1331.1582,440.2304,2507.6025,43
GBR,United Kingdom,1989,0.753916116682002,0.0076368988631132,0.0495166513229391,0.8110696668680544,91.08954,708.0577,1066.5873,431.1125,2205.7575,44
GBR,United Kingdom,1990,0.882565641379211,0.0402448646243077,0.0731797092545278,0.9959902152580464,91.78909,656.4321,1065.3545,476.03915,2197.82575,45
GBR,United Kingdom,1991,0.412174585640108,0.0340665464872984,0.0567727275988582,0.5030138597262646,91.410286,669.3647,1061.3539,530.02563,2260.7442300000002,46
GBR,United Kingdom,1992,0.45037018743077,0.0166228721010401,0.0286257821232236,0.49561884165503367,90.54846,599.1078,1096.1392,538.9924,2234.2394,47
GBR,United Kingdom,1993,0.507917987549076,0.0029229990669993,0.0837477499789455,0.5945887365950209,89.201454,483.66846,1165.1981,633.69543,2282.56199,48
GBR,United Kingdom,1994,0.520900545480459,0.0026783375196132,0.0806664164223917,0.604245299422464,89.11397,345.45752,1471.6835,676.54034,2493.68136,49
GBR,United Kingdom,1995,0.510075233528374,0.0093483886561212,0.13682766412971,0.6562512863142053,89.076,380.89413,1510.6672,740.4534,2632.01473,50
GBR,United Kingdom,1996,0.692863039051656,0.0060237203370163,0.148571663911289,0.8474584232999613,88.973854,362.10464,1508.8878,880.6077,2751.60014,51
GBR,United Kingdom,1997,0.48646780134821,0.0033266446018094,0.139662354509984,0.6294568004600034,88.29453,352.4288,1487.2793,898.50867,2738.21677,52
GBR,United Kingdom,1998,0.145754867132571,0.0025806190691435,0.0178393478053867,0.1661748340071012,88.13264,299.55557,1542.5217,943.974,2786.05127,53
GBR,United Kingdom,1999,0.442618243757321,0.000331750737798,0.0189209042663947,0.4618708987615137,88.47369,270.04004,1594.4613,1037.367,2901.86834,54
GBR,United Kingdom,2000,0.899607457881131,0.0031483513428821,0.143159542076019,1.045915351300032,89.67192,227.38368,1468.2295,1134.5905,2830.2036799999996,55
GBR,United Kingdom,2001,0.623069756321262,0.0112116224547952,0.297829106442769,0.9321104852188262,89.19611,232.23674,1356.9696,1108.1367,2697.3430399999997,56
GBR,United Kingdom,2002,0.59707481885464,0.0044113676700899,0.206006587502172,0.8074927740269018,89.09751,218.73216,1348.4318,1084.8645,2652.02846,57
GBR,United Kingdom,2003,0.559752287291694,0.0038233943296288,0.193694812254787,0.7572704938761098,89.102806,205.10464,1233.6282,1078.061,2516.7938400000003,58
GBR,United Kingdom,2004,0.575171956513235,0.0197997908268176,0.137032225524508,0.7320039728645606,89.929344,172.28691,1109.1997,1009.1314,2290.61801,59
GBR,United Kingdom,2005,0.720225579643724,0.0110054440706098,0.101098531314747,0.8323295550290808,89.57357,140.4688,985.30664,923.39026,2049.1657,60
GBR,United Kingdom,2006,0.708171759768897,0.0097323914242348,0.1916673407739,0.9095714919670318,90.02463,126.1509,890.6003,837.4842,1854.2354,61
GBR,United Kingdom,2007,0.6818533676487,0.0121864379548783,0.157083452753946,0.8511232583575242,91.02659,118.18125,890.5683,754.9284,1763.67795,62
GBR,United Kingdom,2008,0.996222101169364,0.0449803959802397,0.290604342207015,1.3318068393566187,91.78155,124.905525,834.9041,727.7056,1687.515225,63
GBR,United Kingdom,2009,0.61738163928542,0.0164405626939319,0.21024175622231,0.8440639582016619,89.349304,121.960815,793.149,612.0575,1527.1673150000001,64
GBR,United Kingdom,2010,0.639286356112083,0.0301037064256683,0.185444706515816,0.8548347690535673,90.26656,126.23109,732.2435,579.00934,1437.4839299999999,65
GBR,United Kingdom,2011,0.82160437614263,0.0352096117076459,0.21217311952712,1.068987107377396,88.23081,127.4114,604.4393,460.82526,1192.67596,66
GBR,United Kingdom,2012,0.656341548365418,0.0153165184872093,0.188795515518294,0.8604535823709213,87.886856,116.924576,518.2424,391.92386,1027.0908359999999,67
GBR,United Kingdom,2013,0.535996112164923,0.0064846817689456,0.168648172977962,0.7111289669118306,86.6006,88.09292,472.7175,369.8038,930.61422,68
GBR,United Kingdom,2014,0.450978748469466,0.0052536674065257,0.107032122022792,0.5632645378987837,85.62929,80.533455,464.36172,374.31516,919.210335,69
GBR,United Kingdom,2015,0.240246459981823,0.0035234383973699,0.0887900272749926,0.3325599256541855,83.46655,59.48622,526.6963,406.61182,992.7943399999999,70
GBR,United Kingdom,2016,0.205683569636128,0.0024618650709893,0.0591498968196775,0.2672953315267948,82.96904,31.711803,551.78046,417.38196,1000.874223,71
GBR,United Kingdom,2017,0.306336104823879,0.0025344146548376,0.0834976128885108,0.39236813236722745,82.12239,22.859072,542.3107,418.84647,984.0162419999999,72
GBR,United Kingdom,2018,0.495559267583983,0.0025281430569261,0.121001218593834,0.6190886292347431,81.68065,21.001686,591.6227,405.52698,1018.1513659999999,73
GBR,United Kingdom,2019,0.457125858504922,0.0019157273523157,0.0814119494544672,0.5404535353117049,81.41615,19.717852,602.63995,392.90912,1015.266922,74
GBR,United Kingdom,2020,0.240228124941138,0.0010233277224425,0.0426953236208568,0.2839467762844373,79.25963,12.792069,569.69855,395.7142,978.2048189999999,75
GBR,United Kingdom,2021,0.416142083269318,0.0010227368526121,0.171321922432051,0.5884867425539811,80.77828,8.133556,475.24493,327.86414,811.242626,76
GBR,United Kingdom,2022,,,,,79.89862,4.9936895,439.0581,381.18198,825.2337695000001,77
GBR,United Kingdom,2023,,,,,79.98399,3.9540837,388.9751,344.8968,737.8259837,78
GBR,United Kingdom,2024,,,,,78.92503,0.85514444,353.4079,307.18628,661.44932444,79
GBR,United Kingdom,2025,,,,,78.875755,0.96,362.62238,299.32214,662.90452,80
GEO,Georgia,1960,,,,,,,,,,15
GEO,Georgia,1961,,,,,,,,,,16
GEO,Georgia,1962,,,,,,,,,,17
GEO,Georgia,1963,,,,,,,,,,18
GEO,Georgia,1964,,,,,,,,,,19
GEO,Georgia,1965,,,,,,,,,,20
GEO,Georgia,1966,,,,,,,,,,21
GEO,Georgia,1967,,,,,,,,,,22
GEO,Georgia,1968,,,,,,,,,,23
GEO,Georgia,1969,,,,,,,,,,24
GEO,Georgia,1970,,,,,,,,,,25
GEO,Georgia,1971,,,,,,,,,,26
GEO,Georgia,1972,,,,,,,,,,27
GEO,Georgia,1973,,,,,,,,,,28
GEO,Georgia,1974,,,,,,,,,,29
GEO,Georgia,1975,,,,,,,,,,30
GEO,Georgia,1976,,,,,,,,,,31
GEO,Georgia,1977,,,,,,,,,,32
GEO,Georgia,1978,,,,,,,,,,33
GEO,Georgia,1979,,,,,,,,,,34
GEO,Georgia,1980,,,,,,,,,,35
GEO,Georgia,1981,,,,,,,,,,36
GEO,Georgia,1982,,,,,,,,,,37
GEO,Georgia,1983,,,,,,,,,,38
GEO,Georgia,1984,,,,,,,,,,39
GEO,Georgia,1985,,,,,,,,,,40
GEO,Georgia,1986,,,,,,,,,,41
GEO,Georgia,1987,,,,,,,,,,42
GEO,Georgia,1988,,,,,,,,,,43
GEO,Georgia,1989,,,,,,,,,,44
GEO,Georgia,1990,0.421504288803926,0.213229966319535,0.0381017277239562,0.6728359828474171,,,,,,45
GEO,Georgia,1991,0.227904946317011,0.097510227472663,0.0241402913631279,0.3495554651528019,,,,,,46
GEO,Georgia,1992,0.292392494867411,0.0082718526660693,0.0029804175092672,0.30364476504274746,,,,,,47
GEO,Georgia,1993,0.339872444302076,0.0292761908157514,0.0237986256785616,0.39294726079638903,,,,,,48
GEO,Georgia,1994,0.187943893963925,0.0022691816977828,0.0277387965334912,0.21795187219519901,,,,,,49
GEO,Georgia,1995,0.170891867189209,0.0019325080553721,0.0518247361575106,0.2246491114020917,,,,,,50
GEO,Georgia,1996,0.292046836899432,0.0004586768369213,0.0409601332370218,0.3334656469733751,,,,,,51
GEO,Georgia,1997,0.23178705274066,5.44935580177479e-05,0.0385783731048794,0.27041991940355714,,,,,,52
GEO,Georgia,1998,0.0573206611540123,0.0003061680502486,0.0049140831661468,0.0625409123704077,,,,,,53
GEO,Georgia,1999,0.219647962907225,8.47783607021113e-05,0.006182641022384,0.2259153822903111,,,,,,54
GEO,Georgia,2000,0.4032554633902,0.0003013969690521,0.0385298028858873,0.44208666324513946,,,,,,55
GEO,Georgia,2001,0.240596285001512,0.0001377961176656,0.0779174527885292,0.3186515339077068,,,,,,56
GEO,Georgia,2002,0.205552828360089,0.0002640133902624,0.0123022588031075,0.21811910055345893,,,,,,57
GEO,Georgia,2003,0.388733097796932,0.0003172388331058,0.0172691487585388,0.4063194853885766,,,,,,58
GEO,Georgia,2004,0.292409031788746,0.0023628924697637,0.0118766934189795,0.3066486176774892,,,,,,59
GEO,Georgia,2005,0.345173611414446,0.0007663856099604,0.0060494777908845,0.3519894748152909,,,,,,60
GEO,Georgia,2006,0.193175812294926,0.0012055690044097,0.0075900336505961,0.20197141494993182,,,,,,61
GEO,Georgia,2007,0.155450439934669,0.0023605768086355,0.0132568469096932,0.1710678636529977,,,,,,62
GEO,Georgia,2008,0.182671461157239,0.0045178144941689,0.0202837342135218,0.20747300986492972,,,,,,63
GEO,Georgia,2009,0.116317204104687,0.0217972318342895,0.0131980726611481,0.15131250860012457,,,,,,64
GEO,Georgia,2010,0.108975029413952,0.0250953563047041,0.0057797793623257,0.1398501650809818,,,,,,65
GEO,Georgia,2011,0.143424766442677,0.0332575482589091,0.0043344189232363,0.18101673362482237,,,,,,66
GEO,Georgia,2012,0.130105358248411,0.0233677184272699,0.0046504570009108,0.15812353367659168,,,,,,67
GEO,Georgia,2013,0.110437873003737,0.0181311355264407,0.0039037482479823,0.13247275677816,,,,,,68
GEO,Georgia,2014,0.099561569009553,0.0107347388003137,0.0011610315666228,0.1114573393764895,,,,,,69
GEO,Georgia,2015,0.0409780341464866,0.0083686068293395,0.0009795273753292,0.0503261683511553,,,,,,70
GEO,Georgia,2016,0.0204652117157031,0.0090224992732864,0.0004196451742095,0.029907356163199002,,,,,,71
GEO,Georgia,2017,0.0277796234542378,0.0101367407777307,0.0004571110989525,0.038373475330921,,,,,,72
GEO,Georgia,2018,0.0347328226740541,0.0056678859559272,0.0005513228208053,0.0409520314507866,,,,,,73
GEO,Georgia,2019,0.0303108940592379,0.0004637799259479,0.0003599326777672,0.031134606662953,,,,,,74
GEO,Georgia,2020,0.0156199754640174,0.0028076021044432,0.000228184554611,0.018655762123071597,,,,,,75
GEO,Georgia,2021,0.0292949219912809,0.0079012723123525,0.0094473128314951,0.0466435071351285,,,,,,76
GEO,Georgia,2022,,,,,,,,,,77
GEO,Georgia,2023,,,,,,,,,,78
GEO,Georgia,2024,,,,,,,,,,79
GEO,Georgia,2025,,,,,,,,,,80
GHA,Ghana,1960,,,,,,,,,,15
GHA,Ghana,1961,,,,,,,,,,16
GHA,Ghana,1962,,,,,,,,,,17
GHA,Ghana,1963,,,,,,,,,,18
GHA,Ghana,1964,,,,,,,,,,19
GHA,Ghana,1965,,,,,,,,,,20
GHA,Ghana,1966,,,,,,,,,,21
GHA,Ghana,1967,,,,,,,,,,22
GHA,Ghana,1968,,,,,,,,,,23
GHA,Ghana,1969,,,,,,,,,,24
GHA,Ghana,1970,,,,,,,,,,25
GHA,Ghana,1971,0.0,0.0,0.0,0.0,,,,,,26
GHA,Ghana,1972,0.0,0.0,0.0,0.0,,,,,,27
GHA,Ghana,1973,0.0,0.0,0.0,0.0,,,,,,28
GHA,Ghana,1974,0.0,0.0,0.0,0.0,,,,,,29
GHA,Ghana,1975,0.0,0.0,0.0,0.0,,,,,,30
GHA,Ghana,1976,0.0,0.0,0.0,0.0,,,,,,31
GHA,Ghana,1977,0.0,0.0,0.0,0.0,,,,,,32
GHA,Ghana,1978,0.0707812740334974,0.0,0.0007618917766897,0.0715431658101871,,,,,,33
GHA,Ghana,1979,0.378018527419526,0.0,0.0066858690817872,0.3847043965013132,,,,,,34
GHA,Ghana,1980,0.346719950378841,0.0,0.0141202393073763,0.36084018968621734,,,,,,35
GHA,Ghana,1981,0.211564595843056,0.0,0.0120972460784494,0.2236618419215054,,,,,,36
GHA,Ghana,1982,0.0865179768335312,0.0,0.005836064956967,0.09235404179049819,,,,,,37
GHA,Ghana,1983,0.179063552344093,0.0,0.0215965583769507,0.2006601107210437,,,,,,38
GHA,Ghana,1984,0.192053894376654,0.0,0.0230031217507868,0.2150570161274408,,,,,,39
GHA,Ghana,1985,0.10232219163668,0.0,0.0259642185284212,0.1282864101651012,,,,,,40
GHA,Ghana,1986,0.0082977052363518,0.0,0.0284411922859789,0.0367388975223307,,,,,,41
GHA,Ghana,1987,0.0,0.0,0.029086236885933,0.029086236885933,,,,,,42
GHA,Ghana,1988,0.0,0.0,0.0216246663434604,0.0216246663434604,,,,,,43
GHA,Ghana,1989,0.0,0.0,0.0214761467646061,0.0214761467646061,,,,,,44
GHA,Ghana,1990,0.0,0.0,0.0198569221508545,0.0198569221508545,,,,,,45
GHA,Ghana,1991,0.0,0.0,0.0130702941404352,0.0130702941404352,,,,,,46
GHA,Ghana,1992,0.070125244917298,0.0,0.0105191331166339,0.0806443780339319,,,,,,47
GHA,Ghana,1993,0.105856028449236,0.0,0.0120597201958917,0.1179157486451277,,,,,,48
GHA,Ghana,1994,0.0841195455913022,0.0,0.0118627002269436,0.0959822458182458,,,,,,49
GHA,Ghana,1995,0.227977824150616,0.0,0.0098921434225915,0.2378699675732075,,,,,,50
GHA,Ghana,1996,0.374611791074058,0.0,0.0082586773868786,0.3828704684609366,,,,,,51
GHA,Ghana,1997,0.29045479328698,0.0,0.0054994120963085,0.2959542053832885,,,,,,52
GHA,Ghana,1998,0.128039085702873,0.0,0.0024479174460299,0.1304870031489029,,,,,,53
GHA,Ghana,1999,0.246256638723101,0.0,0.0018408372516929,0.2480974759747939,,,,,,54
GHA,Ghana,2000,0.989341728951404,0.0,0.0034046403426578,0.9927463692940618,,,,,,55
GHA,Ghana,2001,0.677053371360246,0.0,0.002410052736807,0.679463424097053,,,,,,56
GHA,Ghana,2002,0.616348326370289,0.0,0.0013105843172912,0.6176589106875803,,,,,,57
GHA,Ghana,2003,0.506473855028264,0.0,0.0007875394460141,0.5072613944742781,,,,,,58
GHA,Ghana,2004,0.620473077410875,0.0,0.0004750234262219,0.6209481008370968,,,,,,59
GHA,Ghana,2005,0.699403468222941,0.0,0.0001431207353007,0.6995465889582416,,,,,,60
GHA,Ghana,2006,0.439256307347706,0.0,0.0001452799027441,0.4394015872504501,,,,,,61
GHA,Ghana,2007,0.421654318546372,0.0,7.92739903368085e-05,0.4217335925367088,,,,,,62
GHA,Ghana,2008,0.507726368620134,0.0,5.81339801429368e-05,0.507784502600277,,,,,,63
GHA,Ghana,2009,0.266591066260126,0.0,3.64079578230191e-05,0.266627474217949,,,,,,64
GHA,Ghana,2010,0.391372890188776,0.0,1.95888832346768e-05,0.3913924790720107,,,,,,65
GHA,Ghana,2011,5.08048685091895,0.0,1.57190646075533e-05,5.080502569983557,,,,,,66
GHA,Ghana,2012,4.78155703124787,0.0,1.1657271689343e-05,4.78156868851956,,,,,,67
GHA,Ghana,2013,3.51474407100181,0.0,7.10418690304822e-06,3.5147511751887133,,,,,,68
GHA,Ghana,2014,3.42103394358244,0.0,7.87670786871886e-06,3.421041820290309,,,,,,69
GHA,Ghana,2015,1.29146546233544,0.0,0.0841913549188799,1.37565681725432,,,,,,70
GHA,Ghana,2016,1.00121845985195,0.0,0.0451266748124126,1.0463451346643626,,,,,,71
GHA,Ghana,2017,2.60564944915053,0.0,0.0717217647016315,2.6773712138521617,,,,,,72
GHA,Ghana,2018,4.1465494257117,0.0,0.113151065000438,4.259700490712138,,,,,,73
GHA,Ghana,2019,4.069102005933,0.0,0.165145728819346,4.234247734752346,,,,,,74
GHA,Ghana,2020,2.25284947216201,0.0,0.198011638333066,2.450861110495076,,,,,,75
GHA,Ghana,2021,4.05501917796431,0.0,0.371360442634513,4.426379620598823,,,,,,76
GHA,Ghana,2022,,,,,,,,,,77
GHA,Ghana,2023,,,,,,,,,,78
GHA,Ghana,2024,,,,,,,,,,79
GHA,Ghana,2025,,,,,,,,,,80
GIB,Gibraltar,1960,,,,,,,,,,15
GIB,Gibraltar,1961,,,,,,,,,,16
GIB,Gibraltar,1962,,,,,,,,,,17
GIB,Gibraltar,1963,,,,,,,,,,18
GIB,Gibraltar,1964,,,,,,,,,,19
GIB,Gibraltar,1965,,,,,,,,,,20
GIB,Gibraltar,1966,,,,,,,,,,21
GIB,Gibraltar,1967,,,,,,,,,,22
GIB,Gibraltar,1968,,,,,,,,,,23
GIB,Gibraltar,1969,,,,,,,,,,24
GIB,Gibraltar,1970,,,,,,,,,,25
GIB,Gibraltar,1971,,,,,,,,,,26
GIB,Gibraltar,1972,,,,,,,,,,27
GIB,Gibraltar,1973,,,,,,,,,,28
GIB,Gibraltar,1974,,,,,,,,,,29
GIB,Gibraltar,1975,,,,,,,,,,30
GIB,Gibraltar,1976,,,,,,,,,,31
GIB,Gibraltar,1977,,,,,,,,,,32
GIB,Gibraltar,1978,,,,,,,,,,33
GIB,Gibraltar,1979,,,,,,,,,,34
GIB,Gibraltar,1980,,,,,,,,,,35
GIB,Gibraltar,1981,,,,,,,,,,36
GIB,Gibraltar,1982,,,,,,,,,,37
GIB,Gibraltar,1983,,,,,,,,,,38
GIB,Gibraltar,1984,,,,,,,,,,39
GIB,Gibraltar,1985,,,,,,,,,,40
GIB,Gibraltar,1986,,,,,,,,,,41
GIB,Gibraltar,1987,,,,,,,,,,42
GIB,Gibraltar,1988,,,,,,,,,,43
GIB,Gibraltar,1989,,,,,,,,,,44
GIB,Gibraltar,1990,,,,,,,,,,45
GIB,Gibraltar,1991,,,,,,,,,,46
GIB,Gibraltar,1992,,,,,,,,,,47
GIB,Gibraltar,1993,,,,,,,,,,48
GIB,Gibraltar,1994,,,,,,,,,,49
GIB,Gibraltar,1995,,,,,,,,,,50
GIB,Gibraltar,1996,,,,,,,,,,51
GIB,Gibraltar,1997,,,,,,,,,,52
GIB,Gibraltar,1998,,,,,,,,,,53
GIB,Gibraltar,1999,,,,,,,,,,54
GIB,Gibraltar,2000,,,,,,,,,,55
GIB,Gibraltar,2001,,,,,,,,,,56
GIB,Gibraltar,2002,,,,,,,,,,57
GIB,Gibraltar,2003,,,,,,,,,,58
GIB,Gibraltar,2004,,,,,,,,,,59
GIB,Gibraltar,2005,,,,,,,,,,60
GIB,Gibraltar,2006,,,,,,,,,,61
GIB,Gibraltar,2007,,,,,,,,,,62
GIB,Gibraltar,2008,,,,,,,,,,63
GIB,Gibraltar,2009,,,,,,,,,,64
GIB,Gibraltar,2010,,,,,,,,,,65
GIB,Gibraltar,2011,,,,,,,,,,66
GIB,Gibraltar,2012,,,,,,,,,,67
GIB,Gibraltar,2013,,,,,,,,,,68
GIB,Gibraltar,2014,,,,,,,,,,69
GIB,Gibraltar,2015,,,,,,,,,,70
GIB,Gibraltar,2016,,,,,,,,,,71
GIB,Gibraltar,2017,,,,,,,,,,72
GIB,Gibraltar,2018,,,,,,,,,,73
GIB,Gibraltar,2019,,,,,,,,,,74
GIB,Gibraltar,2020,,,,,,,,,,75
GIB,Gibraltar,2021,,,,,,,,,,76
GIB,Gibraltar,2022,,,,,,,,,,77
GIB,Gibraltar,2023,,,,,,,,,,78
GIB,Gibraltar,2024,,,,,,,,,,79
GIB,Gibraltar,2025,,,,,,,,,,80
GIN,Guinea,1960,,,,,,,,,,15
GIN,Guinea,1961,,,,,,,,,,16
GIN,Guinea,1962,,,,,,,,,,17
GIN,Guinea,1963,,,,,,,,,,18
GIN,Guinea,1964,,,,,,,,,,19
GIN,Guinea,1965,,,,,,,,,,20
GIN,Guinea,1966,,,,,,,,,,21
GIN,Guinea,1967,,,,,,,,,,22
GIN,Guinea,1968,,,,,,,,,,23
GIN,Guinea,1969,,,,,,,,,,24
GIN,Guinea,1970,,,,,,,,,,25
GIN,Guinea,1971,,,,,,,,,,26
GIN,Guinea,1972,,,,,,,,,,27
GIN,Guinea,1973,,,,,,,,,,28
GIN,Guinea,1974,,,,,,,,,,29
GIN,Guinea,1975,,,,,,,,,,30
GIN,Guinea,1976,,,,,,,,,,31
GIN,Guinea,1977,,,,,,,,,,32
GIN,Guinea,1978,,,,,,,,,,33
GIN,Guinea,1979,,,,,,,,,,34
GIN,Guinea,1980,,,,,,,,,,35
GIN,Guinea,1981,,,,,,,,,,36
GIN,Guinea,1982,,,,,,,,,,37
GIN,Guinea,1983,,,,,,,,,,38
GIN,Guinea,1984,,,,,,,,,,39
GIN,Guinea,1985,,,,,,,,,,40
GIN,Guinea,1986,0.0,0.0,0.0,0.0,,,,,,41
GIN,Guinea,1987,0.0,0.0,0.0,0.0,,,,,,42
GIN,Guinea,1988,0.0,0.0,0.0,0.0,,,,,,43
GIN,Guinea,1989,0.0,0.0,0.0,0.0,,,,,,44
GIN,Guinea,1990,0.0,0.0,0.0,0.0,,,,,,45
GIN,Guinea,1991,0.0,0.0,0.0,0.0,,,,,,46
GIN,Guinea,1992,0.0,0.0,0.0,0.0,,,,,,47
GIN,Guinea,1993,0.0,0.0,0.0,0.0,,,,,,48
GIN,Guinea,1994,0.0,0.0,0.0,0.0,,,,,,49
GIN,Guinea,1995,0.0,0.0,0.0,0.0,,,,,,50
GIN,Guinea,1996,0.0,0.0,0.0,0.0,,,,,,51
GIN,Guinea,1997,0.0,0.0,0.0,0.0,,,,,,52
GIN,Guinea,1998,0.0,0.0,0.0,0.0,,,,,,53
GIN,Guinea,1999,0.0,0.0,0.0,0.0,,,,,,54
GIN,Guinea,2000,0.0,0.0,0.0,0.0,,,,,,55
GIN,Guinea,2001,0.0,0.0,0.0,0.0,,,,,,56
GIN,Guinea,2002,0.0,0.0,0.0,0.0,,,,,,57
GIN,Guinea,2003,0.0,0.0,0.0,0.0,,,,,,58
GIN,Guinea,2004,0.0,0.0,0.0,0.0,,,,,,59
GIN,Guinea,2005,0.0,0.0,0.0,0.0,,,,,,60
GIN,Guinea,2006,0.0,0.0,0.0,0.0,,,,,,61
GIN,Guinea,2007,0.0,0.0,0.0,0.0,,,,,,62
GIN,Guinea,2008,0.0,0.0,0.0,0.0,,,,,,63
GIN,Guinea,2009,0.0,0.0,0.0,0.0,,,,,,64
GIN,Guinea,2010,0.0,0.0,0.0,0.0,,,,,,65
GIN,Guinea,2011,0.0,0.0,0.0,0.0,,,,,,66
GIN,Guinea,2012,0.0,0.0,0.0,0.0,,,,,,67
GIN,Guinea,2013,0.0,0.0,0.0,0.0,,,,,,68
GIN,Guinea,2014,0.0,0.0,0.0,0.0,,,,,,69
GIN,Guinea,2015,0.0,0.0,0.0,0.0,,,,,,70
GIN,Guinea,2016,0.0,0.0,0.0,0.0,,,,,,71
GIN,Guinea,2017,0.0,0.0,0.0,0.0,,,,,,72
GIN,Guinea,2018,0.0,0.0,0.0,0.0,,,,,,73
GIN,Guinea,2019,0.0,0.0,0.0,0.0,,,,,,74
GIN,Guinea,2020,0.0,0.0,0.0,0.0,,,,,,75
GIN,Guinea,2021,0.0,0.0,0.0,0.0,,,,,,76
GIN,Guinea,2022,,,,,,,,,,77
GIN,Guinea,2023,,,,,,,,,,78
GIN,Guinea,2024,,,,,,,,,,79
GIN,Guinea,2025,,,,,,,,,,80
GMB,"Gambia, The",1960,,,,,,,,,,15
GMB,"Gambia, The",1961,,,,,,,,,,16
GMB,"Gambia, The",1962,,,,,,,,,,17
GMB,"Gambia, The",1963,,,,,,,,,,18
GMB,"Gambia, The",1964,,,,,,,,,,19
GMB,"Gambia, The",1965,,,,,,,,,,20
GMB,"Gambia, The",1966,,,,,,,,,,21
GMB,"Gambia, The",1967,,,,,,,,,,22
GMB,"Gambia, The",1968,,,,,,,,,,23
GMB,"Gambia, The",1969,,,,,,,,,,24
GMB,"Gambia, The",1970,,,,,,,,,,25
GMB,"Gambia, The",1971,,,,,,,,,,26
GMB,"Gambia, The",1972,,,,,,,,,,27
GMB,"Gambia, The",1973,,,,,,,,,,28
GMB,"Gambia, The",1974,,,,,,,,,,29
GMB,"Gambia, The",1975,,,,,,,,,,30
GMB,"Gambia, The",1976,,,,,,,,,,31
GMB,"Gambia, The",1977,,,,,,,,,,32
GMB,"Gambia, The",1978,,,,,,,,,,33
GMB,"Gambia, The",1979,,,,,,,,,,34
GMB,"Gambia, The",1980,0.0,0.0,0.0,0.0,,,,,,35
GMB,"Gambia, The",1981,0.0,0.0,0.0,0.0,,,,,,36
GMB,"Gambia, The",1982,0.0,0.0,0.0,0.0,,,,,,37
GMB,"Gambia, The",1983,0.0,0.0,0.0,0.0,,,,,,38
GMB,"Gambia, The",1984,0.0,0.0,0.0,0.0,,,,,,39
GMB,"Gambia, The",1985,0.0,0.0,0.0,0.0,,,,,,40
GMB,"Gambia, The",1986,0.0,0.0,0.0,0.0,,,,,,41
GMB,"Gambia, The",1987,0.0,0.0,0.0,0.0,,,,,,42
GMB,"Gambia, The",1988,0.0,0.0,0.0,0.0,,,,,,43
GMB,"Gambia, The",1989,0.0,0.0,0.0,0.0,,,,,,44
GMB,"Gambia, The",1990,0.0,0.0,0.0,0.0,,,,,,45
GMB,"Gambia, The",1991,0.0,0.0,0.0,0.0,,,,,,46
GMB,"Gambia, The",1992,0.0,0.0,0.0,0.0,,,,,,47
GMB,"Gambia, The",1993,0.0,0.0,0.0,0.0,,,,,,48
GMB,"Gambia, The",1994,0.0,0.0,0.0,0.0,,,,,,49
GMB,"Gambia, The",1995,0.0,0.0,0.0,0.0,,,,,,50
GMB,"Gambia, The",1996,0.0,0.0,0.0,0.0,,,,,,51
GMB,"Gambia, The",1997,0.0,0.0,0.0,0.0,,,,,,52
GMB,"Gambia, The",1998,0.0,0.0,0.0,0.0,,,,,,53
GMB,"Gambia, The",1999,0.0,0.0,0.0,0.0,,,,,,54
GMB,"Gambia, The",2000,0.0,0.0,0.0,0.0,,,,,,55
GMB,"Gambia, The",2001,0.0,0.0,0.0,0.0,,,,,,56
GMB,"Gambia, The",2002,0.0,0.0,0.0,0.0,,,,,,57
GMB,"Gambia, The",2003,0.0,0.0,0.0,0.0,,,,,,58
GMB,"Gambia, The",2004,0.0,0.0,0.0,0.0,,,,,,59
GMB,"Gambia, The",2005,0.0,0.0,0.0,0.0,,,,,,60
GMB,"Gambia, The",2006,0.0,0.0,0.0,0.0,,,,,,61
GMB,"Gambia, The",2007,0.0,0.0,0.0,0.0,,,,,,62
GMB,"Gambia, The",2008,0.0,0.0,0.0,0.0,,,,,,63
GMB,"Gambia, The",2009,0.0,0.0,0.0,0.0,,,,,,64
GMB,"Gambia, The",2010,0.0,0.0,0.0,0.0,,,,,,65
GMB,"Gambia, The",2011,0.0,0.0,0.0,0.0,,,,,,66
GMB,"Gambia, The",2012,0.0,0.0,0.0,0.0,,,,,,67
GMB,"Gambia, The",2013,0.0,0.0,0.0,0.0,,,,,,68
GMB,"Gambia, The",2014,0.0,0.0,0.0,0.0,,,,,,69
GMB,"Gambia, The",2015,0.0,0.0,0.0,0.0,,,,,,70
GMB,"Gambia, The",2016,0.0,0.0,0.0,0.0,,,,,,71
GMB,"Gambia, The",2017,0.0,0.0,0.0,0.0,,,,,,72
GMB,"Gambia, The",2018,0.0,0.0,0.0,0.0,,,,,,73
GMB,"Gambia, The",2019,0.0,0.0,0.0,0.0,,,,,,74
GMB,"Gambia, The",2020,0.0,0.0,0.0,0.0,,,,,,75
GMB,"Gambia, The",2021,0.0,0.0,0.0,0.0,,,,,,76
GMB,"Gambia, The",2022,,,,,,,,,,77
GMB,"Gambia, The",2023,,,,,,,,,,78
GMB,"Gambia, The",2024,,,,,,,,,,79
GMB,"Gambia, The",2025,,,,,,,,,,80
GNB,Guinea-Bissau,1960,,,,,,,,,,15
GNB,Guinea-Bissau,1961,,,,,,,,,,16
GNB,Guinea-Bissau,1962,,,,,,,,,,17
GNB,Guinea-Bissau,1963,,,,,,,,,,18
GNB,Guinea-Bissau,1964,,,,,,,,,,19
GNB,Guinea-Bissau,1965,,,,,,,,,,20
GNB,Guinea-Bissau,1966,,,,,,,,,,21
GNB,Guinea-Bissau,1967,,,,,,,,,,22
GNB,Guinea-Bissau,1968,,,,,,,,,,23
GNB,Guinea-Bissau,1969,,,,,,,,,,24
GNB,Guinea-Bissau,1970,,,,,,,,,,25
GNB,Guinea-Bissau,1971,,,,,,,,,,26
GNB,Guinea-Bissau,1972,,,,,,,,,,27
GNB,Guinea-Bissau,1973,,,,,,,,,,28
GNB,Guinea-Bissau,1974,,,,,,,,,,29
GNB,Guinea-Bissau,1975,,,,,,,,,,30
GNB,Guinea-Bissau,1976,,,,,,,,,,31
GNB,Guinea-Bissau,1977,,,,,,,,,,32
GNB,Guinea-Bissau,1978,,,,,,,,,,33
GNB,Guinea-Bissau,1979,,,,,,,,,,34
GNB,Guinea-Bissau,1980,0.0,0.0,0.0,0.0,,,,,,35
GNB,Guinea-Bissau,1981,0.0,0.0,0.0,0.0,,,,,,36
GNB,Guinea-Bissau,1982,0.0,0.0,0.0,0.0,,,,,,37
GNB,Guinea-Bissau,1983,0.0,0.0,0.0,0.0,,,,,,38
GNB,Guinea-Bissau,1984,0.0,0.0,0.0,0.0,,,,,,39
GNB,Guinea-Bissau,1985,0.0,0.0,0.0,0.0,,,,,,40
GNB,Guinea-Bissau,1986,0.0,0.0,0.0,0.0,,,,,,41
GNB,Guinea-Bissau,1987,0.0,0.0,0.0,0.0,,,,,,42
GNB,Guinea-Bissau,1988,0.0,0.0,0.0,0.0,,,,,,43
GNB,Guinea-Bissau,1989,0.0,0.0,0.0,0.0,,,,,,44
GNB,Guinea-Bissau,1990,0.0,0.0,0.0,0.0,,,,,,45
GNB,Guinea-Bissau,1991,0.0,0.0,0.0,0.0,,,,,,46
GNB,Guinea-Bissau,1992,0.0,0.0,0.0,0.0,,,,,,47
GNB,Guinea-Bissau,1993,0.0,0.0,0.0,0.0,,,,,,48
GNB,Guinea-Bissau,1994,0.0,0.0,0.0,0.0,,,,,,49
GNB,Guinea-Bissau,1995,0.0,0.0,0.0,0.0,,,,,,50
GNB,Guinea-Bissau,1996,0.0,0.0,0.0,0.0,,,,,,51
GNB,Guinea-Bissau,1997,0.0,0.0,0.0,0.0,,,,,,52
GNB,Guinea-Bissau,1998,0.0,0.0,0.0,0.0,,,,,,53
GNB,Guinea-Bissau,1999,0.0,0.0,0.0,0.0,,,,,,54
GNB,Guinea-Bissau,2000,0.0,0.0,0.0,0.0,,,,,,55
GNB,Guinea-Bissau,2001,0.0,0.0,0.0,0.0,,,,,,56
GNB,Guinea-Bissau,2002,0.0,0.0,0.0,0.0,,,,,,57
GNB,Guinea-Bissau,2003,0.0,0.0,0.0,0.0,,,,,,58
GNB,Guinea-Bissau,2004,0.0,0.0,0.0,0.0,,,,,,59
GNB,Guinea-Bissau,2005,0.0,0.0,0.0,0.0,,,,,,60
GNB,Guinea-Bissau,2006,0.0,0.0,0.0,0.0,,,,,,61
GNB,Guinea-Bissau,2007,0.0,0.0,0.0,0.0,,,,,,62
GNB,Guinea-Bissau,2008,0.0,0.0,0.0,0.0,,,,,,63
GNB,Guinea-Bissau,2009,0.0,0.0,0.0,0.0,,,,,,64
GNB,Guinea-Bissau,2010,0.0,0.0,0.0,0.0,,,,,,65
GNB,Guinea-Bissau,2011,0.0,0.0,0.0,0.0,,,,,,66
GNB,Guinea-Bissau,2012,0.0,0.0,0.0,0.0,,,,,,67
GNB,Guinea-Bissau,2013,0.0,0.0,0.0,0.0,,,,,,68
GNB,Guinea-Bissau,2014,0.0,0.0,0.0,0.0,,,,,,69
GNB,Guinea-Bissau,2015,0.0,0.0,0.0,0.0,,,,,,70
GNB,Guinea-Bissau,2016,0.0,0.0,0.0,0.0,,,,,,71
GNB,Guinea-Bissau,2017,0.0,0.0,0.0,0.0,,,,,,72
GNB,Guinea-Bissau,2018,0.0,0.0,0.0,0.0,,,,,,73
GNB,Guinea-Bissau,2019,0.0,0.0,0.0,0.0,,,,,,74
GNB,Guinea-Bissau,2020,0.0,0.0,0.0,0.0,,,,,,75
GNB,Guinea-Bissau,2021,0.0,0.0,0.0,0.0,,,,,,76
GNB,Guinea-Bissau,2022,,,,,,,,,,77
GNB,Guinea-Bissau,2023,,,,,,,,,,78
GNB,Guinea-Bissau,2024,,,,,,,,,,79
GNB,Guinea-Bissau,2025,,,,,,,,,,80
GNQ,Equatorial Guinea,1960,,,,,,,,,,15
GNQ,Equatorial Guinea,1961,,,,,,,,,,16
GNQ,Equatorial Guinea,1962,,,,,,,,,,17
GNQ,Equatorial Guinea,1963,,,,,,,,,,18
GNQ,Equatorial Guinea,1964,,,,,,,,,,19
GNQ,Equatorial Guinea,1965,,,,,,,,,,20
GNQ,Equatorial Guinea,1966,,,,,,,,,,21
GNQ,Equatorial Guinea,1967,,,,,,,,,,22
GNQ,Equatorial Guinea,1968,,,,,,,,,,23
GNQ,Equatorial Guinea,1969,,,,,,,,,,24
GNQ,Equatorial Guinea,1970,,,,,,,,,,25
GNQ,Equatorial Guinea,1971,,,,,,,,,,26
GNQ,Equatorial Guinea,1972,,,,,,,,,,27
GNQ,Equatorial Guinea,1973,,,,,,,,,,28
GNQ,Equatorial Guinea,1974,,,,,,,,,,29
GNQ,Equatorial Guinea,1975,,,,,,,,,,30
GNQ,Equatorial Guinea,1976,,,,,,,,,,31
GNQ,Equatorial Guinea,1977,,,,,,,,,,32
GNQ,Equatorial Guinea,1978,,,,,,,,,,33
GNQ,Equatorial Guinea,1979,,,,,,,,,,34
GNQ,Equatorial Guinea,1980,0.0,0.0,0.0,0.0,,,,,,35
GNQ,Equatorial Guinea,1981,0.0,0.0,0.0,0.0,,,,,,36
GNQ,Equatorial Guinea,1982,0.0,0.0,0.0,0.0,,,,,,37
GNQ,Equatorial Guinea,1983,0.0,0.0,0.0,0.0,,,,,,38
GNQ,Equatorial Guinea,1984,0.0,0.0,0.0,0.0,,,,,,39
GNQ,Equatorial Guinea,1985,0.0,0.0,0.0,0.0,,,,,,40
GNQ,Equatorial Guinea,1986,0.0,0.0,0.0,0.0,,,,,,41
GNQ,Equatorial Guinea,1987,0.0,0.0,0.0,0.0,,,,,,42
GNQ,Equatorial Guinea,1988,0.0,0.0,0.0,0.0,,,,,,43
GNQ,Equatorial Guinea,1989,0.0,0.0,0.0,0.0,,,,,,44
GNQ,Equatorial Guinea,1990,0.0,0.0,0.0,0.0,,,,,,45
GNQ,Equatorial Guinea,1991,1.20355228060715,0.0,0.0,1.20355228060715,,,,,,46
GNQ,Equatorial Guinea,1992,6.07076240426929,0.0,0.0,6.07076240426929,,,1.1551099,,1.1551099,47
GNQ,Equatorial Guinea,1993,10.5348170021045,0.0,0.0,10.5348170021045,,,2.8798847,,2.8798847,48
GNQ,Equatorial Guinea,1994,11.7831761642776,0.0,0.0,11.7831761642776,,,2.8798847,,2.8798847,49
GNQ,Equatorial Guinea,1995,18.1745945845415,0.0,0.0,18.1745945845415,,,4.031839,,4.031839,50
GNQ,Equatorial Guinea,1996,46.7999763370726,0.0,0.0,46.7999763370726,,,9.818435,,9.818435,51
GNQ,Equatorial Guinea,1997,56.4918345630485,0.0,0.0,56.4918345630485,,,34.558617,,34.558617,52
GNQ,Equatorial Guinea,1998,50.3861394664761,0.0,0.0847954344553001,50.470934900931404,,,47.806084,,47.806084,53
GNQ,Equatorial Guinea,1999,56.6922471100125,0.0,0.0586454288412632,56.75089253885376,,,57.597694,,57.597694,54
GNQ,Equatorial Guinea,2000,82.776896134566,0.0,0.0926276422557398,82.86952377682174,,,66.25601,,66.25601,55
GNQ,Equatorial Guinea,2001,,,,,,,108.799065,,108.799065,56
GNQ,Equatorial Guinea,2002,,,,,,,129.11417,,129.11417,57
GNQ,Equatorial Guinea,2003,,,,,,,147.95903,,147.95903,58
GNQ,Equatorial Guinea,2004,,,,,,,192.61258,,192.61258,59
GNQ,Equatorial Guinea,2005,55.1960848556935,0.0,0.339171438571116,55.53525629426461,,,203.15892,,203.15892,60
GNQ,Equatorial Guinea,2006,52.3927895781938,0.0,0.817082839693709,53.20987241788751,,,200.56953,,200.56953,61
GNQ,Equatorial Guinea,2007,48.2167537217234,0.0,1.36522658762627,49.58198030934967,,,206.19716,,206.19716,62
GNQ,Equatorial Guinea,2008,43.6095454927149,0.0,2.28124170671599,45.89078719943089,,,204.46303,,204.46303,63
GNQ,Equatorial Guinea,2009,24.4384804506248,0.0,2.70304389691587,27.14152434754067,,,181.91013,,181.91013,64
GNQ,Equatorial Guinea,2010,33.0485071859477,0.0,2.87867275035343,35.92717993630113,,,168.11337,,168.11337,65
GNQ,Equatorial Guinea,2011,33.9272042714921,0.0,3.40190695668927,37.32911122818137,,,164.84421,,164.84421,66
GNQ,Equatorial Guinea,2012,34.9943032804264,0.0,3.59654715458514,38.59085043501154,,,176.3504,,176.3504,67
GNQ,Equatorial Guinea,2013,29.0020263766332,0.0,3.89363267396189,32.89565905059509,,,153.92014,,153.92014,68
GNQ,Equatorial Guinea,2014,22.8648774988219,0.0,3.71720499957102,26.58208249839292,,,154.43758,,154.43758,69
GNQ,Equatorial Guinea,2015,12.576041460388,0.0,3.96755999067266,16.54360145106066,,,140.7708,,140.7708,70
GNQ,Equatorial Guinea,2016,11.7086428410267,0.0,3.3292341665039,15.0378770075306,,,120.30298,,120.30298,71
GNQ,Equatorial Guinea,2017,16.1366726241749,0.0,3.92567796997632,20.06235059415122,,,104.27127,,104.27127,72
GNQ,Equatorial Guinea,2018,20.3264698484548,0.0,5.43066594009262,25.75713578854742,,,94.47002,,94.47002,73
GNQ,Equatorial Guinea,2019,18.813552099543,0.0,4.67462374102181,23.488175840564807,,,86.00617,,86.00617,74
GNQ,Equatorial Guinea,2020,10.7521167179464,0.0,3.7137787424555,14.4658954604019,,,85.849174,,85.849174,75
GNQ,Equatorial Guinea,2021,14.9400221325798,0.0,6.63018966086863,21.57021179344843,,,70.74319,,70.74319,76
GNQ,Equatorial Guinea,2022,,,,,,,64.681,,64.681,77
GNQ,Equatorial Guinea,2023,,,,,,,46.873856,,46.873856,78
GNQ,Equatorial Guinea,2024,,,,,,,50.351643,,50.351643,79
GNQ,Equatorial Guinea,2025,,,,,,,40.73291,,40.73291,80
GRC,Greece,1960,,,,,,,,,,15
GRC,Greece,1961,,,,,,,,,,16
GRC,Greece,1962,,,,,,,,,,17
GRC,Greece,1963,,,,,,,,,,18
GRC,Greece,1964,,,,,,,,,,19
GRC,Greece,1965,,,,,,,,,,20
GRC,Greece,1966,,,,,,,,,,21
GRC,Greece,1967,,,,,,,,,,22
GRC,Greece,1968,,,,,,,,,,23
GRC,Greece,1969,,,,,,,,,,24
GRC,Greece,1970,,0.0,0.0,0.0,,,,,,25
GRC,Greece,1971,0.0,0.0040381024048096,0.0,0.0040381024048096,,,,,,26
GRC,Greece,1972,0.0,0.0043514545272214,0.0,0.0043514545272214,,,,,,27
GRC,Greece,1973,0.0,0.0048222822581171,0.0,0.0048222822581171,,,,,,28
GRC,Greece,1974,0.0,0.0110407474331891,0.0,0.0110407474331891,,,,,,29
GRC,Greece,1975,0.0,0.108854674405988,0.0,0.108854674405988,,,,,,30
GRC,Greece,1976,0.0,0.124743372382007,0.0,0.124743372382007,,,,,,31
GRC,Greece,1977,0.0,0.114750933313363,0.0,0.114750933313363,,,,,,32
GRC,Greece,1978,0.0,0.0608616513963891,0.0,0.0608616513963891,,,,,,33
GRC,Greece,1979,0.0,0.0482349005803807,0.0,0.0482349005803807,,,,,,34
GRC,Greece,1980,0.0,0.0961330080875766,0.0,0.0961330080875766,,,,,,35
GRC,Greece,1981,0.056565844818871,0.257503253050785,0.0025656879970483,0.3166347858667043,,40.44723,,,40.44723,36
GRC,Greece,1982,0.156084873879166,0.277646725509973,0.0021107485162069,0.4358423479053459,98.14738,42.382046,,,42.382046,37
GRC,Greece,1983,0.234707156582052,0.142749279513706,0.0038776951914807,0.38133413128723864,98.804405,46.24902,,,46.24902,38
GRC,Greece,1984,0.265878803091304,0.0875301491174046,0.0043806859620989,0.3577896381708075,98.593864,50.27067,,,50.27067,39
GRC,Greece,1985,0.272109627094345,0.141960044253475,0.0037756395201583,0.4178453108679783,98.69789,56.265614,,,56.265614,40
GRC,Greece,1986,0.0920185906319337,0.0377625493591124,0.0044376762832155,0.1342188162742616,98.4957,58.799767,,,58.799767,41
GRC,Greece,1987,0.116660607850573,0.0122034746400369,0.0022845979315596,0.1311486804221695,98.82479,69.42046,,,69.42046,42
GRC,Greece,1988,0.0709525984290926,0.0170095323011074,0.0020813096472691,0.0900434403774691,99.056854,73.115746,,,73.115746,43
GRC,Greece,1989,0.0886120392160384,0.0240050982983418,0.0021561221050559,0.1147732596194361,99.30456,82.81958,,,82.81958,44
GRC,Greece,1990,0.0876249965060038,0.0680248628648368,0.0028059274355279,0.15845578680636851,99.37613,82.788155,,,82.788155,45
GRC,Greece,1991,0.0409932626719774,0.0577174659573165,0.0018309668060062,0.10054169543530009,98.90364,80.28654,,,80.28654,46
GRC,Greece,1992,0.0340991709335008,0.0309966388958233,0.0008130986750581,0.0659089085043822,99.23655,81.35301,,,81.35301,47
GRC,Greece,1993,0.027914867470905,0.0037007778087791,0.0014318542299587,0.0330474995096428,99.20814,83.306854,,,83.306854,48
GRC,Greece,1994,0.0212498498688806,0.0046560620669828,0.0006635730777263,0.026569485013589703,99.11807,85.6061,,,85.6061,49
GRC,Greece,1995,0.0167824540591655,0.0199839056976727,0.0009656622298364,0.0377320219866746,98.84451,87.34246,,,87.34246,50
GRC,Greece,1996,0.028361222747864,0.0104031085930365,0.0009202248503376,0.039684556191238105,98.6043,83.6104,,,83.6104,51
GRC,Greece,1997,0.0199893340891594,0.0048993672674039,0.000983567916714,0.0258722692732773,98.79477,89.62311,,,89.62311,52
GRC,Greece,1998,0.0047851897736694,0.0098718068441837,0.0001142074029016,0.014771204020754701,98.90602,94.50539,,,94.50539,53
GRC,Greece,1999,0.0008554944713184,0.0019886603078291,7.05108951369995e-06,0.0028512058686612,98.61837,93.4389,,,93.4389,54
GRC,Greece,2000,0.0232566956333818,0.0197360988211045,0.0008814665575182,0.0438742610120045,98.86448,95.6172,,,95.6172,55
GRC,Greece,2001,0.0145861146476774,0.0649733666395463,0.0017111712915183,0.081270652578742,99.16531,97.59896,,,97.59896,56
GRC,Greece,2002,0.0121627100438154,0.0197361742314575,0.0012030842472653,0.0331019685225382,98.96334,99.809814,,,99.809814,57
GRC,Greece,2003,0.0079429315668772,0.0152116173513339,0.000732413030283,0.0238869619484941,98.42367,95.086876,,,95.086876,58
GRC,Greece,2004,0.0059975558721724,0.127732962376609,0.000504020419079,0.1342345386678604,98.40699,99.39928,,,99.39928,59
GRC,Greece,2005,0.0104685935888285,0.0805162493684375,0.0002654942587036,0.0912503372159696,98.28473,99.29694,,,99.29694,60
GRC,Greece,2006,0.0094138052022079,0.073717516404432,0.0007632335121872,0.0838945551188271,97.87646,95.02059,,,95.02059,61
GRC,Greece,2007,0.0055358429967853,0.107339355782328,0.0005737293364063,0.11344892811551961,98.556984,97.56523,,,97.56523,62
GRC,Greece,2008,0.0068041400508131,0.285542528941994,0.0006188633144871,0.29296553230729416,98.276306,94.54609,,,94.54609,63
GRC,Greece,2009,0.0044785244563224,0.0906402164911169,0.0003754549745479,0.0954941959219872,97.51722,95.08572,,,95.08572,64
GRC,Greece,2010,0.011192934454184,0.171387580541614,0.0002443801129047,0.1828248951087027,96.56421,85.078094,,,85.078094,65
GRC,Greece,2011,0.015063918086912,0.226405662397006,0.0003327615237599,0.2418023420076779,97.266884,87.28199,,,87.28199,66
GRC,Greece,2012,0.018570397878743,0.119942051656813,0.0004373395134173,0.1389497890489733,96.38391,93.55986,,,93.55986,67
GRC,Greece,2013,0.0141521711708186,0.0522774115456617,0.0003657590617445,0.06679534177822481,94.611984,78.25013,,,78.25013,68
GRC,Greece,2014,0.0144293246870193,0.0422593092366313,0.0002483816101953,0.056937015533845906,94.99692,74.248245,,,74.248245,69
GRC,Greece,2015,0.0056584753292537,0.0292114264080917,0.0001913343168608,0.035061236054206205,94.016304,66.00332,,,66.00332,70
GRC,Greece,2016,0.0106382707042441,0.0233002303477616,0.0002350227794388,0.0341735238314445,93.84636,46.20091,,,46.20091,71
GRC,Greece,2017,0.0125578547961713,0.0345671488209172,0.0002981320448222,0.047423135661910705,94.53855,53.11735,,,53.11735,72
GRC,Greece,2018,0.0275504477019287,0.0359092293054869,0.0006294319839036,0.0640891089913192,93.71046,49.715996,,,49.715996,73
GRC,Greece,2019,0.0208423218441195,0.019618445201312,0.0003407604375081,0.0408015274829396,93.39961,35.90746,,,35.90746,74
GRC,Greece,2020,0.0065235819853923,0.0095167351676795,0.0001282538219928,0.0161685709750646,91.576225,18.960646,,,18.960646,75
GRC,Greece,2021,0.0116928580271195,0.0146481346149569,0.0003851748778122,0.0267261675198886,90.39123,16.737257,,,16.737257,76
GRC,Greece,2022,,,,,90.54596,19.2901,,,19.2901,77
GRC,Greece,2023,,,,,90.08359,15.25057,,,15.25057,78
GRC,Greece,2024,,,,,88.7528,9.481823,,,9.481823,79
GRC,Greece,2025,,,,,89.63744,7.9548974,,,7.9548974,80
GRD,Grenada,1960,,,,,,,,,,15
GRD,Grenada,1961,,,,,,,,,,16
GRD,Grenada,1962,,,,,,,,,,17
GRD,Grenada,1963,,,,,,,,,,18
GRD,Grenada,1964,,,,,,,,,,19
GRD,Grenada,1965,,,,,,,,,,20
GRD,Grenada,1966,,,,,,,,,,21
GRD,Grenada,1967,,,,,,,,,,22
GRD,Grenada,1968,,,,,,,,,,23
GRD,Grenada,1969,,,,,,,,,,24
GRD,Grenada,1970,,,,,,,,,,25
GRD,Grenada,1971,,,,,,,,,,26
GRD,Grenada,1972,,,,,,,,,,27
GRD,Grenada,1973,,,,,,,,,,28
GRD,Grenada,1974,,,,,,,,,,29
GRD,Grenada,1975,,,,,,,,,,30
GRD,Grenada,1976,,,,,,,,,,31
GRD,Grenada,1977,,,,,,,,,,32
GRD,Grenada,1978,,,,,,,,,,33
GRD,Grenada,1979,,,,,,,,,,34
GRD,Grenada,1980,0.0,0.0,0.0,0.0,,,,,,35
GRD,Grenada,1981,0.0,0.0,0.0,0.0,,,,,,36
GRD,Grenada,1982,0.0,0.0,0.0,0.0,,,,,,37
GRD,Grenada,1983,0.0,0.0,0.0,0.0,,,,,,38
GRD,Grenada,1984,0.0,0.0,0.0,0.0,,,,,,39
GRD,Grenada,1985,0.0,0.0,0.0,0.0,,,,,,40
GRD,Grenada,1986,0.0,0.0,0.0,0.0,,,,,,41
GRD,Grenada,1987,0.0,0.0,0.0,0.0,,,,,,42
GRD,Grenada,1988,0.0,0.0,0.0,0.0,,,,,,43
GRD,Grenada,1989,0.0,0.0,0.0,0.0,,,,,,44
GRD,Grenada,1990,0.0,0.0,0.0,0.0,,,,,,45
GRD,Grenada,1991,0.0,0.0,0.0,0.0,,,,,,46
GRD,Grenada,1992,0.0,0.0,0.0,0.0,,,,,,47
GRD,Grenada,1993,0.0,0.0,0.0,0.0,,,,,,48
GRD,Grenada,1994,0.0,0.0,0.0,0.0,,,,,,49
GRD,Grenada,1995,0.0,0.0,0.0,0.0,,,,,,50
GRD,Grenada,1996,0.0,0.0,0.0,0.0,,,,,,51
GRD,Grenada,1997,0.0,0.0,0.0,0.0,,,,,,52
GRD,Grenada,1998,0.0,0.0,0.0,0.0,,,,,,53
GRD,Grenada,1999,0.0,0.0,0.0,0.0,,,,,,54
GRD,Grenada,2000,0.0,0.0,0.0,0.0,,,,,,55
GRD,Grenada,2001,0.0,0.0,0.0,0.0,,,,,,56
GRD,Grenada,2002,0.0,0.0,0.0,0.0,,,,,,57
GRD,Grenada,2003,0.0,0.0,0.0,0.0,,,,,,58
GRD,Grenada,2004,0.0,0.0,0.0,0.0,,,,,,59
GRD,Grenada,2005,0.0,0.0,0.0,0.0,,,,,,60
GRD,Grenada,2006,0.0,0.0,0.0,0.0,,,,,,61
GRD,Grenada,2007,0.0,0.0,0.0,0.0,,,,,,62
GRD,Grenada,2008,0.0,0.0,0.0,0.0,,,,,,63
GRD,Grenada,2009,0.0,0.0,0.0,0.0,,,,,,64
GRD,Grenada,2010,0.0,0.0,0.0,0.0,,,,,,65
GRD,Grenada,2011,0.0,0.0,0.0,0.0,,,,,,66
GRD,Grenada,2012,0.0,0.0,0.0,0.0,,,,,,67
GRD,Grenada,2013,0.0,0.0,0.0,0.0,,,,,,68
GRD,Grenada,2014,0.0,0.0,0.0,0.0,,,,,,69
GRD,Grenada,2015,0.0,0.0,0.0,0.0,,,,,,70
GRD,Grenada,2016,0.0,0.0,0.0,0.0,,,,,,71
GRD,Grenada,2017,0.0,0.0,0.0,0.0,,,,,,72
GRD,Grenada,2018,0.0,0.0,0.0,0.0,,,,,,73
GRD,Grenada,2019,0.0,0.0,0.0,0.0,,,,,,74
GRD,Grenada,2020,0.0,0.0,0.0,0.0,,,,,,75
GRD,Grenada,2021,0.0,0.0,0.0,0.0,,,,,,76
GRD,Grenada,2022,,,,,,,,,,77
GRD,Grenada,2023,,,,,,,,,,78
GRD,Grenada,2024,,,,,,,,,,79
GRD,Grenada,2025,,,,,,,,,,80
GRL,Greenland,1960,,,,,,,,,,15
GRL,Greenland,1961,,,,,,,,,,16
GRL,Greenland,1962,,,,,,,,,,17
GRL,Greenland,1963,,,,,,,,,,18
GRL,Greenland,1964,,,,,,,,,,19
GRL,Greenland,1965,,,,,,,,,,20
GRL,Greenland,1966,,,,,,,,,,21
GRL,Greenland,1967,,,,,,,,,,22
GRL,Greenland,1968,,,,,,,,,,23
GRL,Greenland,1969,,,,,,,,,,24
GRL,Greenland,1970,,,,,,,,,,25
GRL,Greenland,1971,,,,,,,,,,26
GRL,Greenland,1972,,,,,,,,,,27
GRL,Greenland,1973,,,,,,,,,,28
GRL,Greenland,1974,,,,,,,,,,29
GRL,Greenland,1975,,,,,,,,,,30
GRL,Greenland,1976,,,,,,,,,,31
GRL,Greenland,1977,,,,,,,,,,32
GRL,Greenland,1978,,,,,,,,,,33
GRL,Greenland,1979,,,,,,,,,,34
GRL,Greenland,1980,0.0,1.37637546634403,0.0,1.37637546634403,,,,,,35
GRL,Greenland,1981,0.0,0.334467596418842,0.0,0.334467596418842,,,,,,36
GRL,Greenland,1982,0.0,0.0,0.0,0.0,,,,,,37
GRL,Greenland,1983,0.0,0.0,0.0,0.0,,,,,,38
GRL,Greenland,1984,0.0,0.0,0.0,0.0,,,,,,39
GRL,Greenland,1985,0.0,0.0,0.0,0.0,,,,,,40
GRL,Greenland,1986,0.0,0.0,0.0,0.0,,,,,,41
GRL,Greenland,1987,0.0,0.0,0.0,0.0,,,,,,42
GRL,Greenland,1988,0.0,0.0,0.0,0.0,,,,,,43
GRL,Greenland,1989,0.0,0.0,0.0,0.0,,,,,,44
GRL,Greenland,1990,0.0,0.0,0.0,0.0,,,,,,45
GRL,Greenland,1991,0.0,0.0,0.0,0.0,,,,,,46
GRL,Greenland,1992,0.0,0.0,0.0,0.0,,,,,,47
GRL,Greenland,1993,0.0,0.0,0.0,0.0,,,,,,48
GRL,Greenland,1994,0.0,0.0,0.0,0.0,,,,,,49
GRL,Greenland,1995,0.0,0.0,0.0,0.0,,,,,,50
GRL,Greenland,1996,0.0,0.0,0.0,0.0,,,,,,51
GRL,Greenland,1997,0.0,0.0,0.0,0.0,,,,,,52
GRL,Greenland,1998,0.0,0.0,0.0,0.0,,,,,,53
GRL,Greenland,1999,0.0,0.0,0.0,0.0,,,,,,54
GRL,Greenland,2000,0.0,0.0,0.0,0.0,,,,,,55
GRL,Greenland,2001,0.0,0.0,0.0,0.0,,,,,,56
GRL,Greenland,2002,0.0,0.0,0.0,0.0,,,,,,57
GRL,Greenland,2003,0.0,0.0,0.0,0.0,,,,,,58
GRL,Greenland,2004,0.0,0.0,0.0,0.0,,,,,,59
GRL,Greenland,2005,0.0,0.0,0.0,0.0,,,,,,60
GRL,Greenland,2006,0.0,0.0,0.0,0.0,,,,,,61
GRL,Greenland,2007,0.0,0.0,0.0,0.0,,,,,,62
GRL,Greenland,2008,0.0,0.0,0.0,0.0,,,,,,63
GRL,Greenland,2009,0.0,0.0,0.0,0.0,,,,,,64
GRL,Greenland,2010,0.0,0.0,0.0,0.0,,,,,,65
GRL,Greenland,2011,0.0,0.0,0.0,0.0,,,,,,66
GRL,Greenland,2012,0.0,0.0,0.0,0.0,,,,,,67
GRL,Greenland,2013,0.0,0.0,0.0,0.0,,,,,,68
GRL,Greenland,2014,0.0,0.0,0.0,0.0,,,,,,69
GRL,Greenland,2015,0.0,0.0,0.0,0.0,,,,,,70
GRL,Greenland,2016,0.0,0.0,0.0,0.0,,,,,,71
GRL,Greenland,2017,0.0,0.0,0.0,0.0,,,,,,72
GRL,Greenland,2018,0.0,0.0,0.0,0.0,,,,,,73
GRL,Greenland,2019,0.0,0.0,0.0,0.0,,,,,,74
GRL,Greenland,2020,0.0,0.0,0.0,0.0,,,,,,75
GRL,Greenland,2021,,,,,,,,,,76
GRL,Greenland,2022,,,,,,,,,,77
GRL,Greenland,2023,,,,,,,,,,78
GRL,Greenland,2024,,,,,,,,,,79
GRL,Greenland,2025,,,,,,,,,,80
GTM,Guatemala,1960,,,,,,,,,,15
GTM,Guatemala,1961,,,,,,,,,,16
GTM,Guatemala,1962,,,,,,,,,,17
GTM,Guatemala,1963,,,,,,,,,,18
GTM,Guatemala,1964,,,,,,,,,,19
GTM,Guatemala,1965,,,,,,,,,,20
GTM,Guatemala,1966,,,,,,,,,,21
GTM,Guatemala,1967,,,,,,,,,,22
GTM,Guatemala,1968,,,,,,,,,,23
GTM,Guatemala,1969,,,,,,,,,,24
GTM,Guatemala,1970,,,,,,,,,,25
GTM,Guatemala,1971,0.0,0.0,0.0,0.0,,,,,,26
GTM,Guatemala,1972,0.0,0.0,0.0,0.0,,,,,,27
GTM,Guatemala,1973,0.0,0.0,0.0,0.0,,,,,,28
GTM,Guatemala,1974,0.0,0.0,0.0,0.0,,,,,,29
GTM,Guatemala,1975,0.0,0.0,0.0,0.0,,,,,,30
GTM,Guatemala,1976,0.0165389723756444,0.0,0.0,0.0165389723756444,,,,,,31
GTM,Guatemala,1977,0.0059735029642759,0.0,0.0,0.0059735029642759,,,,,,32
GTM,Guatemala,1978,0.0025467649763847,0.0,0.0,0.0025467649763847,,,,,,33
GTM,Guatemala,1979,0.152694654781546,0.0,0.0,0.152694654781546,,,,,,34
GTM,Guatemala,1980,0.442451360839229,0.0,0.0,0.442451360839229,,,,,,35
GTM,Guatemala,1981,0.332623176356026,0.0,0.0,0.332623176356026,,,,,,36
GTM,Guatemala,1982,0.30063700799593,0.0,0.0,0.30063700799593,,,,,,37
GTM,Guatemala,1983,0.439487304550723,0.0,0.0,0.439487304550723,,,,,,38
GTM,Guatemala,1984,0.276994054035415,0.0,0.0,0.276994054035415,,,,,,39
GTM,Guatemala,1985,0.159299912244961,0.0,0.0,0.159299912244961,,,,,,40
GTM,Guatemala,1986,0.15566206388521,0.0,0.0,0.15566206388521,,,,,,41
GTM,Guatemala,1987,0.190586384431107,0.0,0.0,0.190586384431107,,,,,,42
GTM,Guatemala,1988,0.129209415007136,0.0,0.0,0.129209415007136,,,,,,43
GTM,Guatemala,1989,0.181275426560304,0.0,0.0,0.181275426560304,,,,,,44
GTM,Guatemala,1990,0.301957368491916,0.0,0.0016438330486383,0.3036012015405543,,,,,,45
GTM,Guatemala,1991,0.126258795310536,0.0,0.0010547849284339,0.12731358023896988,,,,,,46
GTM,Guatemala,1992,0.185839435022347,0.0,0.0008985052999028,0.1867379403222498,,,,,,47
GTM,Guatemala,1993,0.195023264312544,0.0,0.0011325795709582,0.19615584388350218,,,,,,48
GTM,Guatemala,1994,0.1807676152167,0.0,0.000860503819499,0.18162811903619902,,,,,,49
GTM,Guatemala,1995,0.235558848536854,0.0,0.0007280821437655,0.23628693068061948,,,,,,50
GTM,Guatemala,1996,0.474906148545347,0.0,0.0007044402155952,0.4756105887609422,,,,,,51
GTM,Guatemala,1997,0.490537549251469,0.0,0.0006168948827613,0.49115444413423026,,,,,,52
GTM,Guatemala,1998,0.31390362110712,0.0,0.0,0.31390362110712,,,,,,53
GTM,Guatemala,1999,0.52323815345972,0.0,0.0,0.52323815345972,,,,,,54
GTM,Guatemala,2000,0.803745468310096,0.0,0.0,0.803745468310096,,,,,,55
GTM,Guatemala,2001,0.631161134109658,0.0,0.0,0.631161134109658,,,,,,56
GTM,Guatemala,2002,0.709990191144289,0.0,0.0,0.709990191144289,,,,,,57
GTM,Guatemala,2003,0.741431850463022,0.0,0.0,0.741431850463022,,,,,,58
GTM,Guatemala,2004,0.729374795918745,0.0,0.0,0.729374795918745,,,,,,59
GTM,Guatemala,2005,0.887868748053499,0.0,0.0,0.887868748053499,,,,,,60
GTM,Guatemala,2006,0.851581475418594,0.0,0.0,0.851581475418594,,,,,,61
GTM,Guatemala,2007,0.750244545606685,0.0,0.0,0.750244545606685,,,,,,62
GTM,Guatemala,2008,0.835430467135192,0.0,0.0,0.835430467135192,,,,,,63
GTM,Guatemala,2009,0.412561078443355,0.0,0.0,0.412561078443355,,,,,,64
GTM,Guatemala,2010,0.470505869677804,0.0,0.0,0.470505869677804,,,,,,65
GTM,Guatemala,2011,0.592110785237876,0.0,0.0,0.592110785237876,,,,,,66
GTM,Guatemala,2012,0.521031752267051,0.0,0.0,0.521031752267051,,,,,,67
GTM,Guatemala,2013,0.418795559663063,0.0,0.0,0.418795559663063,,,,,,68
GTM,Guatemala,2014,0.36376572238644,0.0,0.0,0.36376572238644,,,,,,69
GTM,Guatemala,2015,0.123828267830097,0.0,0.0,0.123828267830097,,,,,,70
GTM,Guatemala,2016,0.0807153215443387,0.0,0.0,0.0807153215443387,,,,,,71
GTM,Guatemala,2017,0.119195049269519,0.0,0.0,0.119195049269519,,,,,,72
GTM,Guatemala,2018,0.176634659797847,0.0,0.0081641932107994,0.1847988530086464,,,,,,73
GTM,Guatemala,2019,0.139922256710481,0.0,0.011848495306506,0.151770752016987,,,,,,74
GTM,Guatemala,2020,0.0532892177587073,0.0,5.23901249052368e-05,0.053341607883612537,,,,,,75
GTM,Guatemala,2021,0.118140036355359,0.0,7.67031869670674e-05,0.11821673954232606,,,,,,76
GTM,Guatemala,2022,,,,,,,,,,77
GTM,Guatemala,2023,,,,,,,,,,78
GTM,Guatemala,2024,,,,,,,,,,79
GTM,Guatemala,2025,,,,,,,,,,80
GUM,Guam,1960,,,,,,,,,,15
GUM,Guam,1961,,,,,,,,,,16
GUM,Guam,1962,,,,,,,,,,17
GUM,Guam,1963,,,,,,,,,,18
GUM,Guam,1964,,,,,,,,,,19
GUM,Guam,1965,,,,,,,,,,20
GUM,Guam,1966,,,,,,,,,,21
GUM,Guam,1967,,,,,,,,,,22
GUM,Guam,1968,,,,,,,,,,23
GUM,Guam,1969,,,,,,,,,,24
GUM,Guam,1970,,,,,,,,,,25
GUM,Guam,1971,,,,,,,,,,26
GUM,Guam,1972,,,,,,,,,,27
GUM,Guam,1973,,,,,,,,,,28
GUM,Guam,1974,,,,,,,,,,29
GUM,Guam,1975,,,,,,,,,,30
GUM,Guam,1976,,,,,,,,,,31
GUM,Guam,1977,,,,,,,,,,32
GUM,Guam,1978,,,,,,,,,,33
GUM,Guam,1979,,,,,,,,,,34
GUM,Guam,1980,,,,,,,,,,35
GUM,Guam,1981,,,,,,,,,,36
GUM,Guam,1982,,,,,,,,,,37
GUM,Guam,1983,,,,,,,,,,38
GUM,Guam,1984,,,,,,,,,,39
GUM,Guam,1985,,,,,,,,,,40
GUM,Guam,1986,,,,,,,,,,41
GUM,Guam,1987,,,,,,,,,,42
GUM,Guam,1988,,,,,,,,,,43
GUM,Guam,1989,,,,,,,,,,44
GUM,Guam,1990,,,,,,,,,,45
GUM,Guam,1991,,,,,,,,,,46
GUM,Guam,1992,,,,,,,,,,47
GUM,Guam,1993,,,,,,,,,,48
GUM,Guam,1994,,,,,,,,,,49
GUM,Guam,1995,,,,,,,,,,50
GUM,Guam,1996,,,,,,,,,,51
GUM,Guam,1997,,,,,,,,,,52
GUM,Guam,1998,,,,,,,,,,53
GUM,Guam,1999,,,,,,,,,,54
GUM,Guam,2000,,,,,,,,,,55
GUM,Guam,2001,,,,,,,,,,56
GUM,Guam,2002,0.0,0.0,0.0,0.0,,,,,,57
GUM,Guam,2003,0.0,0.0,0.0,0.0,,,,,,58
GUM,Guam,2004,0.0,0.0,0.0,0.0,,,,,,59
GUM,Guam,2005,0.0,0.0,0.0,0.0,,,,,,60
GUM,Guam,2006,0.0,0.0,0.0,0.0,,,,,,61
GUM,Guam,2007,0.0,0.0,0.0,0.0,,,,,,62
GUM,Guam,2008,0.0,0.0,0.0,0.0,,,,,,63
GUM,Guam,2009,0.0,0.0,0.0,0.0,,,,,,64
GUM,Guam,2010,0.0,0.0,0.0,0.0,,,,,,65
GUM,Guam,2011,0.0,0.0,0.0,0.0,,,,,,66
GUM,Guam,2012,0.0,0.0,0.0,0.0,,,,,,67
GUM,Guam,2013,0.0,0.0,0.0,0.0,,,,,,68
GUM,Guam,2014,0.0,0.0,0.0,0.0,,,,,,69
GUM,Guam,2015,0.0,0.0,0.0,0.0,,,,,,70
GUM,Guam,2016,0.0,0.0,0.0,0.0,,,,,,71
GUM,Guam,2017,0.0,0.0,0.0,0.0,,,,,,72
GUM,Guam,2018,0.0,0.0,0.0,0.0,,,,,,73
GUM,Guam,2019,0.0,0.0,0.0,0.0,,,,,,74
GUM,Guam,2020,0.0,0.0,0.0,0.0,,,,,,75
GUM,Guam,2021,0.0,0.0,0.0,0.0,,,,,,76
GUM,Guam,2022,,,,,,,,,,77
GUM,Guam,2023,,,,,,,,,,78
GUM,Guam,2024,,,,,,,,,,79
GUM,Guam,2025,,,,,,,,,,80
GUY,Guyana,1960,,,,,,,,,,15
GUY,Guyana,1961,,,,,,,,,,16
GUY,Guyana,1962,,,,,,,,,,17
GUY,Guyana,1963,,,,,,,,,,18
GUY,Guyana,1964,,,,,,,,,,19
GUY,Guyana,1965,,,,,,,,,,20
GUY,Guyana,1966,,,,,,,,,,21
GUY,Guyana,1967,,,,,,,,,,22
GUY,Guyana,1968,,,,,,,,,,23
GUY,Guyana,1969,,,,,,,,,,24
GUY,Guyana,1970,,,,,,,,,,25
GUY,Guyana,1971,,,,,,,,,,26
GUY,Guyana,1972,,,,,,,,,,27
GUY,Guyana,1973,,,,,,,,,,28
GUY,Guyana,1974,,,,,,,,,,29
GUY,Guyana,1975,,,,,,,,,,30
GUY,Guyana,1976,,,,,,,,,,31
GUY,Guyana,1977,,,,,,,,,,32
GUY,Guyana,1978,,,,,,,,,,33
GUY,Guyana,1979,,,,,,,,,,34
GUY,Guyana,1980,0.0,0.0,0.0,0.0,,,,,,35
GUY,Guyana,1981,0.0,0.0,0.0,0.0,,,,,,36
GUY,Guyana,1982,0.0,0.0,0.0,0.0,,,,,,37
GUY,Guyana,1983,0.0,0.0,0.0,0.0,,,,,,38
GUY,Guyana,1984,0.0,0.0,0.0,0.0,,,,,,39
GUY,Guyana,1985,0.0,0.0,0.0,0.0,,,,,,40
GUY,Guyana,1986,0.0,0.0,0.0,0.0,,,,,,41
GUY,Guyana,1987,0.0,0.0,0.0,0.0,,,,,,42
GUY,Guyana,1988,0.0,0.0,0.0,0.0,,,,,,43
GUY,Guyana,1989,0.0,0.0,0.0,0.0,,,,,,44
GUY,Guyana,1990,0.0,0.0,0.0,0.0,,,,,,45
GUY,Guyana,1991,0.0,0.0,0.0,0.0,,,,,,46
GUY,Guyana,1992,0.0,0.0,0.0,0.0,,,,,,47
GUY,Guyana,1993,0.0,0.0,0.0,0.0,,,,,,48
GUY,Guyana,1994,0.0,0.0,0.0,0.0,,,,,,49
GUY,Guyana,1995,0.0,0.0,0.0,0.0,,,,,,50
GUY,Guyana,1996,0.0,0.0,0.0,0.0,,,,,,51
GUY,Guyana,1997,0.0,0.0,0.0,0.0,,,,,,52
GUY,Guyana,1998,0.0,0.0,0.0,0.0,,,,,,53
GUY,Guyana,1999,0.0,0.0,0.0,0.0,,,,,,54
GUY,Guyana,2000,0.0,0.0,0.0,0.0,,,,,,55
GUY,Guyana,2001,0.0,0.0,0.0,0.0,,,,,,56
GUY,Guyana,2002,0.0,0.0,0.0,0.0,,,,,,57
GUY,Guyana,2003,0.0,0.0,0.0,0.0,,,,,,58
GUY,Guyana,2004,0.0,0.0,0.0,0.0,,,,,,59
GUY,Guyana,2005,0.0,0.0,0.0,0.0,,,,,,60
GUY,Guyana,2006,0.0,0.0,0.0,0.0,,,,,,61
GUY,Guyana,2007,0.0,0.0,0.0,0.0,,,,,,62
GUY,Guyana,2008,0.0,0.0,0.0,0.0,,,,,,63
GUY,Guyana,2009,0.0,0.0,0.0,0.0,,,,,,64
GUY,Guyana,2010,0.0,0.0,0.0,0.0,,,,,,65
GUY,Guyana,2011,0.0,0.0,0.0,0.0,,,,,,66
GUY,Guyana,2012,0.0,0.0,0.0,0.0,,,,,,67
GUY,Guyana,2013,0.0,0.0,0.0,0.0,,,,,,68
GUY,Guyana,2014,0.0,0.0,0.0,0.0,,,,,,69
GUY,Guyana,2015,0.0,0.0,0.0,0.0,,,,,,70
GUY,Guyana,2016,0.0,0.0,0.0,0.0,,,,,,71
GUY,Guyana,2017,0.0,0.0,0.0,0.0,,,,,,72
GUY,Guyana,2018,0.0,0.0,0.0,0.0,,,,,,73
GUY,Guyana,2019,0.0849006439782914,0.0,0.0,0.0849006439782914,,,0.6774911,,0.6774911,74
GUY,Guyana,2020,7.3763575857274,0.0,0.0,7.3763575857274,,,43.14841,,43.14841,75
GUY,Guyana,2021,22.0821753098304,0.0,0.0,22.0821753098304,,,67.70945,,67.70945,76
GUY,Guyana,2022,,,,,,,160.90018,,160.90018,77
GUY,Guyana,2023,,,,,,,226.54066,,226.54066,78
GUY,Guyana,2024,,,,,,,357.68057,,357.68057,79
GUY,Guyana,2025,,,,,,,414.51352,,414.51352,80
HKG,"Hong Kong SAR, China",1960,,,,,,,,,,15
HKG,"Hong Kong SAR, China",1961,,,,,,,,,,16
HKG,"Hong Kong SAR, China",1962,,,,,,,,,,17
HKG,"Hong Kong SAR, China",1963,,,,,,,,,,18
HKG,"Hong Kong SAR, China",1964,,,,,,,,,,19
HKG,"Hong Kong SAR, China",1965,,,,,,,,,,20
HKG,"Hong Kong SAR, China",1966,,,,,,,,,,21
HKG,"Hong Kong SAR, China",1967,,,,,,,,,,22
HKG,"Hong Kong SAR, China",1968,,,,,,,,,,23
HKG,"Hong Kong SAR, China",1969,,,,,,,,,,24
HKG,"Hong Kong SAR, China",1970,,,,,,,,,,25
HKG,"Hong Kong SAR, China",1971,0.0,0.0,0.0,0.0,,,,,,26
HKG,"Hong Kong SAR, China",1972,0.0,0.0,0.0,0.0,,,,,,27
HKG,"Hong Kong SAR, China",1973,0.0,0.0,0.0,0.0,,,,,,28
HKG,"Hong Kong SAR, China",1974,0.0,0.0,0.0,0.0,,,,,,29
HKG,"Hong Kong SAR, China",1975,0.0,0.0,0.0,0.0,,,,,,30
HKG,"Hong Kong SAR, China",1976,0.0,0.0,0.0,0.0,,,,,,31
HKG,"Hong Kong SAR, China",1977,0.0,0.0,0.0,0.0,,,,,,32
HKG,"Hong Kong SAR, China",1978,0.0,0.0,0.0,0.0,,,,,,33
HKG,"Hong Kong SAR, China",1979,0.0,0.0,0.0,0.0,,,,,,34
HKG,"Hong Kong SAR, China",1980,0.0,0.0,0.0,0.0,,,,,,35
HKG,"Hong Kong SAR, China",1981,0.0,0.0,0.0,0.0,,,,,,36
HKG,"Hong Kong SAR, China",1982,0.0,0.0,0.0,0.0,,,,,,37
HKG,"Hong Kong SAR, China",1983,0.0,0.0,0.0,0.0,,,,,,38
HKG,"Hong Kong SAR, China",1984,0.0,0.0,0.0,0.0,,,,,,39
HKG,"Hong Kong SAR, China",1985,0.0,0.0,0.0,0.0,,,,,,40
HKG,"Hong Kong SAR, China",1986,0.0,0.0,0.0,0.0,,,,,,41
HKG,"Hong Kong SAR, China",1987,0.0,0.0,0.0,0.0,,,,,,42
HKG,"Hong Kong SAR, China",1988,0.0,0.0,0.0,0.0,,,,,,43
HKG,"Hong Kong SAR, China",1989,0.0,0.0,0.0,0.0,,,,,,44
HKG,"Hong Kong SAR, China",1990,0.0,0.0,0.0,0.0,,,,,,45
HKG,"Hong Kong SAR, China",1991,0.0,0.0,0.0,0.0,,,,,,46
HKG,"Hong Kong SAR, China",1992,0.0,0.0,0.0,0.0,,,,,,47
HKG,"Hong Kong SAR, China",1993,0.0,0.0,0.0,0.0,,,,,,48
HKG,"Hong Kong SAR, China",1994,0.0,0.0,0.0,0.0,,,,,,49
HKG,"Hong Kong SAR, China",1995,0.0,0.0,0.0,0.0,100.0,,,,,50
HKG,"Hong Kong SAR, China",1996,0.0,0.0,0.0,0.0,100.0,,,,,51
HKG,"Hong Kong SAR, China",1997,0.0,0.0,0.0,0.0,100.0,,,,,52
HKG,"Hong Kong SAR, China",1998,0.0,0.0,0.0,0.0,100.0,,,,,53
HKG,"Hong Kong SAR, China",1999,0.0,0.0,0.0,0.0,100.0,,,,,54
HKG,"Hong Kong SAR, China",2000,0.0,0.0,0.0,0.0,99.99999,,,,,55
HKG,"Hong Kong SAR, China",2001,0.0,0.0,0.0,0.0,100.0,,,,,56
HKG,"Hong Kong SAR, China",2002,0.0,0.0,0.0,0.0,100.0,,,,,57
HKG,"Hong Kong SAR, China",2003,0.0,0.0,0.0,0.0,100.0,,,,,58
HKG,"Hong Kong SAR, China",2004,0.0,0.0,0.0,0.0,100.0,,,,,59
HKG,"Hong Kong SAR, China",2005,0.0,0.0,0.0,0.0,99.99999,,,,,60
HKG,"Hong Kong SAR, China",2006,0.0,0.0,0.0,0.0,99.999756,,,,,61
HKG,"Hong Kong SAR, China",2007,0.0,0.0,0.0,0.0,99.9997,,,,,62
HKG,"Hong Kong SAR, China",2008,0.0,0.0,0.0,0.0,99.99972,,,,,63
HKG,"Hong Kong SAR, China",2009,0.0,0.0,0.0,0.0,99.99965,,,,,64
HKG,"Hong Kong SAR, China",2010,0.0006386972780036,0.0,0.0,0.0006386972780036,99.94928,,,,,65
HKG,"Hong Kong SAR, China",2011,0.0066843256857796,0.0,0.0,0.0066843256857796,99.86646,,,,,66
HKG,"Hong Kong SAR, China",2012,0.0010034959059633,0.0,0.0,0.0010034959059633,99.942635,,,,,67
HKG,"Hong Kong SAR, China",2013,0.0026579247870943,0.0,0.0,0.0026579247870943,99.84262,,,,,68
HKG,"Hong Kong SAR, China",2014,0.0157873788944443,0.0,0.0,0.0157873788944443,99.852486,,,,,69
HKG,"Hong Kong SAR, China",2015,0.0001975048549428,0.0,0.0,0.0001975048549428,99.799324,,,,,70
HKG,"Hong Kong SAR, China",2016,0.0001528210678769,0.0,0.0,0.0001528210678769,99.79829,,,,,71
HKG,"Hong Kong SAR, China",2017,0.0002825572571715,0.0,0.0,0.0002825572571715,99.79537,,,,,72
HKG,"Hong Kong SAR, China",2018,0.0004010629647818,0.0,0.0,0.0004010629647818,99.76451,,,,,73
HKG,"Hong Kong SAR, China",2019,0.0002937884238587,0.0,0.0,0.0002937884238587,99.75651,,,,,74
HKG,"Hong Kong SAR, China",2020,0.0001197873472851,0.0,0.0,0.0001197873472851,99.49432,,,,,75
HKG,"Hong Kong SAR, China",2021,0.0003562928932535,0.0,0.0,0.0003562928932535,99.31311,,,,,76
HKG,"Hong Kong SAR, China",2022,,,,,99.05815,,,,,77
HKG,"Hong Kong SAR, China",2023,,,,,99.08362,,,,,78
HKG,"Hong Kong SAR, China",2024,,,,,99.04668,,,,,79
HKG,"Hong Kong SAR, China",2025,,,,,98.8476,,,,,80
HND,Honduras,1960,,,,,,,,,,15
HND,Honduras,1961,,,,,,,,,,16
HND,Honduras,1962,,,,,,,,,,17
HND,Honduras,1963,,,,,,,,,,18
HND,Honduras,1964,,,,,,,,,,19
HND,Honduras,1965,,,,,,,,,,20
HND,Honduras,1966,,,,,,,,,,21
HND,Honduras,1967,,,,,,,,,,22
HND,Honduras,1968,,,,,,,,,,23
HND,Honduras,1969,,,,,,,,,,24
HND,Honduras,1970,,,,,,,,,,25
HND,Honduras,1971,0.0,0.0,0.0,0.0,,,,,,26
HND,Honduras,1972,0.0,0.0,0.0,0.0,,,,,,27
HND,Honduras,1973,0.0,0.0,0.0,0.0,,,,,,28
HND,Honduras,1974,0.0,0.0,0.0,0.0,,,,,,29
HND,Honduras,1975,0.0,0.0,0.0,0.0,,,,,,30
HND,Honduras,1976,0.0,0.0,0.0,0.0,,,,,,31
HND,Honduras,1977,0.0,0.0,0.0,0.0,,,,,,32
HND,Honduras,1978,0.0,0.0,0.0,0.0,,,,,,33
HND,Honduras,1979,0.0,0.0,0.0,0.0,,,,,,34
HND,Honduras,1980,0.0,0.0,0.0,0.0,,,,,,35
HND,Honduras,1981,0.0,0.0,0.0,0.0,,,,,,36
HND,Honduras,1982,0.0,0.0,0.0,0.0,,,,,,37
HND,Honduras,1983,0.0,0.0,0.0,0.0,,,,,,38
HND,Honduras,1984,0.0,0.0,0.0,0.0,,,,,,39
HND,Honduras,1985,0.0,0.0,0.0,0.0,,,,,,40
HND,Honduras,1986,0.0,0.0,0.0,0.0,,,,,,41
HND,Honduras,1987,0.0,0.0,0.0,0.0,,,,,,42
HND,Honduras,1988,0.0,0.0,0.0,0.0,,,,,,43
HND,Honduras,1989,0.0,0.0,0.0,0.0,,,,,,44
HND,Honduras,1990,0.0,0.0,0.0,0.0,,,,,,45
HND,Honduras,1991,0.0,0.0,0.0,0.0,,,,,,46
HND,Honduras,1992,0.0,0.0,0.0,0.0,,,,,,47
HND,Honduras,1993,0.0,0.0,0.0,0.0,,,,,,48
HND,Honduras,1994,0.0,0.0,0.0,0.0,,,,,,49
HND,Honduras,1995,0.0,0.0,0.0,0.0,,,,,,50
HND,Honduras,1996,0.0,0.0,0.0,0.0,,,,,,51
HND,Honduras,1997,0.0,0.0,0.0,0.0,,,,,,52
HND,Honduras,1998,0.0,0.0,0.0,0.0,,,,,,53
HND,Honduras,1999,0.0,0.0,0.0,0.0,,,,,,54
HND,Honduras,2000,0.0,0.0,0.0,0.0,,,,,,55
HND,Honduras,2001,0.0,0.0,0.0,0.0,,,,,,56
HND,Honduras,2002,0.0,0.0,0.0,0.0,,,,,,57
HND,Honduras,2003,0.0,0.0,0.0,0.0,,,,,,58
HND,Honduras,2004,0.0,0.0,0.0,0.0,,,,,,59
HND,Honduras,2005,0.0001322462350347,0.0,0.0,0.0001322462350347,,,,,,60
HND,Honduras,2006,0.0028725914659074,0.0,0.0,0.0028725914659074,,,,,,61
HND,Honduras,2007,0.0026648146416326,0.0,0.0,0.0026648146416326,,,,,,62
HND,Honduras,2008,0.0032878914982759,0.0,0.0,0.0032878914982759,,,,,,63
HND,Honduras,2009,0.0015543729867685,0.0,0.0,0.0015543729867685,,,,,,64
HND,Honduras,2010,0.0020222635719966,0.0,0.0,0.0020222635719966,,,,,,65
HND,Honduras,2011,0.0028650360528408,0.0,0.0,0.0028650360528408,,,,,,66
HND,Honduras,2012,0.0026315283445152,0.0,0.0,0.0026315283445152,,,,,,67
HND,Honduras,2013,0.0024028896400638,0.0,0.0,0.0024028896400638,,,,,,68
HND,Honduras,2014,0.0020505241706927,0.0,0.0,0.0020505241706927,,,,,,69
HND,Honduras,2015,0.0,0.0,0.0,0.0,,,,,,70
HND,Honduras,2016,0.0,0.0,0.0,0.0,,,,,,71
HND,Honduras,2017,0.0007657984190389,0.0,0.0,0.0007657984190389,,,,,,72
HND,Honduras,2018,0.0011680190121189,0.0,0.0,0.0011680190121189,,,,,,73
HND,Honduras,2019,0.0008968606448063,0.0,0.0,0.0008968606448063,,,,,,74
HND,Honduras,2020,0.0004455419082145,0.0,0.0,0.0004455419082145,,,,,,75
HND,Honduras,2021,0.0010115304038689,0.0,0.0,0.0010115304038689,,,,,,76
HND,Honduras,2022,,,,,,,,,,77
HND,Honduras,2023,,,,,,,,,,78
HND,Honduras,2024,,,,,,,,,,79
HND,Honduras,2025,,,,,,,,,,80
HRV,Croatia,1960,,,,,,,,,,15
HRV,Croatia,1961,,,,,,,,,,16
HRV,Croatia,1962,,,,,,,,,,17
HRV,Croatia,1963,,,,,,,,,,18
HRV,Croatia,1964,,,,,,,,,,19
HRV,Croatia,1965,,,,,,,,,,20
HRV,Croatia,1966,,,,,,,,,,21
HRV,Croatia,1967,,,,,,,,,,22
HRV,Croatia,1968,,,,,,,,,,23
HRV,Croatia,1969,,,,,,,,,,24
HRV,Croatia,1970,,,,,,,,,,25
HRV,Croatia,1971,,,,,,,,,,26
HRV,Croatia,1972,,,,,,,,,,27
HRV,Croatia,1973,,,,,,,,,,28
HRV,Croatia,1974,,,,,,,,,,29
HRV,Croatia,1975,,,,,,,,,,30
HRV,Croatia,1976,,,,,,,,,,31
HRV,Croatia,1977,,,,,,,,,,32
HRV,Croatia,1978,,,,,,,,,,33
HRV,Croatia,1979,,,,,,,,,,34
HRV,Croatia,1980,,,,,,,,,,35
HRV,Croatia,1981,,,,,,,,,,36
HRV,Croatia,1982,,,,,,,,,,37
HRV,Croatia,1983,,,,,,,,,,38
HRV,Croatia,1984,,,,,,,,,,39
HRV,Croatia,1985,,,,,,,,,,40
HRV,Croatia,1986,,,,,,,,,,41
HRV,Croatia,1987,,,,,,,,,,42
HRV,Croatia,1988,,,,,,,,,,43
HRV,Croatia,1989,,,,,,,,,,44
HRV,Croatia,1990,,,,,95.75906,,,,,45
HRV,Croatia,1991,,,,,92.38698,,,,,46
HRV,Croatia,1992,,,,,93.93529,,,,,47
HRV,Croatia,1993,,,,,93.86493,,,,,48
HRV,Croatia,1994,,,,,92.653435,,,,,49
HRV,Croatia,1995,0.403625878898592,0.0008035134569125,0.1894052870781,0.5938346794336045,92.55794,,,,,50
HRV,Croatia,1996,0.474760445855423,0.000425045738244,0.157528095724954,0.6327135873186209,89.99399,,,,,51
HRV,Croatia,1997,0.3626472631518,0.000161538656006,0.160086250604738,0.522895052412544,92.849594,,,,,52
HRV,Croatia,1998,0.0917244271785271,0.0001804202692322,0.0160340237876244,0.1079388712353837,93.04319,,,,,53
HRV,Croatia,1999,0.288928699417176,5.9354622043972e-06,0.0196126156772976,0.30854725055667803,91.62111,,,,,54
HRV,Croatia,2000,0.630971359439616,0.0,0.176674487364417,0.8076458468040331,92.30717,,,,,55
HRV,Croatia,2001,0.407483342326942,0.0,0.396410593313288,0.8038939356402299,91.80337,,,,,56
HRV,Croatia,2002,0.356223054391995,0.0,0.241271445951601,0.597494500343596,93.5268,,,,,57
HRV,Croatia,2003,0.301237202501552,0.0,0.214753155142564,0.515990357644116,94.311775,,,,,58
HRV,Croatia,2004,0.332637436119168,0.0,0.159234241412183,0.491871677531351,92.05631,,,,,59
HRV,Croatia,2005,0.422317306157924,0.0,0.12906463895286,0.551381945110784,92.62857,,,,,60
HRV,Croatia,2006,0.419644384243852,0.0,0.304770836075399,0.724415220319251,93.031136,,,,,61
HRV,Croatia,2007,0.370493477014705,0.0,0.345824936878855,0.71631841389356,95.20374,,,,,62
HRV,Croatia,2008,0.441053907428522,0.0,0.449762185799552,0.890816093228074,93.91236,,,,,63
HRV,Croatia,2009,0.257276727386522,0.0,0.337104007943048,0.59438073532957,91.82201,,,,,64
HRV,Croatia,2010,0.283128862746704,0.0,0.423248920946002,0.7063777836927061,89.79871,,,,,65
HRV,Croatia,2011,0.422234790549554,0.0,0.590019896003995,1.0122546865535489,93.62065,,,,,66
HRV,Croatia,2012,0.424759009341811,0.0,0.559782333488413,0.984541342830224,92.641975,,,,,67
HRV,Croatia,2013,0.380362350794203,0.0,0.435741263753703,0.8161036145479059,87.66942,,,,,68
HRV,Croatia,2014,0.332340412986531,0.0,0.289997413757728,0.622337826744259,86.614006,,,,,69
HRV,Croatia,2015,0.188549002176531,0.0,0.267533069090353,0.45608207126688405,89.41871,,,,,70
HRV,Croatia,2016,0.152408109394096,0.0,0.133193976413268,0.285602085807364,88.62936,,,,,71
HRV,Croatia,2017,0.222493492276796,0.0,0.156560711183931,0.379054203460727,90.22192,,,,,72
HRV,Croatia,2018,0.320303857626588,0.0,0.197945973157546,0.518249830784134,86.192085,,,,,73
HRV,Croatia,2019,0.276145552955415,0.0,0.101877299594189,0.378022852549604,86.13727,,,,,74
HRV,Croatia,2020,0.141105225031332,0.0,0.0454518090024755,0.1865570340338075,84.77545,,,,,75
HRV,Croatia,2021,0.280358036189526,0.0,0.183195535140786,0.46355357133031194,82.52094,,,,,76
HRV,Croatia,2022,,,,,85.02142,,,,,77
HRV,Croatia,2023,,,,,83.345314,,,,,78
HRV,Croatia,2024,,,,,84.72064,,,,,79
HRV,Croatia,2025,,,,,85.63198,,,,,80
HTI,Haiti,1960,,,,,,,,,,15
HTI,Haiti,1961,,,,,,,,,,16
HTI,Haiti,1962,,,,,,,,,,17
HTI,Haiti,1963,,,,,,,,,,18
HTI,Haiti,1964,,,,,,,,,,19
HTI,Haiti,1965,,,,,,,,,,20
HTI,Haiti,1966,,,,,,,,,,21
HTI,Haiti,1967,,,,,,,,,,22
HTI,Haiti,1968,,,,,,,,,,23
HTI,Haiti,1969,,,,,,,,,,24
HTI,Haiti,1970,,,,,,,,,,25
HTI,Haiti,1971,0.0,0.0,0.0,0.0,,,,,,26
HTI,Haiti,1972,0.0,0.0,0.0,0.0,,,,,,27
HTI,Haiti,1973,0.0,0.0,0.0,0.0,,,,,,28
HTI,Haiti,1974,0.0,0.0,0.0,0.0,,,,,,29
HTI,Haiti,1975,0.0,0.0,0.0,0.0,,,,,,30
HTI,Haiti,1976,0.0,0.0,0.0,0.0,,,,,,31
HTI,Haiti,1977,0.0,0.0,0.0,0.0,,,,,,32
HTI,Haiti,1978,0.0,0.0,0.0,0.0,,,,,,33
HTI,Haiti,1979,0.0,0.0,0.0,0.0,,,,,,34
HTI,Haiti,1980,0.0,0.0,0.0,0.0,,,,,,35
HTI,Haiti,1981,0.0,0.0,0.0,0.0,,,,,,36
HTI,Haiti,1982,0.0,0.0,0.0,0.0,,,,,,37
HTI,Haiti,1983,0.0,0.0,0.0,0.0,,,,,,38
HTI,Haiti,1984,0.0,0.0,0.0,0.0,,,,,,39
HTI,Haiti,1985,0.0,0.0,0.0,0.0,,,,,,40
HTI,Haiti,1986,0.0,0.0,0.0,0.0,,,,,,41
HTI,Haiti,1987,0.0,0.0,0.0,0.0,,,,,,42
HTI,Haiti,1988,0.0,0.0,0.0,0.0,,,,,,43
HTI,Haiti,1989,0.0,0.0,0.0,0.0,,,,,,44
HTI,Haiti,1990,0.0,0.0,0.0,0.0,,,,,,45
HTI,Haiti,1991,0.0,0.0,0.0,0.0,,,,,,46
HTI,Haiti,1992,0.0,0.0,0.0,0.0,,,,,,47
HTI,Haiti,1993,0.0,0.0,0.0,0.0,,,,,,48
HTI,Haiti,1994,0.0,0.0,0.0,0.0,,,,,,49
HTI,Haiti,1995,0.0,0.0,0.0,0.0,,,,,,50
HTI,Haiti,1996,0.0,0.0,0.0,0.0,,,,,,51
HTI,Haiti,1997,0.0,0.0,0.0,0.0,,,,,,52
HTI,Haiti,1998,0.0,0.0,0.0,0.0,,,,,,53
HTI,Haiti,1999,0.0,0.0,0.0,0.0,,,,,,54
HTI,Haiti,2000,0.0,0.0,0.0,0.0,,,,,,55
HTI,Haiti,2001,0.0,0.0,0.0,0.0,,,,,,56
HTI,Haiti,2002,0.0,0.0,0.0,0.0,,,,,,57
HTI,Haiti,2003,0.0,0.0,0.0,0.0,,,,,,58
HTI,Haiti,2004,0.0,0.0,0.0,0.0,,,,,,59
HTI,Haiti,2005,0.0,0.0,0.0,0.0,,,,,,60
HTI,Haiti,2006,0.0,0.0,0.0,0.0,,,,,,61
HTI,Haiti,2007,0.0,0.0,0.0,0.0,,,,,,62
HTI,Haiti,2008,0.0,0.0,0.0,0.0,,,,,,63
HTI,Haiti,2009,0.0,0.0,0.0,0.0,,,,,,64
HTI,Haiti,2010,0.0,0.0,0.0,0.0,,,,,,65
HTI,Haiti,2011,0.0,0.0,0.0,0.0,,,,,,66
HTI,Haiti,2012,0.0,0.0,0.0,0.0,,,,,,67
HTI,Haiti,2013,0.0,0.0,0.0,0.0,,,,,,68
HTI,Haiti,2014,0.0,0.0,0.0,0.0,,,,,,69
HTI,Haiti,2015,0.0,0.0,0.0,0.0,,,,,,70
HTI,Haiti,2016,0.0,0.0,0.0,0.0,,,,,,71
HTI,Haiti,2017,0.0,0.0,0.0,0.0,,,,,,72
HTI,Haiti,2018,0.0,0.0,0.0,0.0,,,,,,73
HTI,Haiti,2019,0.0,0.0,0.0,0.0,,,,,,74
HTI,Haiti,2020,0.0,0.0,0.0,0.0,,,,,,75
HTI,Haiti,2021,0.0,0.0,0.0,0.0,,,,,,76
HTI,Haiti,2022,,,,,,,,,,77
HTI,Haiti,2023,,,,,,,,,,78
HTI,Haiti,2024,,,,,,,,,,79
HTI,Haiti,2025,,,,,,,,,,80
HUN,Hungary,1960,,,,,,,,,,15
HUN,Hungary,1961,,,,,,,,,,16
HUN,Hungary,1962,,,,,,,,,,17
HUN,Hungary,1963,,,,,,,,,,18
HUN,Hungary,1964,,,,,,,,,,19
HUN,Hungary,1965,,,,,99.95942,,,,,20
HUN,Hungary,1966,,,,,99.9466,,,,,21
HUN,Hungary,1967,,,,,99.95412,,,,,22
HUN,Hungary,1968,,,,,99.952,,,,,23
HUN,Hungary,1969,,,,,99.952156,,,,,24
HUN,Hungary,1970,,,,,99.95887,,,,,25
HUN,Hungary,1971,,,,,99.95654,,,,,26
HUN,Hungary,1972,,,,,99.951775,,,,,27
HUN,Hungary,1973,,,,,99.95911,,,,,28
HUN,Hungary,1974,,,,,99.96819,,,,,29
HUN,Hungary,1975,,,,,99.9395,,,,,30
HUN,Hungary,1976,,,,,99.94268,,,,,31
HUN,Hungary,1977,,,,,99.95078,,,,,32
HUN,Hungary,1978,,,,,99.957375,,,,,33
HUN,Hungary,1979,,,,,99.95446,,,,,34
HUN,Hungary,1980,,,,,99.96518,,,,,35
HUN,Hungary,1981,,,,,99.94721,83.507416,,,83.507416,36
HUN,Hungary,1982,,,,,99.950264,83.701775,,,83.701775,37
HUN,Hungary,1983,,,,,97.56909,80.292694,,,80.292694,38
HUN,Hungary,1984,,,,,96.41512,78.43279,,,78.43279,39
HUN,Hungary,1985,,,,,94.08024,76.24481,,,76.24481,40
HUN,Hungary,1986,,,,,93.196976,72.13165,,,72.13165,41
HUN,Hungary,1987,,,,,90.397255,71.60768,,,71.60768,42
HUN,Hungary,1988,,,,,87.99961,65.99191,,,65.99191,43
HUN,Hungary,1989,,,,,87.284004,63.114994,,,63.114994,44
HUN,Hungary,1990,,,,,87.06441,57.0943,,,57.0943,45
HUN,Hungary,1991,0.425007394601361,0.105683650973113,0.156257551687089,0.686948597261563,86.4779,55.172295,,,55.172295,46
HUN,Hungary,1992,0.405846584465721,0.053194093357405,0.0699331231267322,0.5289738009498582,85.224785,50.173683,,,50.173683,47
HUN,Hungary,1993,0.367007077476078,0.0046981638415409,0.162450173673011,0.53415541499063,85.27522,43.224224,,,43.224224,48
HUN,Hungary,1994,0.294098578756702,0.0052694861356582,0.141505811715979,0.4408738766083392,84.87443,41.212894,,,41.212894,49
HUN,Hungary,1995,0.304408450491375,0.0256208997191564,0.245794464649354,0.5758238148598853,85.292244,41.927776,,,41.927776,50
HUN,Hungary,1996,0.362825153663463,0.0150804081549205,0.22374127913164,0.6016468409500235,85.37263,44.78288,,,44.78288,51
HUN,Hungary,1997,0.219233411220824,0.0066998965087871,0.22284218728269,0.4487754950123011,85.237854,46.77155,,,46.77155,52
HUN,Hungary,1998,0.0624360896482294,0.0113772195337846,0.0249294073234583,0.09874271650547231,85.40723,42.749775,,,42.749775,53
HUN,Hungary,1999,0.178412634960964,0.0021220494890055,0.0213763332762533,0.20191101772622277,85.2513,39.516582,,,39.516582,54
HUN,Hungary,2000,0.373626435642133,0.0191863099342225,0.142487534392444,0.5353002799687995,84.6776,38.56221,,,38.56221,55
HUN,Hungary,2001,0.234436692691698,0.0522983948198923,0.267388003452291,0.5541230909638813,85.113945,35.136055,,,35.136055,56
HUN,Hungary,2002,0.187700537212006,0.0141056706557935,0.152761215429543,0.3545674232973425,85.280525,34.42073,,,34.42073,57
HUN,Hungary,2003,0.17971724484931,0.0119578490167246,0.128149226812928,0.3198243206789626,88.31758,35.545143,,,35.545143,58
HUN,Hungary,2004,0.188780374253933,0.0754748708415126,0.0960545268105603,0.3603097719060059,86.81246,27.068296,,,27.068296,59
HUN,Hungary,2005,0.214107473091597,0.0360951692021791,0.0740605991548407,0.3242632414486168,84.84004,20.330936,,,20.330936,60
HUN,Hungary,2006,0.238336091702377,0.0374665109799343,0.165374759201741,0.44117736188405227,85.282196,20.429245,,,20.429245,61
HUN,Hungary,2007,0.194767249769338,0.0516011540209868,0.118621852638408,0.36499025642873284,83.43012,20.617804,,,20.617804,62
HUN,Hungary,2008,0.240895210564367,0.133720721436878,0.19062178582944,0.565237717830685,82.211624,19.696161,,,19.696161,63
HUN,Hungary,2009,0.148972460616952,0.0436050495743189,0.185291348587861,0.3778688587791319,79.777504,18.096804,,,18.096804,64
HUN,Hungary,2010,0.152616225507853,0.0839110518810435,0.161341756883863,0.39786903427275955,79.78491,18.529766,,,18.529766,65
HUN,Hungary,2011,0.227052369950292,0.0989679723481183,0.218340509701528,0.5443608519999382,79.59553,19.136538,,,19.136538,66
HUN,Hungary,2012,0.237336346667221,0.0450027231696823,0.210554293296234,0.49289336313313736,78.21481,18.683224,,,18.683224,67
HUN,Hungary,2013,0.194311507285997,0.0220496152287439,0.171355533980433,0.3877166564951739,77.461075,18.744303,,,18.744303,68
HUN,Hungary,2014,0.168537005640249,0.0175487828267021,0.109591060858095,0.2956768493250461,76.51211,18.467918,,,18.467918,69
HUN,Hungary,2015,0.0838041826706206,0.0122168490026972,0.0869853116424986,0.18300634331581642,77.491,17.657642,,,17.657642,70
HUN,Hungary,2016,0.0703386643669383,0.0128823695198267,0.0526022251623318,0.1358232590490968,77.63947,17.008642,,,17.008642,71
HUN,Hungary,2017,0.0926984004070823,0.013561343875921,0.0647926312972239,0.1710523755802272,78.66975,14.92314,,,14.92314,72
HUN,Hungary,2018,0.133636368428239,0.0126588854529878,0.0962650379943429,0.2425602918755697,78.845116,13.27083,,,13.27083,73
HUN,Hungary,2019,0.144282544677301,0.0079014775414691,0.0592550312448023,0.21143905346357242,78.09818,11.554312,,,11.554312,74
HUN,Hungary,2020,0.0833512506762371,0.0065434586008177,0.0304507621680197,0.1203454714450745,77.303185,10.846358,,,10.846358,75
HUN,Hungary,2021,0.183887560301271,0.0093687439619846,0.130992934287711,0.3242492385509666,77.74617,8.990874,,,8.990874,76
HUN,Hungary,2022,,,,,76.15945,9.058839,,,9.058839,77
HUN,Hungary,2023,,,,,74.316795,7.720959,,,7.720959,78
HUN,Hungary,2024,,,,,73.14698,7.403972,,,7.403972,79
HUN,Hungary,2025,,,,,72.11178,4.0577493,,,4.0577493,80
IDN,Indonesia,1960,,,,,,,,,,15
IDN,Indonesia,1961,,,,,,,,,,16
IDN,Indonesia,1962,,,,,,,,,,17
IDN,Indonesia,1963,,,,,,,,,,18
IDN,Indonesia,1964,,,,,,,,,,19
IDN,Indonesia,1965,,,,,97.7451,,285.34518,,285.34518,20
IDN,Indonesia,1966,,,,,97.00546,,278.29962,,278.29962,21
IDN,Indonesia,1967,,,,,96.56948,,299.4363,,299.4363,22
IDN,Indonesia,1968,,,,,95.98393,,352.65442,,352.65442,23
IDN,Indonesia,1969,,,,,96.300095,,376.93747,,376.93747,24
IDN,Indonesia,1970,0.336862259796396,,0.0,0.336862259796396,95.76251,,501.40903,12.7890005,514.1980305,25
IDN,Indonesia,1971,0.393074983334933,0.0001955916462398,0.0218386196954709,0.4151091946766437,98.610085,,523.72,15.224999,538.944999,26
IDN,Indonesia,1972,1.3474557447482,0.000172367279337,0.0204738201846601,1.3681019322121972,98.83297,,636.4264,11.27665,647.70305,27
IDN,Indonesia,1973,3.55777834499323,0.000163435219029,0.0335673049563523,3.591509085168611,98.69087,,785.5799,17.4783,803.0581999999999,28
IDN,Indonesia,1974,16.3717248190738,0.0017350357893255,0.105710282959583,16.47917013782271,98.64533,,807.3037,18.0467,825.3504,29
IDN,Indonesia,1975,14.1834892884666,0.0071740849104205,0.207092214656156,14.397755588033176,98.844185,,766.7918,23.6495,790.4413,30
IDN,Indonesia,1976,14.6294959716155,0.0055570282502276,0.179794955356035,14.814847955221763,99.36063,,885.34705,23.852499,909.1995489999999,31
IDN,Indonesia,1977,14.813753286107,0.0055266512328613,0.330367278050082,15.149647215389942,99.19348,,987.813,57.449,1045.262,32
IDN,Indonesia,1978,12.5927750710472,0.0043512296594771,0.645340037851775,13.242466338558451,99.490875,,954.87695,110.432,1065.3089499999999,33
IDN,Indonesia,1979,29.9652954272508,0.0044466314691511,1.31978895371394,31.28953101243389,99.502716,,925.10754,160.167,1085.27454,34
IDN,Indonesia,1980,24.353197772034,0.0060295911342141,1.06830042992693,25.427527793095145,99.58158,,919.1779,187.87651,1107.05441,35
IDN,Indonesia,1981,17.4960662019856,0.0105918312939129,0.385648743860634,17.892306777140146,99.611305,2.7412376,929.9591,190.5155,1123.2158376,36
IDN,Indonesia,1982,9.25543574224988,0.0145464899312691,0.125456591268231,9.39543882344938,99.5839,4.0433254,774.3697,193.662,972.0750254,37
IDN,Indonesia,1983,12.0154311395155,0.008284222667078,0.321315238489513,12.34503060067209,99.40735,4.454511,822.0525,220.9655,1047.472511,38
IDN,Indonesia,1984,12.1765360023404,0.0117811256507692,0.532740906583284,12.721058034574453,99.412285,10.074048,870.9995,297.9025,1178.976048,39
IDN,Indonesia,1985,11.1670088241063,0.026558064649614,0.745326166972091,11.938893055728006,99.32121,13.706187,771.53186,327.84497,1113.083017,40
IDN,Indonesia,1986,5.85764960650661,0.0186774238076725,1.28218369792078,7.158510728235062,98.96954,17.749512,818.39996,341.14148,1177.2909519999998,41
IDN,Indonesia,1987,8.88214127520327,0.0035568898016775,1.26455961185341,10.150257776858357,98.996124,20.764874,812.057,364.4865,1197.308374,42
IDN,Indonesia,1988,5.98981362304596,0.0196998014331165,1.04179964711547,7.051313071594547,98.9547,30.770391,782.5798,398.083,1211.433191,43
IDN,Indonesia,1989,8.12288021039403,0.0547060393673327,1.0907572513496,9.268343501110962,98.82083,59.621918,833.06067,418.789,1311.4715879999999,44
IDN,Indonesia,1990,9.91945749843524,0.0638855075706017,1.38580549937515,11.369148505380991,97.01903,73.5337,865.6619,445.39825,1384.59385,45
IDN,Indonesia,1991,5.59365035937227,0.0650050809303238,1.15930174347296,6.817957183775554,97.22739,94.84682,942.0945,489.0921,1526.0334200000002,46
IDN,Indonesia,1992,5.36966700706448,0.0614097642633711,1.20772489133411,6.638801662661962,97.09684,153.23518,892.374,518.31085,1563.9200299999998,47
IDN,Indonesia,1993,4.21951518114362,0.0166857483346958,1.20069622435657,5.4368971538348845,97.37529,189.00833,893.77747,538.47565,1621.26145,48
IDN,Indonesia,1994,3.18630434473207,0.0163753728726555,1.38533796181107,4.588017679415795,96.982124,225.2612,894.8168,613.5329,1733.6109000000001,49
IDN,Indonesia,1995,2.9733252636664,0.0928985178801877,1.26584699782308,4.332070779369667,96.505165,286.73343,889.1665,616.30426,1792.20419,50
IDN,Indonesia,1996,3.29829614660024,0.0492629306815176,1.38532510289728,4.732884180179038,96.54362,345.05328,892.3267,649.38776,1886.7677399999998,51
IDN,Indonesia,1997,2.9527366047692,0.0313025440840591,1.55002266015724,4.534061809010499,96.75412,375.68658,880.5205,666.68976,1922.8968399999999,52
IDN,Indonesia,1998,3.10513870524274,0.152844486270778,2.48987291889479,5.747856110408308,95.673744,426.46802,862.9521,655.5651,1944.98522,53
IDN,Indonesia,1999,3.7780928159414,0.0626538932019992,2.02933071336877,5.8700774225121695,95.45433,504.93594,797.86676,710.88837,2013.6910699999999,54
IDN,Indonesia,2000,6.51396124227823,0.145482052623159,2.6651584403675,9.324601735268889,95.02158,527.9636,835.15326,706.84424,2069.9611,55
IDN,Indonesia,2001,4.50279039188872,0.548841674832294,2.42410664166284,7.4757387083838545,94.32123,634.1885,792.87384,686.26495,2113.32729,56
IDN,Indonesia,2002,3.50125448115221,0.208241061983986,1.90319344354046,5.612688986676656,94.46555,708.12396,736.5128,755.9024,2200.53916,57
IDN,Indonesia,2003,3.06092866032223,0.175528949032094,2.09426406086845,5.330721670222774,94.924286,783.1579,670.43884,791.5684,2245.16514,58
IDN,Indonesia,2004,3.94237539539958,1.44210635007159,2.11069450964371,7.49517625511488,94.57867,907.42126,646.04767,756.94684,2310.41577,59
IDN,Indonesia,2005,5.20636964649797,1.04941966899745,1.92387174642882,8.17966106192424,94.68306,1047.9841,624.7098,762.6978,2435.3916999999997,60
IDN,Indonesia,2006,4.55289184316296,1.2053764582613,1.32448590617292,7.08275420759718,94.81592,1308.1743,584.1274,753.971,2646.2727,61
IDN,Indonesia,2007,3.6879578095142,1.75211269953824,1.03226061871438,6.47233112776682,94.816444,1472.8837,556.3172,725.79126,2754.99216,62
IDN,Indonesia,2008,4.60202331049434,3.71627865194879,0.995657110106886,9.313959072550016,94.08354,1644.7201,574.8375,748.29944,2967.85704,63
IDN,Indonesia,2009,2.12191492904716,1.3782379938357,0.945944802344101,4.446097725226961,93.62312,1721.6206,562.9781,819.0661,3103.6648,64
IDN,Indonesia,2010,2.31580791993823,2.0169329921964,0.826445929259323,5.159186841393954,93.62948,1759.6871,565.4801,831.86194,3157.0291399999996,65
IDN,Indonesia,2011,2.96041980198707,3.04471491349847,0.73781080558996,6.7429455210755,94.16158,2203.6328,538.5468,894.3392,3636.5188,66
IDN,Indonesia,2012,2.51944833801451,1.7625357897008,0.652294226994824,4.934278354710134,94.26017,2376.853,518.4984,942.41003,3837.76143,67
IDN,Indonesia,2013,2.24228816443479,1.3065358403565,0.636686032705509,4.185510037496799,93.50365,2901.0986,492.70227,827.2839,4221.08477,68
IDN,Indonesia,2014,1.97502549820142,1.07149977395183,0.850564550857553,3.897089823010803,93.01295,2820.6782,476.3889,871.55084,4168.61794,69
IDN,Indonesia,2015,0.796675128718901,0.617867776842894,0.960955966326089,2.375498871887884,93.63239,2829.951,471.94174,866.4775,4168.37024,70
IDN,Indonesia,2016,0.62227933803086,0.656229604029038,0.63934334627299,1.9178522883328881,92.00052,2742.3064,496.00772,852.7792,4091.09332,71
IDN,Indonesia,2017,0.799367966127144,0.8515455771592,0.591523999755219,2.242437543041563,91.78023,2691.0933,476.2169,831.9047,3999.2149,72
IDN,Indonesia,2018,1.13230201999671,1.07176983707974,0.859660703628191,3.063732560704641,89.351685,3178.2073,458.87897,829.79193,4466.8782,73
IDN,Indonesia,2019,0.740134609514678,0.800234541340992,0.738467377908887,2.278836528764557,88.88058,3566.6284,443.38217,755.74695,4765.75752,74
IDN,Indonesia,2020,0.287189045702826,0.671878728243518,0.546809531246824,1.505877305193168,86.535614,3271.4934,422.56863,664.38885,4358.45088,75
IDN,Indonesia,2021,0.766028339629635,1.22270966877205,0.841191137887917,2.829929146289602,86.15206,3522.2769,392.26587,665.4733,4580.01607,76
IDN,Indonesia,2022,,,,,87.511696,3875.8389,366.00745,654.9914,4896.83775,77
IDN,Indonesia,2023,,,,,86.88792,4370.5825,361.62506,681.4389,5413.646460000001,78
IDN,Indonesia,2024,,,,,87.44992,4714.16,347.63095,713.88745,5775.6784,79
IDN,Indonesia,2025,,,,,88.31945,4454.129,348.19934,718.1722,5520.50054,80
IMN,Isle of Man,1960,,,,,,,,,,15
IMN,Isle of Man,1961,,,,,,,,,,16
IMN,Isle of Man,1962,,,,,,,,,,17
IMN,Isle of Man,1963,,,,,,,,,,18
IMN,Isle of Man,1964,,,,,,,,,,19
IMN,Isle of Man,1965,,,,,,,,,,20
IMN,Isle of Man,1966,,,,,,,,,,21
IMN,Isle of Man,1967,,,,,,,,,,22
IMN,Isle of Man,1968,,,,,,,,,,23
IMN,Isle of Man,1969,,,,,,,,,,24
IMN,Isle of Man,1970,,,,,,,,,,25
IMN,Isle of Man,1971,,,,,,,,,,26
IMN,Isle of Man,1972,,,,,,,,,,27
IMN,Isle of Man,1973,,,,,,,,,,28
IMN,Isle of Man,1974,,,,,,,,,,29
IMN,Isle of Man,1975,,,,,,,,,,30
IMN,Isle of Man,1976,,,,,,,,,,31
IMN,Isle of Man,1977,,,,,,,,,,32
IMN,Isle of Man,1978,,,,,,,,,,33
IMN,Isle of Man,1979,,,,,,,,,,34
IMN,Isle of Man,1980,,,,,,,,,,35
IMN,Isle of Man,1981,,,,,,,,,,36
IMN,Isle of Man,1982,,,,,,,,,,37
IMN,Isle of Man,1983,,,,,,,,,,38
IMN,Isle of Man,1984,,,,,,,,,,39
IMN,Isle of Man,1985,,,,,,,,,,40
IMN,Isle of Man,1986,,,,,,,,,,41
IMN,Isle of Man,1987,,,,,,,,,,42
IMN,Isle of Man,1988,,,,,,,,,,43
IMN,Isle of Man,1989,,,,,,,,,,44
IMN,Isle of Man,1990,,,,,,,,,,45
IMN,Isle of Man,1991,,,,,,,,,,46
IMN,Isle of Man,1992,,,,,,,,,,47
IMN,Isle of Man,1993,,,,,,,,,,48
IMN,Isle of Man,1994,,,,,,,,,,49
IMN,Isle of Man,1995,,,,,,,,,,50
IMN,Isle of Man,1996,,,,,,,,,,51
IMN,Isle of Man,1997,,,,,,,,,,52
IMN,Isle of Man,1998,,,,,,,,,,53
IMN,Isle of Man,1999,,,,,,,,,,54
IMN,Isle of Man,2000,,,,,,,,,,55
IMN,Isle of Man,2001,,,,,,,,,,56
IMN,Isle of Man,2002,,,,,,,,,,57
IMN,Isle of Man,2003,,,,,,,,,,58
IMN,Isle of Man,2004,,,,,,,,,,59
IMN,Isle of Man,2005,,,,,,,,,,60
IMN,Isle of Man,2006,,,,,,,,,,61
IMN,Isle of Man,2007,,,,,,,,,,62
IMN,Isle of Man,2008,,,,,,,,,,63
IMN,Isle of Man,2009,,,,,,,,,,64
IMN,Isle of Man,2010,,,,,,,,,,65
IMN,Isle of Man,2011,,,,,,,,,,66
IMN,Isle of Man,2012,,,,,,,,,,67
IMN,Isle of Man,2013,,,,,,,,,,68
IMN,Isle of Man,2014,,,,,,,,,,69
IMN,Isle of Man,2015,,,,,,,,,,70
IMN,Isle of Man,2016,,,,,,,,,,71
IMN,Isle of Man,2017,,,,,,,,,,72
IMN,Isle of Man,2018,,,,,,,,,,73
IMN,Isle of Man,2019,,,,,,,,,,74
IMN,Isle of Man,2020,,,,,,,,,,75
IMN,Isle of Man,2021,,,,,,,,,,76
IMN,Isle of Man,2022,,,,,,,,,,77
IMN,Isle of Man,2023,,,,,,,,,,78
IMN,Isle of Man,2024,,,,,,,,,,79
IMN,Isle of Man,2025,,,,,,,,,,80
IND,India,1960,,,,,,,,,,15
IND,India,1961,,,,,,,,,,16
IND,India,1962,,,,,,,,,,17
IND,India,1963,,,,,,,,,,18
IND,India,1964,,,,,,,,,,19
IND,India,1965,,,,,96.70638,,35.145863,,35.145863,20
IND,India,1966,,,,,96.65988,,54.04461,,54.04461,21
IND,India,1967,,,,,96.355774,,65.90721,,65.90721,22
IND,India,1968,,,,,96.0439,,68.07039,,68.07039,23
IND,India,1969,,,,,95.73503,,78.18849,,78.18849,24
IND,India,1970,0.0688503864853239,,0.0110940139052685,0.0799444003905924,95.11655,,79.18867,6.3284664,85.5171364,25
IND,India,1971,0.0872182328096747,0.214919827055247,0.0089926196178106,0.3111306794827323,95.01805,,83.56155,6.706219,90.267769,26
IND,India,1972,0.0784205065259609,0.234750432206207,0.0075671046257213,0.3207380433578892,95.44385,,85.74799,7.3559065,93.1038965,27
IND,India,1973,0.0774270359807677,0.246383678365919,0.0065348043642884,0.3303455187109751,94.857864,,83.71274,7.336656,91.049396,28
IND,India,1974,0.426930778238217,0.469979675603124,0.0082368192329256,0.9051472730742667,95.39487,,87.108696,8.303968,95.41266399999999,29
IND,India,1975,0.534883411071357,1.175098683783,0.0142727370565399,1.7242548319108968,94.840866,,96.33129,10.630813,106.962103,30
IND,India,1976,0.613269459126098,1.2214664870532,0.0190834897963209,1.8538194359756186,94.72206,,100.70418,12.914344,113.618524,31
IND,India,1977,0.677970825323972,1.06095508729809,0.0196461197769277,1.7585720323989897,94.86016,,118.45155,13.792624,132.244174,32
IND,India,1978,0.675079133466502,0.832841678132775,0.0138545098208999,1.521775321420177,93.768326,,131.08173,15.404812,146.486542,33
IND,India,1979,1.56638969176912,0.755688359757107,0.009739946967017,2.331817998493244,94.31227,,149.31757,19.158562,168.47613199999998,34
IND,India,1980,0.985472823424609,0.919847834780402,0.0104937561134681,1.9158144143184792,94.339806,,109.31037,11.331031,120.641401,35
IND,India,1981,1.60586415416846,1.43688473434832,0.0018267995893837,3.0445756881061636,94.60709,741.7438,174.15926,19.781782,935.684842,36
IND,India,1982,1.36239469995123,1.56172086170919,0.0,2.92411556166042,95.44794,734.24493,231.21603,25.934563,991.3955229999999,37
IND,India,1983,1.72210113737219,0.97660072739886,0.0091917133800878,2.707893578151138,95.62647,776.837,294.8903,30.857752,1102.585052,38
IND,India,1984,1.72794649557927,0.878231542321549,0.0036446809086231,2.6098227188094425,95.2799,815.0646,327.8962,35.340595,1178.301395,39
IND,India,1985,2.02171247713905,0.878807726618494,0.0041394724102238,2.9046596761677677,95.58728,841.7091,351.24927,43.228283,1236.186653,40
IND,India,1986,0.907033865672225,0.674957950040659,0.0207657011170945,1.6027575168299784,95.74681,905.42584,367.76385,60.40024,1333.5899299999999,41
IND,India,1987,1.08844850277486,0.414500895391593,0.0229408449044183,1.5258902430708714,96.189445,992.4843,356.85492,69.577,1418.9162199999998,42
IND,India,1988,0.816441006899181,0.525682545113212,0.0214264241224863,1.3635499761348795,96.066505,1055.1355,375.48618,81.50488,1512.1265600000002,43
IND,India,1989,1.33074020544064,0.693099716934956,0.0429217411571215,2.0667616635327177,96.259895,1147.4272,400.64188,96.904594,1644.9736740000003,44
IND,India,1990,1.72936446209105,0.768057500529446,0.0589599448213109,2.5563819074418066,96.04408,1236.1667,397.40875,115.92735,1749.5028,45
IND,India,1991,1.19195275573098,0.974235498640902,0.0566541437443828,2.2228423981162644,96.027466,1321.8241,374.25342,129.10802,1825.18554,46
IND,India,1992,0.961307658513148,0.840500822478065,0.0605820955045563,1.8623905764957693,96.27939,1395.0984,339.4332,144.34691,1878.87851,47
IND,India,1993,0.859559953245587,0.612050715657797,0.0708383202492168,1.5424489891526008,96.35063,1441.3691,324.18625,146.67085,1912.2261999999998,48
IND,India,1994,0.79702774897854,0.573975195576538,0.0784761639704613,1.4494791085255392,96.28781,1466.0952,376.55612,158.56918,2001.2205,49
IND,India,1995,0.865833520899187,0.863764803713199,0.089499415436711,1.819097740049097,96.404854,1547.9033,426.2046,180.77829,2154.88619,50
IND,India,1996,0.960764449555637,0.774428518220195,0.0972584774015403,1.8324514451773724,96.684204,1658.9543,404.724,197.31721,2260.99551,51
IND,India,1997,0.850995097336145,0.663859522737113,0.0892682372576617,1.6041228573309196,96.63823,1713.9055,413.85355,214.52634,2342.28539,52
IND,India,1998,0.429736693495449,0.529120776697301,0.10469366755713,1.0635511377498799,96.25368,1703.4462,403.50284,235.42874,2342.37778,53
IND,India,1999,0.70843039067171,0.367818969171655,0.121431810155186,1.197681169998551,96.23663,1666.2043,402.5608,241.23369,2309.99879,54
IND,India,2000,1.19880896935781,0.493768594747216,0.174908287833233,1.867485851938259,96.30465,1771.1918,397.32733,253.62694,2422.1460700000002,55
IND,India,2001,0.869871197224191,0.803917719626811,0.15302460449569,1.826813521346692,96.15167,1793.7572,397.4785,254.27748,2445.5131800000004,56
IND,India,2002,0.898515923740017,0.568997608664759,0.228575727565643,1.6960892599704191,96.34233,1873.2715,409.86447,265.54413,2548.6801000000005,57
IND,India,2003,0.860363359311968,0.573742461427988,0.212533349770852,1.6466391705108079,96.487175,1954.7339,411.56244,284.26898,2650.5653199999997,58
IND,India,2004,1.06043123794654,1.35785293463509,0.203889436106983,2.622173608688613,95.63681,2110.9717,422.57605,281.37762,2814.92537,59
IND,India,2005,1.28780837185882,1.09839598619948,0.220626603025343,2.6068309610836433,96.14157,2207.1597,406.17773,285.12137,2898.4588,60
IND,India,2006,1.33146821912931,1.10274899573459,0.198610657575394,2.632827872439294,95.82442,2303.6853,419.20334,281.8681,3004.7567400000003,61
IND,India,2007,1.15214697247781,1.18900229850656,0.0988812569418624,2.440030527926232,95.78336,2446.755,423.80884,289.64514,3160.2089800000003,62
IND,India,2008,1.58498271088646,2.84447501265705,0.100824736385287,4.530282459928798,96.15365,2647.5125,439.5326,293.9186,3380.9637,63
IND,India,2009,0.638793187629364,1.38813218734613,0.139884600408234,2.166809975383728,96.4228,2857.771,441.89346,361.4994,3661.16386,64
IND,India,2010,0.815747227430213,1.63399933661428,0.158053469617224,2.607800033661717,96.02069,2937.1091,479.662,474.29187,3891.06297,65
IND,India,2011,1.34852705756453,2.00973994959679,0.171410338885456,3.529677346046776,95.18853,2915.2168,498.74335,429.33395,3843.2941000000005,66
IND,India,2012,1.31387208215422,1.48448439843746,0.150297037032533,2.9486535176242135,95.53821,2966.2107,494.85077,372.67825,3833.73972,67
IND,India,2013,1.19335415579377,1.21260035181289,0.0935065065834165,2.499461014190077,95.310555,2974.1167,490.85788,310.6313,3775.60588,68
IND,India,2014,0.945192923172492,0.982606993768469,0.0844638547070627,2.012263771648024,95.25158,3133.7236,484.2957,293.5522,3911.5715,69
IND,India,2015,0.359940708852176,0.767869514330021,0.0689196343932162,1.196729857575413,95.42081,3268.103,478.8405,281.4278,4028.3713000000002,70
IND,India,2016,0.220297977730946,0.81269479010056,0.0607616430187198,1.093754410850226,95.49776,3301.831,472.0089,265.82315,4039.66305,71
IND,India,2017,0.313225226270499,0.944480460585748,0.0616444207974507,1.3193501076536978,95.44428,3329.753,470.28488,276.93326,4076.9711400000006,72
IND,India,2018,0.446629594682818,1.16154280861105,0.0660238912587392,1.6741962945526072,95.13914,3555.3447,459.93576,274.91486,4290.19532,73
IND,India,2019,0.30502831579148,0.831651347921673,0.0702256864350301,1.206905350148183,94.57153,3498.8784,435.97647,269.05524,4203.91011,74
IND,India,2020,0.144343868543637,0.699928572284321,0.0675142930826255,0.9117867339105835,94.10148,3497.081,408.77762,237.60626,4143.4648799999995,75
IND,India,2021,0.325610194100608,1.28029169863481,0.0774937091732812,1.6833956019086993,94.31964,3716.6062,395.41418,285.38812,4397.4085,76
IND,India,2022,,,,,93.9014,4180.3755,384.05682,298.0193,4862.45162,77
IND,India,2023,,,,,94.21644,4674.3823,378.58463,315.8549,5368.821830000001,78
IND,India,2024,,,,,93.87304,4990.1763,376.88736,323.71182,5690.77548,79
IND,India,2025,,,,,92.99307,4991.563,370.6685,311.6532,5673.8847,80
IRL,Ireland,1960,,,,,,,,,,15
IRL,Ireland,1961,,,,,,,,,,16
IRL,Ireland,1962,,,,,,,,,,17
IRL,Ireland,1963,,,,,,,,,,18
IRL,Ireland,1964,,,,,,,,,,19
IRL,Ireland,1965,,,,,,,,,,20
IRL,Ireland,1966,,,,,,,,,,21
IRL,Ireland,1967,,,,,,,,,,22
IRL,Ireland,1968,,,,,,,,,,23
IRL,Ireland,1969,,,,,,,,,,24
IRL,Ireland,1970,,0.0,0.0,0.0,,,,,,25
IRL,Ireland,1971,0.0,5.85617257238479e-05,0.0,5.85617257238479e-05,,,,,,26
IRL,Ireland,1972,0.0,4.88711284342654e-05,0.0,4.88711284342654e-05,,,,,,27
IRL,Ireland,1973,0.0,4.69051355815947e-05,0.0,4.69051355815947e-05,,,,,,28
IRL,Ireland,1974,0.0,0.0001230518126733,0.0,0.0001230518126733,,,,,,29
IRL,Ireland,1975,0.0,0.0047840360549153,0.0,0.0047840360549153,,,,,,30
IRL,Ireland,1976,0.0,0.004573004148956,0.0,0.004573004148956,,,,,,31
IRL,Ireland,1977,0.0,0.0033567256655911,0.0,0.0033567256655911,,,,,,32
IRL,Ireland,1978,0.0,0.0004554469200655,0.0207593922002571,0.021214839120322602,,,,,,33
IRL,Ireland,1979,0.0,0.0009152989040348,0.0966471756756314,0.0975624745796662,99.19181,,,,,34
IRL,Ireland,1980,0.0,0.0022938164540638,0.177458361719344,0.1797521781734078,99.15235,,,,,35
IRL,Ireland,1981,0.0,0.0076719026623555,0.186256182098404,0.1939280847607595,99.10638,,,,,36
IRL,Ireland,1982,0.0,0.007205658621911,0.122424733506468,0.129630392128379,99.16163,,,,,37
IRL,Ireland,1983,0.0,0.0026195778589707,0.236264398514679,0.23888397637364972,99.17415,,,,,38
IRL,Ireland,1984,0.0,0.0008142094593647,0.258102179192962,0.25891638865232675,99.26624,,,,,39
IRL,Ireland,1985,0.0,0.0013324099900735,0.236199255047858,0.2375316650379315,99.14467,,,,,40
IRL,Ireland,1986,0.0,0.0001534606205042,0.120689089289117,0.12084254990962119,99.13081,,,,,41
IRL,Ireland,1987,0.0,1.45140041589358e-05,0.0534146322003406,0.05342914620449954,99.36096,,,,,42
IRL,Ireland,1988,0.0,2.02960815674808e-05,0.050987078852207,0.051007374933774476,99.18093,,,,,43
IRL,Ireland,1989,0.0,2.70775313048168e-05,0.0592952603947291,0.05932233792603392,99.366264,,,,,44
IRL,Ireland,1990,0.0,0.0002476754139412,0.0755327182727983,0.0757803936867395,99.3997,,,,,45
IRL,Ireland,1991,0.0,8.79002658539598e-06,0.0543885357449183,0.0543973257715037,99.37338,,,,,46
IRL,Ireland,1992,0.0,4.32744429704362e-06,0.0254447308383767,0.025449058282673742,99.30555,,,,,47
IRL,Ireland,1993,0.0,8.3045656009386e-07,0.0689214043025995,0.0689222347591596,99.3605,,,,,48
IRL,Ireland,1994,0.0,1.04626326573123e-06,0.0624864792751415,0.06248752553840723,99.261925,,,,,49
IRL,Ireland,1995,0.0,3.47044118484074e-06,0.0980042733029527,0.09800774374413754,99.440605,,,,,50
IRL,Ireland,1996,0.0,0.0,0.0829130553548741,0.0829130553548741,99.401764,,,,,51
IRL,Ireland,1997,0.0,0.0,0.0721733385265073,0.0721733385265073,99.325035,,,,,52
IRL,Ireland,1998,0.0,0.0,0.0063865933936877,0.0063865933936877,99.12717,,,,,53
IRL,Ireland,1999,0.0,0.0,0.0044601457719763,0.0044601457719763,99.19411,,,,,54
IRL,Ireland,2000,0.0,0.0,0.0259955943827088,0.0259955943827088,99.20128,,,,,55
IRL,Ireland,2001,0.0,0.0,0.0349499355452399,0.0349499355452399,99.32147,,,,,56
IRL,Ireland,2002,0.0,0.0,0.0231005716218551,0.0231005716218551,99.131165,,,,,57
IRL,Ireland,2003,0.0,0.0,0.0157877797428726,0.0157877797428726,99.25244,,,,,58
IRL,Ireland,2004,0.0,0.0,0.0149647349404642,0.0149647349404642,99.097694,,,,,59
IRL,Ireland,2005,0.0001045547744813,0.0,0.008262534816399,0.0083670895908803,98.865364,,,,,60
IRL,Ireland,2006,0.0002203409932964,0.0,0.014972766197026,0.0151931071903224,98.56268,,,,,61
IRL,Ireland,2007,0.0,0.0,0.0098830405504321,0.0098830405504321,98.21095,,,,,62
IRL,Ireland,2008,0.0,0.0,0.0201072486080353,0.0201072486080353,97.558365,,,,,63
IRL,Ireland,2009,0.0,0.0,0.0113752250890897,0.0113752250890897,96.75012,,,,,64
IRL,Ireland,2010,0.0084342457466574,0.0,0.0100749846678646,0.018509230414522,96.89845,,,,,65
IRL,Ireland,2011,0.0051812534442973,0.0,0.0120338455814485,0.0172150990257458,95.50964,,,,,66
IRL,Ireland,2012,0.0058080278809924,0.0,0.0122032013631626,0.018011229244155,95.4694,,,,,67
IRL,Ireland,2013,0.0042598855963756,0.0,0.0104244823517415,0.014684367948117099,94.96211,,,,,68
IRL,Ireland,2014,0.0039316133352251,0.0,0.0054879896724336,0.009419603007658699,94.24169,,,,,69
IRL,Ireland,2015,0.0012754601047334,0.0,0.0030738522139015,0.0043493123186349,93.583626,,,,,70
IRL,Ireland,2016,0.0010324209743161,0.0,0.0393859966960348,0.0404184176703509,93.94868,,,,,71
IRL,Ireland,2017,0.0013727324876272,0.0,0.0556548017143667,0.0570275342019939,92.6819,,,,,72
IRL,Ireland,2018,0.0022263627344311,0.0,0.075032558976219,0.07725892171065009,91.90715,,,,,73
IRL,Ireland,2019,0.001920754597327,0.0,0.0392733650290757,0.041194119626402695,90.62927,,,,,74
IRL,Ireland,2020,0.0009604724278913,0.0,0.0140574923991153,0.015017964827006599,88.73579,,,,,75
IRL,Ireland,2021,0.0019446568064729,0.0,0.0510779344974277,0.0530225913039006,90.23507,,,,,76
IRL,Ireland,2022,,,,,89.27282,,,,,77
IRL,Ireland,2023,,,,,87.804146,,,,,78
IRL,Ireland,2024,,,,,87.222626,,,,,79
IRL,Ireland,2025,,,,,85.98763,,,,,80
IRN,"Iran, Islamic Rep.",1960,,,,,,,,,,15
IRN,"Iran, Islamic Rep.",1961,,,,,,,,,,16
IRN,"Iran, Islamic Rep.",1962,,,,,,,,,,17
IRN,"Iran, Islamic Rep.",1963,,,,,,,,,,18
IRN,"Iran, Islamic Rep.",1964,,,,,,,,,,19
IRN,"Iran, Islamic Rep.",1965,,,,,98.169685,,1112.55,,1112.55,20
IRN,"Iran, Islamic Rep.",1966,,,,,98.196365,,1243.164,,1243.164,21
IRN,"Iran, Islamic Rep.",1967,,,,,98.23631,,1517.8029,,1517.8029,22
IRN,"Iran, Islamic Rep.",1968,,,,,98.2759,,1660.5338,,1660.5338,23
IRN,"Iran, Islamic Rep.",1969,,,,,98.310074,,1968.5372,,1968.5372,24
IRN,"Iran, Islamic Rep.",1970,11.7339839421763,,0.593952766268505,12.327936708444804,98.46188,,2239.7864,34.95454,2274.74094,25
IRN,"Iran, Islamic Rep.",1971,14.8261594078895,0.010349891716658,0.639270070093413,15.475779369699572,98.49156,,2659.6023,84.544,2744.1463,26
IRN,"Iran, Islamic Rep.",1972,16.7252736694196,0.0123706888059277,0.495709239772993,17.23335359799852,98.24436,,2950.6582,114.00435,3064.66255,27
IRN,"Iran, Islamic Rep.",1973,18.568940368485,0.0141681851161953,0.451799824779658,19.03490837838085,98.76784,,3435.2354,125.98127,3561.21667,28
IRN,"Iran, Islamic Rep.",1974,47.360140628302,0.0192463608870437,0.219838236393895,47.59922522558294,98.804016,,3526.1836,130.7201,3656.9037,29
IRN,"Iran, Islamic Rep.",1975,37.2662498162087,0.0424587996189796,0.585498844401855,37.89420746022953,98.92471,,3133.9348,136.17853,3270.11333,30
IRN,"Iran, Islamic Rep.",1976,33.2729575358116,0.0419585996413758,0.464939481792818,33.779855617245794,98.93136,,3453.717,138.73764,3592.45464,31
IRN,"Iran, Islamic Rep.",1977,29.6619105232745,0.0355765947131469,0.480033789990037,30.177520907977684,99.02643,,3321.8525,140.884,3462.7365,32
IRN,"Iran, Islamic Rep.",1978,31.7653421755558,0.0268732594998453,0.496080537716456,32.288295972772104,98.42213,,3079.8574,88.254166,3168.111566,33
IRN,"Iran, Islamic Rep.",1979,36.2712245910874,0.02447927578259,0.492009633243413,36.787713500113405,98.74067,,1866.4425,85.00565,1951.4481500000002,34
IRN,"Iran, Islamic Rep.",1980,34.0602967673368,0.0237816471606177,0.245804219222402,34.32988263371982,98.58739,,862.45776,45.35404,907.8118,35
IRN,"Iran, Islamic Rep.",1981,26.9572602616531,0.027591347695844,0.166530200351988,27.151381809700933,98.4595,,769.4381,49.280403,818.7185029999999,36
IRN,"Iran, Islamic Rep.",1982,19.7882685941967,0.0279352557661479,0.0608692800830312,19.877073130045883,98.57077,,1396.675,67.49103,1464.1660299999999,37
IRN,"Iran, Islamic Rep.",1983,15.9331788351053,0.0199593465726801,0.184307601304682,16.137445782982663,98.82779,,1428.5646,77.13311,1505.69771,38
IRN,"Iran, Islamic Rep.",1984,14.834775869565,0.0166326788423438,0.243522659378682,15.094931207786026,98.988914,,1192.2871,89.78872,1282.07582,39
IRN,"Iran, Islamic Rep.",1985,13.0111600545153,0.0137143797656958,0.266466712686652,13.291341146967648,99.0672,,1283.3833,96.86438,1380.24768,40
IRN,"Iran, Islamic Rep.",1986,5.3261828496059,0.0093405126995706,0.219388372194074,5.5549117344995445,98.80402,,1194.3988,93.05475,1287.45355,41
IRN,"Iran, Islamic Rep.",1987,11.7165752598757,0.0096006542623269,0.317270813576148,12.043446727714175,98.762245,,1357.5194,113.91767,1471.43707,42
IRN,"Iran, Islamic Rep.",1988,11.0534011695511,0.0101394527427307,0.440674775374641,11.504215397668471,98.71845,,1365.1671,123.67468,1488.84178,43
IRN,"Iran, Islamic Rep.",1989,17.7018963845968,0.011014298426212,0.488652569892774,18.201563252915786,99.04888,,1672.8422,156.16837,1829.0105700000001,44
IRN,"Iran, Islamic Rep.",1990,23.2912360336472,0.0118142061866022,0.547879742496481,23.850929982330282,99.073715,,1893.2346,247.18037,2140.41497,45
IRN,"Iran, Islamic Rep.",1991,,,,,99.35496,,2027.9333,291.9969,2319.9302,46
IRN,"Iran, Islamic Rep.",1992,,,,,99.036644,,2043.1451,309.0442,2352.1893,47
IRN,"Iran, Islamic Rep.",1993,29.3853282211644,0.0162224022609168,1.20206625307342,30.603616876498734,98.803246,,2143.3389,165.13165,2308.47055,48
IRN,"Iran, Islamic Rep.",1994,24.2190216392295,0.0091930460290256,1.31815705988469,25.546371745143215,99.307106,,2151.3699,262.31458,2413.68448,49
IRN,"Iran, Islamic Rep.",1995,19.3040585759505,0.0093556861415853,1.17406917330279,20.487483435394875,99.20099,,2156.8591,318.67996,2475.53906,50
IRN,"Iran, Islamic Rep.",1996,19.6685614584308,0.0076270201042634,1.16892188051012,20.845110359045183,99.222496,,2170.6436,374.79385,2545.43745,51
IRN,"Iran, Islamic Rep.",1997,18.0436980240134,0.0073675459458102,1.53703282056056,19.588098390519768,99.49416,,2174.3757,393.79935,2568.17505,52
IRN,"Iran, Islamic Rep.",1998,11.6492107603037,0.0090725971070208,1.56906693817168,13.2273502955824,99.38666,,2218.8591,444.71783,2663.57693,53
IRN,"Iran, Islamic Rep.",1999,16.7896155043784,0.0023700017640781,1.66822362541216,18.460209131554638,99.60816,,2071.5051,529.8003,2601.3053999999997,54
IRN,"Iran, Islamic Rep.",2000,30.6637746707723,0.0036253340187003,2.30162442963997,32.96902443443097,99.725174,,2229.0667,563.3661,2792.4327999999996,55
IRN,"Iran, Islamic Rep.",2001,21.4882168458321,0.0076052063198428,2.44405372220749,23.93987577435943,99.719986,,2207.4316,626.05237,2833.4839699999998,56
IRN,"Iran, Islamic Rep.",2002,20.4437414632993,0.0078439932351527,2.3496161139381,22.801201570472553,99.50077,,2083.1982,744.47144,2827.66964,57
IRN,"Iran, Islamic Rep.",2003,22.0449174416527,0.0048286972236329,2.05072226747438,24.100468406350714,99.41294,,2350.3044,780.8762,3131.1806,58
IRN,"Iran, Islamic Rep.",2004,25.1990020398231,0.0115248494401764,1.83655471628029,27.047081605543564,99.33795,,2428.7239,910.4013,3339.1252,59
IRN,"Iran, Islamic Rep.",2005,31.6076762648214,0.0214272817010313,2.44636854647738,34.07547209299981,99.24114,,2417.5408,966.12524,3383.66604,60
IRN,"Iran, Islamic Rep.",2006,31.5582038058527,0.0222124920623487,2.45659210122043,34.03700839913547,99.10664,,2449.531,1052.7727,3502.3037,61
IRN,"Iran, Islamic Rep.",2007,26.1252401169156,0.011983461167409,1.99708594942742,28.134309527510425,99.18502,,2480.1643,1180.1443,3660.3086,62
IRN,"Iran, Islamic Rep.",2008,30.5659738980313,0.0441506050715156,1.8467989298903,32.456923432993115,99.669464,,2505.3982,1235.6742,3741.0724,63
IRN,"Iran, Islamic Rep.",2009,17.5512587993854,0.019462552224609,2.28085971648197,19.85158106809198,99.70616,,2409.9597,1357.3561,3767.3158,64
IRN,"Iran, Islamic Rep.",2010,20.2248363529261,0.0177607864327432,1.8610874879457,22.103684627304542,99.5716,,2465.9385,1439.1016,3905.0401,65
IRN,"Iran, Islamic Rep.",2011,22.3514589221281,0.0223657016252693,1.91739971657899,24.29122434033236,99.55472,,2471.7043,1509.8625,3981.5667999999996,66
IRN,"Iran, Islamic Rep.",2012,18.4120723402826,0.0093181906571099,2.01887057952724,20.44026111046695,99.32396,,2098.9683,1569.3575,3668.3258,67
IRN,"Iran, Islamic Rep.",2013,21.2565665523955,0.0068159154993199,2.7187141958893,23.982096663784123,98.9512,,1973.2856,1575.2805,3548.5661,68
IRN,"Iran, Islamic Rep.",2014,21.2353758265799,0.0046913823140681,2.97411018568107,24.21417739457504,99.0166,,2024.1608,1754.506,3778.6668,69
IRN,"Iran, Islamic Rep.",2015,12.2663527393474,0.0031466308680445,2.62955318037995,14.899052550595396,99.12335,,2096.2253,1835.4789,3931.7042,70
IRN,"Iran, Islamic Rep.",2016,10.8895031509112,0.0037292500161014,1.91831819745209,12.811550598379391,98.78273,,2513.76,1993.4192,4507.1792000000005,71
IRN,"Iran, Islamic Rep.",2017,14.6204399688795,0.0063007061204779,2.33627116072101,16.963011835720987,98.7059,,2727.699,2138.5007,4866.1997,72
IRN,"Iran, Islamic Rep.",2018,27.6646471563106,0.0108792652293042,5.80900087982186,33.484527301361766,98.978325,,2598.6675,2201.2517,4799.9192,73
IRN,"Iran, Islamic Rep.",2019,20.0780490508657,0.0098969808016341,6.82201707137804,26.909963103045378,98.31767,,1912.266,2283.1396,4195.4056,74
IRN,"Iran, Islamic Rep.",2020,13.2733495355914,0.0084362770789261,8.49623367431377,21.778019486984096,98.6949,,1741.9359,2357.7551,4099.691,75
IRN,"Iran, Islamic Rep.",2021,18.2658980929233,0.0093952624530568,8.80888556489953,27.08417892027589,99.21353,,2026.462,2428.488,4454.95,76
IRN,"Iran, Islamic Rep.",2022,,,,,98.97147,,2131.9023,2477.0579,4608.9601999999995,77
IRN,"Iran, Islamic Rep.",2023,,,,,98.746445,,2511.3992,2597.375,5108.7742,78
IRN,"Iran, Islamic Rep.",2024,,,,,98.842606,,2754.3894,2622.0337,5376.4231,79
IRN,"Iran, Islamic Rep.",2025,,,,,99.138695,,2816.1655,2648.254,5464.4195,80
IRQ,Iraq,1960,,,,,,,,,,15
IRQ,Iraq,1961,,,,,,,,,,16
IRQ,Iraq,1962,,,,,,,,,,17
IRQ,Iraq,1963,,,,,,,,,,18
IRQ,Iraq,1964,,,,,,,,,,19
IRQ,Iraq,1965,,,,,,,752.17535,,752.17535,20
IRQ,Iraq,1966,,,,,,,797.43195,,797.43195,21
IRQ,Iraq,1967,,,,,,,703.48157,,703.48157,22
IRQ,Iraq,1968,,,,,,,863.37915,,863.37915,23
IRQ,Iraq,1969,,,,,,,871.33185,,871.33185,24
IRQ,Iraq,1970,15.8858496718005,,0.140467113995769,16.02631678579627,,,887.37213,7.41,894.7821299999999,25
IRQ,Iraq,1971,19.6222511460367,0.0,0.152995955718538,19.775247101755237,,,970.4379,8.7875,979.2254,26
IRQ,Iraq,1972,20.4871383827218,0.0,0.172658306086737,20.659796688808537,,,842.125,8.882501,851.007501,27
IRQ,Iraq,1973,28.9614336880603,0.0,0.179956895303151,29.14139058336345,,,1156.0471,8.645,1164.6921,28
IRQ,Iraq,1974,62.4231050158309,0.0,0.0842665516495748,62.507371567480476,,,1131.332,7.9420004,1139.2740004000002,29
IRQ,Iraq,1975,59.3693162416573,0.0,0.192402880379284,59.561719122036585,,,1299.1066,12.3025,1311.4091,30
IRQ,Iraq,1976,53.2158596377084,0.0,0.188588175524992,53.40444781323339,,,1390.0803,17.1475,1407.2278000000001,31
IRQ,Iraq,1977,49.9166090990382,0.0,0.15666995427776,50.07327905331596,,,1348.9895,11.191,1360.1805,32
IRQ,Iraq,1978,46.5546857332379,0.0,0.160730816409457,46.71541654964736,,,1472.1066,11.5995,1483.7061,33
IRQ,Iraq,1979,,,,,,,1996.2805,16.6345,2012.915,34
IRQ,Iraq,1980,55.1993982523256,0.0,0.0794612523644647,55.27885950469007,,,1524.3804,12.1695,1536.5499,35
IRQ,Iraq,1981,27.1091551096744,0.0,0.0484628181406476,27.15761792781505,,,517.584,5.89,523.4739999999999,36
IRQ,Iraq,1982,20.0233110307364,0.0,0.0173651452096035,20.040676175946004,,,564.10254,6.46,570.56254,37
IRQ,Iraq,1983,20.5796519555524,0.0,0.0411019067420095,20.62075386229441,,,632.14026,4.465,636.60526,38
IRQ,Iraq,1984,21.0730748199989,0.0,0.0353745156821463,21.108449335681048,,,704.0628,5.605,709.6678,39
IRQ,Iraq,1985,23.6158838462632,0.0,0.0482361329268779,23.664119979190076,,,812.2264,8.075,820.3014000000001,40
IRQ,Iraq,1986,14.1460394762865,0.0,0.0989249460865372,14.244964422373037,,,1083.7975,14.725,1098.5224999999998,41
IRQ,Iraq,1987,19.900227861851,0.0,0.174961230988976,20.075189092839977,,,1363.688,35.625,1399.313,42
IRQ,Iraq,1988,19.472485013566,0.0,0.241395295598101,19.7138803091641,,,1589.8123,53.2,1643.0123,43
IRQ,Iraq,1989,28.1033198518327,0.0,0.259434082424289,28.36275393425699,,,1616.1876,61.274998,1677.462598,44
IRQ,Iraq,1990,9.43308520348142,0.0,0.0651834988369527,9.498268702318374,,,1224.6495,37.809998,1262.459498,45
IRQ,Iraq,1991,,,,,,,162.1561,16.53,178.6861,46
IRQ,Iraq,1992,,,,,,,304.08456,21.565,325.64956,47
IRQ,Iraq,1993,,,,,,,259.72107,24.225,283.94607,48
IRQ,Iraq,1994,65.0494756773985,0.0,2.36494145515911,67.41441713255762,,,288.36444,30.115,318.47944,49
IRQ,Iraq,1995,22.2780163741492,0.0,0.788428190008421,23.06644456415762,,,302.68613,30.115,332.80113,50
IRQ,Iraq,1996,35.3690100952815,0.0,1.08692306964952,36.455933164931025,,,332.232,30.78,363.01200000000006,51
IRQ,Iraq,1997,31.5815439751539,0.0,0.547208662489783,32.12875263764368,,,664.58966,28.975,693.56466,52
IRQ,Iraq,1998,36.6105813767315,0.0,0.495158321201736,37.10573969793324,,,1211.6783,28.025002,1239.7033020000001,53
IRQ,Iraq,1999,36.719435347494,0.0,0.283315868177146,37.00275121567115,,,1491.8107,30.21,1522.0207,54
IRQ,Iraq,2000,48.5807178166885,0.0,0.27271767012468,48.853435486813176,,,1497.8922,29.925001,1527.817201,55
IRQ,Iraq,2001,49.1960317224957,0.0,0.358458660866,49.554490383361696,,,1440.6339,26.220001,1466.853901,56
IRQ,Iraq,2002,46.6719927539111,0.0,0.288807298247214,46.96080005215831,,,1208.0497,22.42,1230.4697,57
IRQ,Iraq,2003,53.0047978158982,0.0,0.275320664273337,53.28011848017154,,,767.865,14.82,782.6850000000001,58
IRQ,Iraq,2004,64.6550924823725,0.0,0.113034701108404,64.7681271834809,,,1162.3728,9.5,1171.8728,59
IRQ,Iraq,2005,65.1575951980304,0.0,0.155363126583441,65.31295832461385,,,1045.9281,13.775,1059.7031000000002,60
IRQ,Iraq,2006,63.5551402676835,0.0,0.16643949845663,63.72157976614013,,,1139.9895,13.775,1153.7645,61
IRQ,Iraq,2007,52.9273802567399,0.0,0.282231021341203,53.209611278081105,,,1222.1901,45.429573,1267.619673,62
IRQ,Iraq,2008,55.3793146361864,0.0,0.300021661461576,55.67933629764798,,,1387.679,64.57625,1452.2552500000002,63
IRQ,Iraq,2009,39.1145928006965,0.0,0.388347267110813,39.502940067807316,,,1392.5465,68.5273,1461.0738,64
IRQ,Iraq,2010,43.2562312170542,0.0,0.301812816732089,43.55804403378629,,,1405.0623,71.35259,1476.41489,65
IRQ,Iraq,2011,50.9263659501053,0.0,0.251799618876453,51.178165568981754,,,1579.3668,63.0192,1642.386,66
IRQ,Iraq,2012,49.6110993818029,0.0,0.222359214768549,49.833458596571454,,,1759.7953,63.413452,1823.208752,67
IRQ,Iraq,2013,45.3313602184612,0.0,0.236599620839355,45.567959839300556,,,1767.0057,70.72655,1837.73225,68
IRQ,Iraq,2014,46.6038527995508,0.0,0.245416179697298,46.8492689792481,,,1846.9589,75.30834,1922.2672400000001,69
IRQ,Iraq,2015,37.2575416723352,0.0,0.240804420123799,37.498346092459,,,2275.0127,73.01097,2348.02367,70
IRQ,Iraq,2016,32.9650560560142,0.0,0.250135507025277,33.215191563039475,,,2530.7146,98.95578,2629.6703799999996,71
IRQ,Iraq,2017,38.9203120843433,0.0,0.2755088548352,39.1958209391785,99.62378,,2586.301,101.17798,2687.47898,72
IRQ,Iraq,2018,45.7658631354446,0.0,0.378532047680893,46.14439518312549,99.64637,,2640.1548,105.73736,2745.89216,73
IRQ,Iraq,2019,40.2312783051026,0.0,0.374622752289475,40.605901057392074,99.20493,,2723.9797,109.66854,2833.64824,74
IRQ,Iraq,2020,27.035001916172,0.0,0.378195592280203,27.413197508452203,,,2349.7002,70.053535,2419.7537350000002,75
IRQ,Iraq,2021,42.7870984915076,0.0,0.65552292508507,43.44262141659267,,,2335.6458,91.069595,2426.7153949999997,76
IRQ,Iraq,2022,,,,,,,2573.8367,92.89099,2666.7276899999997,77
IRQ,Iraq,2023,,,,,,,2477.664,104.1485,2581.8125,78
IRQ,Iraq,2024,,,,,,,2449.9346,105.18999,2555.12459,79
IRQ,Iraq,2025,,,,,,,2496.1304,109.39759,2605.52799,80
ISL,Iceland,1960,,,,,,,,,,15
ISL,Iceland,1961,,,,,,,,,,16
ISL,Iceland,1962,,,,,,,,,,17
ISL,Iceland,1963,,,,,,,,,,18
ISL,Iceland,1964,,,,,,,,,,19
ISL,Iceland,1965,,,,,,,,,,20
ISL,Iceland,1966,,,,,,,,,,21
ISL,Iceland,1967,,,,,,,,,,22
ISL,Iceland,1968,,,,,,,,,,23
ISL,Iceland,1969,,,,,,,,,,24
ISL,Iceland,1970,,0.0,0.0,0.0,,,,,,25
ISL,Iceland,1971,0.0,0.0,0.0,0.0,,,,,,26
ISL,Iceland,1972,0.0,0.0,0.0,0.0,,,,,,27
ISL,Iceland,1973,0.0,0.0,0.0,0.0,,,,,,28
ISL,Iceland,1974,0.0,0.0,0.0,0.0,,,,,,29
ISL,Iceland,1975,0.0,0.0,0.0,0.0,,,,,,30
ISL,Iceland,1976,0.0,0.0,0.0,0.0,,,,,,31
ISL,Iceland,1977,0.0,0.0,0.0,0.0,,,,,,32
ISL,Iceland,1978,0.0,0.0,0.0,0.0,,,,,,33
ISL,Iceland,1979,0.0,0.0,0.0,0.0,,,,,,34
ISL,Iceland,1980,0.0,0.0,0.0,0.0,,,,,,35
ISL,Iceland,1981,0.0,0.0,0.0,0.0,,,,,,36
ISL,Iceland,1982,0.0,0.0,0.0,0.0,,,,,,37
ISL,Iceland,1983,0.0,0.0,0.0,0.0,,,,,,38
ISL,Iceland,1984,0.0,0.0,0.0,0.0,,,,,,39
ISL,Iceland,1985,0.0,0.0,0.0,0.0,,,,,,40
ISL,Iceland,1986,0.0,0.0,0.0,0.0,,,,,,41
ISL,Iceland,1987,0.0,0.0,0.0,0.0,,,,,,42
ISL,Iceland,1988,0.0,0.0,0.0,0.0,,,,,,43
ISL,Iceland,1989,0.0,0.0,0.0,0.0,,,,,,44
ISL,Iceland,1990,0.0,0.0,0.0,0.0,,,,,,45
ISL,Iceland,1991,0.0,0.0,0.0,0.0,,,,,,46
ISL,Iceland,1992,0.0,0.0,0.0,0.0,,,,,,47
ISL,Iceland,1993,0.0,0.0,0.0,0.0,,,,,,48
ISL,Iceland,1994,0.0,0.0,0.0,0.0,,,,,,49
ISL,Iceland,1995,0.0,0.0,0.0,0.0,,,,,,50
ISL,Iceland,1996,0.0,0.0,0.0,0.0,,,,,,51
ISL,Iceland,1997,0.0,0.0,0.0,0.0,,,,,,52
ISL,Iceland,1998,0.0,0.0,0.0,0.0,,,,,,53
ISL,Iceland,1999,0.0,0.0,0.0,0.0,,,,,,54
ISL,Iceland,2000,0.0,0.0,0.0,0.0,,,,,,55
ISL,Iceland,2001,0.0,0.0,0.0,0.0,,,,,,56
ISL,Iceland,2002,0.0,0.0,0.0,0.0,,,,,,57
ISL,Iceland,2003,0.0,0.0,0.0,0.0,,,,,,58
ISL,Iceland,2004,0.0,0.0,0.0,0.0,,,,,,59
ISL,Iceland,2005,0.0,0.0,0.0,0.0,,,,,,60
ISL,Iceland,2006,0.0,0.0,0.0,0.0,,,,,,61
ISL,Iceland,2007,0.0,0.0,0.0,0.0,23.012506,,,,,62
ISL,Iceland,2008,0.0,0.0,0.0,0.0,,,,,,63
ISL,Iceland,2009,0.0,0.0,0.0,0.0,,,,,,64
ISL,Iceland,2010,0.0,0.0,0.0,0.0,,,,,,65
ISL,Iceland,2011,0.0,0.0,0.0,0.0,,,,,,66
ISL,Iceland,2012,0.0,0.0,0.0,0.0,,,,,,67
ISL,Iceland,2013,0.0,0.0,0.0,0.0,,,,,,68
ISL,Iceland,2014,0.0,0.0,0.0,0.0,,,,,,69
ISL,Iceland,2015,0.0,0.0,0.0,0.0,,,,,,70
ISL,Iceland,2016,0.0,0.0,0.0,0.0,,,,,,71
ISL,Iceland,2017,0.0,0.0,0.0,0.0,,,,,,72
ISL,Iceland,2018,0.0,0.0,0.0,0.0,,,,,,73
ISL,Iceland,2019,0.0,0.0,0.0,0.0,,,,,,74
ISL,Iceland,2020,0.0,0.0,0.0,0.0,,,,,,75
ISL,Iceland,2021,0.0,0.0,0.0,0.0,,,,,,76
ISL,Iceland,2022,,,,,,,,,,77
ISL,Iceland,2023,,,,,,,,,,78
ISL,Iceland,2024,,,,,,,,,,79
ISL,Iceland,2025,,,,,,,,,,80
ISR,Israel,1960,,,,,,,,,,15
ISR,Israel,1961,,,,,,,,,,16
ISR,Israel,1962,,,,,,,,,,17
ISR,Israel,1963,,,,,,,,,,18
ISR,Israel,1964,,,,,,,,,,19
ISR,Israel,1965,,,,,,,,,,20
ISR,Israel,1966,,,,,,,,,,21
ISR,Israel,1967,,,,,,,,,,22
ISR,Israel,1968,,,,,,,,,,23
ISR,Israel,1969,,,,,,,,,,24
ISR,Israel,1970,,,,,,,,1.2773637,1.2773637,25
ISR,Israel,1971,,,,,,,,1.1956639,1.1956639,26
ISR,Israel,1972,,,,,,,,1.1819577,1.1819577,27
ISR,Israel,1973,,,,,,,,0.5130417,0.5130417,28
ISR,Israel,1974,,,,,,,,0.62699115,0.62699115,29
ISR,Israel,1975,,,,,,,,0.5729725,0.5729725,30
ISR,Israel,1976,,,,,,,,0.5520103,0.5520103,31
ISR,Israel,1977,,,,,,,,0.5485164,0.5485164,32
ISR,Israel,1978,,,,,,,,0.53964776,0.53964776,33
ISR,Israel,1979,,,,,,,,0.38431084,0.38431084,34
ISR,Israel,1980,,,,,100.0,,,0.018274918,0.018274918,35
ISR,Israel,1981,,,,,99.99787,,,0.019349916,0.019349916,36
ISR,Israel,1982,,,,,99.99804,,,0.43080443,0.43080443,37
ISR,Israel,1983,,,,,99.99902,,,0.6103286,0.6103286,38
ISR,Israel,1984,,,,,99.998116,,,0.5329292,0.5329292,39
ISR,Israel,1985,,,,,99.99796,,,0.5014855,0.5014855,40
ISR,Israel,1986,,,,,99.994194,,,0.37597972,0.37597972,41
ISR,Israel,1987,,,,,99.99098,,,0.42838585,0.42838585,42
ISR,Israel,1988,,,,,99.991585,,,0.3931797,0.3931797,43
ISR,Israel,1989,,,,,99.99758,,,0.36092973,0.36092973,44
ISR,Israel,1990,,,,,99.99767,,,0.3122861,0.3122861,45
ISR,Israel,1991,,,,,99.99542,,,0.25988027,0.25988027,46
ISR,Israel,1992,,,,,99.98106,,,0.22225527,0.22225527,47
ISR,Israel,1993,,,,,99.98437,,,0.22144917,0.22144917,48
ISR,Israel,1994,,,,,99.98675,,,0.20451778,0.20451778,49
ISR,Israel,1995,0.0006616611989177,0.0,0.0007326532533435,0.0013943144522612,99.98719,,,0.23838027,0.23838027,50
ISR,Israel,1996,0.000433694580558,0.0,0.0004640144670843,0.0008977090476423,99.98813,,,0.14969306,0.14969306,51
ISR,Israel,1997,0.0012568150304001,0.0,0.0005032399566685,0.0017600549870686,99.98871,,,0.17871806,0.17871806,52
ISR,Israel,1998,0.0002931789185075,0.0,0.0003296993490516,0.0006228782675591,99.989265,,,0.11233695,0.11233695,53
ISR,Israel,1999,0.0003585383906217,0.0,0.0002747520636068,0.0006332904542285,99.98632,,,0.101049446,0.101049446,54
ISR,Israel,2000,0.0005380298516414,0.0,0.000298152224541,0.0008361820761824,99.98636,,,0.09083722,0.09083722,55
ISR,Israel,2001,0.0004430091814892,0.0,0.0003380329742652,0.0007810421557544,99.9912,,,0.09513722,0.09513722,56
ISR,Israel,2002,0.0006072721548168,0.0,0.0002864592525745,0.0008937314073913,99.93561,,,0.08492472,0.08492472,57
ISR,Israel,2003,0.000405868612191,0.0,0.0002632135769718,0.0006690821891628001,99.93177,,,0.07713083,0.07713083,58
ISR,Israel,2004,0.000336237600645,0.0,0.0349354284996114,0.0352716661002564,99.93305,,,11.32024,11.32024,59
ISR,Israel,2005,0.0004721828596713,0.0,0.0589531000944453,0.0594252829541166,99.90938,,,15.710523,15.710523,60
ISR,Israel,2006,0.0018314801442047,0.0,0.0871372208920479,0.0889687010362526,99.94907,,,21.952484,21.952484,61
ISR,Israel,2007,0.0009826596638425,0.0,0.0931813605943948,0.09416402025823731,99.95548,,,26.175337,26.175337,62
ISR,Israel,2008,0.0016717099523263,0.0,0.102676351582405,0.10434806153473129,99.94712,,,32.614826,32.614826,63
ISR,Israel,2009,0.0010385914844318,0.0,0.084927621419111,0.08596621290354281,99.888824,,,25.340372,25.340372,64
ISR,Israel,2010,0.000829577584663,0.0,0.0857921824744703,0.0866217600591333,99.84628,,,30.750114,30.750114,65
ISR,Israel,2011,0.0053564506932549,0.0,0.128582797004934,0.1339392476981889,99.7837,,,40.43071,40.43071,66
ISR,Israel,2012,0.0032913846396943,0.0,0.0787009145372555,0.0819922991769498,99.727806,,,23.659595,23.659595,67
ISR,Israel,2013,0.0118850270586983,0.0,0.157385100412775,0.1692701274714733,99.71956,,,60.63382,60.63382,68
ISR,Israel,2014,0.0117966062119145,0.0,0.166664593681174,0.1784611998930885,99.54274,,,71.465546,71.465546,69
ISR,Israel,2015,0.0064472044027384,0.0,0.140168999644038,0.14661620404677642,99.42404,,,78.66829,78.66829,70
ISR,Israel,2016,0.0073820403232374,0.0,0.110801914968535,0.1181839552917724,99.16315,,,88.35931,88.35931,71
ISR,Israel,2017,0.0058293245500582,0.0,0.127388100686779,0.1332174252368372,99.1386,,,93.39483,93.39483,72
ISR,Israel,2018,0.0087876889369425,0.0,0.199534286961076,0.2083219758980185,99.06437,,,99.38046,99.38046,73
ISR,Israel,2019,0.008262374941763,0.0,0.181189344161981,0.18945171910374398,98.63714,,,99.61799,99.61799,74
ISR,Israel,2020,0.0076086822303689,0.0,0.264595241567274,0.2722039237976429,98.13332,,,146.69543,146.69543,75
ISR,Israel,2021,0.0115224616168168,0.0,0.429728212550477,0.4412506741672938,97.77586,,,183.27429,183.27429,76
ISR,Israel,2022,,,,,97.50759,,,208.45195,208.45195,77
ISR,Israel,2023,,,,,96.65698,,,234.67479,234.67479,78
ISR,Israel,2024,,,,,95.8173,,,258.42676,258.42676,79
ISR,Israel,2025,,,,,94.56493,,,259.40213,259.40213,80
ITA,Italy,1960,,,,,,,,,,15
ITA,Italy,1961,,,,,,,,,,16
ITA,Italy,1962,,,,,,,,,,17
ITA,Italy,1963,,,,,,,,,,18
ITA,Italy,1964,,,,,,,,,,19
ITA,Italy,1965,,,,,90.819374,,26.493141,,26.493141,20
ITA,Italy,1966,,,,,91.09224,,21.515501,,21.515501,21
ITA,Italy,1967,,,,,92.16041,,20.03849,,20.03849,22
ITA,Italy,1968,,,,,92.81252,,18.92201,,18.92201,23
ITA,Italy,1969,,,,,93.62703,,18.50333,,18.50333,24
ITA,Italy,1970,0.0010353946369936,0.0,0.0284698321720816,0.029505226809075198,93.90903,,17.46826,125.815506,143.283766,25
ITA,Italy,1971,0.0028826200241433,0.0001174031711807,0.0331587064110995,0.036158729606423495,94.32113,,15.735391,128.202,143.937391,26
ITA,Italy,1972,0.0033216332673381,7.62999367701444e-05,0.0417981171616128,0.045196050365721045,94.49167,,14.072301,135.87325,149.94555100000002,27
ITA,Italy,1973,0.0045749085171543,0.0001078918299639,0.0307561607006634,0.0354389610477816,95.131134,,12.8511505,146.7525,159.6036505,28
ITA,Italy,1974,0.0244170467935244,0.0002119891408706,0.0852484948490926,0.1098775307834876,94.97219,,12.8395195,146.48451,159.3240295,29
ITA,Italy,1975,0.0229387904830796,0.0020139724406072,0.104242613120003,0.1291953760436898,94.60818,,14.36305,139.61826,153.98130999999998,30
ITA,Italy,1976,0.0266073511104005,0.0019696917159236,0.118709502291246,0.14728654511757008,95.043045,,15.03759,150.02875,165.06634,31
ITA,Italy,1977,0.0235891107761354,0.0016003493108615,0.0921376982072173,0.1173271582942142,94.34081,,14.49098,131.612,146.10298,32
ITA,Italy,1978,0.0224558724987596,0.0009307266313447,0.0818900196861245,0.1052766188162288,94.66019,,17.31707,131.455,148.77207,33
ITA,Italy,1979,0.0508597298034335,0.0007836184603584,0.107256591889935,0.15889994015372688,95.11468,,19.96871,128.2585,148.22721,34
ITA,Italy,1980,0.0710650337447697,0.0012461805220867,0.111391023541726,0.1837022378085824,95.010414,,19.85241,119.35625,139.20866,35
ITA,Italy,1981,0.0642814735244098,0.0027315249722864,0.0904590425225796,0.1574720410192758,95.051,,17.29381,133.75874,151.05255,36
ITA,Italy,1982,0.0330719561038048,0.0046388084889282,0.0439309132857637,0.08164167787849669,94.23841,,20.50369,137.34074,157.84443000000002,37
ITA,Italy,1983,0.056621550512899,0.0017518424735919,0.0661909679456151,0.124564360932106,94.34348,,26.06283,123.1495,149.21233,38
ITA,Italy,1984,0.0548048253067521,0.0009876570476066,0.0708471616776757,0.1266396440320344,94.088585,,26.43499,130.33925,156.77424,39
ITA,Italy,1985,0.0588532128711457,0.0014677198443251,0.0644669470204754,0.1247878797359462,94.31393,,27.725922,134.19225,161.918172,40
ITA,Italy,1986,0.0155743810607093,0.0001694230293759,0.0516173706735184,0.0673611747636036,94.079,,29.74954,150.37625,180.12579,41
ITA,Italy,1987,0.0337079485900258,4.01297930630673e-05,0.0220024513265612,0.05575052970965007,95.78119,,45.76405,154.11826,199.88231,42
ITA,Italy,1988,0.0281088846700528,5.86192436582218e-05,0.0178771537618967,0.04604465767560772,95.7886,,56.25431,156.64076,212.89507,43
ITA,Italy,1989,0.0415351145211809,7.38210525553221e-05,0.0187086157848379,0.060317551358574126,96.28564,,53.54452,160.11275,213.65727,44
ITA,Italy,1990,0.0444156422831305,0.0002132509760656,0.0235916325757824,0.06822052583497851,96.42227,,54.28884,163.166,217.45484,45
ITA,Italy,1991,0.0190572160816962,0.000171649495443,0.0159429301152163,0.0351717956923555,95.9393,,50.381157,164.11075,214.491907,46
ITA,Italy,1992,0.0196278174654375,8.59494157366518e-05,0.0083459911824688,0.02805975806364295,95.79173,,52.34663,171.35075,223.69738,47
ITA,Italy,1993,0.0243464642435962,8.59181109020741e-06,0.0249241501126475,0.04927920616733391,95.661514,,53.9632,182.3775,236.3407,48
ITA,Italy,1994,0.0219757631427477,4.47799352339986e-06,0.0247347384179311,0.0467149795542022,95.55996,,56.92885,192.42624,249.35509000000002,49
ITA,Italy,1995,0.0243272748034026,1.33304471651795e-05,0.0423469185783285,0.06668752382889628,96.12897,,60.89468,190.112,251.00668,50
ITA,Italy,1996,0.0327950110404903,5.50714220953035e-06,0.0358435332527692,0.06864405143546903,95.693634,,63.40676,190.30876,253.71552,51
ITA,Italy,1997,0.0296277236320651,3.95683064204356e-06,0.0394231885944635,0.06905486905717065,95.67495,,69.29147,184.85886,254.15033,52
ITA,Italy,1998,0.0086039880194592,6.52631970413127e-06,0.0049641288901404,0.01357464322930373,95.61617,,65.39499,182.38165,247.77664000000001,53
ITA,Italy,1999,0.0238337432543426,8.10020277874573e-07,0.0045182232164395,0.028352776491059974,95.31098,,58.324276,167.68134,226.005616,54
ITA,Italy,2000,0.0491103009051332,9.55690660531109e-07,0.0319380983477865,0.08104935494358023,95.231895,,53.33468,159.58687,212.92155,55
ITA,Italy,2001,0.0322847284179457,7.35012042924132e-05,0.0613333422247091,0.09369157184694721,95.09047,,47.642704,146.24725,193.88995400000002,56
ITA,Italy,2002,0.0407901667424972,3.23734497505581e-05,0.0406753020713446,0.08149784226359236,95.27805,,64.32849,140.30432,204.63281,57
ITA,Italy,2003,0.0400847934902141,4.36295055277936e-05,0.0340885965309502,0.0742170195266921,95.169945,,64.78059,133.22165,198.00224000000003,58
ITA,Italy,2004,0.0463733545125626,0.0001146798785515,0.0245576717192482,0.0710457061103623,94.689476,,63.32429,124.35959,187.68388,59
ITA,Italy,2005,0.0747436239867356,7.49835019329792e-05,0.0189293064983278,0.09374791398699639,95.00759,,71.06747,115.823166,186.890636,60
ITA,Italy,2006,0.0777499536900344,1.64753472770459e-05,0.0366454074969274,0.11441183653423884,94.762825,,67.237335,105.344536,172.581871,61
ITA,Italy,2007,0.0770690066986577,0.0001744388437297,0.0294703780119245,0.10671382355431189,94.79768,,68.14642,93.12675,161.27317,62
ITA,Italy,2008,0.0935556302345291,0.0003848312772707,0.0468292126121431,0.1407696741239429,93.83569,,60.97303,88.15178,149.12481,63
ITA,Italy,2009,0.048036487144922,7.82261563599532e-05,0.0313263165175021,0.07944102981878405,92.363686,,53.18491,76.323944,129.50885399999999,64
ITA,Italy,2010,0.0632419734880662,0.0002117315293926,0.0304157429260632,0.093869447943522,91.894554,,59.37955,80.06565,139.4452,65
ITA,Italy,2011,0.101021789830648,0.0002225347995664,0.04369127308513,0.1449355977153444,91.10066,,61.7427,80.47827,142.22097,66
ITA,Italy,2012,0.108313381680821,0.0001018505246375,0.0512327603307674,0.1596479925362259,90.07993,,62.760258,81.958046,144.718304,67
ITA,Italy,2013,0.0998160374945312,5.17984459721475e-05,0.0440399256821377,0.14390776162264107,87.82087,,63.983097,73.67495,137.658047,68
ITA,Italy,2014,0.0967846101416793,5.873478734035e-05,0.0288024323353822,0.12564577726440185,86.62404,,67.04618,68.095566,135.141746,69
ITA,Italy,2015,0.0462003289451814,5.64826682052003e-05,0.0237498688184848,0.0700066804318714,87.35737,,63.61849,64.49688,128.11537,70
ITA,Italy,2016,0.0238823821426404,0.0,0.0118200048088784,0.0357023869515188,87.40591,,43.723183,55.09763,98.820813,71
ITA,Italy,2017,0.0386725733265151,0.0,0.0150296363210049,0.053702209647520004,87.8281,,48.242237,52.730587,100.972824,72
ITA,Italy,2018,0.0660288682863186,0.0,0.0222242166809606,0.0882530849672792,87.108604,,54.613583,51.891968,106.505551,73
ITA,Italy,2019,0.055800623981932,0.0,0.0141520951150301,0.0699527190969621,86.85002,,49.759743,46.212475,95.972218,74
ITA,Italy,2020,0.0398531422796994,0.0,0.006224135068193,0.046077277347892395,85.31129,,63.075954,39.120907,102.19686100000001,75
ITA,Italy,2021,0.077005203060734,0.0,0.0250363768484909,0.1020415799092249,86.44972,,57.15194,31.841406,88.993346,76
ITA,Italy,2022,,,,,87.55165,,52.54666,31.58104,84.1277,77
ITA,Italy,2023,,,,,86.024796,,50.159775,28.462662,78.622437,78
ITA,Italy,2024,,,,,85.11033,,51.81511,28.000662,79.815772,79
ITA,Italy,2025,,,,,84.525635,,45.061577,32.643906,77.705483,80
JAM,Jamaica,1960,,,,,,,,,,15
JAM,Jamaica,1961,,,,,,,,,,16
JAM,Jamaica,1962,,,,,,,,,,17
JAM,Jamaica,1963,,,,,,,,,,18
JAM,Jamaica,1964,,,,,,,,,,19
JAM,Jamaica,1965,,,,,,,,,,20
JAM,Jamaica,1966,,,,,,,,,,21
JAM,Jamaica,1967,,,,,,,,,,22
JAM,Jamaica,1968,,,,,,,,,,23
JAM,Jamaica,1969,,,,,,,,,,24
JAM,Jamaica,1970,,,,,,,,,,25
JAM,Jamaica,1971,0.0,0.0,0.0,0.0,,,,,,26
JAM,Jamaica,1972,0.0,0.0,0.0,0.0,,,,,,27
JAM,Jamaica,1973,0.0,0.0,0.0,0.0,,,,,,28
JAM,Jamaica,1974,0.0,0.0,0.0,0.0,,,,,,29
JAM,Jamaica,1975,0.0,0.0,0.0,0.0,,,,,,30
JAM,Jamaica,1976,0.0,0.0,0.0,0.0,,,,,,31
JAM,Jamaica,1977,0.0,0.0,0.0,0.0,,,,,,32
JAM,Jamaica,1978,0.0,0.0,0.0,0.0,,,,,,33
JAM,Jamaica,1979,0.0,0.0,0.0,0.0,,,,,,34
JAM,Jamaica,1980,0.0,0.0,0.0,0.0,,,,,,35
JAM,Jamaica,1981,0.0,0.0,0.0,0.0,,,,,,36
JAM,Jamaica,1982,0.0,0.0,0.0,0.0,,,,,,37
JAM,Jamaica,1983,0.0,0.0,0.0,0.0,,,,,,38
JAM,Jamaica,1984,0.0,0.0,0.0,0.0,,,,,,39
JAM,Jamaica,1985,0.0,0.0,0.0,0.0,,,,,,40
JAM,Jamaica,1986,0.0,0.0,0.0,0.0,,,,,,41
JAM,Jamaica,1987,0.0,0.0,0.0,0.0,,,,,,42
JAM,Jamaica,1988,0.0,0.0,0.0,0.0,,,,,,43
JAM,Jamaica,1989,0.0,0.0,0.0,0.0,,,,,,44
JAM,Jamaica,1990,0.0,0.0,0.0,0.0,,,,,,45
JAM,Jamaica,1991,0.0,0.0,0.0,0.0,,,,,,46
JAM,Jamaica,1992,0.0,0.0,0.0,0.0,,,,,,47
JAM,Jamaica,1993,0.0,0.0,0.0,0.0,,,,,,48
JAM,Jamaica,1994,0.0,0.0,0.0,0.0,,,,,,49
JAM,Jamaica,1995,0.0,0.0,0.0,0.0,,,,,,50
JAM,Jamaica,1996,0.0,0.0,0.0,0.0,,,,,,51
JAM,Jamaica,1997,0.0,0.0,0.0,0.0,,,,,,52
JAM,Jamaica,1998,0.0,0.0,0.0,0.0,,,,,,53
JAM,Jamaica,1999,0.0,0.0,0.0,0.0,,,,,,54
JAM,Jamaica,2000,0.0,0.0,0.0,0.0,,,,,,55
JAM,Jamaica,2001,0.0,0.0,0.0,0.0,,,,,,56
JAM,Jamaica,2002,0.11501979991379,0.0,0.0,0.11501979991379,,,,,,57
JAM,Jamaica,2003,0.178381887913983,0.0,0.0,0.178381887913983,,,,,,58
JAM,Jamaica,2004,0.165049939416478,0.0,0.0,0.165049939416478,,,,,,59
JAM,Jamaica,2005,0.252469011179102,0.0,0.0,0.252469011179102,,,,,,60
JAM,Jamaica,2006,0.683475577091461,0.0,0.0,0.683475577091461,,,,,,61
JAM,Jamaica,2007,0.624344515923789,0.0,0.0,0.624344515923789,,,,,,62
JAM,Jamaica,2008,1.06917692280528,0.0,0.0,1.06917692280528,,,,,,63
JAM,Jamaica,2009,0.645410398235614,0.0,0.0,0.645410398235614,,,,,,64
JAM,Jamaica,2010,0.242284268785806,0.0,0.0,0.242284268785806,,,,,,65
JAM,Jamaica,2011,0.526914868641309,0.0,0.0,0.526914868641309,,,,,,66
JAM,Jamaica,2012,0.49393788378898,0.0,0.0,0.49393788378898,,,,,,67
JAM,Jamaica,2013,0.467457901037476,0.0,0.0,0.467457901037476,,,,,,68
JAM,Jamaica,2014,0.437195148150247,0.0,0.0,0.437195148150247,,,,,,69
JAM,Jamaica,2015,0.0,0.0,0.0,0.0,,,,,,70
JAM,Jamaica,2016,0.0687391904547863,0.0,0.0,0.0687391904547863,,,,,,71
JAM,Jamaica,2017,0.179462172017927,0.0,0.0,0.179462172017927,,,,,,72
JAM,Jamaica,2018,0.268056625056229,0.0,0.0,0.268056625056229,,,,,,73
JAM,Jamaica,2019,0.213213396731904,0.0,0.0,0.213213396731904,,,,,,74
JAM,Jamaica,2020,0.11529077951409,0.0,0.0,0.11529077951409,,,,,,75
JAM,Jamaica,2021,0.294903461359937,0.0,0.0,0.294903461359937,,,,,,76
JAM,Jamaica,2022,,,,,,,,,,77
JAM,Jamaica,2023,,,,,,,,,,78
JAM,Jamaica,2024,,,,,,,,,,79
JAM,Jamaica,2025,,,,,,,,,,80
JOR,Jordan,1960,,,,,,,,,,15
JOR,Jordan,1961,,,,,,,,,,16
JOR,Jordan,1962,,,,,,,,,,17
JOR,Jordan,1963,,,,,,,,,,18
JOR,Jordan,1964,,,,,,,,,,19
JOR,Jordan,1965,,,,,,,,,,20
JOR,Jordan,1966,,,,,,,,,,21
JOR,Jordan,1967,,,,,,,,,,22
JOR,Jordan,1968,,,,,,,,,,23
JOR,Jordan,1969,,,,,,,,,,24
JOR,Jordan,1970,,,,,,,,,,25
JOR,Jordan,1971,0.0,0.0,0.0,0.0,,,,,,26
JOR,Jordan,1972,0.0,0.0,0.0,0.0,,,,,,27
JOR,Jordan,1973,0.0,0.0,0.0,0.0,,,,,,28
JOR,Jordan,1974,0.0,0.0,0.0,0.0,,,,,,29
JOR,Jordan,1975,0.0,0.0,0.0,0.0,,,,,,30
JOR,Jordan,1976,0.0,0.0,0.0,0.0,,,,,,31
JOR,Jordan,1977,0.0,0.0,0.0,0.0,,,,,,32
JOR,Jordan,1978,0.0,0.0,0.0,0.0,,,,,,33
JOR,Jordan,1979,0.0,0.0,0.0,0.0,,,,,,34
JOR,Jordan,1980,0.0,0.0,0.0,0.0,,,,,,35
JOR,Jordan,1981,0.0,0.0,0.0,0.0,,,,,,36
JOR,Jordan,1982,0.0,0.0,0.0,0.0,,,,,,37
JOR,Jordan,1983,0.0,0.0,0.0,0.0,,,,,,38
JOR,Jordan,1984,0.0004964264944813,0.0,0.0,0.0004964264944813,,,,,,39
JOR,Jordan,1985,0.0716634793005074,0.0,0.0,0.0716634793005074,,,,,,40
JOR,Jordan,1986,0.027717129766529,0.0,0.0,0.027717129766529,,,,,,41
JOR,Jordan,1987,0.0360830137355487,0.0,0.0,0.0360830137355487,,,,,,42
JOR,Jordan,1988,0.0324807277661423,0.0,0.0,0.0324807277661423,,,,,,43
JOR,Jordan,1989,0.0344011556409836,0.0,0.0396519537008865,0.0740531093418701,,,,,,44
JOR,Jordan,1990,0.0698817164768138,0.0,0.0890155368705709,0.1588972533473847,,,,,,45
JOR,Jordan,1991,0.0165074302206483,0.0,0.0789616592699017,0.09546908949055,,,,,,46
JOR,Jordan,1992,0.005996773193273,0.0,0.0672728590429935,0.07326963223626651,,,,,,47
JOR,Jordan,1993,0.0026916778762667,0.0,0.0784283276003653,0.081120005476632,,,,,,48
JOR,Jordan,1994,0.0021914684395179,0.0,0.123796552766576,0.1259880212060939,,,,,,49
JOR,Jordan,1995,0.0019996615050287,0.0,0.127703678205661,0.1297033397106897,,,,,,50
JOR,Jordan,1996,0.0031698526154232,0.0,0.131619732152259,0.1347895847676822,,,,,,51
JOR,Jordan,1997,0.002743247474295,0.0,0.14155028414318,0.144293531617475,,,,,,52
JOR,Jordan,1998,0.0016900846715067,0.0,0.122037702446029,0.12372778711753571,,,,,,53
JOR,Jordan,1999,0.0023458832560269,0.0,0.107510393464204,0.1098562767202309,,,,,,54
JOR,Jordan,2000,0.0038251872831013,0.0,0.130141927520723,0.1339671148038243,,,,,,55
JOR,Jordan,2001,0.0027049773145521,0.0,0.133126604248854,0.1358315815634061,,,,,,56
JOR,Jordan,2002,0.0023658101689277,0.0,0.0976042661274351,0.0999700762963628,,,,,,57
JOR,Jordan,2003,0.0023639985254128,0.0,0.10016253005555,0.1025265285809628,,,,,,58
JOR,Jordan,2004,0.0025250709342341,0.0,0.0976611039613213,0.1001861748955554,,,,,,59
JOR,Jordan,2005,0.0029941737071591,0.0,0.0937984539525814,0.0967926276597405,,,,,,60
JOR,Jordan,2006,0.0033669546922726,0.0,0.0914684925633778,0.0948354472556504,,,,,,61
JOR,Jordan,2007,0.0032269913821269,0.0,0.0743417462084469,0.0775687375905738,,,,,,62
JOR,Jordan,2008,0.0047965442664046,0.0,0.0544049657924836,0.0592015100588882,,,,,,63
JOR,Jordan,2009,0.0022318051309287,0.0,0.0547930139717532,0.0570248191026819,,,,,,64
JOR,Jordan,2010,0.0022248570371061,0.0,0.0384695756931186,0.0406944327302247,,,,,,65
JOR,Jordan,2011,0.0022986497041862,0.0,0.0442667153964485,0.0465653651006347,,,,,,66
JOR,Jordan,2012,0.0024752289881027,0.0,0.0384050242726986,0.0408802532608013,,,,,,67
JOR,Jordan,2013,0.001912678401558,0.0,0.0331897702669935,0.0351024486685515,,,,,,68
JOR,Jordan,2014,0.0016199879026499,0.0,0.0256345153298793,0.0272545032325292,,,,,,69
JOR,Jordan,2015,0.0004299110432784,0.0,0.0187836188652648,0.0192135299085432,,,,,,70
JOR,Jordan,2016,0.0002508125934632,0.0,0.0116876948660108,0.011938507459474,,,,,,71
JOR,Jordan,2017,0.000211794657558,0.0,0.0129980377272639,0.013209832384821901,,,,,,72
JOR,Jordan,2018,0.0009805159456756,0.0,0.0187199775746881,0.019700493520363703,,,,,,73
JOR,Jordan,2019,0.0007877314129404,0.0,0.0185237744871921,0.0193115059001325,,,,,,74
JOR,Jordan,2020,0.0004677203344639,0.0,0.0290878371057246,0.0295555574401885,,,,,,75
JOR,Jordan,2021,0.0143633135367042,0.0,0.0430035744363791,0.0573668879730833,,,,,,76
JOR,Jordan,2022,,,,,,,,,,77
JOR,Jordan,2023,,,,,,,,,,78
JOR,Jordan,2024,,,,,,,,,,79
JOR,Jordan,2025,,,,,,,,,,80
JPN,Japan,1960,,,,,,,,,,15
JPN,Japan,1961,,,,,,,,,,16
JPN,Japan,1962,,,,,,,,,,17
JPN,Japan,1963,,,,,,,,,,18
JPN,Japan,1964,,,,,,,,,,19
JPN,Japan,1965,,,,,95.47552,,,,,20
JPN,Japan,1966,,,,,95.78314,,,,,21
JPN,Japan,1967,,,,,96.794655,,,,,22
JPN,Japan,1968,,,,,96.841644,,,,,23
JPN,Japan,1969,,,,,97.2396,,,,,24
JPN,Japan,1970,0.001991430044959,0.0197706085370971,0.0,0.021762038582056102,97.198746,,,,,25
JPN,Japan,1971,0.0020228228183879,0.0120636098667791,0.0015461825519393,0.0156326152371063,96.75958,,,,,26
JPN,Japan,1972,0.0051258804339184,0.0071592681662781,0.0017711089233416,0.014056257523538099,96.83254,,,,,27
JPN,Japan,1973,0.0119486251427685,0.0053388126408367,0.0021392914773324,0.019426729260937598,97.58146,,,,,28
JPN,Japan,1974,0.0759537611681884,0.0173300243875726,0.0092380270564573,0.1025218126122183,96.377396,,,,,29
JPN,Japan,1975,0.0738619929657741,0.0501727264722401,0.0142011040013604,0.1382358234393746,95.89052,,,,,30
JPN,Japan,1976,0.0719302162281716,0.0567027440033252,0.0136175128323395,0.14225047306383629,95.40872,,,,,31
JPN,Japan,1977,0.0643728513688187,0.04641773907934,0.011669753356186,0.1224603438043447,95.80332,,,,,32
JPN,Japan,1978,0.0447604867560379,0.027557868468361,0.0089296415466127,0.0812479967710116,93.93906,,,,,33
JPN,Japan,1979,0.103392720750003,0.0215968084923057,0.0110453000525285,0.13603482929483718,92.94202,,,,,34
JPN,Japan,1980,0.0100052471535842,0.0236056769190975,0.0093364793782743,0.042947403450956,91.57776,,,,,35
JPN,Japan,1981,0.0052069703320673,0.0356765097334935,0.0034022568417756,0.0442857369073364,91.06062,113.17466,,,113.17466,36
JPN,Japan,1982,0.0048114647296134,0.0423414929807857,0.0012010867167475,0.048354044427146595,89.14821,114.60849,,,114.60849,37
JPN,Japan,1983,0.005131334591643,0.0234197183323731,0.0022526844839754,0.0308037374079915,88.39831,111.02901,,,111.02901,38
JPN,Japan,1984,0.0049971922717472,0.0156312008515867,0.0027980885931252,0.0234264817164591,87.69448,108.360664,,,108.360664,39
JPN,Japan,1985,0.0059146811019545,0.0146198074796206,0.0035149883571387,0.0240494769387138,85.882095,106.60346,,,106.60346,40
JPN,Japan,1986,0.0020376352448,0.0051286457642755,0.003467902955298,0.0106341839643735,85.46106,104.19545,,,104.19545,41
JPN,Japan,1987,0.0022960966216339,0.0004361895021861,0.0025699507663024,0.0053022368901223995,84.657036,84.93133,,,84.93133,42
JPN,Japan,1988,0.0014198449311382,0.0011268575511095,0.0017162669225659,0.0042629694048135994,85.9092,73.0865,,,73.0865,43
JPN,Japan,1989,0.0018838693087779,0.0017043956263301,0.0018435126442509,0.0054317775793589,85.5443,66.31803,,,66.31803,44
JPN,Japan,1990,0.002799224373737,0.0014544481645179,0.0026120269622403,0.0068656995004952,85.891945,53.7573,,,53.7573,45
JPN,Japan,1991,0.0017066467040879,0.0010297508226297,0.0020085707084924,0.0047449682352099995,85.24519,52.39059,,,52.39059,46
JPN,Japan,1992,0.0019312153165334,0.0004658992884247,0.0019685305462659,0.004365645151224,85.28527,49.461926,,,49.461926,47
JPN,Japan,1993,0.001682798065669,2.76363161036511e-05,0.0021078482154151,0.003818282597187751,83.568565,46.98883,,,46.98883,48
JPN,Japan,1994,0.0012484904444971,2.36450683977734e-05,0.0021547731557102,0.0034269086686050734,84.0257,45.101463,,,45.101463,49
JPN,Japan,1995,0.0012694526503513,0.0002788795628097,0.0019807877649731,0.0035291199781341,82.692764,40.74101,,,40.74101,50
JPN,Japan,1996,0.0016809144090308,5.96883614161789e-05,0.002588041505755,0.004328644276201979,82.481125,42.1728,,,42.1728,51
JPN,Japan,1997,0.0013473311921959,1.91404024602643e-05,0.0030661516971914,0.0044326232918475645,81.35322,27.789793,,,27.789793,52
JPN,Japan,1998,0.0007146920411912,6.15213695853278e-05,0.0024131367450624,0.003189350155838928,80.7473,23.81982,,,23.81982,53
JPN,Japan,1999,0.0010895373971705,2.45388959504747e-05,0.0023608231545932,0.003474899447714175,81.59162,25.446857,,,25.446857,54
JPN,Japan,2000,0.0020460072848765,5.00017498872993e-05,0.0036993015087128,0.005795310543476599,81.82937,18.878025,,,18.878025,55
JPN,Japan,2001,0.0011351191409413,0.0004092890261054,0.0038059664772795,0.0053503746443262,81.62743,19.300219,,,19.300219,56
JPN,Japan,2002,0.0011255959762716,4.67064859272552e-05,0.0038301351032339,0.005002437565432755,81.88291,8.259577,,,8.259577,57
JPN,Japan,2003,0.0011508719842473,4.25530588203287e-05,0.0046100667539936,0.005803491797061229,85.69637,8.069427,,,8.069427,58
JPN,Japan,2004,0.0011240016271445,0.000570872179542,0.0050965285045912,0.0067914023112777,83.19019,8.073004,,,8.073004,59
JPN,Japan,2005,0.0019079926144148,0.0003775560292246,0.0055807473027226,0.007866295946362,83.26367,6.716301,,,6.716301,60
JPN,Japan,2006,0.0021472029958577,0.000465519876078,0.0057403649715426,0.0083530878434783,82.51687,8.201802,,,8.201802,61
JPN,Japan,2007,0.002489062183549,0.0007400454694354,0.0062030779159016,0.009432185568886,83.76715,8.584544,,,8.584544,62
JPN,Japan,2008,0.0025418789008744,0.0016898957625376,0.0061177843180094,0.0103495589814214,84.84244,7.4049506,,,7.4049506,63
JPN,Japan,2009,0.0012121453968408,0.0004735936014471,0.0054749933850924,0.0071607323833803,82.35526,7.724134,,,7.724134,64
JPN,Japan,2010,0.0015807909918811,0.00082079934136,0.0051661659745429,0.007567756307784,82.09384,5.5307794,,,5.5307794,65
JPN,Japan,2011,0.0023460232142381,0.001126753484762,0.0052977277654546,0.0087705044644547,88.09033,7.668947,,,7.668947,66
JPN,Japan,2012,0.0024863866562075,0.0006816400891528,0.004814743666897,0.0079827704122573,95.81474,7.967745,,,7.967745,67
JPN,Japan,2013,0.0027988858049721,0.0006735840297839,0.0047762987570261,0.008248768591782099,95.745964,8.15816,,,8.15816,68
JPN,Japan,2014,0.0036977302079416,0.0006113401538972,0.0062921048995695,0.0106011752614083,96.16497,8.862289,,,8.862289,69
JPN,Japan,2015,0.0019760449394356,0.000356434915133,0.0075071208391143,0.0098396006936829,95.24418,7.9357557,,,7.9357557,70
JPN,Japan,2016,0.0012056707749437,0.0003626104286412,0.0050193285479093,0.0065876097514942005,94.66607,9.085345,,,9.085345,71
JPN,Japan,2017,0.0018821884916651,0.0005064963100135,0.0055471556244412,0.0079358404261198,93.79344,9.411325,,,9.411325,72
JPN,Japan,2018,0.0025412292342122,0.0004063083197594,0.0071127231326354,0.010060260686607,92.22853,6.714966,,,6.714966,73
JPN,Japan,2019,0.0019334499880418,0.0002352953674416,0.0064525295343033,0.0086212748897867,90.954834,4.8931074,,,4.8931074,74
JPN,Japan,2020,0.0007107925057107,0.0001951569664897,0.0048405210394081,0.0057464705116084995,91.15691,4.9812713,,,4.9812713,75
JPN,Japan,2021,0.0022313211196428,0.0003574945858023,0.0088070035570798,0.011395819262524899,89.89062,4.54733,,,4.54733,76
JPN,Japan,2022,,,,,90.13198,4.6985197,,,4.6985197,77
JPN,Japan,2023,,,,,87.770065,4.46592,,,4.46592,78
JPN,Japan,2024,,,,,86.80716,3.6518202,,,3.6518202,79
JPN,Japan,2025,,,,,85.67848,3.16336,,,3.16336,80
KAZ,Kazakhstan,1960,,,,,,,,,,15
KAZ,Kazakhstan,1961,,,,,,,,,,16
KAZ,Kazakhstan,1962,,,,,,,,,,17
KAZ,Kazakhstan,1963,,,,,,,,,,18
KAZ,Kazakhstan,1964,,,,,,,,,,19
KAZ,Kazakhstan,1965,,,,,,,,,,20
KAZ,Kazakhstan,1966,,,,,,,,,,21
KAZ,Kazakhstan,1967,,,,,,,,,,22
KAZ,Kazakhstan,1968,,,,,,,,,,23
KAZ,Kazakhstan,1969,,,,,,,,,,24
KAZ,Kazakhstan,1970,,,,,,,,,,25
KAZ,Kazakhstan,1971,,,,,,,,,,26
KAZ,Kazakhstan,1972,,,,,,,,,,27
KAZ,Kazakhstan,1973,,,,,,,,,,28
KAZ,Kazakhstan,1974,,,,,,,,,,29
KAZ,Kazakhstan,1975,,,,,,,,,,30
KAZ,Kazakhstan,1976,,,,,,,,,,31
KAZ,Kazakhstan,1977,,,,,,,,,,32
KAZ,Kazakhstan,1978,,,,,,,,,,33
KAZ,Kazakhstan,1979,,,,,,,,,,34
KAZ,Kazakhstan,1980,,,,,,,,,,35
KAZ,Kazakhstan,1981,,,,,,,,,,36
KAZ,Kazakhstan,1982,,,,,,,,,,37
KAZ,Kazakhstan,1983,,,,,,,,,,38
KAZ,Kazakhstan,1984,,,,,,,,,,39
KAZ,Kazakhstan,1985,,,,,99.33694,666.0592,263.5358,38.678776,968.273776,40
KAZ,Kazakhstan,1986,,,,,99.405914,699.6717,270.8627,41.28761,1011.82201,41
KAZ,Kazakhstan,1987,,,,,99.302155,722.75964,279.81778,44.74006,1047.3174800000002,42
KAZ,Kazakhstan,1988,,,,,99.176765,725.01624,290.2848,50.574482,1065.875522,43
KAZ,Kazakhstan,1989,,,,,99.09008,699.64404,295.402,47.568653,1042.614693,44
KAZ,Kazakhstan,1990,12.3213900416644,2.93362908414046,0.429330812608874,15.684349938413735,99.1283,663.75806,300.054,50.429157,1014.241217,45
KAZ,Kazakhstan,1991,6.66253621093101,2.87466511018547,0.271796550002248,9.808997871118729,98.95401,657.50616,309.358,55.899197,1022.763357,46
KAZ,Kazakhstan,1992,5.28304248787578,2.01112441965847,0.17650844905504,7.47067535658929,99.008286,637.49243,300.054,57.511993,995.058423,47
KAZ,Kazakhstan,1993,5.01465535130142,1.13793527313208,0.346635577768425,6.499226202201926,98.77519,561.884,267.49,47.39426,876.76826,48
KAZ,Kazakhstan,1994,4.8610112097215,0.765798258775298,0.249050709376049,5.875860177872847,98.40705,524.65326,236.22856,31.815702,792.697522,49
KAZ,Kazakhstan,1995,5.82930724272583,1.096277531173,0.512015620779939,7.437600394678769,98.52821,417.73364,239.96178,41.9384,699.63382,50
KAZ,Kazakhstan,1996,8.61228017412449,0.877093606571069,0.42354948713628,9.912923267831838,98.50085,385.17813,267.03644,46.25006,698.46463,51
KAZ,Kazakhstan,1997,7.15860668434788,0.636442221249353,0.623717397764218,8.418766303361451,98.34206,365.8395,299.80975,57.522625,723.1718749999999,52
KAZ,Kazakhstan,1998,2.25218755062942,0.545506070842269,0.0735055918357742,2.871199213307463,98.47772,352.5381,301.74036,56.343693,710.622153,53
KAZ,Kazakhstan,1999,10.6811071898123,0.283928508306016,0.0799213839146512,11.044957082032967,98.44744,294.3863,350.42352,70.50866,715.3184799999999,54
KAZ,Kazakhstan,2000,24.7022127271689,0.763275560850573,0.958298497963215,26.42378678598269,97.87863,377.23193,410.73672,81.82305,869.7917,55
KAZ,Kazakhstan,2001,16.8769158317887,1.69987911925213,1.90816103683919,20.48495598788002,97.9824,398.2389,466.25833,82.30441,946.8016399999999,56
KAZ,Kazakhstan,2002,18.663679662836,0.838526701281602,1.68494211935026,21.187148483467862,97.81522,370.43228,549.7617,100.02249,1020.2164700000001,57
KAZ,Kazakhstan,2003,19.0561886830313,0.737882921244197,1.55520091837354,21.349272522649038,98.07618,425.06433,598.34375,117.65905,1141.06713,58
KAZ,Kazakhstan,2004,21.3287460118204,2.86683924781304,0.904874674279211,25.10045993391265,98.30551,435.73383,691.95593,164.0192,1291.70896,59
KAZ,Kazakhstan,2005,24.6119449899113,1.88738405653817,0.707456812413737,27.20678585886321,98.39669,433.2806,715.0833,189.83255,1338.1964500000001,60
KAZ,Kazakhstan,2006,21.1400400879889,1.56920831525736,1.05583158575305,23.76507998899931,98.53171,481.79077,755.9872,198.51454,1436.2925100000002,61
KAZ,Kazakhstan,2007,18.7183777371544,1.50666818196351,0.885350833081291,21.110396752199197,98.61019,490.80515,780.6731,225.09683,1496.57508,62
KAZ,Kazakhstan,2008,22.9379468470309,4.76760578272819,1.65333030135486,29.35888293111395,98.80054,557.57513,821.9061,251.19086,1630.6720899999998,63
KAZ,Kazakhstan,2009,15.4811753728879,1.774081648721,1.49618947932301,18.751446500931912,98.764244,504.95688,889.495,260.1371,1654.58898,64
KAZ,Kazakhstan,2010,14.3876480168855,2.44766697370492,1.00856330578242,17.84387829637284,98.656166,552.4007,926.73303,272.46854,1751.60227,65
KAZ,Kazakhstan,2011,18.3529532976804,2.47402353369514,1.21331613739192,22.04029296876746,98.84092,578.6068,931.1082,286.73767,1796.4526700000001,66
KAZ,Kazakhstan,2012,16.1210271615703,1.16307150777107,1.20333132239427,18.487429991735638,98.933784,600.4887,921.381,290.19424,1812.06394,67
KAZ,Kazakhstan,2013,13.575329365067,0.539678974748581,1.0538090594977,15.168817399313282,98.922935,597.50604,951.18286,304.45566,1853.1445600000002,68
KAZ,Kazakhstan,2014,13.4439854013249,0.517573287575169,0.80881514404493,14.770373832945,98.9036,580.8007,940.004,327.73605,1848.5407500000001,69
KAZ,Kazakhstan,2015,6.77396398337604,0.427727747530492,0.789640342060327,7.991332072966859,98.47584,460.30402,924.0779,271.43234,1655.81426,70
KAZ,Kazakhstan,2016,6.9499320090465,0.687792012117953,0.670873241173054,8.308597262337507,98.265434,487.20987,907.50867,309.2923,1704.0108400000001,71
KAZ,Kazakhstan,2017,9.66346231175396,0.837979080702583,0.86064865819105,11.362090050647593,98.437584,534.19403,1002.44324,363.78152,1900.41879,72
KAZ,Kazakhstan,2018,15.0881830400628,0.93298984923782,1.38519233067748,17.4063652199781,98.58538,549.04486,1050.881,391.78378,1991.70964,73
KAZ,Kazakhstan,2019,13.3329218324239,0.65685203992523,0.925016309467418,14.914790181816548,98.57705,522.38556,1053.1604,334.95978,1910.50574,74
KAZ,Kazakhstan,2020,7.12577724575059,0.570036728063378,0.43856903709156,8.134383010905527,98.332886,515.37787,996.1863,306.1421,1817.7062700000001,75
KAZ,Kazakhstan,2021,14.8448016221428,0.848889916850088,2.04396250834782,17.73765404734071,98.42966,533.34015,998.7588,266.95502,1799.05397,76
KAZ,Kazakhstan,2022,,,,,98.33388,540.9845,979.6635,276.00665,1796.6546500000002,77
KAZ,Kazakhstan,2023,,,,,98.24233,558.4353,1046.4291,295.3611,1900.2255,78
KAZ,Kazakhstan,2024,,,,,97.9453,532.89703,1020.486,333.82675,1887.20978,79
KAZ,Kazakhstan,2025,,,,,98.065865,568.4669,1155.7378,383.91223,2108.11693,80
KEN,Kenya,1960,,,,,,,,,,15
KEN,Kenya,1961,,,,,,,,,,16
KEN,Kenya,1962,,,,,,,,,,17
KEN,Kenya,1963,,,,,,,,,,18
KEN,Kenya,1964,,,,,,,,,,19
KEN,Kenya,1965,,,,,,,,,,20
KEN,Kenya,1966,,,,,,,,,,21
KEN,Kenya,1967,,,,,,,,,,22
KEN,Kenya,1968,,,,,,,,,,23
KEN,Kenya,1969,,,,,,,,,,24
KEN,Kenya,1970,,,,,,,,,,25
KEN,Kenya,1971,0.0,0.0,0.0,0.0,,,,,,26
KEN,Kenya,1972,0.0,0.0,0.0,0.0,,,,,,27
KEN,Kenya,1973,0.0,0.0,0.0,0.0,,,,,,28
KEN,Kenya,1974,0.0,0.0,0.0,0.0,,,,,,29
KEN,Kenya,1975,0.0,0.0,0.0,0.0,,,,,,30
KEN,Kenya,1976,0.0,0.0,0.0,0.0,,,,,,31
KEN,Kenya,1977,0.0,0.0,0.0,0.0,,,,,,32
KEN,Kenya,1978,0.0,0.0,0.0,0.0,,,,,,33
KEN,Kenya,1979,0.0,0.0,0.0,0.0,,,,,,34
KEN,Kenya,1980,0.0,0.0,0.0,0.0,,,,,,35
KEN,Kenya,1981,0.0,0.0,0.0,0.0,,,,,,36
KEN,Kenya,1982,0.0,0.0,0.0,0.0,,,,,,37
KEN,Kenya,1983,0.0,0.0,0.0,0.0,,,,,,38
KEN,Kenya,1984,0.0,0.0,0.0,0.0,,,,,,39
KEN,Kenya,1985,0.0,0.0,0.0,0.0,,,,,,40
KEN,Kenya,1986,0.0,0.0,0.0,0.0,,,,,,41
KEN,Kenya,1987,0.0,0.0,0.0,0.0,,,,,,42
KEN,Kenya,1988,0.0,0.0,0.0,0.0,,,,,,43
KEN,Kenya,1989,0.0,0.0,0.0,0.0,,,,,,44
KEN,Kenya,1990,0.0,0.0,0.0,0.0,,,,,,45
KEN,Kenya,1991,0.0,0.0,0.0,0.0,,,,,,46
KEN,Kenya,1992,0.0,0.0,0.0,0.0,,,,,,47
KEN,Kenya,1993,0.0,0.0,0.0,0.0,,,,,,48
KEN,Kenya,1994,0.0,0.0,0.0,0.0,,,,,,49
KEN,Kenya,1995,0.0,0.0,0.0,0.0,,,,,,50
KEN,Kenya,1996,0.0,0.0,0.0,0.0,,,,,,51
KEN,Kenya,1997,0.0,0.0,0.0,0.0,,,,,,52
KEN,Kenya,1998,0.0,0.0,0.0,0.0,,,,,,53
KEN,Kenya,1999,0.0,0.0,0.0,0.0,,,,,,54
KEN,Kenya,2000,0.0,0.0,0.0,0.0,,,,,,55
KEN,Kenya,2001,0.0,0.0,0.0,0.0,,,,,,56
KEN,Kenya,2002,0.0,0.0,0.0,0.0,,,,,,57
KEN,Kenya,2003,0.0,0.0,0.0,0.0,,,,,,58
KEN,Kenya,2004,0.0,0.0,0.0,0.0,,,,,,59
KEN,Kenya,2005,0.0,0.0,0.0,0.0,,,,,,60
KEN,Kenya,2006,0.0,0.0,0.0,0.0,,,,,,61
KEN,Kenya,2007,0.0,0.0,0.0,0.0,,,,,,62
KEN,Kenya,2008,0.0,0.0,0.0,0.0,,,,,,63
KEN,Kenya,2009,0.0,0.0,0.0,0.0,,,,,,64
KEN,Kenya,2010,0.0166382187818553,0.0,0.0,0.0166382187818553,,,,,,65
KEN,Kenya,2011,0.0288123870707702,0.0,0.0,0.0288123870707702,,,,,,66
KEN,Kenya,2012,0.0230878177338188,0.0,0.0,0.0230878177338188,,,,,,67
KEN,Kenya,2013,0.0251947780243645,0.0,0.0,0.0251947780243645,,,,,,68
KEN,Kenya,2014,0.0225273671136455,0.0,0.0,0.0225273671136455,,,,,,69
KEN,Kenya,2015,0.0076633080251844,0.0,0.0,0.0076633080251844,,,,,,70
KEN,Kenya,2016,0.0065870720582815,0.0,0.0,0.0065870720582815,,,,,,71
KEN,Kenya,2017,0.0,0.0,0.0,0.0,,,,,,72
KEN,Kenya,2018,0.0014697438220376,0.0,0.0,0.0014697438220376,,,,,,73
KEN,Kenya,2019,0.0028424927071065,0.0,0.0,0.0028424927071065,,,,,,74
KEN,Kenya,2020,0.0,0.0,0.0,0.0,,,,,,75
KEN,Kenya,2021,0.0,0.0,0.0,0.0,,,,,,76
KEN,Kenya,2022,,,,,,,,,,77
KEN,Kenya,2023,,,,,,,,,,78
KEN,Kenya,2024,,,,,,,,,,79
KEN,Kenya,2025,,,,,,,,,,80
KGZ,Kyrgyz Republic,1960,,,,,,,,,,15
KGZ,Kyrgyz Republic,1961,,,,,,,,,,16
KGZ,Kyrgyz Republic,1962,,,,,,,,,,17
KGZ,Kyrgyz Republic,1963,,,,,,,,,,18
KGZ,Kyrgyz Republic,1964,,,,,,,,,,19
KGZ,Kyrgyz Republic,1965,,,,,,,,,,20
KGZ,Kyrgyz Republic,1966,,,,,,,,,,21
KGZ,Kyrgyz Republic,1967,,,,,,,,,,22
KGZ,Kyrgyz Republic,1968,,,,,,,,,,23
KGZ,Kyrgyz Republic,1969,,,,,,,,,,24
KGZ,Kyrgyz Republic,1970,,,,,,,,,,25
KGZ,Kyrgyz Republic,1971,,,,,,,,,,26
KGZ,Kyrgyz Republic,1972,,,,,,,,,,27
KGZ,Kyrgyz Republic,1973,,,,,,,,,,28
KGZ,Kyrgyz Republic,1974,,,,,,,,,,29
KGZ,Kyrgyz Republic,1975,,,,,,,,,,30
KGZ,Kyrgyz Republic,1976,,,,,,,,,,31
KGZ,Kyrgyz Republic,1977,,,,,,,,,,32
KGZ,Kyrgyz Republic,1978,,,,,,,,,,33
KGZ,Kyrgyz Republic,1979,,,,,,,,,,34
KGZ,Kyrgyz Republic,1980,,,,,,,,,,35
KGZ,Kyrgyz Republic,1981,,,,,,,,,,36
KGZ,Kyrgyz Republic,1982,,,,,,,,,,37
KGZ,Kyrgyz Republic,1983,,,,,,,,,,38
KGZ,Kyrgyz Republic,1984,,,,,,,,,,39
KGZ,Kyrgyz Republic,1985,,,,,,,,,,40
KGZ,Kyrgyz Republic,1986,,,,,,,,,,41
KGZ,Kyrgyz Republic,1987,,,,,,,,,,42
KGZ,Kyrgyz Republic,1988,,,,,,,,,,43
KGZ,Kyrgyz Republic,1989,,,,,,,,,,44
KGZ,Kyrgyz Republic,1990,0.569568177845945,0.45606428703714,0.0626850052273232,1.0883174701104081,,,,,,45
KGZ,Kyrgyz Republic,1991,0.256472177966228,0.418749623030347,0.0395058718147468,0.7147276728113219,,,,,,46
KGZ,Kyrgyz Republic,1992,0.267890819437102,0.163703874963516,0.0233967691972826,0.45499146359790066,,,,,,47
KGZ,Kyrgyz Republic,1993,0.257949979209785,0.0207857517245388,0.0239351605376438,0.3026708914719676,,,,,,48
KGZ,Kyrgyz Republic,1994,0.226697701333719,0.0169227062138813,0.0247106774040708,0.26833108495167113,,,,,,49
KGZ,Kyrgyz Republic,1995,0.31522046396522,0.0402887332114325,0.0452527003605958,0.40076189753724833,,,,,,50
KGZ,Kyrgyz Republic,1996,0.400655642198215,0.0195555351289102,0.027946100086444,0.4481572774135692,,,,,,51
KGZ,Kyrgyz Republic,1997,0.393096429371806,0.0119171227264542,0.0233567487880218,0.428370300886282,,,,,,52
KGZ,Kyrgyz Republic,1998,0.091713922237507,0.016510213150811,0.0024649499943847,0.1106890853827027,,,,,,53
KGZ,Kyrgyz Republic,1999,0.346301645426506,0.0037199686744308,0.0023656304739062,0.352387244574843,,,,,,54
KGZ,Kyrgyz Republic,2000,0.900163529762309,0.03503197691603,0.0183743993584071,0.9535699060367461,,,,,,55
KGZ,Kyrgyz Republic,2001,0.589736237550232,0.119776193517,0.0433044312245958,0.7528168622918278,,,,,,56
KGZ,Kyrgyz Republic,2002,0.445969369196253,0.0391165928677559,0.020217360910022,0.5053033229740309,,,,,,57
KGZ,Kyrgyz Republic,2003,0.398560924925991,0.0305895344385065,0.048675322575388,0.47782578193988545,,,,,,58
KGZ,Kyrgyz Republic,2004,0.475114651060121,0.26902172298262,0.0400876318612614,0.7842240059040024,,,,,,59
KGZ,Kyrgyz Republic,2005,0.900674260856272,0.115019797922825,0.0314911142930956,1.0471851730721926,,,,,,60
KGZ,Kyrgyz Republic,2006,0.901919856447568,0.100806703723948,0.0532136005561311,1.055940160727647,,,,,,61
KGZ,Kyrgyz Republic,2007,0.372572936622736,0.152101434131713,0.0294386056493686,0.5541129764038176,,,,,,62
KGZ,Kyrgyz Republic,2008,0.419785696717881,0.427096068416551,0.0495559616786454,0.8964377268130774,,,,,,63
KGZ,Kyrgyz Republic,2009,0.240382537421539,0.172862286981781,0.0255451846363182,0.4387900090396382,,,,,,64
KGZ,Kyrgyz Republic,2010,0.293982876159289,0.303050305289713,0.0181811955533565,0.6152143770023585,,,,,,65
KGZ,Kyrgyz Republic,2011,0.386664882614064,0.416326855099761,0.0175896749006956,0.8205814126145206,,,,,,66
KGZ,Kyrgyz Republic,2012,0.358817908971423,0.236331327157742,0.0526690838341321,0.6478183199632972,,,,,,67
KGZ,Kyrgyz Republic,2013,0.308548395714406,0.13882888823816,0.0361147069496845,0.48349199090225053,,,,,,68
KGZ,Kyrgyz Republic,2014,0.290808188479066,0.151111714831141,0.0040133476424633,0.4459332509526703,,,,,,69
KGZ,Kyrgyz Republic,2015,0.0350561205770026,0.129856171145207,0.0027051725159668,0.16761746423817642,,,,,,70
KGZ,Kyrgyz Republic,2016,0.0524748993735499,0.129937189552705,0.001112323777365,0.1835244127036199,,,,,,71
KGZ,Kyrgyz Republic,2017,0.0925684065781225,0.154626266886822,0.001236299735989,0.2484309732009335,,,,,,72
KGZ,Kyrgyz Republic,2018,0.134682037189741,0.218169107095955,0.0016108490837967,0.3544619933694927,,,,,,73
KGZ,Kyrgyz Republic,2019,0.103713879600644,0.160152432876729,0.0009316247507785,0.26479793722815154,,,,,,74
KGZ,Kyrgyz Republic,2020,0.0514871230911807,0.172697754818117,0.0004588789649533,0.224643756874251,,,,,,75
KGZ,Kyrgyz Republic,2021,0.0824296570356698,0.257836525140979,0.0020805476014286,0.3423467297780774,,,,,,76
KGZ,Kyrgyz Republic,2022,,,,,,,,,,77
KGZ,Kyrgyz Republic,2023,,,,,,,,,,78
KGZ,Kyrgyz Republic,2024,,,,,,,,,,79
KGZ,Kyrgyz Republic,2025,,,,,,,,,,80
KHM,Cambodia,1960,,,,,,,,,,15
KHM,Cambodia,1961,,,,,,,,,,16
KHM,Cambodia,1962,,,,,,,,,,17
KHM,Cambodia,1963,,,,,,,,,,18
KHM,Cambodia,1964,,,,,,,,,,19
KHM,Cambodia,1965,,,,,,,,,,20
KHM,Cambodia,1966,,,,,,,,,,21
KHM,Cambodia,1967,,,,,,,,,,22
KHM,Cambodia,1968,,,,,,,,,,23
KHM,Cambodia,1969,,,,,,,,,,24
KHM,Cambodia,1970,,,,,,,,,,25
KHM,Cambodia,1971,,,,,,,,,,26
KHM,Cambodia,1972,,,,,,,,,,27
KHM,Cambodia,1973,,,,,,,,,,28
KHM,Cambodia,1974,,,,,,,,,,29
KHM,Cambodia,1975,,,,,,,,,,30
KHM,Cambodia,1976,,,,,,,,,,31
KHM,Cambodia,1977,,,,,,,,,,32
KHM,Cambodia,1978,,,,,,,,,,33
KHM,Cambodia,1979,,,,,,,,,,34
KHM,Cambodia,1980,,,,,,,,,,35
KHM,Cambodia,1981,,,,,,,,,,36
KHM,Cambodia,1982,,,,,,,,,,37
KHM,Cambodia,1983,,,,,,,,,,38
KHM,Cambodia,1984,,,,,,,,,,39
KHM,Cambodia,1985,,,,,,,,,,40
KHM,Cambodia,1986,,,,,,,,,,41
KHM,Cambodia,1987,,,,,,,,,,42
KHM,Cambodia,1988,,,,,,,,,,43
KHM,Cambodia,1989,,,,,,,,,,44
KHM,Cambodia,1990,,,,,,,,,,45
KHM,Cambodia,1991,,,,,,,,,,46
KHM,Cambodia,1992,,,,,,,,,,47
KHM,Cambodia,1993,0.0,,0.0,0.0,,,,,,48
KHM,Cambodia,1994,0.0,,0.0,0.0,,,,,,49
KHM,Cambodia,1995,0.0,0.0,0.0,0.0,,,,,,50
KHM,Cambodia,1996,0.0,0.0,0.0,0.0,,,,,,51
KHM,Cambodia,1997,0.0,0.0,0.0,0.0,,,,,,52
KHM,Cambodia,1998,0.0,0.0,0.0,0.0,,,,,,53
KHM,Cambodia,1999,0.0,0.0,0.0,0.0,,,,,,54
KHM,Cambodia,2000,0.0,0.0,0.0,0.0,,,,,,55
KHM,Cambodia,2001,0.0,0.0,0.0,0.0,,,,,,56
KHM,Cambodia,2002,0.0,0.0,0.0,0.0,,,,,,57
KHM,Cambodia,2003,0.0,0.0,0.0,0.0,,,,,,58
KHM,Cambodia,2004,0.0,0.0,0.0,0.0,,,,,,59
KHM,Cambodia,2005,0.0,0.0,0.0,0.0,,,,,,60
KHM,Cambodia,2006,0.0,0.0,0.0,0.0,,,,,,61
KHM,Cambodia,2007,0.0,0.0,0.0,0.0,,,,,,62
KHM,Cambodia,2008,0.0,0.0,0.0,0.0,,,,,,63
KHM,Cambodia,2009,,0.0,0.0,0.0,,,,,,64
KHM,Cambodia,2010,0.0,0.0,0.0,0.0,,,,,,65
KHM,Cambodia,2011,0.0,0.0,0.0,0.0,,,,,,66
KHM,Cambodia,2012,0.0,0.0,0.0,0.0,,,,,,67
KHM,Cambodia,2013,0.0,0.0,0.0,0.0,,,,,,68
KHM,Cambodia,2014,0.0,0.0,0.0,0.0,,,,,,69
KHM,Cambodia,2015,0.0,0.0,0.0,0.0,,,,,,70
KHM,Cambodia,2016,0.0,0.0,0.0,0.0,,,,,,71
KHM,Cambodia,2017,0.0,0.001783860810394,0.0,0.001783860810394,,,,,,72
KHM,Cambodia,2018,0.0,0.0029270417357382,0.0,0.0029270417357382,,,,,,73
KHM,Cambodia,2019,0.0,0.0023028938556691,0.0,0.0023028938556691,,,,,,74
KHM,Cambodia,2020,0.000136728305235,0.002409511926092,0.0,0.002546240231327,,,,,,75
KHM,Cambodia,2021,0.0410317572268778,0.0048054450007172,0.0,0.045837202227595006,,,,,,76
KHM,Cambodia,2022,,,,,,,,,,77
KHM,Cambodia,2023,,,,,,,,,,78
KHM,Cambodia,2024,,,,,,,,,,79
KHM,Cambodia,2025,,,,,,,,,,80
KIR,Kiribati,1960,,,,,,,,,,15
KIR,Kiribati,1961,,,,,,,,,,16
KIR,Kiribati,1962,,,,,,,,,,17
KIR,Kiribati,1963,,,,,,,,,,18
KIR,Kiribati,1964,,,,,,,,,,19
KIR,Kiribati,1965,,,,,,,,,,20
KIR,Kiribati,1966,,,,,,,,,,21
KIR,Kiribati,1967,,,,,,,,,,22
KIR,Kiribati,1968,,,,,,,,,,23
KIR,Kiribati,1969,,,,,,,,,,24
KIR,Kiribati,1970,,,,,,,,,,25
KIR,Kiribati,1971,,,,,,,,,,26
KIR,Kiribati,1972,,,,,,,,,,27
KIR,Kiribati,1973,,,,,,,,,,28
KIR,Kiribati,1974,,,,,,,,,,29
KIR,Kiribati,1975,,,,,,,,,,30
KIR,Kiribati,1976,,,,,,,,,,31
KIR,Kiribati,1977,,,,,,,,,,32
KIR,Kiribati,1978,,,,,,,,,,33
KIR,Kiribati,1979,,,,,,,,,,34
KIR,Kiribati,1980,0.0,0.0,0.0,0.0,,,,,,35
KIR,Kiribati,1981,0.0,0.0,0.0,0.0,,,,,,36
KIR,Kiribati,1982,0.0,0.0,0.0,0.0,,,,,,37
KIR,Kiribati,1983,0.0,0.0,0.0,0.0,,,,,,38
KIR,Kiribati,1984,0.0,0.0,0.0,0.0,,,,,,39
KIR,Kiribati,1985,0.0,0.0,0.0,0.0,,,,,,40
KIR,Kiribati,1986,0.0,0.0,0.0,0.0,,,,,,41
KIR,Kiribati,1987,0.0,0.0,0.0,0.0,,,,,,42
KIR,Kiribati,1988,0.0,0.0,0.0,0.0,,,,,,43
KIR,Kiribati,1989,0.0,0.0,0.0,0.0,,,,,,44
KIR,Kiribati,1990,0.0,0.0,0.0,0.0,,,,,,45
KIR,Kiribati,1991,0.0,0.0,0.0,0.0,,,,,,46
KIR,Kiribati,1992,0.0,0.0,0.0,0.0,,,,,,47
KIR,Kiribati,1993,0.0,0.0,0.0,0.0,,,,,,48
KIR,Kiribati,1994,0.0,0.0,0.0,0.0,,,,,,49
KIR,Kiribati,1995,0.0,0.0,0.0,0.0,,,,,,50
KIR,Kiribati,1996,0.0,0.0,0.0,0.0,,,,,,51
KIR,Kiribati,1997,0.0,0.0,0.0,0.0,,,,,,52
KIR,Kiribati,1998,0.0,0.0,0.0,0.0,,,,,,53
KIR,Kiribati,1999,0.0,0.0,0.0,0.0,,,,,,54
KIR,Kiribati,2000,0.0,0.0,0.0,0.0,,,,,,55
KIR,Kiribati,2001,0.0,0.0,0.0,0.0,,,,,,56
KIR,Kiribati,2002,0.0,0.0,0.0,0.0,,,,,,57
KIR,Kiribati,2003,0.0,0.0,0.0,0.0,,,,,,58
KIR,Kiribati,2004,0.0,0.0,0.0,0.0,,,,,,59
KIR,Kiribati,2005,0.0,0.0,0.0,0.0,,,,,,60
KIR,Kiribati,2006,0.0,0.0,0.0,0.0,,,,,,61
KIR,Kiribati,2007,0.0,0.0,0.0,0.0,,,,,,62
KIR,Kiribati,2008,0.0,0.0,0.0,0.0,,,,,,63
KIR,Kiribati,2009,0.0,0.0,0.0,0.0,,,,,,64
KIR,Kiribati,2010,0.0,0.0,0.0,0.0,,,,,,65
KIR,Kiribati,2011,0.0,0.0,0.0,0.0,,,,,,66
KIR,Kiribati,2012,0.0,0.0,0.0,0.0,,,,,,67
KIR,Kiribati,2013,0.0,0.0,0.0,0.0,,,,,,68
KIR,Kiribati,2014,0.0,0.0,0.0,0.0,,,,,,69
KIR,Kiribati,2015,0.0,0.0,0.0,0.0,,,,,,70
KIR,Kiribati,2016,0.0,0.0,0.0,0.0,,,,,,71
KIR,Kiribati,2017,0.0,0.0,0.0,0.0,,,,,,72
KIR,Kiribati,2018,0.0,0.0,0.0,0.0,,,,,,73
KIR,Kiribati,2019,0.0,0.0,0.0,0.0,,,,,,74
KIR,Kiribati,2020,0.0,0.0,0.0,0.0,,,,,,75
KIR,Kiribati,2021,0.0,0.0,0.0,0.0,,,,,,76
KIR,Kiribati,2022,,,,,,,,,,77
KIR,Kiribati,2023,,,,,,,,,,78
KIR,Kiribati,2024,,,,,,,,,,79
KIR,Kiribati,2025,,,,,,,,,,80
KNA,St. Kitts and Nevis,1960,,,,,,,,,,15
KNA,St. Kitts and Nevis,1961,,,,,,,,,,16
KNA,St. Kitts and Nevis,1962,,,,,,,,,,17
KNA,St. Kitts and Nevis,1963,,,,,,,,,,18
KNA,St. Kitts and Nevis,1964,,,,,,,,,,19
KNA,St. Kitts and Nevis,1965,,,,,,,,,,20
KNA,St. Kitts and Nevis,1966,,,,,,,,,,21
KNA,St. Kitts and Nevis,1967,,,,,,,,,,22
KNA,St. Kitts and Nevis,1968,,,,,,,,,,23
KNA,St. Kitts and Nevis,1969,,,,,,,,,,24
KNA,St. Kitts and Nevis,1970,,,,,,,,,,25
KNA,St. Kitts and Nevis,1971,,,,,,,,,,26
KNA,St. Kitts and Nevis,1972,,,,,,,,,,27
KNA,St. Kitts and Nevis,1973,,,,,,,,,,28
KNA,St. Kitts and Nevis,1974,,,,,,,,,,29
KNA,St. Kitts and Nevis,1975,,,,,,,,,,30
KNA,St. Kitts and Nevis,1976,,,,,,,,,,31
KNA,St. Kitts and Nevis,1977,,,,,,,,,,32
KNA,St. Kitts and Nevis,1978,,,,,,,,,,33
KNA,St. Kitts and Nevis,1979,,,,,,,,,,34
KNA,St. Kitts and Nevis,1980,0.0,0.0,0.0,0.0,,,,,,35
KNA,St. Kitts and Nevis,1981,0.0,0.0,0.0,0.0,,,,,,36
KNA,St. Kitts and Nevis,1982,0.0,0.0,0.0,0.0,,,,,,37
KNA,St. Kitts and Nevis,1983,0.0,0.0,0.0,0.0,,,,,,38
KNA,St. Kitts and Nevis,1984,0.0,0.0,0.0,0.0,,,,,,39
KNA,St. Kitts and Nevis,1985,0.0,0.0,0.0,0.0,,,,,,40
KNA,St. Kitts and Nevis,1986,0.0,0.0,0.0,0.0,,,,,,41
KNA,St. Kitts and Nevis,1987,0.0,0.0,0.0,0.0,,,,,,42
KNA,St. Kitts and Nevis,1988,0.0,0.0,0.0,0.0,,,,,,43
KNA,St. Kitts and Nevis,1989,0.0,0.0,0.0,0.0,,,,,,44
KNA,St. Kitts and Nevis,1990,0.0,0.0,0.0,0.0,,,,,,45
KNA,St. Kitts and Nevis,1991,0.0,0.0,0.0,0.0,,,,,,46
KNA,St. Kitts and Nevis,1992,0.0,0.0,0.0,0.0,,,,,,47
KNA,St. Kitts and Nevis,1993,0.0,0.0,0.0,0.0,,,,,,48
KNA,St. Kitts and Nevis,1994,0.0,0.0,0.0,0.0,,,,,,49
KNA,St. Kitts and Nevis,1995,0.0,0.0,0.0,0.0,,,,,,50
KNA,St. Kitts and Nevis,1996,0.0,0.0,0.0,0.0,,,,,,51
KNA,St. Kitts and Nevis,1997,0.0,0.0,0.0,0.0,,,,,,52
KNA,St. Kitts and Nevis,1998,0.0,0.0,0.0,0.0,,,,,,53
KNA,St. Kitts and Nevis,1999,0.0,0.0,0.0,0.0,,,,,,54
KNA,St. Kitts and Nevis,2000,0.0,0.0,0.0,0.0,,,,,,55
KNA,St. Kitts and Nevis,2001,0.0,0.0,0.0,0.0,,,,,,56
KNA,St. Kitts and Nevis,2002,0.0,0.0,0.0,0.0,,,,,,57
KNA,St. Kitts and Nevis,2003,0.0,0.0,0.0,0.0,,,,,,58
KNA,St. Kitts and Nevis,2004,0.0,0.0,0.0,0.0,,,,,,59
KNA,St. Kitts and Nevis,2005,0.0,0.0,0.0,0.0,,,,,,60
KNA,St. Kitts and Nevis,2006,0.0,0.0,0.0,0.0,,,,,,61
KNA,St. Kitts and Nevis,2007,0.0,0.0,0.0,0.0,,,,,,62
KNA,St. Kitts and Nevis,2008,0.0,0.0,0.0,0.0,,,,,,63
KNA,St. Kitts and Nevis,2009,0.0,0.0,0.0,0.0,,,,,,64
KNA,St. Kitts and Nevis,2010,0.0,0.0,0.0,0.0,,,,,,65
KNA,St. Kitts and Nevis,2011,0.0,0.0,0.0,0.0,,,,,,66
KNA,St. Kitts and Nevis,2012,0.0,0.0,0.0,0.0,,,,,,67
KNA,St. Kitts and Nevis,2013,0.0,0.0,0.0,0.0,,,,,,68
KNA,St. Kitts and Nevis,2014,0.0,0.0,0.0,0.0,,,,,,69
KNA,St. Kitts and Nevis,2015,0.0,0.0,0.0,0.0,,,,,,70
KNA,St. Kitts and Nevis,2016,0.0,0.0,0.0,0.0,,,,,,71
KNA,St. Kitts and Nevis,2017,0.0,0.0,0.0,0.0,,,,,,72
KNA,St. Kitts and Nevis,2018,0.0,0.0,0.0,0.0,,,,,,73
KNA,St. Kitts and Nevis,2019,0.0,0.0,0.0,0.0,,,,,,74
KNA,St. Kitts and Nevis,2020,0.0,0.0,0.0,0.0,,,,,,75
KNA,St. Kitts and Nevis,2021,0.0,0.0,0.0,0.0,,,,,,76
KNA,St. Kitts and Nevis,2022,,,,,,,,,,77
KNA,St. Kitts and Nevis,2023,,,,,,,,,,78
KNA,St. Kitts and Nevis,2024,,,,,,,,,,79
KNA,St. Kitts and Nevis,2025,,,,,,,,,,80
KOR,"Korea, Rep.",1960,,,,,,,,,,15
KOR,"Korea, Rep.",1961,,,,,,,,,,16
KOR,"Korea, Rep.",1962,,,,,,,,,,17
KOR,"Korea, Rep.",1963,,,,,,,,,,18
KOR,"Korea, Rep.",1964,,,,,,,,,,19
KOR,"Korea, Rep.",1965,,,,,,,,,,20
KOR,"Korea, Rep.",1966,,,,,,,,,,21
KOR,"Korea, Rep.",1967,,,,,,,,,,22
KOR,"Korea, Rep.",1968,,,,,,,,,,23
KOR,"Korea, Rep.",1969,,,,,,,,,,24
KOR,"Korea, Rep.",1970,,,,,,,,,,25
KOR,"Korea, Rep.",1971,0.0,0.008498855338315,0.0,0.008498855338315,,,,,,26
KOR,"Korea, Rep.",1972,0.0,0.0086341629897969,0.0,0.0086341629897969,,,,,,27
KOR,"Korea, Rep.",1973,0.0,0.0124646978801575,0.0,0.0124646978801575,,,,,,28
KOR,"Korea, Rep.",1974,0.0,0.160024147419944,0.0,0.160024147419944,,,,,,29
KOR,"Korea, Rep.",1975,0.0,0.611783236512105,0.0,0.611783236512105,,,,,,30
KOR,"Korea, Rep.",1976,0.0,0.420923323555965,0.0,0.420923323555965,,,,,,31
KOR,"Korea, Rep.",1977,0.0,0.351481549971064,0.0,0.351481549971064,,,,,,32
KOR,"Korea, Rep.",1978,0.0,0.217843536377056,0.0,0.217843536377056,,,,,,33
KOR,"Korea, Rep.",1979,0.0,0.163080658926094,0.0,0.163080658926094,,,,,,34
KOR,"Korea, Rep.",1980,0.0,0.303847959413872,0.0,0.303847959413872,,,,,,35
KOR,"Korea, Rep.",1981,0.0,0.532445138948635,0.0,0.532445138948635,,101.65318,,,101.65318,36
KOR,"Korea, Rep.",1982,0.0,0.533370300470617,0.0,0.533370300470617,,102.93759,,,102.93759,37
KOR,"Korea, Rep.",1983,0.0,0.231659509685997,0.0,0.231659509685997,,101.632706,,,101.632706,38
KOR,"Korea, Rep.",1984,0.0,0.151205056297403,0.0,0.151205056297403,,109.35456,,,109.35456,39
KOR,"Korea, Rep.",1985,0.0,0.193226358137768,0.0,0.193226358137768,,115.35704,,,115.35704,40
KOR,"Korea, Rep.",1986,0.0,0.0848089460919008,0.0,0.0848089460919008,87.29692,124.10745,,,124.10745,41
KOR,"Korea, Rep.",1987,0.0,0.0028530747463036,0.0,0.0028530747463036,84.14296,124.21491,,,124.21491,42
KOR,"Korea, Rep.",1988,0.0,0.0283420176358323,0.0,0.0283420176358323,85.81299,124.32237,,,124.32237,43
KOR,"Korea, Rep.",1989,0.0,0.0328569945433949,0.0,0.0328569945433949,84.506966,106.361,,,106.361,44
KOR,"Korea, Rep.",1990,0.0,0.0272590874329558,0.0,0.0272590874329558,84.72385,90.10517,,,90.10517,45
KOR,"Korea, Rep.",1991,0.0,0.0165510745087183,0.0,0.0165510745087183,85.831535,78.80604,,,78.80604,46
KOR,"Korea, Rep.",1992,0.0,0.0056584979697933,0.0,0.0056584979697933,87.37644,62.639763,,,62.639763,47
KOR,"Korea, Rep.",1993,0.0,0.0002963610049157,0.0,0.0002963610049157,88.07541,49.231533,,,49.231533,48
KOR,"Korea, Rep.",1994,0.0,0.0002084778242016,0.0,0.0002084778242016,89.010216,38.717434,,,38.717434,49
KOR,"Korea, Rep.",1995,0.0,0.0019032267066326,0.0,0.0019032267066326,88.4424,29.93562,,,29.93562,50
KOR,"Korea, Rep.",1996,0.0,0.0003007209502089,0.0,0.0003007209502089,88.47254,25.911058,,,25.911058,51
KOR,"Korea, Rep.",1997,0.0045441462305219,0.0001347443889631,0.0,0.0046788906194849995,89.025986,23.613552,,,23.613552,52
KOR,"Korea, Rep.",1998,0.0042366697066015,0.0006115639398864,0.0,0.0048482336464879,86.0019,22.823294,,,22.823294,53
KOR,"Korea, Rep.",1999,0.00668755018612,0.0002043089150077,0.0,0.0068918591011277,85.27855,21.964998,,,21.964998,54
KOR,"Korea, Rep.",2000,0.0171114384123705,0.0010203696930801,0.0,0.0181318081054506,85.29118,21.719025,,,21.719025,55
KOR,"Korea, Rep.",2001,0.0117084529963086,0.0074905749355915,0.0,0.0191990279319001,85.333115,19.976269,,,19.976269,56
KOR,"Korea, Rep.",2002,0.0095743357150873,0.0006903412836673,0.0,0.0102646769987546,85.06347,17.364754,,,17.364754,57
KOR,"Korea, Rep.",2003,0.0089188228034682,0.0005717909325146,0.0,0.0094906137359828,84.19376,17.260084,,,17.260084,58
KOR,"Korea, Rep.",2004,0.0104071686453881,0.0075835846246811,0.0013445848300307,0.0193353381000999,84.51284,16.700098,,,16.700098,59
KOR,"Korea, Rep.",2005,0.0152754218373255,0.0037975636256206,0.0045793537016514,0.023652339164597497,83.21438,14.821272,,,14.821272,60
KOR,"Korea, Rep.",2006,0.0186508346760964,0.0036494216609673,0.0029059429734621,0.0252061993105258,83.31407,14.779405,,,14.779405,61
KOR,"Korea, Rep.",2007,0.0198193989631689,0.0057802339130398,0.0025335512659642,0.0281331841421729,84.329254,15.607344,,,15.607344,62
KOR,"Korea, Rep.",2008,0.0327981749761399,0.015710328504768,0.0031433364695756,0.051651839950483495,83.73561,14.996245,,,14.996245,63
KOR,"Korea, Rep.",2009,0.023956728591914,0.0049166510922931,0.0035177285279006,0.0323911082121077,84.13214,13.622626,,,13.622626,64
KOR,"Korea, Rep.",2010,0.0438448106743931,0.0066702816635492,0.0036050078043883,0.0541201001423306,85.13432,11.270167,,,11.270167,65
KOR,"Korea, Rep.",2011,0.0596703107786387,0.0086686532045489,0.0029791805395398,0.0713181445227274,85.186806,11.270167,,,11.270167,66
KOR,"Korea, Rep.",2012,0.0569097069190274,0.0048187757508772,0.0027206161612154,0.06444909883112,85.650116,10.958949,,,10.958949,67
KOR,"Korea, Rep.",2013,0.0461384584384727,0.0028374905082032,0.0028328691488789,0.0518088180955548,86.565636,9.498802,,,9.498802,68
KOR,"Korea, Rep.",2014,0.0403191275638592,0.0020425639768785,0.0022569821681547,0.0446186737088924,84.8294,9.148158,,,9.148158,69
KOR,"Korea, Rep.",2015,0.0184101263141833,0.0011509345645292,0.0016237820738286,0.0211848429525411,84.17619,9.2318945,,,9.2318945,70
KOR,"Korea, Rep.",2016,0.0154774466539604,0.0012376422044753,0.0013320109997031,0.0180470998581388,84.79418,9.033021,,,9.033021,71
KOR,"Korea, Rep.",2017,0.0156129162216889,0.0013673600325712,0.0026478234498813,0.0196280997041414,85.87329,8.16897,,,8.16897,72
KOR,"Korea, Rep.",2018,0.0251346708672274,0.0011630714213993,0.0040776666433177,0.030375408931944396,87.09773,6.601188,,,6.601188,73
KOR,"Korea, Rep.",2019,0.0191641999802525,0.0008473327351183,0.0049699083054345,0.0249814410208053,85.64268,5.9630733,,,5.9630733,74
KOR,"Korea, Rep.",2020,0.0089868127458981,0.0006751820324371,0.0043477309220448,0.014009725700380001,83.54057,5.605509,,,5.605509,75
KOR,"Korea, Rep.",2021,0.0283124162355571,0.0010989018725859,0.0051989680684581,0.0346102861766011,84.15904,4.939889,,,4.939889,76
KOR,"Korea, Rep.",2022,,,,,82.633385,4.491739,,,4.491739,77
KOR,"Korea, Rep.",2023,,,,,81.78873,3.5380657,,,3.5380657,78
KOR,"Korea, Rep.",2024,,,,,81.212456,2.9744074,,,2.9744074,79
KOR,"Korea, Rep.",2025,,,,,81.26977,2.3006468,,,2.3006468,80
KWT,Kuwait,1960,,,,,,,,,,15
KWT,Kuwait,1961,,,,,,,,,,16
KWT,Kuwait,1962,,,,,,,,,,17
KWT,Kuwait,1963,,,,,,,,,,18
KWT,Kuwait,1964,,,,,,,,,,19
KWT,Kuwait,1965,,,,,,,1384.1022,,1384.1022,20
KWT,Kuwait,1966,,,,,,,1460.2218,,1460.2218,21
KWT,Kuwait,1967,,,,,,,1469.943,,1469.943,22
KWT,Kuwait,1968,,,,,,,1548.2809,,1548.2809,23
KWT,Kuwait,1969,,,,,,,1638.7595,,1638.7595,24
KWT,Kuwait,1970,34.8911039745328,,,34.8911039745328,,,1765.4216,19.351501,1784.773101,25
KWT,Kuwait,1971,36.7302750498032,0.0,0.851886053989745,37.58216110379294,,,1890.4507,19.987999,1910.438699,26
KWT,Kuwait,1972,41.9853561576658,0.0,0.960219165266502,42.9455753229323,,,1946.2715,23.626501,1969.898001,27
KWT,Kuwait,1973,47.6711751051206,0.0,0.856837949307764,48.528013054428364,,,1788.6992,26.467,1815.1662000000001,28
KWT,Kuwait,1974,70.8100381605946,0.0,0.36045628919285,71.17049444978745,,,1510.3931,27.8445,1538.2376,29
KWT,Kuwait,1975,62.0863342265801,0.0,0.675496613229674,62.761830839809775,,,1236.8494,30.514,1267.3634,30
KWT,Kuwait,1976,63.7748698739161,0.0,0.67497944117705,64.44984931509315,,,1278.2631,36.708,1314.9711,31
KWT,Kuwait,1977,58.735191956127,0.0,0.820943882893687,59.55613583902068,,,1172.0682,40.023502,1212.091702,32
KWT,Kuwait,1978,59.2538620326741,0.0,0.907278932238488,60.16114096491259,,,1265.1078,44.8495,1309.9573,33
KWT,Kuwait,1979,,,,,,,1507.4767,59.384502,1566.861202,34
KWT,Kuwait,1980,67.0485655420012,0.0,0.795505600311114,67.84407114231232,,,1009.875,38.6745,1048.5495,35
KWT,Kuwait,1981,46.2341064084909,0.0,0.604190546249378,46.83829695474028,,,681.79614,44.498,726.2941400000001,36
KWT,Kuwait,1982,32.4824454817627,0.0,0.209023065553326,32.69146854731603,,,496.1857,34.912502,531.098202,37
KWT,Kuwait,1983,42.1070948445943,0.0,0.75934314966126,42.86643799425556,,,639.71454,38.3325,678.04704,38
KWT,Kuwait,1984,43.8536051297251,0.0,0.705521794993585,44.55912692471869,,,706.256,41.572,747.828,39
KWT,Kuwait,1985,34.8846039767679,0.0,0.672722451864901,35.5573264286328,,,645.34283,39.899998,685.242828,40
KWT,Kuwait,1986,25.9575961918451,0.0,0.97547862887433,26.93307482071943,,,690.7675,54.435,745.2025000000001,41
KWT,Kuwait,1987,23.618710661554,0.0,0.572766397853557,24.191477059407557,,,606.09753,45.41,651.50753,42
KWT,Kuwait,1988,26.1468844836338,0.0,0.904233295924451,27.051117779558254,,,733.22754,64.979996,798.207536,43
KWT,Kuwait,1989,33.5687910279753,0.0,0.897716819238469,34.46650784721377,,,795.61633,77.52,873.1363299999999,44
KWT,Kuwait,1990,38.8702984792295,0.0,0.651183249820197,39.5214817290497,,,544.2467,39.805,584.0517,45
KWT,Kuwait,1991,13.2175755622103,0.0,0.215928765430964,13.433504327641264,,,107.19352,4.75,111.94352,46
KWT,Kuwait,1992,28.1344138531383,0.0,0.674504339045983,28.808918192184283,,,627.50287,24.89,652.39287,47
KWT,Kuwait,1993,39.371407198475,0.0,1.03684391592237,40.408251114397366,,,1123.2484,51.489998,1174.738398,48
KWT,Kuwait,1994,36.6059380592587,0.0,1.12128773466077,37.727225793919466,,,1202.0442,56.715,1258.7592,49
KWT,Kuwait,1995,36.227064016639,0.0,1.10347928796571,37.33054330460471,,,1219.8584,88.141,1307.9994000000002,50
KWT,Kuwait,1996,40.1364091145126,0.0,1.04256872930367,41.17897784381627,,,1222.6143,88.369,1310.9832999999999,51
KWT,Kuwait,1997,38.3929185854833,0.0,1.14732100198997,39.54023958747327,,,1222.4785,88.065,1310.5435,52
KWT,Kuwait,1998,27.927039066817,0.0,1.27688989600101,29.203928962818008,,,1279.338,90.1645,1369.5025,53
KWT,Kuwait,1999,33.8805324667688,0.0,0.955691240167222,34.83622370693602,,,1192.7302,82.536,1275.2662,54
KWT,Kuwait,2000,50.2892381187247,0.0,1.07488964584328,51.364127764567975,100.0,,1278.0026,91.2,1369.2026,55
KWT,Kuwait,2001,42.7980143074398,0.0,1.29022077016935,44.08823507760915,100.0,,1238.9849,90.25,1329.2349,56
KWT,Kuwait,2002,37.2003716194143,0.0,0.928084779806332,38.12845639922063,99.99999,,1148.5774,82.744995,1231.322395,57
KWT,Kuwait,2003,39.816851302288,0.0,0.81882112644548,40.63567242873348,100.0,,1344.474,95.0,1439.474,58
KWT,Kuwait,2004,46.1128336408051,0.0,0.76931436633299,46.88214800713809,99.99999,,1433.8256,103.549995,1537.375595,59
KWT,Kuwait,2005,53.3164834648164,0.0,0.821700960754246,54.13818442557065,100.0,,1516.6808,116.85,1633.5308,60
KWT,Kuwait,2006,51.0394540758358,0.0,0.742307369022942,51.78176144485874,99.99999,,1555.5902,117.895,1673.4852,61
KWT,Kuwait,2007,48.1550015709463,0.0,0.618508798827339,48.77351036977364,100.0,,1512.2474,106.96999,1619.21739,62
KWT,Kuwait,2008,52.8912935555667,0.0,0.568940384456548,53.460233940023244,100.0,,1584.2684,120.65,1704.9184,63
KWT,Kuwait,2009,38.854853146546,0.0,0.735530245929982,39.59038339247598,100.0,,1407.5664,109.1455,1516.7119,64
KWT,Kuwait,2010,48.1906069290048,0.0,0.635329840794475,48.82593676979928,99.99999,,1435.0907,111.4635,1546.5542,65
KWT,Kuwait,2011,58.3689295808333,0.0,0.700397270610481,59.06932685144378,100.0,,1638.5555,128.5635,1767.119,66
KWT,Kuwait,2012,57.4129637304674,0.0,0.731563944664216,58.14452767513162,100.0,,1790.6489,147.3925,1938.0413999999998,67
KWT,Kuwait,2013,55.5579394462588,0.0,0.784396720958018,56.34233616721682,99.99996,,1761.1348,154.95638,1916.0911800000001,68
KWT,Kuwait,2014,53.239569150436,0.0,0.731307332394645,53.97087648283064,99.99926,,1747.117,142.77338,1889.89038,69
KWT,Kuwait,2015,36.4482994431389,0.0,0.864578423168116,37.31287786630702,99.99891,,1724.1123,160.6355,1884.7478,70
KWT,Kuwait,2016,31.6732106195044,0.0,0.690322593013416,32.363533212517815,99.989525,,1776.3003,164.26451,1940.56481,71
KWT,Kuwait,2017,36.0090908245608,0.0,0.748172347211654,36.75726317177246,99.9886,,1685.9867,162.4664,1848.4531,72
KWT,Kuwait,2018,44.0490671354298,0.0,1.10292151862869,45.15198865405849,99.98775,,1707.8542,168.50893,1876.36313,73
KWT,Kuwait,2019,38.6553473115018,0.0,1.18290776369048,39.83825507519228,99.98431,,1667.5315,132.544,1800.0755000000001,74
KWT,Kuwait,2020,27.5816891390019,0.0,1.70268520321554,29.28437434221744,99.983376,,1525.7699,122.388504,1648.158404,75
KWT,Kuwait,2021,,,,,99.954025,,1511.8312,120.916084,1632.747284,76
KWT,Kuwait,2022,,,,,99.963326,,1691.8933,131.8885,1823.7818,77
KWT,Kuwait,2023,,,,,99.96581,,1622.462,147.6948,1770.1568,78
KWT,Kuwait,2024,,,,,99.96879,,1534.6705,155.0875,1689.758,79
KWT,Kuwait,2025,,,,,99.98068,,1566.0848,155.29651,1721.3813100000002,80
LAO,Lao PDR,1960,,,,,,,,,,15
LAO,Lao PDR,1961,,,,,,,,,,16
LAO,Lao PDR,1962,,,,,,,,,,17
LAO,Lao PDR,1963,,,,,,,,,,18
LAO,Lao PDR,1964,,,,,,,,,,19
LAO,Lao PDR,1965,,,,,,,,,,20
LAO,Lao PDR,1966,,,,,,,,,,21
LAO,Lao PDR,1967,,,,,,,,,,22
LAO,Lao PDR,1968,,,,,,,,,,23
LAO,Lao PDR,1969,,,,,,,,,,24
LAO,Lao PDR,1970,,,,,,,,,,25
LAO,Lao PDR,1971,,,,,,,,,,26
LAO,Lao PDR,1972,,,,,,,,,,27
LAO,Lao PDR,1973,,,,,,,,,,28
LAO,Lao PDR,1974,,,,,,,,,,29
LAO,Lao PDR,1975,,,,,,,,,,30
LAO,Lao PDR,1976,,,,,,,,,,31
LAO,Lao PDR,1977,,,,,,,,,,32
LAO,Lao PDR,1978,,,,,,,,,,33
LAO,Lao PDR,1979,,,,,,,,,,34
LAO,Lao PDR,1980,,,,,,,,,,35
LAO,Lao PDR,1981,,,,,,,,,,36
LAO,Lao PDR,1982,,,,,,,,,,37
LAO,Lao PDR,1983,,,,,,,,,,38
LAO,Lao PDR,1984,0.0,0.0001880181774114,0.0,0.0001880181774114,,,,,,39
LAO,Lao PDR,1985,0.0,0.0004386544773489,0.0,0.0004386544773489,,,,,,40
LAO,Lao PDR,1986,0.0,0.0005503526098482,0.0,0.0005503526098482,,,,,,41
LAO,Lao PDR,1987,0.0,1.91502023206251e-05,0.0,1.91502023206251e-05,,,,,,42
LAO,Lao PDR,1988,0.0,0.0004628953621296,0.0,0.0004628953621296,,,,,,43
LAO,Lao PDR,1989,0.0,0.0006526268256726,0.0,0.0006526268256726,,,,,,44
LAO,Lao PDR,1990,0.0,0.0018303824109783,0.0,0.0018303824109783,,,,,,45
LAO,Lao PDR,1991,0.0,0.0020873712586876,0.0,0.0020873712586876,,,,,,46
LAO,Lao PDR,1992,0.0,0.0017546487106307,0.0,0.0017546487106307,,,,,,47
LAO,Lao PDR,1993,0.0,0.0001650653960276,0.0,0.0001650653960276,,,,,,48
LAO,Lao PDR,1994,0.0,0.0001971806345614,0.0,0.0001971806345614,,,,,,49
LAO,Lao PDR,1995,0.0,0.0030541532660946,0.0,0.0030541532660946,,,,,,50
LAO,Lao PDR,1996,0.0,0.000678560835778,0.0,0.000678560835778,,,,,,51
LAO,Lao PDR,1997,0.0,0.0003279410278175,0.0,0.0003279410278175,,,,,,52
LAO,Lao PDR,1998,0.0,0.0324937835582029,0.0,0.0324937835582029,,,,,,53
LAO,Lao PDR,1999,0.0,0.0193122136142919,0.0,0.0193122136142919,,,,,,54
LAO,Lao PDR,2000,0.0,0.0445899933144997,0.0,0.0445899933144997,,,,,,55
LAO,Lao PDR,2001,0.0,0.104442091245031,0.0,0.104442091245031,,,,,,56
LAO,Lao PDR,2002,0.0,0.0685645442274591,0.0,0.0685645442274591,,,,,,57
LAO,Lao PDR,2003,0.0,0.0515999609543647,0.0,0.0515999609543647,,,,,,58
LAO,Lao PDR,2004,0.0,0.297933282046325,0.0,0.297933282046325,,,,,,59
LAO,Lao PDR,2005,0.0,0.191304258857786,0.0,0.191304258857786,,,,,,60
LAO,Lao PDR,2006,0.0,0.169639597729574,0.0,0.169639597729574,,,,,,61
LAO,Lao PDR,2007,0.0,0.433645537959031,0.0,0.433645537959031,,,,,,62
LAO,Lao PDR,2008,0.0,0.556859052832542,0.0,0.556859052832542,,,,,,63
LAO,Lao PDR,2009,0.0,0.215514625203559,0.0,0.215514625203559,,,,,,64
LAO,Lao PDR,2010,0.0,0.397807012077435,0.0,0.397807012077435,,,,,,65
LAO,Lao PDR,2011,0.0,0.463089061823866,0.0,0.463089061823866,,,,,,66
LAO,Lao PDR,2012,0.0,0.22963196538877,0.0,0.22963196538877,,,,,,67
LAO,Lao PDR,2013,0.0,,0.0,0.0,,,,,,68
LAO,Lao PDR,2014,0.0,,0.0,0.0,,,,,,69
LAO,Lao PDR,2015,0.0,,0.0,0.0,,,,,,70
LAO,Lao PDR,2016,0.0,,0.0,0.0,,,,,,71
LAO,Lao PDR,2017,0.0,,0.0,0.0,,,,,,72
LAO,Lao PDR,2018,0.0,,0.0,0.0,,,,,,73
LAO,Lao PDR,2019,0.0,,0.0,0.0,,,,,,74
LAO,Lao PDR,2020,0.0,,0.0,0.0,,,,,,75
LAO,Lao PDR,2021,0.0,,0.0,0.0,,,,,,76
LAO,Lao PDR,2022,,,,,,,,,,77
LAO,Lao PDR,2023,,,,,,,,,,78
LAO,Lao PDR,2024,,,,,,,,,,79
LAO,Lao PDR,2025,,,,,,,,,,80
LBN,Lebanon,1960,,,,,,,,,,15
LBN,Lebanon,1961,,,,,,,,,,16
LBN,Lebanon,1962,,,,,,,,,,17
LBN,Lebanon,1963,,,,,,,,,,18
LBN,Lebanon,1964,,,,,,,,,,19
LBN,Lebanon,1965,,,,,,,,,,20
LBN,Lebanon,1966,,,,,,,,,,21
LBN,Lebanon,1967,,,,,,,,,,22
LBN,Lebanon,1968,,,,,,,,,,23
LBN,Lebanon,1969,,,,,,,,,,24
LBN,Lebanon,1970,,,,,,,,,,25
LBN,Lebanon,1971,,,,,,,,,,26
LBN,Lebanon,1972,,,,,,,,,,27
LBN,Lebanon,1973,,,,,,,,,,28
LBN,Lebanon,1974,,,,,,,,,,29
LBN,Lebanon,1975,,,,,,,,,,30
LBN,Lebanon,1976,,,,,,,,,,31
LBN,Lebanon,1977,,,,,,,,,,32
LBN,Lebanon,1978,,,,,,,,,,33
LBN,Lebanon,1979,,,,,,,,,,34
LBN,Lebanon,1980,,,,,,,,,,35
LBN,Lebanon,1981,,,,,,,,,,36
LBN,Lebanon,1982,,,,,,,,,,37
LBN,Lebanon,1983,,,,,,,,,,38
LBN,Lebanon,1984,,,,,,,,,,39
LBN,Lebanon,1985,,,,,,,,,,40
LBN,Lebanon,1986,,,,,,,,,,41
LBN,Lebanon,1987,,,,,,,,,,42
LBN,Lebanon,1988,0.0,0.0,0.0,0.0,,,,,,43
LBN,Lebanon,1989,0.0,0.0,0.0,0.0,,,,,,44
LBN,Lebanon,1990,0.0,0.0,0.0,0.0,,,,,,45
LBN,Lebanon,1991,0.0,0.0,0.0,0.0,,,,,,46
LBN,Lebanon,1992,0.0,0.0,0.0,0.0,,,,,,47
LBN,Lebanon,1993,0.0,0.0,0.0,0.0,,,,,,48
LBN,Lebanon,1994,0.0,0.0,0.0,0.0,,,,,,49
LBN,Lebanon,1995,0.0,0.0,0.0,0.0,,,,,,50
LBN,Lebanon,1996,0.0,0.0,0.0,0.0,,,,,,51
LBN,Lebanon,1997,0.0,0.0,0.0,0.0,,,,,,52
LBN,Lebanon,1998,0.0,0.0,0.0,0.0,,,,,,53
LBN,Lebanon,1999,0.0,0.0,0.0,0.0,,,,,,54
LBN,Lebanon,2000,0.0,0.0,0.0,0.0,,,,,,55
LBN,Lebanon,2001,0.0,0.0,0.0,0.0,,,,,,56
LBN,Lebanon,2002,0.0,0.0,0.0,0.0,,,,,,57
LBN,Lebanon,2003,0.0,0.0,0.0,0.0,,,,,,58
LBN,Lebanon,2004,0.0,0.0,0.0,0.0,,,,,,59
LBN,Lebanon,2005,0.0,0.0,0.0,0.0,,,,,,60
LBN,Lebanon,2006,0.0,0.0,0.0,0.0,,,,,,61
LBN,Lebanon,2007,0.0,0.0,0.0,0.0,,,,,,62
LBN,Lebanon,2008,0.0,0.0,0.0,0.0,,,,,,63
LBN,Lebanon,2009,0.0,0.0,0.0,0.0,,,,,,64
LBN,Lebanon,2010,0.0,0.0,0.0,0.0,,,,,,65
LBN,Lebanon,2011,0.0,0.0,0.0,0.0,,,,,,66
LBN,Lebanon,2012,0.0,0.0,0.0,0.0,,,,,,67
LBN,Lebanon,2013,0.0,0.0,0.0,0.0,,,,,,68
LBN,Lebanon,2014,0.0,0.0,0.0,0.0,,,,,,69
LBN,Lebanon,2015,0.0,0.0,0.0,0.0,,,,,,70
LBN,Lebanon,2016,0.0,0.0,0.0,0.0,,,,,,71
LBN,Lebanon,2017,0.0,0.0,0.0,0.0,,,,,,72
LBN,Lebanon,2018,0.0,0.0,0.0,0.0,,,,,,73
LBN,Lebanon,2019,0.0,0.0,0.0,0.0,,,,,,74
LBN,Lebanon,2020,0.0,0.0,0.0,0.0,,,,,,75
LBN,Lebanon,2021,0.0,0.0,0.0,0.0,,,,,,76
LBN,Lebanon,2022,,,,,,,,,,77
LBN,Lebanon,2023,,,,,,,,,,78
LBN,Lebanon,2024,,,,,,,,,,79
LBN,Lebanon,2025,,,,,,,,,,80
LBR,Liberia,1960,,,,,,,,,,15
LBR,Liberia,1961,,,,,,,,,,16
LBR,Liberia,1962,,,,,,,,,,17
LBR,Liberia,1963,,,,,,,,,,18
LBR,Liberia,1964,,,,,,,,,,19
LBR,Liberia,1965,,,,,,,,,,20
LBR,Liberia,1966,,,,,,,,,,21
LBR,Liberia,1967,,,,,,,,,,22
LBR,Liberia,1968,,,,,,,,,,23
LBR,Liberia,1969,,,,,,,,,,24
LBR,Liberia,1970,,,,,,,,,,25
LBR,Liberia,1971,,,,,,,,,,26
LBR,Liberia,1972,,,,,,,,,,27
LBR,Liberia,1973,,,,,,,,,,28
LBR,Liberia,1974,,,,,,,,,,29
LBR,Liberia,1975,,,,,,,,,,30
LBR,Liberia,1976,,,,,,,,,,31
LBR,Liberia,1977,,,,,,,,,,32
LBR,Liberia,1978,,,,,,,,,,33
LBR,Liberia,1979,,,,,,,,,,34
LBR,Liberia,1980,,,,,,,,,,35
LBR,Liberia,1981,,,,,,,,,,36
LBR,Liberia,1982,,,,,,,,,,37
LBR,Liberia,1983,,,,,,,,,,38
LBR,Liberia,1984,,,,,,,,,,39
LBR,Liberia,1985,,,,,,,,,,40
LBR,Liberia,1986,,,,,,,,,,41
LBR,Liberia,1987,,,,,,,,,,42
LBR,Liberia,1988,,,,,,,,,,43
LBR,Liberia,1989,,,,,,,,,,44
LBR,Liberia,1990,,,,,,,,,,45
LBR,Liberia,1991,,,,,,,,,,46
LBR,Liberia,1992,,,,,,,,,,47
LBR,Liberia,1993,,,,,,,,,,48
LBR,Liberia,1994,,,,,,,,,,49
LBR,Liberia,1995,,,,,,,,,,50
LBR,Liberia,1996,,,,,,,,,,51
LBR,Liberia,1997,,,,,,,,,,52
LBR,Liberia,1998,,,,,,,,,,53
LBR,Liberia,1999,,,,,,,,,,54
LBR,Liberia,2000,0.0,0.0,0.0,0.0,,,,,,55
LBR,Liberia,2001,0.0,0.0,0.0,0.0,,,,,,56
LBR,Liberia,2002,0.0,0.0,0.0,0.0,,,,,,57
LBR,Liberia,2003,0.0,0.0,0.0,0.0,,,,,,58
LBR,Liberia,2004,0.0,0.0,0.0,0.0,,,,,,59
LBR,Liberia,2005,0.0,0.0,0.0,0.0,,,,,,60
LBR,Liberia,2006,0.0,0.0,0.0,0.0,,,,,,61
LBR,Liberia,2007,0.0,0.0,0.0,0.0,,,,,,62
LBR,Liberia,2008,0.0,0.0,0.0,0.0,,,,,,63
LBR,Liberia,2009,0.0,0.0,0.0,0.0,,,,,,64
LBR,Liberia,2010,0.0,0.0,0.0,0.0,,,,,,65
LBR,Liberia,2011,0.0,0.0,0.0,0.0,,,,,,66
LBR,Liberia,2012,0.0,0.0,0.0,0.0,,,,,,67
LBR,Liberia,2013,0.0,0.0,0.0,0.0,,,,,,68
LBR,Liberia,2014,0.0,0.0,0.0,0.0,,,,,,69
LBR,Liberia,2015,0.0,0.0,0.0,0.0,,,,,,70
LBR,Liberia,2016,0.0,0.0,0.0,0.0,,,,,,71
LBR,Liberia,2017,0.0,0.0,0.0,0.0,,,,,,72
LBR,Liberia,2018,0.0,0.0,0.0,0.0,,,,,,73
LBR,Liberia,2019,0.0,0.0,0.0,0.0,,,,,,74
LBR,Liberia,2020,0.0,0.0,0.0,0.0,,,,,,75
LBR,Liberia,2021,0.0,0.0,0.0,0.0,,,,,,76
LBR,Liberia,2022,,,,,,,,,,77
LBR,Liberia,2023,,,,,,,,,,78
LBR,Liberia,2024,,,,,,,,,,79
LBR,Liberia,2025,,,,,,,,,,80
LBY,Libya,1960,,,,,,,,,,15
LBY,Libya,1961,,,,,,,,,,16
LBY,Libya,1962,,,,,,,,,,17
LBY,Libya,1963,,,,,,,,,,18
LBY,Libya,1964,,,,,,,,,,19
LBY,Libya,1965,,,,,,,674.328,,674.328,20
LBY,Libya,1966,,,,,,,833.5137,,833.5137,21
LBY,Libya,1967,,,,,,,957.87744,,957.87744,22
LBY,Libya,1968,,,,,,,1440.4755,,1440.4755,23
LBY,Libya,1969,,,,,,,1717.8782,,1717.8782,24
LBY,Libya,1970,,,,,,,1855.5074,2.793,1858.3003999999999,25
LBY,Libya,1971,,,,,,,1519.857,6.7260003,1526.5830002999999,26
LBY,Libya,1972,,,,,,,1242.3125,26.904001,1269.216501,27
LBY,Libya,1973,,,,,,,1216.8771,43.0445,1259.9216,28
LBY,Libya,1974,,,,,,,855.80133,38.7125,894.51383,29
LBY,Libya,1975,,,,,,,831.915,44.0325,875.9475,30
LBY,Libya,1976,,,,,,,1087.3124,45.4005,1132.7129,31
LBY,Libya,1977,,,,,,,1158.6451,47.9845,1206.6296,32
LBY,Libya,1978,,,,,,,1112.3861,48.6495,1161.0356,33
LBY,Libya,1979,,,,,,,1175.4906,64.457504,1239.948104,34
LBY,Libya,1980,,,,,,,1026.7806,49.115,1075.8956,35
LBY,Libya,1981,,,,,,,687.5084,29.925001,717.433401,36
LBY,Libya,1982,,,,,,,644.2256,31.824999,676.050599,37
LBY,Libya,1983,,,,,,,631.85297,35.245,667.09797,38
LBY,Libya,1984,,,,,,,561.07214,43.699997,604.772137,39
LBY,Libya,1985,,,,,,,562.7875,49.399998,612.187498,40
LBY,Libya,1986,,,,,,,583.7657,53.2,636.9657000000001,41
LBY,Libya,1987,,,,,,,550.04926,47.5,597.54926,42
LBY,Libya,1988,,,,,,,578.15985,52.25,630.40985,43
LBY,Libya,1989,,,,,,,638.3156,64.6,702.9156,44
LBY,Libya,1990,39.712189752461,0.0,0.639022421010983,40.351212173471986,,,782.02484,58.9,840.92484,45
LBY,Libya,1991,23.3544314520225,0.0,0.582906557798307,23.937338009820806,,,789.593,62.129997,851.722997,46
LBY,Libya,1992,22.3747268524689,0.0,0.545295583652784,22.920022436121684,,,810.60046,64.315,874.9154599999999,47
LBY,Libya,1993,22.2666014963477,0.0,0.592186420751276,22.858787917098976,,,768.99756,60.42,829.41756,48
LBY,Libya,1994,21.8836084062861,0.0,0.670784940101143,22.554393346387243,,,785.0266,60.705,845.7316000000001,49
LBY,Libya,1995,26.7764550727601,0.0,0.802673310614926,27.579128383375025,,,789.593,60.23,849.823,50
LBY,Libya,1996,31.0343606030664,0.0,0.812675513880029,31.84703611694643,,,797.65686,60.99,858.6468600000001,51
LBY,Libya,1997,26.3375156857295,0.0,0.804050121832851,27.14156580756235,,,815.15454,62.415,877.56954,52
LBY,Libya,1998,17.8086785928772,0.0,0.814525728604263,18.623204321481463,,,809.3637,60.42,869.7837,53
LBY,Libya,1999,19.6978468357252,0.0,0.462370901257643,20.160217736982844,,,778.9636,49.399998,828.363598,54
LBY,Libya,2000,33.5852838997618,0.0,0.64878145322726,34.234065352989056,,,808.26874,55.86,864.12874,55
LBY,Libya,2001,29.4914880458031,0.0,0.858452679296687,30.349940725099785,,,779.8012,58.71,838.5112,56
LBY,Libya,2002,48.3822928740602,0.0,1.17058840670198,49.55288128076218,,,750.7623,56.050003,806.8123029999999,57
LBY,Libya,2003,47.8421621561942,0.0,0.820892853183124,48.663055009377324,,,811.5366,52.25,863.7866,58
LBY,Libya,2004,54.7869519679771,0.0,1.02085475369624,55.807806721673344,,,889.9973,76.57,966.5672999999999,59
LBY,Libya,2005,61.0171738102836,0.0,1.28973568533705,62.30690949562065,,,953.2687,107.35,1060.6187,60
LBY,Libya,2006,60.9295741290035,0.0,1.33425165972172,62.26382578872522,,,983.5369,125.3525,1108.8894,61
LBY,Libya,2007,59.9292830144719,0.0,1.41426530663488,61.34354832110678,,,1005.20807,145.15999,1150.36806,62
LBY,Libya,2008,64.8164362995569,0.0,1.21083129603755,66.02726759559445,,,990.91705,151.05,1141.96705,63
LBY,Libya,2009,49.9122829981053,0.0,1.77360153552263,51.68588453362793,,,913.5877,151.05,1064.6377,64
LBY,Libya,2010,54.526429982548,0.0,1.39408948599556,55.92051946854356,,,949.3162,,949.3162,65
LBY,Libya,2011,36.3305559734441,0.0,1.15243299574461,37.48298896918871,,,278.3723,,278.3723,66
LBY,Libya,2012,57.6300935046394,0.0,1.42580825881716,59.05590176345656,,,810.21533,152.665,962.88033,67
LBY,Libya,2013,45.8016137051651,0.0,1.88859809428919,47.690211799454296,,,554.64984,161.40501,716.05485,68
LBY,Libya,2014,28.6305298163822,0.0,2.28817061051005,30.91870042689225,,,269.78534,157.605,427.39034000000004,69
LBY,Libya,2015,14.4264442000075,0.0,1.86281114357274,16.28925534358024,,,225.18323,143.925,369.10823000000005,70
LBY,Libya,2016,10.7931417666286,0.0,1.37802629270615,12.171168059334748,,,212.00618,177.84,389.84618,71
LBY,Libya,2017,20.9466167504799,0.0,1.13858543021991,22.08520218069981,,,489.69778,196.555,686.25278,72
LBY,Libya,2018,30.0345298438813,0.0,1.54108781216236,31.57561765604366,,,621.0978,220.59,841.6878,73
LBY,Libya,2019,32.7515623093831,0.0,1.68853062615573,34.44009293553883,,,652.9731,254.88501,907.85811,74
LBY,Libya,2020,9.24399152945122,0.0,2.16630490857925,11.41029643803047,,,227.90735,198.835,426.74235,75
LBY,Libya,2021,56.3779371892049,0.0,4.58022937363502,60.95816656283992,,,683.33057,123.595,806.92557,76
LBY,Libya,2022,,,,,,,603.0263,119.415,722.4413,77
LBY,Libya,2023,,,,,,,673.7414,116.565,790.3063999999999,78
LBY,Libya,2024,,,,,,,648.06055,123.595,771.6555500000001,79
LBY,Libya,2025,,,,,,,768.2899,117.257935,885.547835,80
LCA,St. Lucia,1960,,,,,,,,,,15
LCA,St. Lucia,1961,,,,,,,,,,16
LCA,St. Lucia,1962,,,,,,,,,,17
LCA,St. Lucia,1963,,,,,,,,,,18
LCA,St. Lucia,1964,,,,,,,,,,19
LCA,St. Lucia,1965,,,,,,,,,,20
LCA,St. Lucia,1966,,,,,,,,,,21
LCA,St. Lucia,1967,,,,,,,,,,22
LCA,St. Lucia,1968,,,,,,,,,,23
LCA,St. Lucia,1969,,,,,,,,,,24
LCA,St. Lucia,1970,,,,,,,,,,25
LCA,St. Lucia,1971,,,,,,,,,,26
LCA,St. Lucia,1972,,,,,,,,,,27
LCA,St. Lucia,1973,,,,,,,,,,28
LCA,St. Lucia,1974,,,,,,,,,,29
LCA,St. Lucia,1975,,,,,,,,,,30
LCA,St. Lucia,1976,,,,,,,,,,31
LCA,St. Lucia,1977,,,,,,,,,,32
LCA,St. Lucia,1978,,,,,,,,,,33
LCA,St. Lucia,1979,,,,,,,,,,34
LCA,St. Lucia,1980,0.0,0.0,0.0,0.0,,,,,,35
LCA,St. Lucia,1981,0.0,0.0,0.0,0.0,,,,,,36
LCA,St. Lucia,1982,0.0,0.0,0.0,0.0,,,,,,37
LCA,St. Lucia,1983,0.0,0.0,0.0,0.0,,,,,,38
LCA,St. Lucia,1984,0.0,0.0,0.0,0.0,,,,,,39
LCA,St. Lucia,1985,0.0,0.0,0.0,0.0,,,,,,40
LCA,St. Lucia,1986,0.0,0.0,0.0,0.0,,,,,,41
LCA,St. Lucia,1987,0.0,0.0,0.0,0.0,,,,,,42
LCA,St. Lucia,1988,0.0,0.0,0.0,0.0,,,,,,43
LCA,St. Lucia,1989,0.0,0.0,0.0,0.0,,,,,,44
LCA,St. Lucia,1990,0.0,0.0,0.0,0.0,,,,,,45
LCA,St. Lucia,1991,0.0,0.0,0.0,0.0,,,,,,46
LCA,St. Lucia,1992,0.0,0.0,0.0,0.0,,,,,,47
LCA,St. Lucia,1993,0.0,0.0,0.0,0.0,,,,,,48
LCA,St. Lucia,1994,0.0,0.0,0.0,0.0,,,,,,49
LCA,St. Lucia,1995,0.0,0.0,0.0,0.0,,,,,,50
LCA,St. Lucia,1996,0.0,0.0,0.0,0.0,,,,,,51
LCA,St. Lucia,1997,0.0,0.0,0.0,0.0,,,,,,52
LCA,St. Lucia,1998,0.0,0.0,0.0,0.0,,,,,,53
LCA,St. Lucia,1999,0.0,0.0,0.0,0.0,,,,,,54
LCA,St. Lucia,2000,0.0,0.0,0.0,0.0,,,,,,55
LCA,St. Lucia,2001,0.0,0.0,0.0,0.0,,,,,,56
LCA,St. Lucia,2002,0.0,0.0,0.0,0.0,,,,,,57
LCA,St. Lucia,2003,0.0,0.0,0.0,0.0,,,,,,58
LCA,St. Lucia,2004,0.0,0.0,0.0,0.0,,,,,,59
LCA,St. Lucia,2005,0.0,0.0,0.0,0.0,,,,,,60
LCA,St. Lucia,2006,0.0,0.0,0.0,0.0,,,,,,61
LCA,St. Lucia,2007,0.0,0.0,0.0,0.0,,,,,,62
LCA,St. Lucia,2008,0.0,0.0,0.0,0.0,,,,,,63
LCA,St. Lucia,2009,0.0,0.0,0.0,0.0,,,,,,64
LCA,St. Lucia,2010,0.0,0.0,0.0,0.0,,,,,,65
LCA,St. Lucia,2011,0.0,0.0,0.0,0.0,,,,,,66
LCA,St. Lucia,2012,0.0,0.0,0.0,0.0,,,,,,67
LCA,St. Lucia,2013,0.0,0.0,0.0,0.0,,,,,,68
LCA,St. Lucia,2014,0.0,0.0,0.0,0.0,,,,,,69
LCA,St. Lucia,2015,0.0,0.0,0.0,0.0,,,,,,70
LCA,St. Lucia,2016,0.0,0.0,0.0,0.0,,,,,,71
LCA,St. Lucia,2017,0.0,0.0,0.0,0.0,,,,,,72
LCA,St. Lucia,2018,0.0,0.0,0.0,0.0,,,,,,73
LCA,St. Lucia,2019,0.0,0.0,0.0,0.0,,,,,,74
LCA,St. Lucia,2020,0.0,0.0,0.0,0.0,,,,,,75
LCA,St. Lucia,2021,0.0,0.0,0.0,0.0,,,,,,76
LCA,St. Lucia,2022,,,,,,,,,,77
LCA,St. Lucia,2023,,,,,,,,,,78
LCA,St. Lucia,2024,,,,,,,,,,79
LCA,St. Lucia,2025,,,,,,,,,,80
LIE,Liechtenstein,1960,,,,,,,,,,15
LIE,Liechtenstein,1961,,,,,,,,,,16
LIE,Liechtenstein,1962,,,,,,,,,,17
LIE,Liechtenstein,1963,,,,,,,,,,18
LIE,Liechtenstein,1964,,,,,,,,,,19
LIE,Liechtenstein,1965,,,,,,,,,,20
LIE,Liechtenstein,1966,,,,,,,,,,21
LIE,Liechtenstein,1967,,,,,,,,,,22
LIE,Liechtenstein,1968,,,,,,,,,,23
LIE,Liechtenstein,1969,,,,,,,,,,24
LIE,Liechtenstein,1970,,,,,,,,,,25
LIE,Liechtenstein,1971,,,,,,,,,,26
LIE,Liechtenstein,1972,,,,,,,,,,27
LIE,Liechtenstein,1973,,,,,,,,,,28
LIE,Liechtenstein,1974,,,,,,,,,,29
LIE,Liechtenstein,1975,,,,,,,,,,30
LIE,Liechtenstein,1976,,,,,,,,,,31
LIE,Liechtenstein,1977,,,,,,,,,,32
LIE,Liechtenstein,1978,,,,,,,,,,33
LIE,Liechtenstein,1979,,,,,,,,,,34
LIE,Liechtenstein,1980,,,,,,,,,,35
LIE,Liechtenstein,1981,,,,,,,,,,36
LIE,Liechtenstein,1982,,,,,,,,,,37
LIE,Liechtenstein,1983,,,,,,,,,,38
LIE,Liechtenstein,1984,,,,,,,,,,39
LIE,Liechtenstein,1985,,,,,,,,,,40
LIE,Liechtenstein,1986,,,,,,,,,,41
LIE,Liechtenstein,1987,,,,,,,,,,42
LIE,Liechtenstein,1988,,,,,,,,,,43
LIE,Liechtenstein,1989,,,,,,,,,,44
LIE,Liechtenstein,1990,,,,,,,,,,45
LIE,Liechtenstein,1991,,,,,,,,,,46
LIE,Liechtenstein,1992,,,,,,,,,,47
LIE,Liechtenstein,1993,,,,,,,,,,48
LIE,Liechtenstein,1994,,,,,,,,,,49
LIE,Liechtenstein,1995,,,,,,,,,,50
LIE,Liechtenstein,1996,,,,,,,,,,51
LIE,Liechtenstein,1997,,,,,,,,,,52
LIE,Liechtenstein,1998,,,,,,,,,,53
LIE,Liechtenstein,1999,,,,,,,,,,54
LIE,Liechtenstein,2000,,,,,,,,,,55
LIE,Liechtenstein,2001,,,,,,,,,,56
LIE,Liechtenstein,2002,,,,,,,,,,57
LIE,Liechtenstein,2003,,,,,,,,,,58
LIE,Liechtenstein,2004,,,,,,,,,,59
LIE,Liechtenstein,2005,,,,,,,,,,60
LIE,Liechtenstein,2006,,,,,,,,,,61
LIE,Liechtenstein,2007,,,,,,,,,,62
LIE,Liechtenstein,2008,,,,,,,,,,63
LIE,Liechtenstein,2009,,,,,,,,,,64
LIE,Liechtenstein,2010,,,,,,,,,,65
LIE,Liechtenstein,2011,,,,,,,,,,66
LIE,Liechtenstein,2012,,,,,,,,,,67
LIE,Liechtenstein,2013,,,,,,,,,,68
LIE,Liechtenstein,2014,,,,,,,,,,69
LIE,Liechtenstein,2015,,,,,,,,,,70
LIE,Liechtenstein,2016,,,,,,,,,,71
LIE,Liechtenstein,2017,,,,,,,,,,72
LIE,Liechtenstein,2018,,,,,,,,,,73
LIE,Liechtenstein,2019,,,,,,,,,,74
LIE,Liechtenstein,2020,,,,,,,,,,75
LIE,Liechtenstein,2021,,,,,,,,,,76
LIE,Liechtenstein,2022,,,,,,,,,,77
LIE,Liechtenstein,2023,,,,,,,,,,78
LIE,Liechtenstein,2024,,,,,,,,,,79
LIE,Liechtenstein,2025,,,,,,,,,,80
LKA,Sri Lanka,1960,,,,,,,,,,15
LKA,Sri Lanka,1961,,,,,,,,,,16
LKA,Sri Lanka,1962,,,,,,,,,,17
LKA,Sri Lanka,1963,,,,,,,,,,18
LKA,Sri Lanka,1964,,,,,,,,,,19
LKA,Sri Lanka,1965,,,,,,,,,,20
LKA,Sri Lanka,1966,,,,,,,,,,21
LKA,Sri Lanka,1967,,,,,,,,,,22
LKA,Sri Lanka,1968,,,,,,,,,,23
LKA,Sri Lanka,1969,,,,,,,,,,24
LKA,Sri Lanka,1970,,,,,,,,,,25
LKA,Sri Lanka,1971,0.0,0.0,0.0,0.0,,,,,,26
LKA,Sri Lanka,1972,0.0,0.0,0.0,0.0,,,,,,27
LKA,Sri Lanka,1973,0.0,0.0,0.0,0.0,,,,,,28
LKA,Sri Lanka,1974,0.0,0.0,0.0,0.0,,,,,,29
LKA,Sri Lanka,1975,0.0,0.0,0.0,0.0,,,,,,30
LKA,Sri Lanka,1976,0.0,0.0,0.0,0.0,,,,,,31
LKA,Sri Lanka,1977,0.0,0.0,0.0,0.0,,,,,,32
LKA,Sri Lanka,1978,0.0,0.0,0.0,0.0,,,,,,33
LKA,Sri Lanka,1979,0.0,0.0,0.0,0.0,,,,,,34
LKA,Sri Lanka,1980,0.0,0.0,0.0,0.0,,,,,,35
LKA,Sri Lanka,1981,0.0,0.0,0.0,0.0,,,,,,36
LKA,Sri Lanka,1982,0.0,0.0,0.0,0.0,,,,,,37
LKA,Sri Lanka,1983,0.0,0.0,0.0,0.0,,,,,,38
LKA,Sri Lanka,1984,0.0,0.0,0.0,0.0,,,,,,39
LKA,Sri Lanka,1985,0.0,0.0,0.0,0.0,,,,,,40
LKA,Sri Lanka,1986,0.0,0.0,0.0,0.0,,,,,,41
LKA,Sri Lanka,1987,0.0,0.0,0.0,0.0,,,,,,42
LKA,Sri Lanka,1988,0.0,0.0,0.0,0.0,,,,,,43
LKA,Sri Lanka,1989,0.0,0.0,0.0,0.0,,,,,,44
LKA,Sri Lanka,1990,0.0,0.0,0.0,0.0,,,,,,45
LKA,Sri Lanka,1991,0.0,0.0,0.0,0.0,,,,,,46
LKA,Sri Lanka,1992,0.0,0.0,0.0,0.0,,,,,,47
LKA,Sri Lanka,1993,0.0,0.0,0.0,0.0,,,,,,48
LKA,Sri Lanka,1994,0.0,0.0,0.0,0.0,,,,,,49
LKA,Sri Lanka,1995,0.0,0.0,0.0,0.0,,,,,,50
LKA,Sri Lanka,1996,0.0,0.0,0.0,0.0,,,,,,51
LKA,Sri Lanka,1997,0.0,0.0,0.0,0.0,,,,,,52
LKA,Sri Lanka,1998,0.0,0.0,0.0,0.0,,,,,,53
LKA,Sri Lanka,1999,0.0,0.0,0.0,0.0,,,,,,54
LKA,Sri Lanka,2000,0.0,0.0,0.0,0.0,,,,,,55
LKA,Sri Lanka,2001,0.0,0.0,0.0,0.0,,,,,,56
LKA,Sri Lanka,2002,0.0,0.0,0.0,0.0,,,,,,57
LKA,Sri Lanka,2003,0.0,0.0,0.0,0.0,,,,,,58
LKA,Sri Lanka,2004,0.0,0.0,0.0,0.0,,,,,,59
LKA,Sri Lanka,2005,0.0,0.0,0.0,0.0,,,,,,60
LKA,Sri Lanka,2006,0.0,0.0,0.0,0.0,,,,,,61
LKA,Sri Lanka,2007,0.0,0.0,0.0,0.0,93.40782,,,,,62
LKA,Sri Lanka,2008,0.0,0.0,0.0,0.0,,,,,,63
LKA,Sri Lanka,2009,0.0,0.0,0.0,0.0,,,,,,64
LKA,Sri Lanka,2010,0.0,0.0,0.0,0.0,,,,,,65
LKA,Sri Lanka,2011,0.0,0.0,0.0,0.0,,,,,,66
LKA,Sri Lanka,2012,0.0,0.0,0.0,0.0,,,,,,67
LKA,Sri Lanka,2013,0.0,0.0,0.0,0.0,,,,,,68
LKA,Sri Lanka,2014,0.0,0.0,0.0,0.0,,,,,,69
LKA,Sri Lanka,2015,0.0,0.0,0.0,0.0,,,,,,70
LKA,Sri Lanka,2016,0.0,0.0,0.0,0.0,,,,,,71
LKA,Sri Lanka,2017,0.0,0.0,0.0,0.0,,,,,,72
LKA,Sri Lanka,2018,0.0,0.0,0.0,0.0,,,,,,73
LKA,Sri Lanka,2019,0.0,0.0,0.0,0.0,,,,,,74
LKA,Sri Lanka,2020,0.0,0.0,0.0,0.0,,,,,,75
LKA,Sri Lanka,2021,0.0,0.0,0.0,0.0,,,,,,76
LKA,Sri Lanka,2022,,,,,,,,,,77
LKA,Sri Lanka,2023,,,,,,,,,,78
LKA,Sri Lanka,2024,,,,,,,,,,79
LKA,Sri Lanka,2025,,,,,,,,,,80
LSO,Lesotho,1960,,,,,,,,,,15
LSO,Lesotho,1961,,,,,,,,,,16
LSO,Lesotho,1962,,,,,,,,,,17
LSO,Lesotho,1963,,,,,,,,,,18
LSO,Lesotho,1964,,,,,,,,,,19
LSO,Lesotho,1965,,,,,,,,,,20
LSO,Lesotho,1966,,,,,,,,,,21
LSO,Lesotho,1967,,,,,,,,,,22
LSO,Lesotho,1968,,,,,,,,,,23
LSO,Lesotho,1969,,,,,,,,,,24
LSO,Lesotho,1970,,,,,,,,,,25
LSO,Lesotho,1971,,,,,,,,,,26
LSO,Lesotho,1972,,,,,,,,,,27
LSO,Lesotho,1973,,,,,,,,,,28
LSO,Lesotho,1974,,,,,,,,,,29
LSO,Lesotho,1975,,,,,,,,,,30
LSO,Lesotho,1976,,,,,,,,,,31
LSO,Lesotho,1977,,,,,,,,,,32
LSO,Lesotho,1978,,,,,,,,,,33
LSO,Lesotho,1979,,,,,,,,,,34
LSO,Lesotho,1980,0.0,0.0,0.0,0.0,,,,,,35
LSO,Lesotho,1981,0.0,0.0,0.0,0.0,,,,,,36
LSO,Lesotho,1982,0.0,0.0,0.0,0.0,,,,,,37
LSO,Lesotho,1983,0.0,0.0,0.0,0.0,,,,,,38
LSO,Lesotho,1984,0.0,0.0,0.0,0.0,,,,,,39
LSO,Lesotho,1985,0.0,0.0,0.0,0.0,,,,,,40
LSO,Lesotho,1986,0.0,0.0,0.0,0.0,,,,,,41
LSO,Lesotho,1987,0.0,0.0,0.0,0.0,,,,,,42
LSO,Lesotho,1988,0.0,0.0,0.0,0.0,,,,,,43
LSO,Lesotho,1989,0.0,0.0,0.0,0.0,,,,,,44
LSO,Lesotho,1990,0.0,0.0,0.0,0.0,,,,,,45
LSO,Lesotho,1991,0.0,0.0,0.0,0.0,,,,,,46
LSO,Lesotho,1992,0.0,0.0,0.0,0.0,,,,,,47
LSO,Lesotho,1993,0.0,0.0,0.0,0.0,,,,,,48
LSO,Lesotho,1994,0.0,0.0,0.0,0.0,,,,,,49
LSO,Lesotho,1995,0.0,0.0,0.0,0.0,,,,,,50
LSO,Lesotho,1996,0.0,0.0,0.0,0.0,,,,,,51
LSO,Lesotho,1997,0.0,0.0,0.0,0.0,,,,,,52
LSO,Lesotho,1998,0.0,0.0,0.0,0.0,,,,,,53
LSO,Lesotho,1999,0.0,0.0,0.0,0.0,,,,,,54
LSO,Lesotho,2000,0.0,0.0,0.0,0.0,,,,,,55
LSO,Lesotho,2001,0.0,0.0,0.0,0.0,,,,,,56
LSO,Lesotho,2002,0.0,0.0,0.0,0.0,,,,,,57
LSO,Lesotho,2003,0.0,0.0,0.0,0.0,,,,,,58
LSO,Lesotho,2004,0.0,0.0,0.0,0.0,,,,,,59
LSO,Lesotho,2005,0.0,0.0,0.0,0.0,,,,,,60
LSO,Lesotho,2006,0.0,0.0,0.0,0.0,,,,,,61
LSO,Lesotho,2007,0.0,0.0,0.0,0.0,,,,,,62
LSO,Lesotho,2008,0.0,0.0,0.0,0.0,,,,,,63
LSO,Lesotho,2009,0.0,0.0,0.0,0.0,,,,,,64
LSO,Lesotho,2010,0.0,0.0,0.0,0.0,,,,,,65
LSO,Lesotho,2011,0.0,0.0,0.0,0.0,,,,,,66
LSO,Lesotho,2012,0.0,0.0,0.0,0.0,,,,,,67
LSO,Lesotho,2013,0.0,0.0,0.0,0.0,,,,,,68
LSO,Lesotho,2014,0.0,0.0,0.0,0.0,,,,,,69
LSO,Lesotho,2015,0.0,0.0,0.0,0.0,,,,,,70
LSO,Lesotho,2016,0.0,0.0,0.0,0.0,,,,,,71
LSO,Lesotho,2017,0.0,0.0,0.0,0.0,,,,,,72
LSO,Lesotho,2018,0.0,0.0,0.0,0.0,,,,,,73
LSO,Lesotho,2019,0.0,0.0,0.0,0.0,,,,,,74
LSO,Lesotho,2020,0.0,0.0,0.0,0.0,,,,,,75
LSO,Lesotho,2021,0.0,0.0,0.0,0.0,,,,,,76
LSO,Lesotho,2022,,,,,,,,,,77
LSO,Lesotho,2023,,,,,,,,,,78
LSO,Lesotho,2024,,,,,,,,,,79
LSO,Lesotho,2025,,,,,,,,,,80
LTU,Lithuania,1960,,,,,,,,,,15
LTU,Lithuania,1961,,,,,,,,,,16
LTU,Lithuania,1962,,,,,,,,,,17
LTU,Lithuania,1963,,,,,,,,,,18
LTU,Lithuania,1964,,,,,,,,,,19
LTU,Lithuania,1965,,,,,,,,,,20
LTU,Lithuania,1966,,,,,,,,,,21
LTU,Lithuania,1967,,,,,,,,,,22
LTU,Lithuania,1968,,,,,,,,,,23
LTU,Lithuania,1969,,,,,,,,,,24
LTU,Lithuania,1970,,,,,,,,,,25
LTU,Lithuania,1971,,,,,,,,,,26
LTU,Lithuania,1972,,,,,,,,,,27
LTU,Lithuania,1973,,,,,,,,,,28
LTU,Lithuania,1974,,,,,,,,,,29
LTU,Lithuania,1975,,,,,,,,,,30
LTU,Lithuania,1976,,,,,,,,,,31
LTU,Lithuania,1977,,,,,,,,,,32
LTU,Lithuania,1978,,,,,,,,,,33
LTU,Lithuania,1979,,,,,,,,,,34
LTU,Lithuania,1980,,,,,,,,,,35
LTU,Lithuania,1981,,,,,,,,,,36
LTU,Lithuania,1982,,,,,,,,,,37
LTU,Lithuania,1983,,,,,,,,,,38
LTU,Lithuania,1984,,,,,,,,,,39
LTU,Lithuania,1985,,,,,83.97839,,,,,40
LTU,Lithuania,1986,,,,,81.934135,,,,,41
LTU,Lithuania,1987,,,,,83.95759,,,,,42
LTU,Lithuania,1988,,,,,78.81061,,,,,43
LTU,Lithuania,1989,,,,,74.70731,,,,,44
LTU,Lithuania,1990,,,,,73.794014,,,,,45
LTU,Lithuania,1991,,,,,75.21055,,,,,46
LTU,Lithuania,1992,,,,,66.557465,,,,,47
LTU,Lithuania,1993,,,,,64.24692,,,,,48
LTU,Lithuania,1994,,,,,73.46382,,,,,49
LTU,Lithuania,1995,0.0906223738693195,0.0,0.0,0.0906223738693195,64.132164,,,,,50
LTU,Lithuania,1996,0.14514393938085,0.0,0.0,0.14514393938085,61.418987,,,,,51
LTU,Lithuania,1997,0.135194229938002,0.0,0.0,0.135194229938002,64.05075,,,,,52
LTU,Lithuania,1998,0.049179324033605,0.0,0.0,0.049179324033605,62.157135,,,,,53
LTU,Lithuania,1999,0.124753394103413,0.0,0.0,0.124753394103413,66.05766,,,,,54
LTU,Lithuania,2000,0.350374403020056,0.0,0.0,0.350374403020056,67.46517,,,,,55
LTU,Lithuania,2001,0.356954383456659,0.0,0.0,0.356954383456659,62.26335,,,,,56
LTU,Lithuania,2002,0.298245654690125,0.0,0.0,0.298245654690125,57.013226,,,,,57
LTU,Lithuania,2003,0.236285179210918,0.0,0.0,0.236285179210918,55.17183,,,,,58
LTU,Lithuania,2004,0.213297786959526,0.0,0.0,0.213297786959526,56.638565,,,,,59
LTU,Lithuania,2005,0.199035520535653,0.0,0.0,0.199035520535653,66.97815,,,,,60
LTU,Lithuania,2006,0.163827335648741,0.0,0.0,0.163827335648741,70.5842,,,,,61
LTU,Lithuania,2007,0.111123246183541,0.0,0.0,0.111123246183541,69.27587,,,,,62
LTU,Lithuania,2008,0.120394867137278,0.0,0.0,0.120394867137278,68.61184,,,,,63
LTU,Lithuania,2009,0.0715728904991753,0.0,0.0,0.0715728904991753,62.94502,,,,,64
LTU,Lithuania,2010,0.0803743997861436,0.0,0.0,0.0803743997861436,97.33191,,,,,65
LTU,Lithuania,2011,0.111619814532788,0.0,0.0,0.111619814532788,97.08392,,,,,66
LTU,Lithuania,2012,0.0974715128859943,0.0,0.0,0.0974715128859943,96.520294,,,,,67
LTU,Lithuania,2013,0.0739349105055915,0.0,0.0,0.0739349105055915,95.23799,,,,,68
LTU,Lithuania,2014,0.0624235150052519,0.0,0.0,0.0624235150052519,94.84005,,,,,69
LTU,Lithuania,2015,0.028369813462494,0.0,0.0,0.028369813462494,94.55026,,,,,70
LTU,Lithuania,2016,0.0181352318557627,0.0,0.0,0.0181352318557627,94.19858,,,,,71
LTU,Lithuania,2017,0.0227232483962868,0.0,0.0,0.0227232483962868,93.3117,,,,,72
LTU,Lithuania,2018,0.0267898297704848,0.0,0.0,0.0267898297704848,93.818634,,,,,73
LTU,Lithuania,2019,0.0168744393867326,0.0,0.0,0.0168744393867326,93.429794,,,,,74
LTU,Lithuania,2020,0.00844361118604,0.0,0.0,0.00844361118604,92.57004,,,,,75
LTU,Lithuania,2021,0.015948543146471,0.0,0.0,0.015948543146471,91.799644,,,,,76
LTU,Lithuania,2022,,,,,90.43624,,,,,77
LTU,Lithuania,2023,,,,,88.24324,,,,,78
LTU,Lithuania,2024,,,,,84.95318,,,,,79
LTU,Lithuania,2025,,,,,81.718376,,,,,80
LUX,Luxembourg,1960,,,,,,,,,,15
LUX,Luxembourg,1961,,,,,,,,,,16
LUX,Luxembourg,1962,,,,,,,,,,17
LUX,Luxembourg,1963,,,,,,,,,,18
LUX,Luxembourg,1964,,,,,,,,,,19
LUX,Luxembourg,1965,,,,,99.79245,,,,,20
LUX,Luxembourg,1966,,,,,99.80514,,,,,21
LUX,Luxembourg,1967,,,,,99.77658,,,,,22
LUX,Luxembourg,1968,,,,,99.78907,,,,,23
LUX,Luxembourg,1969,,,,,99.82959,,,,,24
LUX,Luxembourg,1970,,0.0,0.0,0.0,99.81854,,,,,25
LUX,Luxembourg,1971,0.0,0.0,0.0,0.0,99.893486,,,,,26
LUX,Luxembourg,1972,0.0,0.0,0.0,0.0,99.87816,,,,,27
LUX,Luxembourg,1973,0.0,0.0,0.0,0.0,99.89857,,,,,28
LUX,Luxembourg,1974,0.0,0.0,0.0,0.0,99.852325,,,,,29
LUX,Luxembourg,1975,0.0,0.0,0.0,0.0,99.84639,,,,,30
LUX,Luxembourg,1976,0.0,0.0,0.0,0.0,99.903465,,,,,31
LUX,Luxembourg,1977,0.0,0.0,0.0,0.0,99.700195,,,,,32
LUX,Luxembourg,1978,0.0,0.0,0.0,0.0,99.70646,,,,,33
LUX,Luxembourg,1979,0.0,0.0,0.0,0.0,99.690895,,,,,34
LUX,Luxembourg,1980,0.0,0.0,0.0,0.0,99.66049,,,,,35
LUX,Luxembourg,1981,0.0,0.0,0.0,0.0,99.55718,,,,,36
LUX,Luxembourg,1982,0.0,0.0,0.0,0.0,99.56076,,,,,37
LUX,Luxembourg,1983,0.0,0.0,0.0,0.0,99.54436,,,,,38
LUX,Luxembourg,1984,0.0,0.0,0.0,0.0,99.54118,,,,,39
LUX,Luxembourg,1985,0.0,0.0,0.0,0.0,99.61381,,,,,40
LUX,Luxembourg,1986,0.0,0.0,0.0,0.0,99.56166,,,,,41
LUX,Luxembourg,1987,0.0,0.0,0.0,0.0,99.43727,,,,,42
LUX,Luxembourg,1988,0.0,0.0,0.0,0.0,99.467995,,,,,43
LUX,Luxembourg,1989,0.0,0.0,0.0,0.0,99.63507,,,,,44
LUX,Luxembourg,1990,0.0,0.0,0.0,0.0,99.70849,,,,,45
LUX,Luxembourg,1991,0.0,0.0,0.0,0.0,99.68223,,,,,46
LUX,Luxembourg,1992,0.0,0.0,0.0,0.0,99.73521,,,,,47
LUX,Luxembourg,1993,0.0,0.0,0.0,0.0,99.72405,,,,,48
LUX,Luxembourg,1994,0.0,0.0,0.0,0.0,99.66092,,,,,49
LUX,Luxembourg,1995,0.0,0.0,0.0,0.0,99.564354,,,,,50
LUX,Luxembourg,1996,0.0,0.0,0.0,0.0,99.69289,,,,,51
LUX,Luxembourg,1997,0.0,0.0,0.0,0.0,99.59611,,,,,52
LUX,Luxembourg,1998,0.0,0.0,0.0,0.0,99.45716,,,,,53
LUX,Luxembourg,1999,0.0,0.0,0.0,0.0,99.537964,,,,,54
LUX,Luxembourg,2000,0.0,0.0,0.0,0.0,99.41474,,,,,55
LUX,Luxembourg,2001,0.0,0.0,0.0,0.0,99.44371,,,,,56
LUX,Luxembourg,2002,0.0,0.0,0.0,0.0,99.524376,,,,,57
LUX,Luxembourg,2003,0.0,0.0,0.0,0.0,99.53736,,,,,58
LUX,Luxembourg,2004,0.0,0.0,0.0,0.0,99.45292,,,,,59
LUX,Luxembourg,2005,0.0,0.0,0.0,0.0,99.420425,,,,,60
LUX,Luxembourg,2006,0.0,0.0,0.0,0.0,99.30221,,,,,61
LUX,Luxembourg,2007,0.0,0.0,0.0,0.0,98.184456,,,,,62
LUX,Luxembourg,2008,0.0,0.0,0.0,0.0,98.11637,,,,,63
LUX,Luxembourg,2009,0.0,0.0,0.0,0.0,98.09629,,,,,64
LUX,Luxembourg,2010,0.0,0.0,0.0,0.0,98.16602,,,,,65
LUX,Luxembourg,2011,0.0,0.0,0.0,0.0,98.01574,,,,,66
LUX,Luxembourg,2012,0.0,0.0,0.0,0.0,97.80531,,,,,67
LUX,Luxembourg,2013,0.0,0.0,0.0,0.0,97.38489,,,,,68
LUX,Luxembourg,2014,0.0,0.0,0.0,0.0,96.73604,,,,,69
LUX,Luxembourg,2015,0.0,0.0,0.0,0.0,96.168335,,,,,70
LUX,Luxembourg,2016,0.0,0.0,0.0,0.0,95.81727,,,,,71
LUX,Luxembourg,2017,0.0,0.0,0.0,0.0,94.887405,,,,,72
LUX,Luxembourg,2018,0.0,0.0,0.0,0.0,94.491295,,,,,73
LUX,Luxembourg,2019,0.0,0.0,0.0,0.0,93.85591,,,,,74
LUX,Luxembourg,2020,0.0,0.0,0.0,0.0,91.483284,,,,,75
LUX,Luxembourg,2021,0.0,0.0,0.0,0.0,92.02947,,,,,76
LUX,Luxembourg,2022,,,,,91.21409,,,,,77
LUX,Luxembourg,2023,,,,,90.44361,,,,,78
LUX,Luxembourg,2024,,,,,89.755646,,,,,79
LUX,Luxembourg,2025,,,,,90.36173,,,,,80
LVA,Latvia,1960,,,,,,,,,,15
LVA,Latvia,1961,,,,,,,,,,16
LVA,Latvia,1962,,,,,,,,,,17
LVA,Latvia,1963,,,,,,,,,,18
LVA,Latvia,1964,,,,,,,,,,19
LVA,Latvia,1965,,,,,,,,,,20
LVA,Latvia,1966,,,,,,,,,,21
LVA,Latvia,1967,,,,,,,,,,22
LVA,Latvia,1968,,,,,,,,,,23
LVA,Latvia,1969,,,,,,,,,,24
LVA,Latvia,1970,,,,,,,,,,25
LVA,Latvia,1971,,,,,,,,,,26
LVA,Latvia,1972,,,,,,,,,,27
LVA,Latvia,1973,,,,,,,,,,28
LVA,Latvia,1974,,,,,,,,,,29
LVA,Latvia,1975,,,,,,,,,,30
LVA,Latvia,1976,,,,,,,,,,31
LVA,Latvia,1977,,,,,,,,,,32
LVA,Latvia,1978,,,,,,,,,,33
LVA,Latvia,1979,,,,,,,,,,34
LVA,Latvia,1980,,,,,,,,,,35
LVA,Latvia,1981,,,,,,,,,,36
LVA,Latvia,1982,,,,,,,,,,37
LVA,Latvia,1983,,,,,,,,,,38
LVA,Latvia,1984,,,,,,,,,,39
LVA,Latvia,1985,,,,,97.03495,,,,,40
LVA,Latvia,1986,,,,,96.76975,,,,,41
LVA,Latvia,1987,,,,,95.53709,,,,,42
LVA,Latvia,1988,,,,,96.210396,,,,,43
LVA,Latvia,1989,,,,,95.37541,,,,,44
LVA,Latvia,1990,,,,,94.75152,,,,,45
LVA,Latvia,1991,,,,,95.55969,,,,,46
LVA,Latvia,1992,,,,,95.43543,,,,,47
LVA,Latvia,1993,,,,,94.0289,,,,,48
LVA,Latvia,1994,,,,,92.87375,,,,,49
LVA,Latvia,1995,0.0,0.0,0.0,0.0,92.70304,,,,,50
LVA,Latvia,1996,0.0,0.0,0.0,0.0,95.24242,,,,,51
LVA,Latvia,1997,0.0,0.0,0.0,0.0,91.94814,,,,,52
LVA,Latvia,1998,0.0,0.0,0.0,0.0,88.56159,,,,,53
LVA,Latvia,1999,0.0,0.0,0.0,0.0,91.881546,,,,,54
LVA,Latvia,2000,0.0,0.0,0.0,0.0,91.461914,,,,,55
LVA,Latvia,2001,0.0,0.0,0.0,0.0,92.03835,,,,,56
LVA,Latvia,2002,0.0,0.0,0.0,0.0,93.27694,,,,,57
LVA,Latvia,2003,0.0,0.0,0.0,0.0,93.61687,,,,,58
LVA,Latvia,2004,0.0103677175607095,0.0,0.0,0.0103677175607095,91.8699,,,,,59
LVA,Latvia,2005,0.0195425675565115,0.0,0.0,0.0195425675565115,91.4274,,,,,60
LVA,Latvia,2006,0.0177881524248426,0.0,0.0,0.0177881524248426,93.05844,,,,,61
LVA,Latvia,2007,0.0227668765867207,0.0,0.0,0.0227668765867207,93.18933,,,,,62
LVA,Latvia,2008,0.0525767547664309,0.0,0.0,0.0525767547664309,92.14564,,,,,63
LVA,Latvia,2009,0.0511686185788562,0.0,0.0,0.0511686185788562,90.746284,,,,,64
LVA,Latvia,2010,0.0638161948318141,0.0,0.0,0.0638161948318141,90.676155,,,,,65
LVA,Latvia,2011,0.0951786230834513,0.0,0.0,0.0951786230834513,90.850204,,,,,66
LVA,Latvia,2012,0.137675372248078,0.0,0.0,0.137675372248078,87.55224,,,,,67
LVA,Latvia,2013,0.0896165354483561,0.0,0.0,0.0896165354483561,87.77335,,,,,68
LVA,Latvia,2014,0.0891082785579314,0.0,0.0,0.0891082785579314,88.205414,,,,,69
LVA,Latvia,2015,0.0345824404298269,0.0,0.0,0.0345824404298269,87.99802,,,,,70
LVA,Latvia,2016,0.0190916739437906,0.0,0.0,0.0190916739437906,86.88417,,,,,71
LVA,Latvia,2017,0.036360085832959,0.0,0.0,0.036360085832959,82.04286,,,,,72
LVA,Latvia,2018,0.0795369079908762,0.0,0.0,0.0795369079908762,85.23084,,,,,73
LVA,Latvia,2019,0.0593681954347841,0.0,0.0,0.0593681954347841,86.73956,,,,,74
LVA,Latvia,2020,0.0314235592999339,0.0,0.0,0.0314235592999339,83.68913,,,,,75
LVA,Latvia,2021,0.0653994018600052,0.0,0.0,0.0653994018600052,84.26735,,,,,76
LVA,Latvia,2022,,,,,83.13103,,,,,77
LVA,Latvia,2023,,,,,80.86134,,,,,78
LVA,Latvia,2024,,,,,80.14976,,,,,79
LVA,Latvia,2025,,,,,80.10498,,,,,80
MAC,"Macao SAR, China",1960,,,,,,,,,,15
MAC,"Macao SAR, China",1961,,,,,,,,,,16
MAC,"Macao SAR, China",1962,,,,,,,,,,17
MAC,"Macao SAR, China",1963,,,,,,,,,,18
MAC,"Macao SAR, China",1964,,,,,,,,,,19
MAC,"Macao SAR, China",1965,,,,,,,,,,20
MAC,"Macao SAR, China",1966,,,,,,,,,,21
MAC,"Macao SAR, China",1967,,,,,,,,,,22
MAC,"Macao SAR, China",1968,,,,,,,,,,23
MAC,"Macao SAR, China",1969,,,,,,,,,,24
MAC,"Macao SAR, China",1970,,,,,,,,,,25
MAC,"Macao SAR, China",1971,,,,,,,,,,26
MAC,"Macao SAR, China",1972,,,,,,,,,,27
MAC,"Macao SAR, China",1973,,,,,,,,,,28
MAC,"Macao SAR, China",1974,,,,,,,,,,29
MAC,"Macao SAR, China",1975,,,,,,,,,,30
MAC,"Macao SAR, China",1976,,,,,,,,,,31
MAC,"Macao SAR, China",1977,,,,,,,,,,32
MAC,"Macao SAR, China",1978,,,,,,,,,,33
MAC,"Macao SAR, China",1979,,,,,,,,,,34
MAC,"Macao SAR, China",1980,,,,,,,,,,35
MAC,"Macao SAR, China",1981,,,,,,,,,,36
MAC,"Macao SAR, China",1982,0.0,0.0,0.0,0.0,,,,,,37
MAC,"Macao SAR, China",1983,0.0,0.0,0.0,0.0,,,,,,38
MAC,"Macao SAR, China",1984,0.0,0.0,0.0,0.0,,,,,,39
MAC,"Macao SAR, China",1985,0.0,0.0,0.0,0.0,,,,,,40
MAC,"Macao SAR, China",1986,0.0,0.0,0.0,0.0,,,,,,41
MAC,"Macao SAR, China",1987,0.0,0.0,0.0,0.0,,,,,,42
MAC,"Macao SAR, China",1988,0.0,0.0,0.0,0.0,,,,,,43
MAC,"Macao SAR, China",1989,0.0,0.0,0.0,0.0,,,,,,44
MAC,"Macao SAR, China",1990,0.0,0.0,0.0,0.0,,,,,,45
MAC,"Macao SAR, China",1991,0.0,0.0,0.0,0.0,,,,,,46
MAC,"Macao SAR, China",1992,0.0,0.0,0.0,0.0,,,,,,47
MAC,"Macao SAR, China",1993,0.0,0.0,0.0,0.0,,,,,,48
MAC,"Macao SAR, China",1994,0.0,0.0,0.0,0.0,,,,,,49
MAC,"Macao SAR, China",1995,0.0,0.0,0.0,0.0,,,,,,50
MAC,"Macao SAR, China",1996,0.0,0.0,0.0,0.0,,,,,,51
MAC,"Macao SAR, China",1997,0.0,0.0,0.0,0.0,,,,,,52
MAC,"Macao SAR, China",1998,0.0,0.0,0.0,0.0,,,,,,53
MAC,"Macao SAR, China",1999,0.0,0.0,0.0,0.0,,,,,,54
MAC,"Macao SAR, China",2000,0.0,0.0,0.0,0.0,,,,,,55
MAC,"Macao SAR, China",2001,0.0,0.0,0.0,0.0,,,,,,56
MAC,"Macao SAR, China",2002,0.0,0.0,0.0,0.0,,,,,,57
MAC,"Macao SAR, China",2003,0.0,0.0,0.0,0.0,,,,,,58
MAC,"Macao SAR, China",2004,0.0,0.0,0.0,0.0,,,,,,59
MAC,"Macao SAR, China",2005,0.0,0.0,0.0,0.0,,,,,,60
MAC,"Macao SAR, China",2006,0.0,0.0,0.0,0.0,,,,,,61
MAC,"Macao SAR, China",2007,0.0,0.0,0.0,0.0,,,,,,62
MAC,"Macao SAR, China",2008,0.0,0.0,0.0,0.0,,,,,,63
MAC,"Macao SAR, China",2009,0.0,0.0,0.0,0.0,,,,,,64
MAC,"Macao SAR, China",2010,0.0,0.0,0.0,0.0,,,,,,65
MAC,"Macao SAR, China",2011,0.0,0.0,0.0,0.0,,,,,,66
MAC,"Macao SAR, China",2012,0.0,0.0,0.0,0.0,,,,,,67
MAC,"Macao SAR, China",2013,0.0,0.0,0.0,0.0,,,,,,68
MAC,"Macao SAR, China",2014,0.0,0.0,0.0,0.0,,,,,,69
MAC,"Macao SAR, China",2015,0.0,0.0,0.0,0.0,,,,,,70
MAC,"Macao SAR, China",2016,0.0,0.0,0.0,0.0,,,,,,71
MAC,"Macao SAR, China",2017,0.0,0.0,0.0,0.0,,,,,,72
MAC,"Macao SAR, China",2018,0.0,0.0,0.0,0.0,,,,,,73
MAC,"Macao SAR, China",2019,0.0,0.0,0.0,0.0,,,,,,74
MAC,"Macao SAR, China",2020,0.0,0.0,0.0,0.0,,,,,,75
MAC,"Macao SAR, China",2021,0.0,0.0,0.0,0.0,,,,,,76
MAC,"Macao SAR, China",2022,,,,,,,,,,77
MAC,"Macao SAR, China",2023,,,,,,,,,,78
MAC,"Macao SAR, China",2024,,,,,,,,,,79
MAC,"Macao SAR, China",2025,,,,,,,,,,80
MAF,St. Martin (French part),1960,,,,,,,,,,15
MAF,St. Martin (French part),1961,,,,,,,,,,16
MAF,St. Martin (French part),1962,,,,,,,,,,17
MAF,St. Martin (French part),1963,,,,,,,,,,18
MAF,St. Martin (French part),1964,,,,,,,,,,19
MAF,St. Martin (French part),1965,,,,,,,,,,20
MAF,St. Martin (French part),1966,,,,,,,,,,21
MAF,St. Martin (French part),1967,,,,,,,,,,22
MAF,St. Martin (French part),1968,,,,,,,,,,23
MAF,St. Martin (French part),1969,,,,,,,,,,24
MAF,St. Martin (French part),1970,,,,,,,,,,25
MAF,St. Martin (French part),1971,,,,,,,,,,26
MAF,St. Martin (French part),1972,,,,,,,,,,27
MAF,St. Martin (French part),1973,,,,,,,,,,28
MAF,St. Martin (French part),1974,,,,,,,,,,29
MAF,St. Martin (French part),1975,,,,,,,,,,30
MAF,St. Martin (French part),1976,,,,,,,,,,31
MAF,St. Martin (French part),1977,,,,,,,,,,32
MAF,St. Martin (French part),1978,,,,,,,,,,33
MAF,St. Martin (French part),1979,,,,,,,,,,34
MAF,St. Martin (French part),1980,,,,,,,,,,35
MAF,St. Martin (French part),1981,,,,,,,,,,36
MAF,St. Martin (French part),1982,,,,,,,,,,37
MAF,St. Martin (French part),1983,,,,,,,,,,38
MAF,St. Martin (French part),1984,,,,,,,,,,39
MAF,St. Martin (French part),1985,,,,,,,,,,40
MAF,St. Martin (French part),1986,,,,,,,,,,41
MAF,St. Martin (French part),1987,,,,,,,,,,42
MAF,St. Martin (French part),1988,,,,,,,,,,43
MAF,St. Martin (French part),1989,,,,,,,,,,44
MAF,St. Martin (French part),1990,,,,,,,,,,45
MAF,St. Martin (French part),1991,,,,,,,,,,46
MAF,St. Martin (French part),1992,,,,,,,,,,47
MAF,St. Martin (French part),1993,,,,,,,,,,48
MAF,St. Martin (French part),1994,,,,,,,,,,49
MAF,St. Martin (French part),1995,,,,,,,,,,50
MAF,St. Martin (French part),1996,,,,,,,,,,51
MAF,St. Martin (French part),1997,,,,,,,,,,52
MAF,St. Martin (French part),1998,,,,,,,,,,53
MAF,St. Martin (French part),1999,,,,,,,,,,54
MAF,St. Martin (French part),2000,,,,,,,,,,55
MAF,St. Martin (French part),2001,,,,,,,,,,56
MAF,St. Martin (French part),2002,,,,,,,,,,57
MAF,St. Martin (French part),2003,,,,,,,,,,58
MAF,St. Martin (French part),2004,,,,,,,,,,59
MAF,St. Martin (French part),2005,,,,,,,,,,60
MAF,St. Martin (French part),2006,,,,,,,,,,61
MAF,St. Martin (French part),2007,,,,,,,,,,62
MAF,St. Martin (French part),2008,,,,,,,,,,63
MAF,St. Martin (French part),2009,,,,,,,,,,64
MAF,St. Martin (French part),2010,,,,,,,,,,65
MAF,St. Martin (French part),2011,,,,,,,,,,66
MAF,St. Martin (French part),2012,,,,,,,,,,67
MAF,St. Martin (French part),2013,,,,,,,,,,68
MAF,St. Martin (French part),2014,,,,,,,,,,69
MAF,St. Martin (French part),2015,,,,,,,,,,70
MAF,St. Martin (French part),2016,,,,,,,,,,71
MAF,St. Martin (French part),2017,,,,,,,,,,72
MAF,St. Martin (French part),2018,,,,,,,,,,73
MAF,St. Martin (French part),2019,,,,,,,,,,74
MAF,St. Martin (French part),2020,,,,,,,,,,75
MAF,St. Martin (French part),2021,,,,,,,,,,76
MAF,St. Martin (French part),2022,,,,,,,,,,77
MAF,St. Martin (French part),2023,,,,,,,,,,78
MAF,St. Martin (French part),2024,,,,,,,,,,79
MAF,St. Martin (French part),2025,,,,,,,,,,80
MAR,Morocco,1960,,,,,,,,,,15
MAR,Morocco,1961,,,,,,,,,,16
MAR,Morocco,1962,,,,,,,,,,17
MAR,Morocco,1963,,,,,,,,,,18
MAR,Morocco,1964,,,,,,,,,,19
MAR,Morocco,1965,,,,,92.11679,,,,,20
MAR,Morocco,1966,,,,,95.05686,,,,,21
MAR,Morocco,1967,,,,,95.91512,,,,,22
MAR,Morocco,1968,,,,,95.6607,,,,,23
MAR,Morocco,1969,,,,,94.80477,,,,,24
MAR,Morocco,1970,,,,,95.14798,,,,,25
MAR,Morocco,1971,0.0049010437746121,0.0041704327790617,0.0077166843303083,0.0167881608839821,94.81323,,,,,26
MAR,Morocco,1972,0.006522746480692,0.0058078119501216,0.008527517795746,0.0208580762265596,94.97587,,,,,27
MAR,Morocco,1973,0.0119585823329776,0.0085551506375162,0.0087594917177463,0.029273224688240097,96.72739,,,,,28
MAR,Morocco,1974,0.0245284171591146,0.0286587595248518,0.0087294419251814,0.0619166186091478,96.55538,,,,,29
MAR,Morocco,1975,0.0166013280568583,0.0850926503487122,0.0126956610602682,0.11438963946583872,97.46772,,,,,30
MAR,Morocco,1976,0.0076275246932294,0.0868776850259206,0.0134592627278407,0.1079644724469907,97.71552,,,,,31
MAR,Morocco,1977,0.0174803585788549,0.0780202056685723,0.0155671723540861,0.1110677366015133,97.186676,,,,,32
MAR,Morocco,1978,0.0162686827564633,0.0556154818215503,0.0141901535487706,0.0860743181267842,97.25401,,,,,33
MAR,Morocco,1979,0.0249454081248798,0.0445948420829154,0.0172749520505173,0.08681520225831249,97.24902,,,,,34
MAR,Morocco,1980,0.0154413073181381,0.0522300176734273,0.010332351179635,0.0780036761712004,97.37937,,,,,35
MAR,Morocco,1981,0.0228064561957411,0.104688254494557,0.0139193628379737,0.14141407352827182,98.201805,,,,,36
MAR,Morocco,1982,0.0157889098114505,0.11630054432725,0.00499670138987,0.13708615552857048,99.04076,,,,,37
MAR,Morocco,1983,0.0181573174779498,0.0671766917524382,0.0174130758156611,0.1027470850460491,99.216995,,,,,38
MAR,Morocco,1984,0.018335367630548,0.0574644756626751,0.0170260184672975,0.0928258617605206,99.41428,,,,,39
MAR,Morocco,1985,0.0243830497123277,0.0645846092132688,0.0183396494961845,0.107307308421781,99.244774,,,,,40
MAR,Morocco,1986,0.0101580392209008,0.0277749335226695,0.0146263683811256,0.0525593411246959,99.02982,,,,,41
MAR,Morocco,1987,0.0093589432183166,0.0056694497066767,0.009345027396584,0.0243734203215773,98.78589,,,,,42
MAR,Morocco,1988,0.0073448661446723,0.0109794060579752,0.0082529784687435,0.026577250671391,98.69374,,,,,43
MAR,Morocco,1989,0.0065689680921739,0.0132187455389548,0.0058231278056546,0.0256108414367833,98.527664,,,,,44
MAR,Morocco,1990,0.0086331793463765,0.0147190427436801,0.0052312432317278,0.0285834653217844,98.48197,,,,,45
MAR,Morocco,1991,0.0038956474413304,0.0136058154924828,0.0029961723037282,0.0204976352375414,98.493935,,,,,46
MAR,Morocco,1992,0.0035802606735623,0.0100377627250247,0.0018043959378006,0.0154224193363876,98.95096,,,,,47
MAR,Morocco,1993,0.0032934305261153,0.0015735577439462,0.0019648496993342,0.0068318379693957,99.52821,,,,,48
MAR,Morocco,1994,0.0021216430136692,0.0017669683766788,0.0017956976477896,0.0056843090381376,99.18296,,,,,49
MAR,Morocco,1995,0.0013097799250287,0.0118332933823331,0.0011164140323233,0.014259487339685099,99.39658,,,,,50
MAR,Morocco,1996,0.0014831045779326,0.0055139620331479,0.001401032287021,0.0083980988981015,98.10522,,,,,51
MAR,Morocco,1997,0.0035620276937522,0.0021483256713591,0.0030305858108503,0.008740939175961599,98.058304,,,,,52
MAR,Morocco,1998,0.002083701780773,0.0017308649100537,0.0028931574734707,0.0067077241642974,98.395256,,,,,53
MAR,Morocco,1999,0.0029532185556764,1.97664646532024e-07,0.0032151814881882,0.006168597708511132,99.294136,,,,,54
MAR,Morocco,2000,0.0063127252230029,0.0003307922705912,0.0050560166845148,0.0116995341781089,99.32548,,,,,55
MAR,Morocco,2001,0.0038967899367192,5.52658321011586e-05,0.0055266780553381,0.009478733824158458,99.144394,,,,,56
MAR,Morocco,2002,0.0048209432798179,0.0,0.0042865136108573,0.0091074568906752,99.191284,,,,,57
MAR,Morocco,2003,0.0035183313822751,0.0,0.0032357584255989,0.006754089807874,98.708336,,,,,58
MAR,Morocco,2004,0.0044767617318117,0.0011301845524821,0.0043936738960555,0.0100006201803493,98.76695,,,,,59
MAR,Morocco,2005,0.0040207024300055,0.0003936749082704,0.0035771807255954,0.0079915580638713,99.26416,,,,,60
MAR,Morocco,2006,0.0062368292429596,0.000128482825881,0.0053887074909822,0.0117540195598228,99.282646,,,,,61
MAR,Morocco,2007,0.0064888645629307,0.0,0.0052266946835513,0.011715559246482,99.26678,,,,,62
MAR,Morocco,2008,0.0061644205483407,0.0,0.0038488289449543,0.010013249493295,99.317665,,,,,63
MAR,Morocco,2009,0.0032583737265042,0.0,0.0032704552967643,0.0065288290232685,98.26406,,,,,64
MAR,Morocco,2010,0.0054687744644496,0.0,0.0036884916252408,0.0091572660896904,97.800606,,,,,65
MAR,Morocco,2011,0.0072686592110911,0.0,0.004871764340395,0.0121404235514861,98.65117,,,,,66
MAR,Morocco,2012,0.0052845250346448,0.0,0.0069040956027098,0.0121886206373546,98.84534,,,,,67
MAR,Morocco,2013,0.0053581787411086,0.0,0.0079480430667575,0.0133062218078661,98.06835,,,,,68
MAR,Morocco,2014,0.0027200756134493,0.0,0.0068782887047693,0.009598364318218599,98.311676,,,,,69
MAR,Morocco,2015,0.0014273089885363,0.0,0.004323679359373,0.0057509883479093,97.93334,,,,,70
MAR,Morocco,2016,0.0011328109364847,0.0,0.0029547204521819,0.0040875313886666,97.838974,,,,,71
MAR,Morocco,2017,0.0013107837217798,0.0,0.0034050283994862,0.004715812121266,97.95007,,,,,72
MAR,Morocco,2018,0.0017548694429699,0.0,0.0053992427269532,0.0071541121699231006,97.19466,,,,,73
MAR,Morocco,2019,0.0013723705365759,0.0,0.0058722525176935,0.0072446230542694,97.000626,,,,,74
MAR,Morocco,2020,0.0008395727088705,0.0,0.0063192977519929,0.0071588704608634,96.97933,,,,,75
MAR,Morocco,2021,0.0010111851115324,0.0,0.0092134659068733,0.010224651018405698,96.97876,,,,,76
MAR,Morocco,2022,,,,,97.19751,,,,,77
MAR,Morocco,2023,,,,,96.56919,,,,,78
MAR,Morocco,2024,,,,,95.699,,,,,79
MAR,Morocco,2025,,,,,95.826485,,,,,80
MCO,Monaco,1960,,,,,,,,,,15
MCO,Monaco,1961,,,,,,,,,,16
MCO,Monaco,1962,,,,,,,,,,17
MCO,Monaco,1963,,,,,,,,,,18
MCO,Monaco,1964,,,,,,,,,,19
MCO,Monaco,1965,,,,,,,,,,20
MCO,Monaco,1966,,,,,,,,,,21
MCO,Monaco,1967,,,,,,,,,,22
MCO,Monaco,1968,,,,,,,,,,23
MCO,Monaco,1969,,,,,,,,,,24
MCO,Monaco,1970,,,,,,,,,,25
MCO,Monaco,1971,,,,,,,,,,26
MCO,Monaco,1972,,,,,,,,,,27
MCO,Monaco,1973,,,,,,,,,,28
MCO,Monaco,1974,,,,,,,,,,29
MCO,Monaco,1975,,,,,,,,,,30
MCO,Monaco,1976,,,,,,,,,,31
MCO,Monaco,1977,,,,,,,,,,32
MCO,Monaco,1978,,,,,,,,,,33
MCO,Monaco,1979,,,,,,,,,,34
MCO,Monaco,1980,,,,,,,,,,35
MCO,Monaco,1981,,,,,,,,,,36
MCO,Monaco,1982,,,,,,,,,,37
MCO,Monaco,1983,,,,,,,,,,38
MCO,Monaco,1984,,,,,,,,,,39
MCO,Monaco,1985,,,,,,,,,,40
MCO,Monaco,1986,,,,,,,,,,41
MCO,Monaco,1987,,,,,,,,,,42
MCO,Monaco,1988,,,,,,,,,,43
MCO,Monaco,1989,,,,,,,,,,44
MCO,Monaco,1990,,,,,,,,,,45
MCO,Monaco,1991,,,,,,,,,,46
MCO,Monaco,1992,,,,,,,,,,47
MCO,Monaco,1993,,,,,,,,,,48
MCO,Monaco,1994,,,,,,,,,,49
MCO,Monaco,1995,,,,,,,,,,50
MCO,Monaco,1996,,,,,,,,,,51
MCO,Monaco,1997,,,,,,,,,,52
MCO,Monaco,1998,,,,,,,,,,53
MCO,Monaco,1999,,,,,,,,,,54
MCO,Monaco,2000,,,,,,,,,,55
MCO,Monaco,2001,,,,,,,,,,56
MCO,Monaco,2002,,,,,,,,,,57
MCO,Monaco,2003,,,,,,,,,,58
MCO,Monaco,2004,,,,,,,,,,59
MCO,Monaco,2005,,,,,,,,,,60
MCO,Monaco,2006,,,,,,,,,,61
MCO,Monaco,2007,,,,,,,,,,62
MCO,Monaco,2008,,,,,,,,,,63
MCO,Monaco,2009,,,,,,,,,,64
MCO,Monaco,2010,,,,,,,,,,65
MCO,Monaco,2011,,,,,,,,,,66
MCO,Monaco,2012,,,,,,,,,,67
MCO,Monaco,2013,,,,,,,,,,68
MCO,Monaco,2014,,,,,,,,,,69
MCO,Monaco,2015,,,,,,,,,,70
MCO,Monaco,2016,,,,,,,,,,71
MCO,Monaco,2017,,,,,,,,,,72
MCO,Monaco,2018,,,,,,,,,,73
MCO,Monaco,2019,,,,,,,,,,74
MCO,Monaco,2020,,,,,,,,,,75
MCO,Monaco,2021,,,,,,,,,,76
MCO,Monaco,2022,,,,,,,,,,77
MCO,Monaco,2023,,,,,,,,,,78
MCO,Monaco,2024,,,,,,,,,,79
MCO,Monaco,2025,,,,,,,,,,80
MDA,Moldova,1960,,,,,,,,,,15
MDA,Moldova,1961,,,,,,,,,,16
MDA,Moldova,1962,,,,,,,,,,17
MDA,Moldova,1963,,,,,,,,,,18
MDA,Moldova,1964,,,,,,,,,,19
MDA,Moldova,1965,,,,,,,,,,20
MDA,Moldova,1966,,,,,,,,,,21
MDA,Moldova,1967,,,,,,,,,,22
MDA,Moldova,1968,,,,,,,,,,23
MDA,Moldova,1969,,,,,,,,,,24
MDA,Moldova,1970,,,,,,,,,,25
MDA,Moldova,1971,,,,,,,,,,26
MDA,Moldova,1972,,,,,,,,,,27
MDA,Moldova,1973,,,,,,,,,,28
MDA,Moldova,1974,,,,,,,,,,29
MDA,Moldova,1975,,,,,,,,,,30
MDA,Moldova,1976,,,,,,,,,,31
MDA,Moldova,1977,,,,,,,,,,32
MDA,Moldova,1978,,,,,,,,,,33
MDA,Moldova,1979,,,,,,,,,,34
MDA,Moldova,1980,,,,,,,,,,35
MDA,Moldova,1981,,,,,,,,,,36
MDA,Moldova,1982,,,,,,,,,,37
MDA,Moldova,1983,,,,,,,,,,38
MDA,Moldova,1984,,,,,,,,,,39
MDA,Moldova,1985,,,,,,,,,,40
MDA,Moldova,1986,,,,,,,,,,41
MDA,Moldova,1987,,,,,,,,,,42
MDA,Moldova,1988,,,,,,,,,,43
MDA,Moldova,1989,,,,,,,,,,44
MDA,Moldova,1990,,,,,,,,,,45
MDA,Moldova,1991,,,,,,,,,,46
MDA,Moldova,1992,,,,,,,,,,47
MDA,Moldova,1993,,,,,,,,,,48
MDA,Moldova,1994,,,,,,,,,,49
MDA,Moldova,1995,0.0198602406699322,0.0,0.0003165261569638,0.020176766826896002,,,,,,50
MDA,Moldova,1996,0.027368035018493,0.0,0.0002947696897362,0.0276628047082292,,,,,,51
MDA,Moldova,1997,0.0178195291815185,0.0,0.000239481600331,0.0180590107818495,,,,,,52
MDA,Moldova,1998,0.0059528029594244,0.0,3.55152502530395e-05,0.00598831820967744,,,,,,53
MDA,Moldova,1999,0.0245114225787651,0.0,4.61158902682422e-05,0.024557538469033344,,,,,,54
MDA,Moldova,2000,0.0462293945531825,0.0,0.0002857256496041,0.0465151202027866,,,,,,55
MDA,Moldova,2001,0.027932952617252,0.0,0.0004811674675497,0.0284141200848017,,,,,,56
MDA,Moldova,2002,0.0246158649690204,0.0,0.0003239459907299,0.0249398109597503,,,,,,57
MDA,Moldova,2003,0.0230683030184434,0.0,0.0002371053293359,0.0233054083477793,,,,,,58
MDA,Moldova,2004,0.0224885889043192,0.0,0.0002796901835753,0.0227682790878945,,,,,,59
MDA,Moldova,2005,0.0375729585706165,0.0,0.0002070225890086,0.0377799811596251,,,,,,60
MDA,Moldova,2006,0.0298150598802193,0.0,0.0954620566988178,0.1252771165790371,,,,,,61
MDA,Moldova,2007,0.0519331771812052,0.0,0.0001620720015259,0.0520952491827311,,,,,,62
MDA,Moldova,2008,0.104253032464958,0.0,0.0002670870568661,0.10452011952182409,,,,,,63
MDA,Moldova,2009,0.0709039203172028,0.0,0.000335684408541,0.0712396047257438,,,,,,64
MDA,Moldova,2010,0.0410121464400827,0.0,8.82226050062812e-05,0.04110036904508898,,,,,,65
MDA,Moldova,2011,0.0658151040070292,0.0,7.48602823163864e-05,0.06588996428934558,,,,,,66
MDA,Moldova,2012,0.0520121651564088,0.0,0.0001514490046966,0.052163614161105404,,,,,,67
MDA,Moldova,2013,0.0398922117138423,0.0,0.0001363163417314,0.0400285280555737,,,,,,68
MDA,Moldova,2014,0.0299660461211061,0.0,7.29195979032618e-05,0.030038965719009363,,,,,,69
MDA,Moldova,2015,0.0136446165022722,0.0,6.62200174007279e-05,0.013710836519672927,,,,,,70
MDA,Moldova,2016,0.0086219649039266,0.0,5.04397625609019e-05,0.008672404666487502,,,,,,71
MDA,Moldova,2017,0.0092364999527787,0.0,5.84473503480182e-05,0.009294947303126718,,,,,,72
MDA,Moldova,2018,0.0127635798638785,0.0,7.31336242755443e-05,0.012836713488154045,,,,,,73
MDA,Moldova,2019,0.0102511321031361,0.0,3.54706880923648e-05,0.010286602791228465,,,,,,74
MDA,Moldova,2020,0.0061908936452655,0.0,1.97113564430777e-06,0.006192864780909808,,,,,,75
MDA,Moldova,2021,0.0117069637364196,0.0,6.08786635979016e-05,0.0117678424000175,,,,,,76
MDA,Moldova,2022,,,,,,,,,,77
MDA,Moldova,2023,,,,,,,,,,78
MDA,Moldova,2024,,,,,,,,,,79
MDA,Moldova,2025,,,,,,,,,,80
MDG,Madagascar,1960,,,,,,,,,,15
MDG,Madagascar,1961,,,,,,,,,,16
MDG,Madagascar,1962,,,,,,,,,,17
MDG,Madagascar,1963,,,,,,,,,,18
MDG,Madagascar,1964,,,,,,,,,,19
MDG,Madagascar,1965,,,,,,,,,,20
MDG,Madagascar,1966,,,,,,,,,,21
MDG,Madagascar,1967,,,,,,,,,,22
MDG,Madagascar,1968,,,,,,,,,,23
MDG,Madagascar,1969,,,,,,,,,,24
MDG,Madagascar,1970,,,,,,,,,,25
MDG,Madagascar,1971,,,,,,,,,,26
MDG,Madagascar,1972,,,,,,,,,,27
MDG,Madagascar,1973,,,,,,,,,,28
MDG,Madagascar,1974,,,,,,,,,,29
MDG,Madagascar,1975,,,,,,,,,,30
MDG,Madagascar,1976,,,,,,,,,,31
MDG,Madagascar,1977,,,,,,,,,,32
MDG,Madagascar,1978,,,,,,,,,,33
MDG,Madagascar,1979,,,,,,,,,,34
MDG,Madagascar,1980,0.0,0.0,0.0,0.0,,,,,,35
MDG,Madagascar,1981,0.0,0.0,0.0,0.0,,,,,,36
MDG,Madagascar,1982,0.0,0.0,0.0,0.0,,,,,,37
MDG,Madagascar,1983,0.0,0.0,0.0,0.0,,,,,,38
MDG,Madagascar,1984,0.0,0.0,0.0,0.0,,,,,,39
MDG,Madagascar,1985,0.0,0.0,0.0,0.0,,,,,,40
MDG,Madagascar,1986,0.0,0.0,0.0,0.0,,,,,,41
MDG,Madagascar,1987,0.0,0.0,0.0,0.0,,,,,,42
MDG,Madagascar,1988,0.0,0.0,0.0,0.0,,,,,,43
MDG,Madagascar,1989,0.0,0.0,0.0,0.0,,,,,,44
MDG,Madagascar,1990,0.0,0.0,0.0,0.0,,,,,,45
MDG,Madagascar,1991,0.0,0.0,0.0,0.0,,,,,,46
MDG,Madagascar,1992,0.0,0.0,0.0,0.0,,,,,,47
MDG,Madagascar,1993,0.0,0.0,0.0,0.0,,,,,,48
MDG,Madagascar,1994,0.0,0.0,0.0,0.0,,,,,,49
MDG,Madagascar,1995,0.0,0.0,0.0,0.0,,,,,,50
MDG,Madagascar,1996,0.0,0.0,0.0,0.0,,,,,,51
MDG,Madagascar,1997,0.0,0.0,0.0,0.0,,,,,,52
MDG,Madagascar,1998,0.0,0.0,0.0,0.0,,,,,,53
MDG,Madagascar,1999,0.0,0.0,0.0,0.0,,,,,,54
MDG,Madagascar,2000,0.0,0.0,0.0,0.0,,,,,,55
MDG,Madagascar,2001,0.0,0.0,0.0,0.0,,,,,,56
MDG,Madagascar,2002,0.0,0.0,0.0,0.0,,,,,,57
MDG,Madagascar,2003,0.0,0.0,0.0,0.0,,,,,,58
MDG,Madagascar,2004,0.0,0.0,0.0,0.0,,,,,,59
MDG,Madagascar,2005,0.0,0.0,0.0,0.0,,,,,,60
MDG,Madagascar,2006,0.0,0.0,0.0,0.0,,,,,,61
MDG,Madagascar,2007,0.0,0.0,0.0,0.0,,,,,,62
MDG,Madagascar,2008,0.0,0.0,0.0,0.0,,,,,,63
MDG,Madagascar,2009,0.0,0.0,0.0,0.0,,,,,,64
MDG,Madagascar,2010,0.0,0.0,0.0,0.0,,,,,,65
MDG,Madagascar,2011,0.0,0.0003222605506557,0.0,0.0003222605506557,,,,,,66
MDG,Madagascar,2012,0.0,0.0004193423458683,0.0,0.0004193423458683,,,,,,67
MDG,Madagascar,2013,0.0,0.0005038070614286,0.0,0.0005038070614286,,,,,,68
MDG,Madagascar,2014,0.0862831212415832,0.0004282596056678,0.0,0.086711380847251,,,,,,69
MDG,Madagascar,2015,0.065733337532039,0.0001639622995895,0.0,0.0658972998316285,,,,,,70
MDG,Madagascar,2016,0.058311086080069,0.0001315853296855,0.0,0.058442671409754496,,,,,,71
MDG,Madagascar,2017,0.0955254362506415,7.3058283026749e-06,0.0,0.09553274207894417,,,,,,72
MDG,Madagascar,2018,0.129091659780245,0.0,0.0,0.129091659780245,,,,,,73
MDG,Madagascar,2019,0.0932709055863001,0.0,0.0,0.0932709055863001,,,,,,74
MDG,Madagascar,2020,0.0494868182948729,0.0,0.0,0.0494868182948729,,,,,,75
MDG,Madagascar,2021,0.0838298700394072,0.0,0.0,0.0838298700394072,,,,,,76
MDG,Madagascar,2022,,,,,,,,,,77
MDG,Madagascar,2023,,,,,,,,,,78
MDG,Madagascar,2024,,,,,,,,,,79
MDG,Madagascar,2025,,,,,,,,,,80
MDV,Maldives,1960,,,,,,,,,,15
MDV,Maldives,1961,,,,,,,,,,16
MDV,Maldives,1962,,,,,,,,,,17
MDV,Maldives,1963,,,,,,,,,,18
MDV,Maldives,1964,,,,,,,,,,19
MDV,Maldives,1965,,,,,,,,,,20
MDV,Maldives,1966,,,,,,,,,,21
MDV,Maldives,1967,,,,,,,,,,22
MDV,Maldives,1968,,,,,,,,,,23
MDV,Maldives,1969,,,,,,,,,,24
MDV,Maldives,1970,,,,,,,,,,25
MDV,Maldives,1971,,,,,,,,,,26
MDV,Maldives,1972,,,,,,,,,,27
MDV,Maldives,1973,,,,,,,,,,28
MDV,Maldives,1974,,,,,,,,,,29
MDV,Maldives,1975,,,,,,,,,,30
MDV,Maldives,1976,,,,,,,,,,31
MDV,Maldives,1977,,,,,,,,,,32
MDV,Maldives,1978,,,,,,,,,,33
MDV,Maldives,1979,,,,,,,,,,34
MDV,Maldives,1980,0.0,0.0,0.0,0.0,,,,,,35
MDV,Maldives,1981,0.0,0.0,0.0,0.0,,,,,,36
MDV,Maldives,1982,0.0,0.0,0.0,0.0,,,,,,37
MDV,Maldives,1983,0.0,0.0,0.0,0.0,,,,,,38
MDV,Maldives,1984,0.0,0.0,0.0,0.0,,,,,,39
MDV,Maldives,1985,0.0,0.0,0.0,0.0,,,,,,40
MDV,Maldives,1986,0.0,0.0,0.0,0.0,,,,,,41
MDV,Maldives,1987,0.0,0.0,0.0,0.0,,,,,,42
MDV,Maldives,1988,0.0,0.0,0.0,0.0,,,,,,43
MDV,Maldives,1989,0.0,0.0,0.0,0.0,,,,,,44
MDV,Maldives,1990,0.0,0.0,0.0,0.0,,,,,,45
MDV,Maldives,1991,0.0,0.0,0.0,0.0,,,,,,46
MDV,Maldives,1992,0.0,0.0,0.0,0.0,,,,,,47
MDV,Maldives,1993,0.0,0.0,0.0,0.0,,,,,,48
MDV,Maldives,1994,0.0,0.0,0.0,0.0,,,,,,49
MDV,Maldives,1995,0.0,0.0,0.0,0.0,,,,,,50
MDV,Maldives,1996,0.0,0.0,0.0,0.0,,,,,,51
MDV,Maldives,1997,0.0,0.0,0.0,0.0,,,,,,52
MDV,Maldives,1998,0.0,0.0,0.0,0.0,,,,,,53
MDV,Maldives,1999,0.0,0.0,0.0,0.0,,,,,,54
MDV,Maldives,2000,0.0,0.0,0.0,0.0,,,,,,55
MDV,Maldives,2001,0.0,0.0,0.0,0.0,,,,,,56
MDV,Maldives,2002,0.0,0.0,0.0,0.0,,,,,,57
MDV,Maldives,2003,0.0,0.0,0.0,0.0,,,,,,58
MDV,Maldives,2004,0.0,0.0,0.0,0.0,,,,,,59
MDV,Maldives,2005,0.0,0.0,0.0,0.0,,,,,,60
MDV,Maldives,2006,0.0,0.0,0.0,0.0,,,,,,61
MDV,Maldives,2007,0.0,0.0,0.0,0.0,,,,,,62
MDV,Maldives,2008,0.0,0.0,0.0,0.0,,,,,,63
MDV,Maldives,2009,0.0,0.0,0.0,0.0,,,,,,64
MDV,Maldives,2010,0.0,0.0,0.0,0.0,,,,,,65
MDV,Maldives,2011,0.0,0.0,0.0,0.0,,,,,,66
MDV,Maldives,2012,0.0,0.0,0.0,0.0,,,,,,67
MDV,Maldives,2013,0.0,0.0,0.0,0.0,,,,,,68
MDV,Maldives,2014,0.0,0.0,0.0,0.0,,,,,,69
MDV,Maldives,2015,0.0,0.0,0.0,0.0,,,,,,70
MDV,Maldives,2016,0.0,0.0,0.0,0.0,,,,,,71
MDV,Maldives,2017,0.0,0.0,0.0,0.0,,,,,,72
MDV,Maldives,2018,0.0,0.0,0.0,0.0,,,,,,73
MDV,Maldives,2019,0.0,0.0,0.0,0.0,,,,,,74
MDV,Maldives,2020,0.0,0.0,0.0,0.0,,,,,,75
MDV,Maldives,2021,0.0,0.0,0.0,0.0,,,,,,76
MDV,Maldives,2022,,,,,,,,,,77
MDV,Maldives,2023,,,,,,,,,,78
MDV,Maldives,2024,,,,,,,,,,79
MDV,Maldives,2025,,,,,,,,,,80
MEX,Mexico,1960,,,,,,,,,,15
MEX,Mexico,1961,,,,,,,,,,16
MEX,Mexico,1962,,,,,,,,,,17
MEX,Mexico,1963,,,,,,,,,,18
MEX,Mexico,1964,,,,,,,,,,19
MEX,Mexico,1965,,,,,96.78854,,209.96678,,209.96678,20
MEX,Mexico,1966,,,,,96.520424,,215.03337,,215.03337,21
MEX,Mexico,1967,,,,,96.26529,,237.99353,,237.99353,22
MEX,Mexico,1968,,,,,96.049675,,254.70474,,254.70474,23
MEX,Mexico,1969,,,,,96.19355,,267.08307,,267.08307,24
MEX,Mexico,1970,0.204288512529996,,0.0105625266256379,0.2148510391556339,95.99512,,281.20184,110.30307,391.50491,25
MEX,Mexico,1971,0.299015550436243,0.0186834182184142,0.0148118073352325,0.3325107759898897,96.3231,,280.36813,109.181725,389.549855,26
MEX,Mexico,1972,0.31456660350112,0.0160453060374469,0.0142064173532853,0.3448183268918522,96.463684,,291.88528,113.480225,405.36550500000004,27
MEX,Mexico,1973,0.471736151765772,0.0172044546066276,0.0124796723483394,0.501420278720739,96.219185,,300.7447,123.30594,424.05064000000004,28
MEX,Mexico,1974,2.57282025355611,0.0347959638029933,0.0740095234314541,2.6816257407905573,95.96101,,377.0003,129.26202,506.26232,29
MEX,Mexico,1975,2.49010737213211,0.0692885004366197,0.116208483701958,2.6756043562706875,96.425095,,466.99908,131.39035,598.38943,30
MEX,Mexico,1976,2.98705970420645,0.0729095749498757,0.110302974016346,3.170272253172672,96.18625,,520.7187,128.85493,649.57363,31
MEX,Mexico,1977,3.33624660345827,0.0940948500281796,0.0094115273240231,3.4397529808104728,96.0476,,632.27313,136.65276,768.92589,32
MEX,Mexico,1978,3.62012996831848,0.0749475789727273,0.0223707765461534,3.717448323837361,96.93858,,775.63153,171.05864,946.69017,33
MEX,Mexico,1979,8.71636010453775,0.0529286509832884,0.140166279255852,8.90945503477689,96.49321,,938.07477,207.65465,1145.72942,34
MEX,Mexico,1980,9.61731417060257,0.031356734801462,0.265099522207148,9.91377042761118,97.03792,,1246.5953,251.15242,1497.7477199999998,35
MEX,Mexico,1981,7.42762704678809,0.0295900935287583,0.135305680957537,7.592522821274385,96.43446,19.762499,1488.5858,270.57907,1778.927369,36
MEX,Mexico,1982,7.50397258889744,0.0556412324912301,0.0440092299798919,7.6036230513685625,96.442665,23.763056,1756.2821,288.5231,2068.568256,37
MEX,Mexico,1983,11.7261554852808,0.0696050851614401,0.277599325978629,12.07335989642087,96.579735,30.176666,1711.0585,290.96167,2032.196836,38
MEX,Mexico,1984,9.84444229082766,0.0520637881211353,0.257987746631972,10.154493825580767,96.378075,32.878056,1724.8599,286.19363,2043.931586,39
MEX,Mexico,1985,8.61459820040424,0.0433284552851177,0.235690402544524,8.89361705823388,95.888435,33.733334,1696.2805,277.63766,2007.6514940000002,40
MEX,Mexico,1986,4.97962851823254,0.0457242358883196,0.254156712015351,5.2795094661362105,94.90101,36.53528,1591.9348,246.61609,1875.08617,41
MEX,Mexico,1987,7.73388204379299,0.0247876253640453,0.174430515106447,7.933100184263482,94.387596,40.55139,1663.4996,250.671,1954.7219900000002,42
MEX,Mexico,1988,4.64028805528562,0.0162641928972486,0.125497498007817,4.782049746190686,93.999016,36.204723,1659.4952,253.9323,1949.632223,43
MEX,Mexico,1989,5.79313137345124,0.0230098533410818,0.120228583290821,5.936369810083143,93.86552,38.895275,1663.8485,243.76479,1946.508565,44
MEX,Mexico,1990,6.8456871360715,0.0282894233064959,0.135611120942481,7.009587680320476,93.65176,39.37694,1688.312,263.8614,1991.55034,45
MEX,Mexico,1991,3.28443133736966,0.0195016516298965,0.091267496824553,3.3952004858241094,93.428345,35.756386,1777.2651,267.59097,2080.6124560000003,46
MEX,Mexico,1992,3.04098381617295,0.0108821335962508,0.0689974712150937,3.1208634209842945,92.97544,33.211666,1779.7585,259.37534,2072.3455059999997,47
MEX,Mexico,1993,2.11322234509591,0.0045470490873715,0.0651451163398049,2.1829145105230863,92.69115,35.948612,1782.6091,277.7821,2096.3398119999997,48
MEX,Mexico,1994,1.94028537233214,0.0035821557885248,0.0551058768829018,1.9989734050035666,93.90521,48.61111,1793.0317,292.23007,2133.87288,49
MEX,Mexico,1995,3.18458587486466,0.0108160359365737,0.069034214647323,3.2644361254485568,92.307365,47.974167,1746.9808,291.86252,2086.8174870000003,50
MEX,Mexico,1996,3.72059342746973,0.0094602665970484,0.070416169468437,3.800469863535215,92.35059,53.108612,1888.243,308.0503,2249.401912,51
MEX,Mexico,1997,2.84312857753682,0.0065484915220829,0.0633338264961717,2.9130108955550744,92.506996,52.69694,1972.6746,311.06473,2336.43627,52
MEX,Mexico,1998,1.46767139990085,0.0038317013809644,0.0496443227603013,1.5211474240421157,93.05075,55.391945,2017.5048,329.34113,2402.237875,53
MEX,Mexico,1999,2.1311082380075,0.0009551319488844,0.064072214671326,2.1961355846277106,92.44635,56.623886,1924.6742,342.3527,2323.650786,54
MEX,Mexico,2000,3.33837327328532,0.0010126660789203,0.101366224193813,3.440752163558053,92.77134,62.97278,1980.8431,333.7867,2377.60258,55
MEX,Mexico,2001,2.39265778309786,0.0069582517531789,0.0922107414251373,2.4918267762761763,93.0431,48.404804,2045.3356,331.40704,2425.147444,56
MEX,Mexico,2002,2.56123107950286,0.0026138011690482,0.0725730429832139,2.6364179236551224,93.40298,39.43668,2068.0566,337.2773,2444.77058,57
MEX,Mexico,2003,3.17250156374492,0.0041883784812983,0.0614333225948134,3.238123264821032,93.090164,51.32849,2188.7676,348.40408,2588.5001700000003,58
MEX,Mexico,2004,3.91311549345697,0.0273022630858051,0.0603358045511139,4.000753561093889,93.19185,68.34698,2210.1965,370.27045,2648.81393,59
MEX,Mexico,2005,5.19854636227176,0.0295646975447426,0.107040373383792,5.335151433200294,92.69527,70.61392,2168.895,443.1189,2682.6278199999997,60
MEX,Mexico,2006,5.53800257872389,0.0355247371379613,0.150480549487065,5.7240078653489155,93.08692,78.71961,2123.0002,484.522,2686.24181,61
MEX,Mexico,2007,5.08084054962981,0.0352874169588699,0.177822600392634,5.293950566981314,93.086006,84.94326,2003.0499,468.58575,2556.57891,62
MEX,Mexico,2008,6.04436562265737,0.106680413833219,0.187206346731322,6.338252383221911,92.91573,80.50447,1824.7035,472.3058,2377.51377,63
MEX,Mexico,2009,3.43604404491316,0.0535139993276361,0.301071991179704,3.7906300354205,93.53647,70.74123,1705.7043,525.8305,2302.27603,64
MEX,Mexico,2010,4.0853189393579,0.0796871696268284,0.152145470781719,4.317151579766447,93.34331,85.13548,1693.3341,511.77817,2290.24775,65
MEX,Mexico,2011,5.72990793071681,0.132625302569202,0.291352067275173,6.153885300561185,93.27937,108.96731,1680.7505,520.98987,2310.70768,66
MEX,Mexico,2012,5.40265415074589,0.0594435226719813,0.292312698627022,5.754410372044893,93.90951,86.33483,1673.0602,508.50186,2267.89689,67
MEX,Mexico,2013,4.59508453903103,0.0394965314684216,0.294655512434139,4.929236582933592,93.55098,83.29921,1649.6648,524.8804,2257.8444099999997,68
MEX,Mexico,2014,3.9014361869158,0.0296217542584092,0.253327765301614,4.184385706475823,93.02596,84.3694,1594.4459,512.99805,2191.81335,69
MEX,Mexico,2015,1.54607339138936,0.0146209134508051,0.130969772345063,1.691664077185228,93.01486,79.91293,1483.0002,479.46945,2042.38258,70
MEX,Mexico,2016,1.23719531597201,0.02079440539794,0.0555286615814859,1.3135183829514359,93.31438,70.601425,1411.3071,459.29507,1941.203595,71
MEX,Mexico,2017,1.55624412694841,0.0246410567158187,0.0594559535085476,1.640341137172776,93.62538,85.62223,1273.1558,419.1266,1777.90463,72
MEX,Mexico,2018,2.20735150189898,0.025196241296921,0.120301873913526,2.352849617109427,93.271355,77.66055,1189.6406,397.84943,1665.15058,73
MEX,Mexico,2019,1.58229584530394,0.0153902956410095,0.117422243869392,1.7151083848143414,93.32883,64.01667,1103.9011,385.86258,1553.78035,74
MEX,Mexico,2020,0.867384554620089,0.0111313464432547,0.0700656490052309,0.9485815500685747,92.18381,53.413887,1105.4672,361.15512,1520.036207,75
MEX,Mexico,2021,2.06594374719816,0.0161205544445626,0.0909613894136,2.173025691056323,92.03672,38.211388,1121.608,343.37772,1503.1971079999998,76
MEX,Mexico,2022,,,,,92.302956,38.219444,1135.4508,360.95642,1534.6266640000001,77
MEX,Mexico,2023,,,,,92.93159,4.16126,1192.4994,387.01062,1583.67128,78
MEX,Mexico,2024,,,,,92.88851,4.1628294,1120.788,358.43738,1483.3882094,79
MEX,Mexico,2025,,,,,92.9105,4.1914754,1039.6016,347.90982,1391.7028954,80
MHL,Marshall Islands,1960,,,,,,,,,,15
MHL,Marshall Islands,1961,,,,,,,,,,16
MHL,Marshall Islands,1962,,,,,,,,,,17
MHL,Marshall Islands,1963,,,,,,,,,,18
MHL,Marshall Islands,1964,,,,,,,,,,19
MHL,Marshall Islands,1965,,,,,,,,,,20
MHL,Marshall Islands,1966,,,,,,,,,,21
MHL,Marshall Islands,1967,,,,,,,,,,22
MHL,Marshall Islands,1968,,,,,,,,,,23
MHL,Marshall Islands,1969,,,,,,,,,,24
MHL,Marshall Islands,1970,,,,,,,,,,25
MHL,Marshall Islands,1971,,,,,,,,,,26
MHL,Marshall Islands,1972,,,,,,,,,,27
MHL,Marshall Islands,1973,,,,,,,,,,28
MHL,Marshall Islands,1974,,,,,,,,,,29
MHL,Marshall Islands,1975,,,,,,,,,,30
MHL,Marshall Islands,1976,,,,,,,,,,31
MHL,Marshall Islands,1977,,,,,,,,,,32
MHL,Marshall Islands,1978,,,,,,,,,,33
MHL,Marshall Islands,1979,,,,,,,,,,34
MHL,Marshall Islands,1980,,,,,,,,,,35
MHL,Marshall Islands,1981,,,,,,,,,,36
MHL,Marshall Islands,1982,,,,,,,,,,37
MHL,Marshall Islands,1983,,,,,,,,,,38
MHL,Marshall Islands,1984,,,,,,,,,,39
MHL,Marshall Islands,1985,,,,,,,,,,40
MHL,Marshall Islands,1986,,,,,,,,,,41
MHL,Marshall Islands,1987,,,,,,,,,,42
MHL,Marshall Islands,1988,,,,,,,,,,43
MHL,Marshall Islands,1989,,,,,,,,,,44
MHL,Marshall Islands,1990,,,,,,,,,,45
MHL,Marshall Islands,1991,,,,,,,,,,46
MHL,Marshall Islands,1992,,,,,,,,,,47
MHL,Marshall Islands,1993,,,,,,,,,,48
MHL,Marshall Islands,1994,,,,,,,,,,49
MHL,Marshall Islands,1995,,,,,,,,,,50
MHL,Marshall Islands,1996,,,,,,,,,,51
MHL,Marshall Islands,1997,,,,,,,,,,52
MHL,Marshall Islands,1998,,,,,,,,,,53
MHL,Marshall Islands,1999,,,,,,,,,,54
MHL,Marshall Islands,2000,,,,,,,,,,55
MHL,Marshall Islands,2001,,,,,,,,,,56
MHL,Marshall Islands,2002,,,,,,,,,,57
MHL,Marshall Islands,2003,,,,,,,,,,58
MHL,Marshall Islands,2004,,,,,,,,,,59
MHL,Marshall Islands,2005,,,,,,,,,,60
MHL,Marshall Islands,2006,,,,,,,,,,61
MHL,Marshall Islands,2007,,,,,,,,,,62
MHL,Marshall Islands,2008,,,,,,,,,,63
MHL,Marshall Islands,2009,,,,,,,,,,64
MHL,Marshall Islands,2010,,,,,,,,,,65
MHL,Marshall Islands,2011,,,,,,,,,,66
MHL,Marshall Islands,2012,,,,,,,,,,67
MHL,Marshall Islands,2013,,,,,,,,,,68
MHL,Marshall Islands,2014,,,,,,,,,,69
MHL,Marshall Islands,2015,,,,,,,,,,70
MHL,Marshall Islands,2016,,,,,,,,,,71
MHL,Marshall Islands,2017,,,,,,,,,,72
MHL,Marshall Islands,2018,,,,,,,,,,73
MHL,Marshall Islands,2019,,,,,,,,,,74
MHL,Marshall Islands,2020,,,,,,,,,,75
MHL,Marshall Islands,2021,,,,,,,,,,76
MHL,Marshall Islands,2022,,,,,,,,,,77
MHL,Marshall Islands,2023,,,,,,,,,,78
MHL,Marshall Islands,2024,,,,,,,,,,79
MHL,Marshall Islands,2025,,,,,,,,,,80
MKD,North Macedonia,1960,,,,,,,,,,15
MKD,North Macedonia,1961,,,,,,,,,,16
MKD,North Macedonia,1962,,,,,,,,,,17
MKD,North Macedonia,1963,,,,,,,,,,18
MKD,North Macedonia,1964,,,,,,,,,,19
MKD,North Macedonia,1965,,,,,,,,,,20
MKD,North Macedonia,1966,,,,,,,,,,21
MKD,North Macedonia,1967,,,,,,,,,,22
MKD,North Macedonia,1968,,,,,,,,,,23
MKD,North Macedonia,1969,,,,,,,,,,24
MKD,North Macedonia,1970,,,,,,,,,,25
MKD,North Macedonia,1971,,,,,,,,,,26
MKD,North Macedonia,1972,,,,,,,,,,27
MKD,North Macedonia,1973,,,,,,,,,,28
MKD,North Macedonia,1974,,,,,,,,,,29
MKD,North Macedonia,1975,,,,,,,,,,30
MKD,North Macedonia,1976,,,,,,,,,,31
MKD,North Macedonia,1977,,,,,,,,,,32
MKD,North Macedonia,1978,,,,,,,,,,33
MKD,North Macedonia,1979,,,,,,,,,,34
MKD,North Macedonia,1980,,,,,,,,,,35
MKD,North Macedonia,1981,,,,,,,,,,36
MKD,North Macedonia,1982,,,,,,,,,,37
MKD,North Macedonia,1983,,,,,,,,,,38
MKD,North Macedonia,1984,,,,,,,,,,39
MKD,North Macedonia,1985,,,,,,,,,,40
MKD,North Macedonia,1986,,,,,,,,,,41
MKD,North Macedonia,1987,,,,,,,,,,42
MKD,North Macedonia,1988,,,,,,,,,,43
MKD,North Macedonia,1989,,,,,,,,,,44
MKD,North Macedonia,1990,,0.0045322876506851,,0.0045322876506851,,,,,,45
MKD,North Macedonia,1991,,0.0039247457700055,,0.0039247457700055,,,,,,46
MKD,North Macedonia,1992,0.0,0.0048537790744932,0.0,0.0048537790744932,,,,,,47
MKD,North Macedonia,1993,0.0,0.0007648853178552,0.0,0.0007648853178552,,,,,,48
MKD,North Macedonia,1994,0.0,0.0007713810450255,0.0,0.0007713810450255,,,,,,49
MKD,North Macedonia,1995,0.0,0.0023040663736317,0.0,0.0023040663736317,,,,,,50
MKD,North Macedonia,1996,0.0,0.0017117822467956,0.0,0.0017117822467956,,,,,,51
MKD,North Macedonia,1997,0.0,0.0010539732205182,0.0,0.0010539732205182,96.81442,,,,,52
MKD,North Macedonia,1998,0.0,0.0013399017647661,0.0,0.0013399017647661,96.59482,,,,,53
MKD,North Macedonia,1999,0.0,0.0001605522695881,0.0,0.0001605522695881,95.33669,,,,,54
MKD,North Macedonia,2000,0.0,0.0032926242660644,0.0,0.0032926242660644,95.903076,,,,,55
MKD,North Macedonia,2001,0.0,0.0073963177243985,0.0,0.0073963177243985,97.74914,,,,,56
MKD,North Macedonia,2002,0.0,0.0035655299560946,0.0,0.0035655299560946,97.186806,,,,,57
MKD,North Macedonia,2003,0.0,0.0040028371019559,0.0,0.0040028371019559,95.320946,,,,,58
MKD,North Macedonia,2004,0.0,0.0173735329313722,0.0,0.0173735329313722,94.85211,,,,,59
MKD,North Macedonia,2005,0.0,0.011025567729415,0.0,0.011025567729415,94.993935,,,,,60
MKD,North Macedonia,2006,0.0,0.0120998120637082,0.0,0.0120998120637082,94.5254,,,,,61
MKD,North Macedonia,2007,0.0084809264073617,0.0156339602417874,0.0,0.0241148866491491,96.74531,,,,,62
MKD,North Macedonia,2008,0.0021136756246601,0.0436126414299653,0.0,0.0457263170546254,97.176956,,,,,63
MKD,North Macedonia,2009,0.001197837630768,0.013458054029194,0.0,0.014655891659962,95.52374,,,,,64
MKD,North Macedonia,2010,0.0054810597393639,0.0331827860054843,0.0,0.0386638457448482,91.76492,,,,,65
MKD,North Macedonia,2011,0.0202744088961322,0.0360413038156159,0.0,0.056315712711748095,95.40266,,,,,66
MKD,North Macedonia,2012,0.0230402748269549,0.0171110905804179,0.0,0.0401513654073728,96.45701,,,,,67
MKD,North Macedonia,2013,0.0175104064661129,0.0083035354800365,0.0,0.025813941946149402,94.1417,,,,,68
MKD,North Macedonia,2014,0.0217970329673458,0.007297130215401,0.0,0.029094163182746803,94.97078,,,,,69
MKD,North Macedonia,2015,0.0173255645490176,0.006501515947089,0.0,0.0238270804961066,92.0472,,,,,70
MKD,North Macedonia,2016,0.0128591662869988,0.0051670611231701,0.0,0.018026227410168898,92.12105,,,,,71
MKD,North Macedonia,2017,0.0,0.0089201288239173,0.0,0.0089201288239173,94.87458,,,,,72
MKD,North Macedonia,2018,0.0,0.0077429834214032,0.0,0.0077429834214032,92.38651,,,,,73
MKD,North Macedonia,2019,0.0,0.0054195763373803,0.0,0.0054195763373803,94.9664,,,,,74
MKD,North Macedonia,2020,0.0,0.0046802562318922,0.0,0.0046802562318922,93.72835,,,,,75
MKD,North Macedonia,2021,0.0,0.0086323297736044,0.0,0.0086323297736044,93.29352,,,,,76
MKD,North Macedonia,2022,,,,,93.935326,,,,,77
MKD,North Macedonia,2023,,,,,91.92372,,,,,78
MKD,North Macedonia,2024,,,,,90.26527,,,,,79
MKD,North Macedonia,2025,,,,,87.01913,,,,,80
MLI,Mali,1960,,,,,,,,,,15
MLI,Mali,1961,,,,,,,,,,16
MLI,Mali,1962,,,,,,,,,,17
MLI,Mali,1963,,,,,,,,,,18
MLI,Mali,1964,,,,,,,,,,19
MLI,Mali,1965,,,,,,,,,,20
MLI,Mali,1966,,,,,,,,,,21
MLI,Mali,1967,,,,,,,,,,22
MLI,Mali,1968,,,,,,,,,,23
MLI,Mali,1969,,,,,,,,,,24
MLI,Mali,1970,,,,,,,,,,25
MLI,Mali,1971,,,,,,,,,,26
MLI,Mali,1972,,,,,,,,,,27
MLI,Mali,1973,,,,,,,,,,28
MLI,Mali,1974,,,,,,,,,,29
MLI,Mali,1975,,,,,,,,,,30
MLI,Mali,1976,,,,,,,,,,31
MLI,Mali,1977,,,,,,,,,,32
MLI,Mali,1978,,,,,,,,,,33
MLI,Mali,1979,,,,,,,,,,34
MLI,Mali,1980,0.0,0.0,0.0,0.0,,,,,,35
MLI,Mali,1981,0.0,0.0,0.0,0.0,,,,,,36
MLI,Mali,1982,0.0,0.0,0.0,0.0,,,,,,37
MLI,Mali,1983,0.0,0.0,0.0,0.0,,,,,,38
MLI,Mali,1984,0.0,0.0,0.0,0.0,,,,,,39
MLI,Mali,1985,0.0,0.0,0.0,0.0,,,,,,40
MLI,Mali,1986,0.0,0.0,0.0,0.0,,,,,,41
MLI,Mali,1987,0.0,0.0,0.0,0.0,,,,,,42
MLI,Mali,1988,0.0,0.0,0.0,0.0,,,,,,43
MLI,Mali,1989,0.0,0.0,0.0,0.0,,,,,,44
MLI,Mali,1990,0.0,0.0,0.0,0.0,,,,,,45
MLI,Mali,1991,0.0,0.0,0.0,0.0,,,,,,46
MLI,Mali,1992,0.0,0.0,0.0,0.0,,,,,,47
MLI,Mali,1993,0.0,0.0,0.0,0.0,,,,,,48
MLI,Mali,1994,0.0,0.0,0.0,0.0,,,,,,49
MLI,Mali,1995,0.0,0.0,0.0,0.0,,,,,,50
MLI,Mali,1996,0.0,0.0,0.0,0.0,,,,,,51
MLI,Mali,1997,0.0,0.0,0.0,0.0,,,,,,52
MLI,Mali,1998,0.0,0.0,0.0,0.0,,,,,,53
MLI,Mali,1999,0.0,0.0,0.0,0.0,,,,,,54
MLI,Mali,2000,0.0,0.0,0.0,0.0,,,,,,55
MLI,Mali,2001,0.0,0.0,0.0,0.0,,,,,,56
MLI,Mali,2002,0.0,0.0,0.0,0.0,,,,,,57
MLI,Mali,2003,0.0,0.0,0.0,0.0,,,,,,58
MLI,Mali,2004,0.0,0.0,0.0,0.0,,,,,,59
MLI,Mali,2005,0.0,0.0,0.0,0.0,,,,,,60
MLI,Mali,2006,0.0,0.0,0.0,0.0,,,,,,61
MLI,Mali,2007,0.0,0.0,0.0,0.0,,,,,,62
MLI,Mali,2008,0.0,0.0,0.0,0.0,,,,,,63
MLI,Mali,2009,0.0,0.0,0.0,0.0,,,,,,64
MLI,Mali,2010,0.0,0.0,0.0,0.0,,,,,,65
MLI,Mali,2011,0.0,0.0,0.0,0.0,,,,,,66
MLI,Mali,2012,0.0,0.0,0.0,0.0,,,,,,67
MLI,Mali,2013,0.0,0.0,0.0,0.0,,,,,,68
MLI,Mali,2014,0.0,0.0,0.0,0.0,,,,,,69
MLI,Mali,2015,0.0,0.0,0.0,0.0,,,,,,70
MLI,Mali,2016,0.0,0.0,0.0,0.0,,,,,,71
MLI,Mali,2017,0.0,0.0,0.0,0.0,,,,,,72
MLI,Mali,2018,0.0,0.0,0.0,0.0,,,,,,73
MLI,Mali,2019,0.0,0.0,0.0,0.0,,,,,,74
MLI,Mali,2020,0.0,0.0,0.0,0.0,,,,,,75
MLI,Mali,2021,0.0,0.0,0.0,0.0,,,,,,76
MLI,Mali,2022,,,,,,,,,,77
MLI,Mali,2023,,,,,,,,,,78
MLI,Mali,2024,,,,,,,,,,79
MLI,Mali,2025,,,,,,,,,,80
MLT,Malta,1960,,,,,,,,,,15
MLT,Malta,1961,,,,,,,,,,16
MLT,Malta,1962,,,,,,,,,,17
MLT,Malta,1963,,,,,,,,,,18
MLT,Malta,1964,,,,,,,,,,19
MLT,Malta,1965,,,,,,,,,,20
MLT,Malta,1966,,,,,,,,,,21
MLT,Malta,1967,,,,,,,,,,22
MLT,Malta,1968,,,,,,,,,,23
MLT,Malta,1969,,,,,,,,,,24
MLT,Malta,1970,,,,,,,,,,25
MLT,Malta,1971,0.0,0.0,0.0,0.0,,,,,,26
MLT,Malta,1972,0.0,0.0,0.0,0.0,,,,,,27
MLT,Malta,1973,0.0,0.0,0.0,0.0,,,,,,28
MLT,Malta,1974,0.0,0.0,0.0,0.0,,,,,,29
MLT,Malta,1975,0.0,0.0,0.0,0.0,,,,,,30
MLT,Malta,1976,0.0,0.0,0.0,0.0,,,,,,31
MLT,Malta,1977,0.0,0.0,0.0,0.0,,,,,,32
MLT,Malta,1978,0.0,0.0,0.0,0.0,,,,,,33
MLT,Malta,1979,0.0,0.0,0.0,0.0,,,,,,34
MLT,Malta,1980,0.0,0.0,0.0,0.0,,,,,,35
MLT,Malta,1981,0.0,0.0,0.0,0.0,,,,,,36
MLT,Malta,1982,0.0,0.0,0.0,0.0,,,,,,37
MLT,Malta,1983,0.0,0.0,0.0,0.0,,,,,,38
MLT,Malta,1984,0.0,0.0,0.0,0.0,,,,,,39
MLT,Malta,1985,0.0,0.0,0.0,0.0,,,,,,40
MLT,Malta,1986,0.0,0.0,0.0,0.0,,,,,,41
MLT,Malta,1987,0.0,0.0,0.0,0.0,,,,,,42
MLT,Malta,1988,0.0,0.0,0.0,0.0,,,,,,43
MLT,Malta,1989,0.0,0.0,0.0,0.0,,,,,,44
MLT,Malta,1990,0.0,0.0,0.0,0.0,,,,,,45
MLT,Malta,1991,0.0,0.0,0.0,0.0,,,,,,46
MLT,Malta,1992,0.0,0.0,0.0,0.0,,,,,,47
MLT,Malta,1993,0.0,0.0,0.0,0.0,,,,,,48
MLT,Malta,1994,0.0,0.0,0.0,0.0,,,,,,49
MLT,Malta,1995,0.0,0.0,0.0,0.0,,,,,,50
MLT,Malta,1996,0.0,0.0,0.0,0.0,,,,,,51
MLT,Malta,1997,0.0,0.0,0.0,0.0,,,,,,52
MLT,Malta,1998,0.0,0.0,0.0,0.0,,,,,,53
MLT,Malta,1999,0.0,0.0,0.0,0.0,,,,,,54
MLT,Malta,2000,0.0,0.0,0.0,0.0,,,,,,55
MLT,Malta,2001,0.0,0.0,0.0,0.0,,,,,,56
MLT,Malta,2002,0.0,0.0,0.0,0.0,,,,,,57
MLT,Malta,2003,0.0,0.0,0.0,0.0,,,,,,58
MLT,Malta,2004,0.0,0.0,0.0,0.0,,,,,,59
MLT,Malta,2005,0.0107363531671732,0.0,0.0,0.0107363531671732,,,,,,60
MLT,Malta,2006,0.0121328675494815,0.0,0.0,0.0121328675494815,,,,,,61
MLT,Malta,2007,0.0056509041515729,0.0,0.0,0.0056509041515729,,,,,,62
MLT,Malta,2008,0.0067133791839848,0.0,0.0,0.0067133791839848,,,,,,63
MLT,Malta,2009,0.0041791563907397,0.0,0.0,0.0041791563907397,,,,,,64
MLT,Malta,2010,0.0,0.0,0.0,0.0,,,,,,65
MLT,Malta,2011,0.0,0.0,0.0,0.0,,,,,,66
MLT,Malta,2012,0.0,0.0,0.0,0.0,,,,,,67
MLT,Malta,2013,0.0,0.0,0.0,0.0,,,,,,68
MLT,Malta,2014,0.0,0.0,0.0,0.0,,,,,,69
MLT,Malta,2015,0.0,0.0,0.0,0.0,,,,,,70
MLT,Malta,2016,0.0,0.0,0.0,0.0,,,,,,71
MLT,Malta,2017,0.0,0.0,0.0,0.0,,,,,,72
MLT,Malta,2018,0.0,0.0,0.0,0.0,,,,,,73
MLT,Malta,2019,0.0,0.0,0.0,0.0,,,,,,74
MLT,Malta,2020,0.0,0.0,0.0,0.0,,,,,,75
MLT,Malta,2021,0.0,0.0,0.0,0.0,,,,,,76
MLT,Malta,2022,,,,,,,,,,77
MLT,Malta,2023,,,,,,,,,,78
MLT,Malta,2024,,,,,,,,,,79
MLT,Malta,2025,,,,,,,,,,80
MMR,Myanmar,1960,,,,,,,,,,15
MMR,Myanmar,1961,,,,,,,,,,16
MMR,Myanmar,1962,,,,,,,,,,17
MMR,Myanmar,1963,,,,,,,,,,18
MMR,Myanmar,1964,,,,,,,,,,19
MMR,Myanmar,1965,,,,,,,,,,20
MMR,Myanmar,1966,,,,,,,,,,21
MMR,Myanmar,1967,,,,,,,,,,22
MMR,Myanmar,1968,,,,,,,,,,23
MMR,Myanmar,1969,,,,,,,,,,24
MMR,Myanmar,1970,0.112322934933028,,0.0,0.112322934933028,,,,0.0736875,0.0736875,25
MMR,Myanmar,1971,0.14099581851896,0.0002472389673459,0.0034096436558021,0.14465270114210801,,,,0.1424625,0.1424625,26
MMR,Myanmar,1972,0.440919674066485,0.0002670364484541,0.0047921654656333,0.44597887598057245,,,,0.15228751,0.15228751,27
MMR,Myanmar,1973,1.3997667556787,0.0002675978879571,0.0086312641469923,1.4086656177136494,,,,0.18421862,0.18421862,28
MMR,Myanmar,1974,6.95348324385402,0.003728594979762,0.248961701761117,7.206173540594899,,,,1.6481435,1.6481435,29
MMR,Myanmar,1975,6.97292933608767,0.0141019665550498,0.418057485142357,7.405088787785076,,,,1.7685,1.7685,30
MMR,Myanmar,1976,7.8254684772488,0.0120718049930234,0.59711740253125,8.434657684773073,,,,2.45625,2.45625,31
MMR,Myanmar,1977,10.507039214654,0.0197206081454518,0.595076315874945,11.121836138674396,,,,2.25975,2.25975,32
MMR,Myanmar,1978,11.8295079031042,0.0282672042725261,0.869950878413593,12.72772598579032,,,,2.65275,2.65275,33
MMR,Myanmar,1979,31.9273180498944,0.0277480397208343,1.22188078012097,33.176946869736206,,,,2.65275,2.65275,34
MMR,Myanmar,1980,32.8352731314229,0.0362220151565646,1.32964302722091,34.20113817380038,,,,3.43875,3.43875,35
MMR,Myanmar,1981,22.9953780150739,0.0933411494216272,0.578193355283371,23.666912519778897,,,,4.1265,4.1265,36
MMR,Myanmar,1982,13.967242193713,0.105635223060683,0.212616872648731,14.285494289422413,,,,4.42125,4.42125,37
MMR,Myanmar,1983,14.9069188929982,0.0537981777731621,0.465055774250168,15.42577284502153,,,,5.895,5.895,38
MMR,Myanmar,1984,16.6482185310175,0.0472946942606576,0.763598019921835,17.459111245199992,,,,6.2879996,6.2879996,39
MMR,Myanmar,1985,15.8308006289425,0.0603762907828192,1.22757981174292,17.11875673146824,,,,9.039,9.039,40
MMR,Myanmar,1986,5.05388693197996,0.0283840944600507,2.1285482288347,7.210819255274711,,,,10.51275,10.51275,41
MMR,Myanmar,1987,6.71502109996961,0.0026878838151681,2.15688269138271,8.874591675167489,,,,11.691751,11.691751,42
MMR,Myanmar,1988,3.89351638171617,0.0125519945522682,1.73739210176829,5.643460478036729,,,,10.218,10.218,43
MMR,Myanmar,1989,4.25171643878697,0.0166653924148982,1.6543337699345,5.922715601136369,,,,10.70925,10.70925,44
MMR,Myanmar,1990,4.86297915814427,0.0193791716375348,1.82653976993328,6.7088980997150856,,,,8.351251,8.351251,45
MMR,Myanmar,1991,2.87457588601181,0.0167617637668892,1.39571769216191,4.287055341940609,,,,8.4495,8.4495,46
MMR,Myanmar,1992,2.88692307028693,0.0078477927306567,1.43038034440844,4.3251512074260265,,,,8.5477495,8.5477495,47
MMR,Myanmar,1993,2.09265639774281,0.0008462721344899,1.44373876503733,3.5372414349146295,,,,10.8075,10.8075,48
MMR,Myanmar,1994,1.31082457279738,0.0007040737552368,1.56439719898042,2.875925845533037,,,,14.04975,14.04975,49
MMR,Myanmar,1995,0.780035740500825,0.0022670079957959,1.46070698160384,2.243009730100461,,,,16.113,16.113,50
MMR,Myanmar,1996,0.714927259697034,0.000887108103585,1.4103675273612,2.126181895161819,,,,15.719999,15.719999,51
MMR,Myanmar,1997,0.688794026130438,0.0004609222294521,1.4074117440653,2.09666669242519,,,,14.835751,14.835751,52
MMR,Myanmar,1998,0.48360292752074,0.0011409451511833,1.44765762205338,1.9324014947253034,,,,17.292,17.292,53
MMR,Myanmar,1999,0.622091052701597,0.0022066242659568,1.27486861904363,1.8991662960111837,,,,16.899,16.899,54
MMR,Myanmar,2000,1.32847770525212,0.0113430463493619,3.2424384672353,4.582259218836782,,,,33.405003,33.405003,55
MMR,Myanmar,2001,0.978658400478298,0.0758051855856943,6.67584865927321,7.730312245337202,,,,68.775,68.775,56
MMR,Myanmar,2002,1.34949335508262,0.0152696880925367,7.0882670077694,8.453030050944557,,,,82.53,82.53,57
MMR,Myanmar,2003,1.36774097417015,0.0194742616801778,8.04869867586634,9.435913911716668,,,,94.32,94.32,58
MMR,Myanmar,2004,1.74505333251524,0.125285309017504,8.14214332520292,10.012481966735663,,,,100.215004,100.215004,59
MMR,Myanmar,2005,2.91494528517854,0.0923815780690894,9.26676467372353,12.27409153697116,,,,119.865,119.865,60
MMR,Myanmar,2006,3.19885684353995,0.112014025577255,7.11993514076936,10.430806009886565,,,,123.795,123.795,61
MMR,Myanmar,2007,2.31016483558413,0.150157592059017,5.5796017245025,8.039924152145648,,,,132.834,132.834,62
MMR,Myanmar,2008,2.15334545377525,0.221707141220914,3.82889756804556,6.203950163041724,,,,121.83,121.83,63
MMR,Myanmar,2009,0.716107930719796,0.0500972315373049,2.68196178358611,3.448166945843211,,,,113.52373,113.52373,64
MMR,Myanmar,2010,0.976336261487368,0.0863703805009912,2.39365031149079,3.4563569534791494,,,,122.07877,122.07877,65
MMR,Myanmar,2011,1.00643883600724,0.0860236336627246,1.83559798767907,2.9280604573490345,,,,125.50024,125.50024,66
MMR,Myanmar,2012,0.771527109079778,0.0564573315956754,1.6427752400454,2.470759680720853,,,,125.111015,125.111015,67
MMR,Myanmar,2013,0.661094841513687,0.0270369697390516,1.59345178892816,2.2815836001808987,,,,128.60942,128.60942,68
MMR,Myanmar,2014,0.528936281376954,0.0251479211009174,2.48423798053391,3.0383221830117813,,,,165.43192,165.43192,69
MMR,Myanmar,2015,0.146604102339128,0.0151772971723697,3.15576965417731,3.3175510536888075,,,,192.16682,192.16682,70
MMR,Myanmar,2016,0.103530840750173,0.0085961203633102,2.61215166075448,2.7242786218679633,,,,182.80075,182.80075,71
MMR,Myanmar,2017,0.152347682977876,0.0154298627627981,2.58866845782587,2.756446003566544,,,,177.98892,177.98892,72
MMR,Myanmar,2018,0.15681434683775,0.02945886790351,3.24961569445266,3.43588890919392,,,,169.71709,169.71709,73
MMR,Myanmar,2019,0.101384700071059,0.0340926780571958,3.23186360116772,3.367340979295975,,,,184.81905,184.81905,74
MMR,Myanmar,2020,0.0259006705691479,0.0242925112469022,2.16427590306573,2.21446908488178,,,,175.06865,175.06865,75
MMR,Myanmar,2021,0.0627970227865469,0.0464337290823448,4.39650989335516,4.505740645224051,,,,171.73647,171.73647,76
MMR,Myanmar,2022,,,,,,,,168.45529,168.45529,77
MMR,Myanmar,2023,,,,,,,,151.50475,151.50475,78
MMR,Myanmar,2024,,,,,,,,140.2359,140.2359,79
MMR,Myanmar,2025,,,,,,,,139.1643,139.1643,80
MNE,Montenegro,1960,,,,,,,,,,15
MNE,Montenegro,1961,,,,,,,,,,16
MNE,Montenegro,1962,,,,,,,,,,17
MNE,Montenegro,1963,,,,,,,,,,18
MNE,Montenegro,1964,,,,,,,,,,19
MNE,Montenegro,1965,,,,,,,,,,20
MNE,Montenegro,1966,,,,,,,,,,21
MNE,Montenegro,1967,,,,,,,,,,22
MNE,Montenegro,1968,,,,,,,,,,23
MNE,Montenegro,1969,,,,,,,,,,24
MNE,Montenegro,1970,,,,,,,,,,25
MNE,Montenegro,1971,,,,,,,,,,26
MNE,Montenegro,1972,,,,,,,,,,27
MNE,Montenegro,1973,,,,,,,,,,28
MNE,Montenegro,1974,,,,,,,,,,29
MNE,Montenegro,1975,,,,,,,,,,30
MNE,Montenegro,1976,,,,,,,,,,31
MNE,Montenegro,1977,,,,,,,,,,32
MNE,Montenegro,1978,,,,,,,,,,33
MNE,Montenegro,1979,,,,,,,,,,34
MNE,Montenegro,1980,,,,,,,,,,35
MNE,Montenegro,1981,,,,,,,,,,36
MNE,Montenegro,1982,,,,,,,,,,37
MNE,Montenegro,1983,,,,,,,,,,38
MNE,Montenegro,1984,,,,,,,,,,39
MNE,Montenegro,1985,,,,,,,,,,40
MNE,Montenegro,1986,,,,,,,,,,41
MNE,Montenegro,1987,,,,,,,,,,42
MNE,Montenegro,1988,,,,,,,,,,43
MNE,Montenegro,1989,,,,,,,,,,44
MNE,Montenegro,1990,,,,,,,,,,45
MNE,Montenegro,1991,,,,,,,,,,46
MNE,Montenegro,1992,,,,,,,,,,47
MNE,Montenegro,1993,,,,,,,,,,48
MNE,Montenegro,1994,,,,,,,,,,49
MNE,Montenegro,1995,,,,,,,,,,50
MNE,Montenegro,1996,,,,,,,,,,51
MNE,Montenegro,1997,,,,,,,,,,52
MNE,Montenegro,1998,,,,,,,,,,53
MNE,Montenegro,1999,,,,,,,,,,54
MNE,Montenegro,2000,,,,,,,,,,55
MNE,Montenegro,2001,,,,,,,,,,56
MNE,Montenegro,2002,,,,,,,,,,57
MNE,Montenegro,2003,,,,,,,,,,58
MNE,Montenegro,2004,,,,,,,,,,59
MNE,Montenegro,2005,0.0,0.297073785239654,0.0,0.297073785239654,,,,,,60
MNE,Montenegro,2006,0.0,0.299594046102001,0.0,0.299594046102001,,,,,,61
MNE,Montenegro,2007,0.0,0.294771011035765,0.0,0.294771011035765,,,,,,62
MNE,Montenegro,2008,0.0,1.05263175865509,0.0,1.05263175865509,,,,,,63
MNE,Montenegro,2009,0.0,0.185900838034728,0.0,0.185900838034728,,,,,,64
MNE,Montenegro,2010,0.0,0.716295403612445,0.0,0.716295403612445,,,,,,65
MNE,Montenegro,2011,0.0,0.815341280214694,0.0,0.815341280214694,,,,,,66
MNE,Montenegro,2012,0.0,0.346822967174017,0.0,0.346822967174017,,,,,,67
MNE,Montenegro,2013,0.0,0.154702162253761,0.0,0.154702162253761,,,,,,68
MNE,Montenegro,2014,0.0,0.123513438750382,0.0,0.123513438750382,,,,,,69
MNE,Montenegro,2015,0.0,0.0968828936467626,0.0,0.0968828936467626,,,,,,70
MNE,Montenegro,2016,0.0,0.0819627752980139,0.0,0.0819627752980139,,,,,,71
MNE,Montenegro,2017,0.0,0.104326596931278,0.0,0.104326596931278,,,,,,72
MNE,Montenegro,2018,0.0,0.116984497336867,0.0,0.116984497336867,,,,,,73
MNE,Montenegro,2019,0.0,0.0931587848680625,0.0,0.0931587848680625,,,,,,74
MNE,Montenegro,2020,0.0,0.0925290326993661,0.0,0.0925290326993661,,,,,,75
MNE,Montenegro,2021,0.0,0.14484831357974,0.0,0.14484831357974,,,,,,76
MNE,Montenegro,2022,,,,,,,,,,77
MNE,Montenegro,2023,,,,,,,,,,78
MNE,Montenegro,2024,,,,,,,,,,79
MNE,Montenegro,2025,,,,,,,,,,80
MNG,Mongolia,1960,,,,,,,,,,15
MNG,Mongolia,1961,,,,,,,,,,16
MNG,Mongolia,1962,,,,,,,,,,17
MNG,Mongolia,1963,,,,,,,,,,18
MNG,Mongolia,1964,,,,,,,,,,19
MNG,Mongolia,1965,,,,,,,,,,20
MNG,Mongolia,1966,,,,,,,,,,21
MNG,Mongolia,1967,,,,,,,,,,22
MNG,Mongolia,1968,,,,,,,,,,23
MNG,Mongolia,1969,,,,,,,,,,24
MNG,Mongolia,1970,,,,,,,,,,25
MNG,Mongolia,1971,,,,,,,,,,26
MNG,Mongolia,1972,,,,,,,,,,27
MNG,Mongolia,1973,,,,,,,,,,28
MNG,Mongolia,1974,,,,,,,,,,29
MNG,Mongolia,1975,,,,,,,,,,30
MNG,Mongolia,1976,,,,,,,,,,31
MNG,Mongolia,1977,,,,,,,,,,32
MNG,Mongolia,1978,,,,,,,,,,33
MNG,Mongolia,1979,,,,,,,,,,34
MNG,Mongolia,1980,,,,,,,,,,35
MNG,Mongolia,1981,0.0,2.69908559957294,0.0,2.69908559957294,,22.754095,,,22.754095,36
MNG,Mongolia,1982,0.0,3.17695222834207,0.0,3.17695222834207,,26.040209,,,26.040209,37
MNG,Mongolia,1983,0.0,1.56022499477599,0.0,1.56022499477599,,26.320665,,,26.320665,38
MNG,Mongolia,1984,0.0,1.42435124651694,0.0,1.42435124651694,,28.73895,,,28.73895,39
MNG,Mongolia,1985,0.0,2.38506638220547,0.0,2.38506638220547,,34.517433,,,34.517433,40
MNG,Mongolia,1986,0.0,1.04042719504451,0.0,1.04042719504451,,37.385506,,,37.385506,41
MNG,Mongolia,1987,0.0,0.245347751659661,0.0,0.245347751659661,,41.08966,,,41.08966,42
MNG,Mongolia,1988,0.0,0.735308352913981,0.0,0.735308352913981,,45.53994,,,45.53994,43
MNG,Mongolia,1989,0.0,0.974382585234438,0.0,0.974382585234438,,42.571327,,,42.571327,44
MNG,Mongolia,1990,0.0,1.33140561741337,0.0,1.33140561741337,,37.87234,,,37.87234,45
MNG,Mongolia,1991,0.0,1.36281314259121,0.0,1.36281314259121,,37.23734,,,37.23734,46
MNG,Mongolia,1992,0.0,1.39189755875274,0.0,1.39189755875274,,33.059055,,,33.059055,47
MNG,Mongolia,1993,0.0,0.605844740721407,0.0,0.605844740721407,,29.723198,,,29.723198,48
MNG,Mongolia,1994,0.0,0.486670076692573,0.0,0.486670076692573,,27.29433,,,27.29433,49
MNG,Mongolia,1995,0.0,1.32299876645301,0.0,1.32299876645301,,26.55879,,,26.55879,50
MNG,Mongolia,1996,0.0,0.958756541890785,0.0,0.958756541890785,,27.040333,,,27.040333,51
MNG,Mongolia,1997,0.0,0.588863551790094,0.0,0.588863551790094,,26.056086,,,26.056086,52
MNG,Mongolia,1998,0.0180539444473169,1.15958116737135,0.0,1.177635111818667,,26.759874,,,26.759874,53
MNG,Mongolia,1999,0.0699223221540671,0.602340309576675,0.0,0.6722626317307421,,26.26775,,,26.26775,54
MNG,Mongolia,2000,0.119407654940596,1.51807420998017,0.0,1.637481864920766,,27.437206,,,27.437206,55
MNG,Mongolia,2001,0.0851257034195289,3.00881490469291,0.0,3.093940608112439,,27.204372,,,27.204372,56
MNG,Mongolia,2002,0.148943183083729,1.5492838485279,0.0,1.698227031611629,,29.339025,,,29.339025,57
MNG,Mongolia,2003,0.196826822445144,1.16729060084723,0.0,1.3641174232923738,,29.983017,,,29.983017,58
MNG,Mongolia,2004,0.271188019771381,4.6182672365583,0.0,4.889455256329682,,36.327175,,,36.327175,59
MNG,Mongolia,2005,0.305156747819831,4.7391317641898,0.0,5.044288512009631,,39.777863,,,39.777863,60
MNG,Mongolia,2006,0.498974379028602,4.45031620926175,0.0,4.949290588290352,,42.72531,,,42.72531,61
MNG,Mongolia,2007,0.918313208985426,4.86481895009341,0.0,5.783132159078836,,48.882145,,,48.882145,62
MNG,Mongolia,2008,1.36774431978469,13.3347576972343,0.0,14.70250201701899,,53.29697,,,53.29697,63
MNG,Mongolia,2009,1.34708748725095,10.9115496083324,0.0,12.25863709558335,,76.42254,,,76.42254,64
MNG,Mongolia,2010,1.51728063526244,19.6438178089225,0.0,21.16109844418494,,133.14796,,,133.14796,65
MNG,Mongolia,2011,1.92131227140389,25.8999299043664,0.0,27.821242175770287,,174.5927,,,174.5927,66
MNG,Mongolia,2012,2.12988232376644,10.0374339886047,0.0,12.16731631237114,,164.77669,,,164.77669,67
MNG,Mongolia,2013,2.7278590828164,5.90532113283819,0.0,8.63318021565459,,176.42625,,,176.42625,68
MNG,Mongolia,2014,3.63584891999233,4.99665662998931,0.0,8.63250554998164,,129.37714,,,129.37714,69
MNG,Mongolia,2015,1.71657823790019,2.37083694914676,0.0,4.08741518704695,,127.77271,,,127.77271,70
MNG,Mongolia,2016,1.44692568738784,4.33446955900433,0.0,5.7813952463921705,,185.71838,,,185.71838,71
MNG,Mongolia,2017,1.74982078080304,7.72740017972011,0.0,9.47722096052315,,261.83243,,,261.83243,72
MNG,Mongolia,2018,2.22574065348702,7.86743352891565,0.0,10.09317418240267,,288.77753,,,288.77753,73
MNG,Mongolia,2019,1.44391721947301,6.60165232977836,0.0,8.04556954925137,,302.30563,,,302.30563,74
MNG,Mongolia,2020,0.567774921103161,4.43853996157604,0.0,5.0063148826792006,,227.95898,,,227.95898,75
MNG,Mongolia,2021,1.49715573696848,4.89275510557756,0.0,6.3899108425460405,,171.01343,,,171.01343,76
MNG,Mongolia,2022,,,,,,208.17351,,,208.17351,77
MNG,Mongolia,2023,,,,,,440.4494,,,440.4494,78
MNG,Mongolia,2024,,,,,,563.77716,,,563.77716,79
MNG,Mongolia,2025,,,,,,558.486,,,558.486,80
MNP,Northern Mariana Islands,1960,,,,,,,,,,15
MNP,Northern Mariana Islands,1961,,,,,,,,,,16
MNP,Northern Mariana Islands,1962,,,,,,,,,,17
MNP,Northern Mariana Islands,1963,,,,,,,,,,18
MNP,Northern Mariana Islands,1964,,,,,,,,,,19
MNP,Northern Mariana Islands,1965,,,,,,,,,,20
MNP,Northern Mariana Islands,1966,,,,,,,,,,21
MNP,Northern Mariana Islands,1967,,,,,,,,,,22
MNP,Northern Mariana Islands,1968,,,,,,,,,,23
MNP,Northern Mariana Islands,1969,,,,,,,,,,24
MNP,Northern Mariana Islands,1970,,,,,,,,,,25
MNP,Northern Mariana Islands,1971,,,,,,,,,,26
MNP,Northern Mariana Islands,1972,,,,,,,,,,27
MNP,Northern Mariana Islands,1973,,,,,,,,,,28
MNP,Northern Mariana Islands,1974,,,,,,,,,,29
MNP,Northern Mariana Islands,1975,,,,,,,,,,30
MNP,Northern Mariana Islands,1976,,,,,,,,,,31
MNP,Northern Mariana Islands,1977,,,,,,,,,,32
MNP,Northern Mariana Islands,1978,,,,,,,,,,33
MNP,Northern Mariana Islands,1979,,,,,,,,,,34
MNP,Northern Mariana Islands,1980,,,,,,,,,,35
MNP,Northern Mariana Islands,1981,,,,,,,,,,36
MNP,Northern Mariana Islands,1982,,,,,,,,,,37
MNP,Northern Mariana Islands,1983,,,,,,,,,,38
MNP,Northern Mariana Islands,1984,,,,,,,,,,39
MNP,Northern Mariana Islands,1985,,,,,,,,,,40
MNP,Northern Mariana Islands,1986,,,,,,,,,,41
MNP,Northern Mariana Islands,1987,,,,,,,,,,42
MNP,Northern Mariana Islands,1988,,,,,,,,,,43
MNP,Northern Mariana Islands,1989,,,,,,,,,,44
MNP,Northern Mariana Islands,1990,,,,,,,,,,45
MNP,Northern Mariana Islands,1991,,,,,,,,,,46
MNP,Northern Mariana Islands,1992,,,,,,,,,,47
MNP,Northern Mariana Islands,1993,,,,,,,,,,48
MNP,Northern Mariana Islands,1994,,,,,,,,,,49
MNP,Northern Mariana Islands,1995,,,,,,,,,,50
MNP,Northern Mariana Islands,1996,,,,,,,,,,51
MNP,Northern Mariana Islands,1997,,,,,,,,,,52
MNP,Northern Mariana Islands,1998,,,,,,,,,,53
MNP,Northern Mariana Islands,1999,,,,,,,,,,54
MNP,Northern Mariana Islands,2000,,,,,,,,,,55
MNP,Northern Mariana Islands,2001,,,,,,,,,,56
MNP,Northern Mariana Islands,2002,,,0.0,0.0,,,,,,57
MNP,Northern Mariana Islands,2003,,,0.0,0.0,,,,,,58
MNP,Northern Mariana Islands,2004,,,0.0,0.0,,,,,,59
MNP,Northern Mariana Islands,2005,,,0.0,0.0,,,,,,60
MNP,Northern Mariana Islands,2006,,,0.0,0.0,,,,,,61
MNP,Northern Mariana Islands,2007,,,0.0,0.0,,,,,,62
MNP,Northern Mariana Islands,2008,,,0.0,0.0,,,,,,63
MNP,Northern Mariana Islands,2009,,,0.0,0.0,,,,,,64
MNP,Northern Mariana Islands,2010,,,0.0,0.0,,,,,,65
MNP,Northern Mariana Islands,2011,,,0.0,0.0,,,,,,66
MNP,Northern Mariana Islands,2012,,,0.0,0.0,,,,,,67
MNP,Northern Mariana Islands,2013,,,0.0,0.0,,,,,,68
MNP,Northern Mariana Islands,2014,,,0.0,0.0,,,,,,69
MNP,Northern Mariana Islands,2015,,,0.0,0.0,,,,,,70
MNP,Northern Mariana Islands,2016,,,0.0,0.0,,,,,,71
MNP,Northern Mariana Islands,2017,,,0.0,0.0,,,,,,72
MNP,Northern Mariana Islands,2018,,,0.0,0.0,,,,,,73
MNP,Northern Mariana Islands,2019,,,0.0,0.0,,,,,,74
MNP,Northern Mariana Islands,2020,,,,,,,,,,75
MNP,Northern Mariana Islands,2021,,,,,,,,,,76
MNP,Northern Mariana Islands,2022,,,,,,,,,,77
MNP,Northern Mariana Islands,2023,,,,,,,,,,78
MNP,Northern Mariana Islands,2024,,,,,,,,,,79
MNP,Northern Mariana Islands,2025,,,,,,,,,,80
MOZ,Mozambique,1960,,,,,,,,,,15
MOZ,Mozambique,1961,,,,,,,,,,16
MOZ,Mozambique,1962,,,,,,,,,,17
MOZ,Mozambique,1963,,,,,,,,,,18
MOZ,Mozambique,1964,,,,,,,,,,19
MOZ,Mozambique,1965,,,,,,,,,,20
MOZ,Mozambique,1966,,,,,,,,,,21
MOZ,Mozambique,1967,,,,,,,,,,22
MOZ,Mozambique,1968,,,,,,,,,,23
MOZ,Mozambique,1969,,,,,,,,,,24
MOZ,Mozambique,1970,,,,,,,,,,25
MOZ,Mozambique,1971,,,,,,,,,,26
MOZ,Mozambique,1972,,,,,,,,,,27
MOZ,Mozambique,1973,,,,,,,,,,28
MOZ,Mozambique,1974,,,,,,,,,,29
MOZ,Mozambique,1975,,,,,,,,,,30
MOZ,Mozambique,1976,,,,,,,,,,31
MOZ,Mozambique,1977,,,,,,,,,,32
MOZ,Mozambique,1978,,,,,,,,,,33
MOZ,Mozambique,1979,,,,,,,,,,34
MOZ,Mozambique,1980,,,,,,,,,,35
MOZ,Mozambique,1981,,,,,,,,,,36
MOZ,Mozambique,1982,,,,,,,,,,37
MOZ,Mozambique,1983,,,,,,,,,,38
MOZ,Mozambique,1984,,,,,,,,,,39
MOZ,Mozambique,1985,,,,,,,,,,40
MOZ,Mozambique,1986,,,,,,,,,,41
MOZ,Mozambique,1987,,,,,,,,,,42
MOZ,Mozambique,1988,,,,,,,,,,43
MOZ,Mozambique,1989,,,,,,,,,,44
MOZ,Mozambique,1990,,,,,,,,,,45
MOZ,Mozambique,1991,0.0,0.0214262708421322,0.0,0.0214262708421322,,,,,,46
MOZ,Mozambique,1992,0.0,0.0250474503245564,7.8975268717056e-05,0.02512642559327346,,,,,,47
MOZ,Mozambique,1993,0.0,0.0174833234805787,9.58458672240097e-05,0.01757916934780271,,,,,,48
MOZ,Mozambique,1994,0.0,0.0179502130113527,9.9102686734565e-05,0.018049315698087265,,,,,,49
MOZ,Mozambique,1995,0.0,0.0236495073472511,0.000240967016585,0.0238904743638361,,,,,,50
MOZ,Mozambique,1996,0.0,0.0081596696240655,0.0001904287596185,0.008350098383684,,,,,,51
MOZ,Mozambique,1997,0.0,0.0048839548867566,0.000180662829301,0.0050646177160576,,,,,,52
MOZ,Mozambique,1998,0.0,0.0031182501465343,0.0001606855444283,0.0032789356909626,,,,,,53
MOZ,Mozambique,1999,0.0,0.0017661053317961,0.0001952498496256,0.0019613551814217,,,,,,54
MOZ,Mozambique,2000,0.0,0.0025506199142022,0.000570471054454,0.0031210909686562004,,,,,,55
MOZ,Mozambique,2001,0.0,0.0081771049453362,0.000900031540372,0.009077136485708199,,,,,,56
MOZ,Mozambique,2002,0.0,0.0079973613198425,0.0015888196752837,0.0095861809951262,,,,,,57
MOZ,Mozambique,2003,0.0,0.0069137831289681,0.0016385641145461,0.0085523472435142,,,,,,58
MOZ,Mozambique,2004,0.0784873173881835,0.008026879870086,0.701308197114022,0.7878223943722915,,,,,,59
MOZ,Mozambique,2005,0.232148890251788,0.0010053602835455,0.558866557971731,0.7920208085070646,,,,,,60
MOZ,Mozambique,2006,0.36782081784457,0.0139501342059779,1.82989350547793,2.211664457528478,,,,,,61
MOZ,Mozambique,2007,0.371732317927041,0.0101828236358189,1.56645133238839,1.9483664739512498,,,,,,62
MOZ,Mozambique,2008,0.481285902978786,0.0289147181912644,1.80233550297769,2.3125361241477402,,,,,,63
MOZ,Mozambique,2009,0.0778446405127864,0.0102326758147043,1.58858003406097,1.6766573503884605,,,,,,64
MOZ,Mozambique,2010,0.14400760317542,0.0199714393040125,2.06799636870009,2.2319754111795223,,,,,,65
MOZ,Mozambique,2011,0.208892298436241,1.60162322953838,2.46277284263354,4.273288370608161,,,,,,66
MOZ,Mozambique,2012,0.239401568530512,1.98801014512389,2.50717835565139,4.734590069305792,,,,,,67
MOZ,Mozambique,2013,0.260362393762375,1.7152478444751,2.50355833068363,4.479168568921105,,,,,,68
MOZ,Mozambique,2014,0.114254490571332,1.49304929686929,2.49412068073804,4.101424468178662,,,,,,69
MOZ,Mozambique,2015,0.050045182177423,1.26833720910738,2.13938758840339,3.457769979688193,,,,,,70
MOZ,Mozambique,2016,0.0633248092640754,1.82404678745023,1.97200900578106,3.8593806024953654,,,,,,71
MOZ,Mozambique,2017,0.0872960927597713,4.57367559928652,2.16082066537561,6.821792357421901,,,,,,72
MOZ,Mozambique,2018,0.11025673875252,5.85840437749124,3.03979938526507,9.00846050150883,,,,,,73
MOZ,Mozambique,2019,0.0821437604923504,3.25799776435329,2.70158116067819,6.04172268552383,,,,,,74
MOZ,Mozambique,2020,0.0473545337657661,1.81495130833288,2.16476507105305,4.027070913151697,,,,,,75
MOZ,Mozambique,2021,0.0793125662089328,3.78124905359831,3.56569180210999,7.426253421917233,,,,,,76
MOZ,Mozambique,2022,,,,,,,,,,77
MOZ,Mozambique,2023,,,,,,,,,,78
MOZ,Mozambique,2024,,,,,,,,,,79
MOZ,Mozambique,2025,,,,,,,,,,80
MRT,Mauritania,1960,,,,,,,,,,15
MRT,Mauritania,1961,,,,,,,,,,16
MRT,Mauritania,1962,,,,,,,,,,17
MRT,Mauritania,1963,,,,,,,,,,18
MRT,Mauritania,1964,,,,,,,,,,19
MRT,Mauritania,1965,,,,,,,,,,20
MRT,Mauritania,1966,,,,,,,,,,21
MRT,Mauritania,1967,,,,,,,,,,22
MRT,Mauritania,1968,,,,,,,,,,23
MRT,Mauritania,1969,,,,,,,,,,24
MRT,Mauritania,1970,,,,,,,,,,25
MRT,Mauritania,1971,,,,,,,,,,26
MRT,Mauritania,1972,,,,,,,,,,27
MRT,Mauritania,1973,,,,,,,,,,28
MRT,Mauritania,1974,,,,,,,,,,29
MRT,Mauritania,1975,,,,,,,,,,30
MRT,Mauritania,1976,,,,,,,,,,31
MRT,Mauritania,1977,,,,,,,,,,32
MRT,Mauritania,1978,,,,,,,,,,33
MRT,Mauritania,1979,,,,,,,,,,34
MRT,Mauritania,1980,0.0,7.84600549817757,0.0,7.84600549817757,,,,,,35
MRT,Mauritania,1981,0.0,9.01439324938559,0.0,9.01439324938559,,,,,,36
MRT,Mauritania,1982,0.0,10.572256419977,0.0,10.572256419977,,,,,,37
MRT,Mauritania,1983,0.0,11.1895497485539,0.0,11.1895497485539,,,,,,38
MRT,Mauritania,1984,0.0,9.86332374257074,0.0,9.86332374257074,,,,,,39
MRT,Mauritania,1985,0.0,9.07545345108703,0.0,9.07545345108703,,,,,,40
MRT,Mauritania,1986,0.0,5.6433590277809,0.0,5.6433590277809,,,,,,41
MRT,Mauritania,1987,0.0,3.74194722053877,0.0,3.74194722053877,,,,,,42
MRT,Mauritania,1988,0.0,2.57454126174617,0.0,2.57454126174617,,,,,,43
MRT,Mauritania,1989,0.0,3.99753187859186,0.0,3.99753187859186,,,,,,44
MRT,Mauritania,1990,0.0,4.47966206817508,0.0,4.47966206817508,,,,,,45
MRT,Mauritania,1991,0.0,2.94997845544948,0.0,2.94997845544948,,,,,,46
MRT,Mauritania,1992,0.0,2.48663631561685,0.0,2.48663631561685,,,,,,47
MRT,Mauritania,1993,0.0,2.40635147046665,0.0,2.40635147046665,,,,,,48
MRT,Mauritania,1994,0.0,1.70891955845009,0.0,1.70891955845009,,,,,,49
MRT,Mauritania,1995,0.0,2.01177712194494,0.0,2.01177712194494,,,,,,50
MRT,Mauritania,1996,0.0,2.30399243012289,0.0,2.30399243012289,,,,,,51
MRT,Mauritania,1997,0.0,2.43573371972698,0.0,2.43573371972698,,,,,,52
MRT,Mauritania,1998,0.0,2.56559086811147,0.0,2.56559086811147,,,,,,53
MRT,Mauritania,1999,0.0,1.93287240542391,0.0,1.93287240542391,,,,,,54
MRT,Mauritania,2000,0.0,2.03141338076991,0.0,2.03141338076991,,,,,,55
MRT,Mauritania,2001,0.0,2.58932160062699,0.0,2.58932160062699,,,,,,56
MRT,Mauritania,2002,0.0,2.73071651595988,0.0,2.73071651595988,,,,,,57
MRT,Mauritania,2003,0.0,2.10232364238981,0.0,2.10232364238981,,,,,,58
MRT,Mauritania,2004,0.0,2.35598406080186,0.0,2.35598406080186,,,,,,59
MRT,Mauritania,2005,0.0,4.08895330007849,0.0,4.08895330007849,,,,,,60
MRT,Mauritania,2006,11.4339025984773,3.53662207542126,0.0,14.97052467389856,,,,,,61
MRT,Mauritania,2007,5.94490221432553,2.26137529725392,0.0,8.206277511579449,,,,,,62
MRT,Mauritania,2008,5.46163646578312,6.4404399840998,0.0,11.90207644988292,,,,,,63
MRT,Mauritania,2009,2.65898185019521,4.09870414799325,0.0,6.75768599818846,,,,,,64
MRT,Mauritania,2010,2.43044511982911,4.56933510281066,0.0,6.99978022263977,,,,,,65
MRT,Mauritania,2011,2.80489508955736,5.02486052168533,0.0,7.82975561124269,,,,,,66
MRT,Mauritania,2012,2.34921054003086,2.41583961574517,0.0,4.76505015577603,,,,,,67
MRT,Mauritania,2013,1.92187619455113,1.63001628883715,0.0,3.55189248338828,,,,,,68
MRT,Mauritania,2014,1.48326200444495,1.4942762150545,0.0,2.9775382194994497,,,,,,69
MRT,Mauritania,2015,0.513819837621705,1.02486804494166,0.0,1.538687882563365,,,,,,70
MRT,Mauritania,2016,0.407544888538057,0.920132418687253,0.0,1.32767730722531,,,,,,71
MRT,Mauritania,2017,0.541318938190263,1.25601532337934,0.0,1.797334261569603,,,,,,72
MRT,Mauritania,2018,0.0,1.11226349111224,0.0,1.11226349111224,,,,,,73
MRT,Mauritania,2019,0.0,0.784232241959444,0.0,0.784232241959444,,,,,,74
MRT,Mauritania,2020,0.0,0.513765063076087,0.0,0.513765063076087,,,,,,75
MRT,Mauritania,2021,0.0,0.670017115111406,0.0,0.670017115111406,,,,,,76
MRT,Mauritania,2022,,,,,,,,,,77
MRT,Mauritania,2023,,,,,,,,,,78
MRT,Mauritania,2024,,,,,,,,,,79
MRT,Mauritania,2025,,,,,,,,,,80
MUS,Mauritius,1960,,,,,,,,,,15
MUS,Mauritius,1961,,,,,,,,,,16
MUS,Mauritius,1962,,,,,,,,,,17
MUS,Mauritius,1963,,,,,,,,,,18
MUS,Mauritius,1964,,,,,,,,,,19
MUS,Mauritius,1965,,,,,,,,,,20
MUS,Mauritius,1966,,,,,,,,,,21
MUS,Mauritius,1967,,,,,,,,,,22
MUS,Mauritius,1968,,,,,,,,,,23
MUS,Mauritius,1969,,,,,,,,,,24
MUS,Mauritius,1970,,,,,,,,,,25
MUS,Mauritius,1971,,,,,,,,,,26
MUS,Mauritius,1972,,,,,,,,,,27
MUS,Mauritius,1973,,,,,,,,,,28
MUS,Mauritius,1974,,,,,,,,,,29
MUS,Mauritius,1975,,,,,,,,,,30
MUS,Mauritius,1976,0.0,0.0,0.0,0.0,,,,,,31
MUS,Mauritius,1977,0.0,0.0,0.0,0.0,,,,,,32
MUS,Mauritius,1978,0.0,0.0,0.0,0.0,,,,,,33
MUS,Mauritius,1979,0.0,0.0,0.0,0.0,,,,,,34
MUS,Mauritius,1980,0.0,0.0,0.0,0.0,,,,,,35
MUS,Mauritius,1981,0.0,0.0,0.0,0.0,,,,,,36
MUS,Mauritius,1982,0.0,0.0,0.0,0.0,,,,,,37
MUS,Mauritius,1983,0.0,0.0,0.0,0.0,,,,,,38
MUS,Mauritius,1984,0.0,0.0,0.0,0.0,,,,,,39
MUS,Mauritius,1985,0.0,0.0,0.0,0.0,,,,,,40
MUS,Mauritius,1986,0.0,0.0,0.0,0.0,,,,,,41
MUS,Mauritius,1987,0.0,0.0,0.0,0.0,,,,,,42
MUS,Mauritius,1988,0.0,0.0,0.0,0.0,,,,,,43
MUS,Mauritius,1989,0.0,0.0,0.0,0.0,,,,,,44
MUS,Mauritius,1990,0.0,0.0,0.0,0.0,,,,,,45
MUS,Mauritius,1991,0.0,0.0,0.0,0.0,,,,,,46
MUS,Mauritius,1992,0.0,0.0,0.0,0.0,,,,,,47
MUS,Mauritius,1993,0.0,0.0,0.0,0.0,,,,,,48
MUS,Mauritius,1994,0.0,0.0,0.0,0.0,,,,,,49
MUS,Mauritius,1995,0.0,0.0,0.0,0.0,,,,,,50
MUS,Mauritius,1996,0.0,0.0,0.0,0.0,,,,,,51
MUS,Mauritius,1997,0.0,0.0,0.0,0.0,,,,,,52
MUS,Mauritius,1998,0.0,0.0,0.0,0.0,,,,,,53
MUS,Mauritius,1999,0.0,0.0,0.0,0.0,,,,,,54
MUS,Mauritius,2000,0.0,0.0,0.0,0.0,,,,,,55
MUS,Mauritius,2001,0.0,0.0,0.0,0.0,,,,,,56
MUS,Mauritius,2002,0.0,0.0,0.0,0.0,,,,,,57
MUS,Mauritius,2003,0.0,0.0,0.0,0.0,,,,,,58
MUS,Mauritius,2004,0.0,0.0,0.0,0.0,,,,,,59
MUS,Mauritius,2005,0.0,0.0,0.0,0.0,,,,,,60
MUS,Mauritius,2006,0.0,0.0,0.0,0.0,,,,,,61
MUS,Mauritius,2007,0.0,0.0,0.0,0.0,,,,,,62
MUS,Mauritius,2008,0.0,0.0,0.0,0.0,,,,,,63
MUS,Mauritius,2009,0.0,0.0,0.0,0.0,,,,,,64
MUS,Mauritius,2010,0.09058786343855,0.0,0.0,0.09058786343855,,,,,,65
MUS,Mauritius,2011,0.109303420945243,0.0,0.0,0.109303420945243,,,,,,66
MUS,Mauritius,2012,0.09302537199132,0.0,0.0,0.09302537199132,,,,,,67
MUS,Mauritius,2013,0.075948511699122,0.0,0.0,0.075948511699122,,,,,,68
MUS,Mauritius,2014,0.0823071655778768,0.0,0.0,0.0823071655778768,,,,,,69
MUS,Mauritius,2015,0.0268410183705881,0.0,0.0,0.0268410183705881,,,,,,70
MUS,Mauritius,2016,0.0234690891049759,0.0,0.0,0.0234690891049759,,,,,,71
MUS,Mauritius,2017,0.0,0.0,0.0,0.0,,,,,,72
MUS,Mauritius,2018,0.0,0.0,0.0,0.0,,,,,,73
MUS,Mauritius,2019,0.0,0.0,0.0,0.0,,,,,,74
MUS,Mauritius,2020,0.0,0.0,0.0,0.0,,,,,,75
MUS,Mauritius,2021,0.0,0.0,0.0,0.0,,,,,,76
MUS,Mauritius,2022,,,,,,,,,,77
MUS,Mauritius,2023,,,,,,,,,,78
MUS,Mauritius,2024,,,,,,,,,,79
MUS,Mauritius,2025,,,,,,,,,,80
MWI,Malawi,1960,,,,,,,,,,15
MWI,Malawi,1961,,,,,,,,,,16
MWI,Malawi,1962,,,,,,,,,,17
MWI,Malawi,1963,,,,,,,,,,18
MWI,Malawi,1964,,,,,,,,,,19
MWI,Malawi,1965,,,,,,,,,,20
MWI,Malawi,1966,,,,,,,,,,21
MWI,Malawi,1967,,,,,,,,,,22
MWI,Malawi,1968,,,,,,,,,,23
MWI,Malawi,1969,,,,,,,,,,24
MWI,Malawi,1970,,,,,,,,,,25
MWI,Malawi,1971,,,,,,,,,,26
MWI,Malawi,1972,,,,,,,,,,27
MWI,Malawi,1973,,,,,,,,,,28
MWI,Malawi,1974,,,,,,,,,,29
MWI,Malawi,1975,,,,,,,,,,30
MWI,Malawi,1976,,,,,,,,,,31
MWI,Malawi,1977,,,,,,,,,,32
MWI,Malawi,1978,,,,,,,,,,33
MWI,Malawi,1979,,,,,,,,,,34
MWI,Malawi,1980,0.0,0.0,0.0,0.0,,,,,,35
MWI,Malawi,1981,0.0,0.0,0.0,0.0,,,,,,36
MWI,Malawi,1982,0.0,0.0,0.0,0.0,,,,,,37
MWI,Malawi,1983,0.0,0.0183412104969235,0.0,0.0183412104969235,,,,,,38
MWI,Malawi,1984,0.0,0.0163333977665017,0.0,0.0163333977665017,,,,,,39
MWI,Malawi,1985,0.0,0.0507120470878278,0.0,0.0507120470878278,,,,,,40
MWI,Malawi,1986,0.0,0.0407753314005407,0.0,0.0407753314005407,,,,,,41
MWI,Malawi,1987,0.0,0.0305393412283546,0.0,0.0305393412283546,,,,,,42
MWI,Malawi,1988,0.0,0.0477296499335569,0.0,0.0477296499335569,,,,,,43
MWI,Malawi,1989,0.0,0.0566751951260851,0.0,0.0566751951260851,,,,,,44
MWI,Malawi,1990,0.0,0.0481345202818517,0.0,0.0481345202818517,,,,,,45
MWI,Malawi,1991,0.0,0.0406865455596066,0.0,0.0406865455596066,,,,,,46
MWI,Malawi,1992,0.0,0.0453073592848027,0.0,0.0453073592848027,,,,,,47
MWI,Malawi,1993,0.0,0.0283932637936015,0.0,0.0283932637936015,,,,,,48
MWI,Malawi,1994,0.0,0.051299570173038,0.0,0.051299570173038,,,,,,49
MWI,Malawi,1995,0.0,0.0599214349060257,0.0,0.0599214349060257,,,,,,50
MWI,Malawi,1996,0.0,0.0346127415910678,0.0,0.0346127415910678,,,,,,51
MWI,Malawi,1997,0.0,0.0246498175419337,0.0,0.0246498175419337,,,,,,52
MWI,Malawi,1998,0.0,0.0280987971206182,0.0,0.0280987971206182,,,,,,53
MWI,Malawi,1999,0.0,0.0209245895180209,0.0,0.0209245895180209,,,,,,54
MWI,Malawi,2000,0.0807881603585492,0.0385169697693728,0.0,0.119305130127922,,,,,,55
MWI,Malawi,2001,0.0598971612045519,0.0419802307583337,0.0,0.1018773919628856,,,,,,56
MWI,Malawi,2002,0.0310630990812267,0.01756687476736,0.0,0.0486299738485867,,,,,,57
MWI,Malawi,2003,0.0344193619672947,0.0282565235614179,0.0,0.0626758855287126,,,,,,58
MWI,Malawi,2004,0.0452942648318498,0.0507704027095983,0.0,0.0960646675414481,,,,,,59
MWI,Malawi,2005,0.0685179503607441,0.0384324342348724,0.0,0.1069503845956165,,,,,,60
MWI,Malawi,2006,0.0748603124282387,0.0446080880730234,0.0,0.1194684005012621,,,,,,61
MWI,Malawi,2007,0.0787195782768977,0.0554261308582828,0.0,0.1341457091351805,,,,,,62
MWI,Malawi,2008,0.0912165620723904,0.102860825132369,0.0,0.1940773872047594,,,,,,63
MWI,Malawi,2009,0.0373878734787395,0.0289060472212568,0.0,0.0662939206999963,,,,,,64
MWI,Malawi,2010,0.0823566866553219,0.0626336908273944,0.0,0.14499037748271631,,,,,,65
MWI,Malawi,2011,0.112587609355475,0.0680857990480494,0.0,0.18067340840352442,,,,,,66
MWI,Malawi,2012,0.144130794366265,0.0567668631872671,0.0,0.2008976575535321,,,,,,67
MWI,Malawi,2013,0.140975415777245,0.0471963118263986,0.0,0.18817172760364362,,,,,,68
MWI,Malawi,2014,0.101801477666212,0.0298560004976618,0.0,0.1316574781638738,,,,,,69
MWI,Malawi,2015,0.0421572569811812,0.0184546431382984,0.0,0.0606119001194796,,,,,,70
MWI,Malawi,2016,0.0544029137872334,0.0179067532663158,0.0,0.0723096670535492,,,,,,71
MWI,Malawi,2017,0.0,0.0201542594156459,0.0,0.0201542594156459,,,,,,72
MWI,Malawi,2018,0.0,0.0178482861472595,0.0,0.0178482861472595,,,,,,73
MWI,Malawi,2019,0.0,0.0113816426802696,0.0,0.0113816426802696,,,,,,74
MWI,Malawi,2020,0.0,0.008467424093766,0.0,0.008467424093766,,,,,,75
MWI,Malawi,2021,0.0,0.0166282857564063,0.0,0.0166282857564063,,,,,,76
MWI,Malawi,2022,,,,,,,,,,77
MWI,Malawi,2023,,,,,,,,,,78
MWI,Malawi,2024,,,,,,,,,,79
MWI,Malawi,2025,,,,,,,,,,80
MYS,Malaysia,1960,,,,,,,,,,15
MYS,Malaysia,1961,,,,,,,,,,16
MYS,Malaysia,1962,,,,,,,,,,17
MYS,Malaysia,1963,,,,,,,,,,18
MYS,Malaysia,1964,,,,,,,,,,19
MYS,Malaysia,1965,,,,,,,0.55562174,,0.55562174,20
MYS,Malaysia,1966,,,,,,,0.55562174,,0.55562174,21
MYS,Malaysia,1967,,,,,,,0.55562174,,0.55562174,22
MYS,Malaysia,1968,,,,,,,2.228576,,2.228576,23
MYS,Malaysia,1969,,,,,,,5.0005956,,5.0005956,24
MYS,Malaysia,1970,0.0168146816605373,,0.0,0.0168146816605373,97.131996,,10.001191,,10.001191,25
MYS,Malaysia,1971,0.0668842004969055,0.0,0.0026141289229976,0.0694983294199031,97.79302,,38.3379,0.8287492,39.166649199999995,26
MYS,Malaysia,1972,0.253118828194178,0.0,0.0045946548284441,0.25771348302262215,97.814964,,51.81439,1.1605095,52.97489950000001,27
MYS,Malaysia,1973,0.515906818444802,0.0,0.0047330564244998,0.5206398748693019,98.016426,,50.561577,1.1605095,51.7220865,28
MYS,Malaysia,1974,2.64251075151027,0.0,0.0385051314013889,2.6810158829116593,98.230736,,45.00536,2.4192624,47.424622400000004,29
MYS,Malaysia,1975,3.59264852012829,0.0,0.0836616511255468,3.676310171253837,98.28812,,54.45093,2.916263,57.367193,30
MYS,Malaysia,1976,5.53236920059649,0.0,0.0882625779244373,5.620631778520927,98.56135,,93.04304,3.4717677,96.5148077,31
MYS,Malaysia,1977,5.79618674041397,0.0,0.0636902778285379,5.859877018242508,99.01087,,101.67877,3.1767573,104.8555273,32
MYS,Malaysia,1978,5.48461744904904,0.0,0.434831494546686,5.919448943595726,99.12662,,120.0143,23.655596,143.669896,33
MYS,Malaysia,1979,13.3339842412618,0.0,0.586069737089136,13.920053978350937,99.07197,,156.68533,29.354116,186.039446,34
MYS,Malaysia,1980,12.7544859581505,0.0,0.439435645227137,13.193921603377637,98.86257,,153.77174,26.109348,179.881088,35
MYS,Malaysia,1981,9.48820932436969,0.0,0.152255294841169,9.640464619210858,98.77862,,143.90604,21.99233,165.89837,36
MYS,Malaysia,1982,6.95026678656724,0.0,0.060286981701395,7.010553768268635,98.90492,,168.90901,27.66777,196.57677999999999,37
MYS,Malaysia,1983,9.08509496998775,0.0,0.259133722152286,9.344228692140037,98.88967,,213.91435,66.72131,280.63566000000003,38
MYS,Malaysia,1984,9.38668970307597,0.0,0.45310942230313,9.8397991253791,97.92976,,248.48622,101.355446,349.84166600000003,39
MYS,Malaysia,1985,10.039182090438,0.0,0.695948968714012,10.735131059152012,97.7093,,247.25168,111.985275,359.23695499999997,40
MYS,Malaysia,1986,5.9985712191174,0.0,1.63186582579791,7.630437044915309,97.71832,,277.81085,150.6085,428.41935,41
MYS,Malaysia,1987,7.6046790210216,0.0,1.33299935379474,8.93767837481634,97.31301,,274.47714,162.84326,437.3204,42
MYS,Malaysia,1988,5.64035979972944,0.0002269893578841,1.05149750689059,6.6920842959779145,97.03764,,299.17395,168.11165,467.2856,43
MYS,Malaysia,1989,7.96651029868657,0.0017419099331928,1.15218347556655,9.120435684186313,97.57831,,325.3301,181.95135,507.28145,44
MYS,Malaysia,1990,10.2305989016965,0.0016207053481824,1.35111267167773,11.583332278722413,98.272415,,343.66562,180.11382,523.77944,45
MYS,Malaysia,1991,5.42149160741163,0.002133740402971,1.20305301686435,6.62667836467895,98.482285,,357.8599,213.8757,571.7356,46
MYS,Malaysia,1992,4.93163394069584,0.0003831385412259,1.12888881154376,6.060905890780826,98.70969,,363.60208,223.90076,587.50284,47
MYS,Malaysia,1993,4.18799363570595,0.0001205377326611,1.27057779115455,5.458691964593161,98.54277,,355.60532,241.24109,596.84641,48
MYS,Malaysia,1994,3.26542845465158,3.73902061760798e-05,1.37033221835892,4.635798063216676,98.15326,,361.85297,255.52274,617.37571,49
MYS,Malaysia,1995,3.17116110941302,0.0004197463776146,1.32399421350459,4.495575069295224,98.388214,,387.5474,282.88812,670.43552,50
MYS,Malaysia,1996,3.56410340235547,0.0001293627128203,1.73836802829887,5.30260079336716,98.78955,,393.02176,361.46042,754.48218,51
MYS,Malaysia,1997,3.09025555254095,5.92895687381115e-05,2.07195524134305,5.1622700834527375,99.177376,,389.57727,413.086,802.66327,52
MYS,Malaysia,1998,2.0250566884991,0.0003725180571083,2.07084121911673,4.096270425672938,99.08428,,395.68912,412.26022,807.94934,53
MYS,Malaysia,1999,3.08538088119353,0.0001211124254619,2.13223667818743,5.217738671806422,98.53259,,376.96588,422.27368,799.23956,54
MYS,Malaysia,2000,5.00305271845637,0.0004171394527218,3.29597588490104,8.299445742810132,98.53986,,390.2037,496.82196,887.02566,55
MYS,Malaysia,2001,3.80612191711308,0.0045386605815816,2.9945164708919,6.805177048586561,98.72865,,378.97498,490.23938,869.2143599999999,56
MYS,Malaysia,2002,3.7943040184147,0.0006469182370388,2.47122884853955,6.266179785191289,98.97638,,397.95853,505.88174,903.8402699999999,57
MYS,Malaysia,2003,4.23640666645896,0.0002739809096828,2.97162062750446,7.208301274873103,99.09825,,411.863,527.2228,939.0858000000001,58
MYS,Malaysia,2004,5.61137530219416,0.0083240281271414,3.45269384358654,9.072393173907841,99.03825,,422.25116,601.4222,1023.67336,59
MYS,Malaysia,2005,7.08944062793991,0.0097466302611816,3.40113242923192,10.500319687433011,99.05286,,397.20566,676.9998,1074.2054600000001,60
MYS,Malaysia,2006,7.01882709402704,0.0106744057710384,2.655793721263,9.685295221061079,99.00419,,374.1982,674.6589,1048.8571,61
MYS,Malaysia,2007,5.89566119166293,0.0178770495644514,2.14793890756065,8.06147714878803,99.0305,,387.66705,676.287,1063.95405,62
MYS,Malaysia,2008,7.12611467503542,0.0441804095537564,2.0355192417994,9.205814326388577,98.833275,,390.62015,692.0507,1082.67085,63
MYS,Malaysia,2009,3.92901312526175,0.0266907484328461,2.13948778482423,6.095191658518827,98.74632,,369.8451,661.6569,1031.502,64
MYS,Malaysia,2010,4.63501988366743,0.0471703338910635,1.83057086618171,6.5127610837402035,98.88879,,384.60764,650.8206,1035.42824,65
MYS,Malaysia,2011,5.48169161167852,0.0699189725385976,1.79059723598374,7.342207820200858,98.63937,,344.99838,669.5117,1014.51008,66
MYS,Malaysia,2012,4.89957757600977,0.0391007523260482,1.68402080313272,6.622699131468538,98.51815,,349.7088,692.5072,1042.216,67
MYS,Malaysia,2013,4.34705959022544,0.0271783392705705,1.68061798005116,6.054855909547171,98.361206,,333.95056,725.88605,1059.8366099999998,68
MYS,Malaysia,2014,3.85543153552736,0.0195299738547053,2.11733139913897,5.992292908521035,98.212524,,346.53543,721.741,1068.27643,69
MYS,Malaysia,2015,1.86528956443024,0.0115048278541161,2.76972655209539,4.646520944379747,98.07471,,382.01318,768.4601,1150.47328,70
MYS,Malaysia,2016,1.5297271888572,0.0114268952634963,2.02024347199899,3.5613975561196862,97.61372,,395.63116,766.95483,1162.58599,71
MYS,Malaysia,2017,2.07911297067253,0.0190568093450257,2.06070771057807,4.158877490595626,97.034874,,389.0049,795.83105,1184.8359500000001,72
MYS,Malaysia,2018,2.71329599019211,0.0177159930363127,2.61106308483195,5.342075068060373,96.90059,,386.15088,761.19,1147.34088,73
MYS,Malaysia,2019,1.83020222238435,0.016618676675233,2.55969990465384,4.406520803713423,96.769135,,363.4238,774.80853,1138.23233,74
MYS,Malaysia,2020,0.685563649053848,0.0143527755858021,1.97988206097094,2.67979848561059,96.31837,,332.70624,730.9279,1063.6341400000001,75
MYS,Malaysia,2021,1.84561185301968,0.0252334817053191,3.34718425272374,5.218029587448739,96.109215,,305.12485,789.77936,1094.90421,76
MYS,Malaysia,2022,,,,,95.85697,,299.79486,830.02747,1129.82233,77
MYS,Malaysia,2023,,,,,95.52536,,290.33218,780.06445,1070.39663,78
MYS,Malaysia,2024,,,,,95.34133,,285.0268,798.03436,1083.06116,79
MYS,Malaysia,2025,,,,,95.25908,,283.80963,802.3436,1086.1532300000001,80
NAM,Namibia,1960,,,,,,,,,,15
NAM,Namibia,1961,,,,,,,,,,16
NAM,Namibia,1962,,,,,,,,,,17
NAM,Namibia,1963,,,,,,,,,,18
NAM,Namibia,1964,,,,,,,,,,19
NAM,Namibia,1965,,,,,,,,,,20
NAM,Namibia,1966,,,,,,,,,,21
NAM,Namibia,1967,,,,,,,,,,22
NAM,Namibia,1968,,,,,,,,,,23
NAM,Namibia,1969,,,,,,,,,,24
NAM,Namibia,1970,,,,,,,,,,25
NAM,Namibia,1971,,,,,,,,,,26
NAM,Namibia,1972,,,,,,,,,,27
NAM,Namibia,1973,,,,,,,,,,28
NAM,Namibia,1974,,,,,,,,,,29
NAM,Namibia,1975,,,,,,,,,,30
NAM,Namibia,1976,,,,,,,,,,31
NAM,Namibia,1977,,,,,,,,,,32
NAM,Namibia,1978,,,,,,,,,,33
NAM,Namibia,1979,,,,,,,,,,34
NAM,Namibia,1980,,,,,,,,,,35
NAM,Namibia,1981,,,,,,,,,,36
NAM,Namibia,1982,,,,,,,,,,37
NAM,Namibia,1983,,,,,,,,,,38
NAM,Namibia,1984,,,,,,,,,,39
NAM,Namibia,1985,,,,,,,,,,40
NAM,Namibia,1986,,,,,,,,,,41
NAM,Namibia,1987,,,,,,,,,,42
NAM,Namibia,1988,,,,,,,,,,43
NAM,Namibia,1989,,,,,,,,,,44
NAM,Namibia,1990,0.0,,0.0,0.0,,,,,,45
NAM,Namibia,1991,0.0,0.0,0.0,0.0,,,,,,46
NAM,Namibia,1992,0.0,0.0,0.0,0.0,,,,,,47
NAM,Namibia,1993,0.0,0.0,0.0,0.0,,,,,,48
NAM,Namibia,1994,0.0,0.0,0.0,0.0,,,,,,49
NAM,Namibia,1995,0.0,0.0,0.0,0.0,,,,,,50
NAM,Namibia,1996,0.0,0.0,0.0,0.0,,,,,,51
NAM,Namibia,1997,0.0,0.0,0.0,0.0,,,,,,52
NAM,Namibia,1998,0.0,0.0,0.0,0.0,,,,,,53
NAM,Namibia,1999,0.0,0.0,0.0,0.0,,,,,,54
NAM,Namibia,2000,0.0,0.0,0.0,0.0,,,,,,55
NAM,Namibia,2001,0.0,0.0,0.0,0.0,,,,,,56
NAM,Namibia,2002,0.0,0.0,0.0,0.0,,,,,,57
NAM,Namibia,2003,0.0,0.0,0.0,0.0,,,,,,58
NAM,Namibia,2004,0.0,0.0,0.0,0.0,,,,,,59
NAM,Namibia,2005,0.0,0.0,0.0,0.0,,,,,,60
NAM,Namibia,2006,0.0,0.0,0.0,0.0,,,,,,61
NAM,Namibia,2007,0.0,0.0,0.0,0.0,,,,,,62
NAM,Namibia,2008,0.0,0.0,0.0,0.0,,,,,,63
NAM,Namibia,2009,0.0,0.0,0.0,0.0,,,,,,64
NAM,Namibia,2010,0.0,0.0,0.0,0.0,,,,,,65
NAM,Namibia,2011,0.0,0.0,0.0,0.0,,,,,,66
NAM,Namibia,2012,0.0,0.0,0.0,0.0,,,,,,67
NAM,Namibia,2013,0.0,0.0,0.0,0.0,,,,,,68
NAM,Namibia,2014,0.0,0.0,0.0,0.0,,,,,,69
NAM,Namibia,2015,0.0,0.0,0.0,0.0,,,,,,70
NAM,Namibia,2016,0.0,0.0,0.0,0.0,,,,,,71
NAM,Namibia,2017,0.0,0.0,0.0,0.0,,,,,,72
NAM,Namibia,2018,0.0,0.0,0.0,0.0,,,,,,73
NAM,Namibia,2019,0.0,0.0,0.0,0.0,,,,,,74
NAM,Namibia,2020,0.0,0.0,0.0,0.0,,,,,,75
NAM,Namibia,2021,0.0,0.0,0.0,0.0,,,,,,76
NAM,Namibia,2022,,,,,,,,,,77
NAM,Namibia,2023,,,,,,,,,,78
NAM,Namibia,2024,,,,,,,,,,79
NAM,Namibia,2025,,,,,,,,,,80
NCL,New Caledonia,1960,,,,,,,,,,15
NCL,New Caledonia,1961,,,,,,,,,,16
NCL,New Caledonia,1962,,,,,,,,,,17
NCL,New Caledonia,1963,,,,,,,,,,18
NCL,New Caledonia,1964,,,,,,,,,,19
NCL,New Caledonia,1965,,,,,,,,,,20
NCL,New Caledonia,1966,,,,,,,,,,21
NCL,New Caledonia,1967,,,,,,,,,,22
NCL,New Caledonia,1968,,,,,,,,,,23
NCL,New Caledonia,1969,,,,,,,,,,24
NCL,New Caledonia,1970,,,,,,,,,,25
NCL,New Caledonia,1971,,,,,,,,,,26
NCL,New Caledonia,1972,,,,,,,,,,27
NCL,New Caledonia,1973,,,,,,,,,,28
NCL,New Caledonia,1974,,,,,,,,,,29
NCL,New Caledonia,1975,,,,,,,,,,30
NCL,New Caledonia,1976,,,,,,,,,,31
NCL,New Caledonia,1977,,,,,,,,,,32
NCL,New Caledonia,1978,,,,,,,,,,33
NCL,New Caledonia,1979,,,,,,,,,,34
NCL,New Caledonia,1980,0.0,0.0,0.0,0.0,,,,,,35
NCL,New Caledonia,1981,0.0,0.0,0.0,0.0,,,,,,36
NCL,New Caledonia,1982,0.0,0.0,0.0,0.0,,,,,,37
NCL,New Caledonia,1983,0.0,0.0,0.0,0.0,,,,,,38
NCL,New Caledonia,1984,0.0,0.0,0.0,0.0,,,,,,39
NCL,New Caledonia,1985,0.0,0.0,0.0,0.0,,,,,,40
NCL,New Caledonia,1986,0.0,0.0,0.0,0.0,,,,,,41
NCL,New Caledonia,1987,0.0,0.0,0.0,0.0,,,,,,42
NCL,New Caledonia,1988,0.0,0.0,0.0,0.0,,,,,,43
NCL,New Caledonia,1989,0.0,0.0,0.0,0.0,,,,,,44
NCL,New Caledonia,1990,0.0,0.0,0.0,0.0,,,,,,45
NCL,New Caledonia,1991,0.0,0.0,0.0,0.0,,,,,,46
NCL,New Caledonia,1992,0.0,0.0,0.0,0.0,,,,,,47
NCL,New Caledonia,1993,0.0,0.0,0.0,0.0,,,,,,48
NCL,New Caledonia,1994,0.0,0.0,0.0,0.0,,,,,,49
NCL,New Caledonia,1995,0.0,0.0,0.0,0.0,,,,,,50
NCL,New Caledonia,1996,0.0,0.0,0.0,0.0,,,,,,51
NCL,New Caledonia,1997,0.0,0.0,0.0,0.0,,,,,,52
NCL,New Caledonia,1998,0.0,0.0,0.0,0.0,,,,,,53
NCL,New Caledonia,1999,0.0,0.0,0.0,0.0,,,,,,54
NCL,New Caledonia,2000,0.0,0.0,0.0,0.0,,,,,,55
NCL,New Caledonia,2001,0.0,0.0,0.0,0.0,,,,,,56
NCL,New Caledonia,2002,0.0,0.0,0.0,0.0,,,,,,57
NCL,New Caledonia,2003,0.0,0.0,0.0,0.0,,,,,,58
NCL,New Caledonia,2004,0.0,0.0,0.0,0.0,,,,,,59
NCL,New Caledonia,2005,0.0,0.0,0.0,0.0,,,,,,60
NCL,New Caledonia,2006,0.0,0.0,0.0,0.0,,,,,,61
NCL,New Caledonia,2007,0.0,0.0,0.0,0.0,,,,,,62
NCL,New Caledonia,2008,0.0,0.0,0.0,0.0,,,,,,63
NCL,New Caledonia,2009,0.0,0.0,0.0,0.0,,,,,,64
NCL,New Caledonia,2010,0.0,0.0,0.0,0.0,,,,,,65
NCL,New Caledonia,2011,0.0,0.0,0.0,0.0,,,,,,66
NCL,New Caledonia,2012,0.0,0.0,0.0,0.0,,,,,,67
NCL,New Caledonia,2013,0.0,0.0,0.0,0.0,,,,,,68
NCL,New Caledonia,2014,0.0,0.0,0.0,0.0,,,,,,69
NCL,New Caledonia,2015,0.0,0.0,0.0,0.0,,,,,,70
NCL,New Caledonia,2016,0.0,0.0,0.0,0.0,,,,,,71
NCL,New Caledonia,2017,0.0,0.0,0.0,0.0,,,,,,72
NCL,New Caledonia,2018,0.0,0.0,0.0,0.0,,,,,,73
NCL,New Caledonia,2019,0.0,0.0,0.0,0.0,,,,,,74
NCL,New Caledonia,2020,0.0,0.0,0.0,0.0,,,,,,75
NCL,New Caledonia,2021,0.0,0.0,0.0,0.0,,,,,,76
NCL,New Caledonia,2022,,,,,,,,,,77
NCL,New Caledonia,2023,,,,,,,,,,78
NCL,New Caledonia,2024,,,,,,,,,,79
NCL,New Caledonia,2025,,,,,,,,,,80
NER,Niger,1960,,,,,,,,,,15
NER,Niger,1961,,,,,,,,,,16
NER,Niger,1962,,,,,,,,,,17
NER,Niger,1963,,,,,,,,,,18
NER,Niger,1964,,,,,,,,,,19
NER,Niger,1965,,,,,,,,,,20
NER,Niger,1966,,,,,,,,,,21
NER,Niger,1967,,,,,,,,,,22
NER,Niger,1968,,,,,,,,,,23
NER,Niger,1969,,,,,,,,,,24
NER,Niger,1970,,,,,,,,,,25
NER,Niger,1971,0.0,0.0,0.0,0.0,,,,,,26
NER,Niger,1972,0.0,0.0,0.0,0.0,,,,,,27
NER,Niger,1973,0.0,0.0,0.0,0.0,,,,,,28
NER,Niger,1974,0.0,0.0,0.0,0.0,,,,,,29
NER,Niger,1975,0.0,0.0,0.0,0.0,,,,,,30
NER,Niger,1976,0.0,0.0,0.0,0.0,,,,,,31
NER,Niger,1977,0.0,0.0,0.0,0.0,,,,,,32
NER,Niger,1978,0.0,0.0,0.0,0.0,,,,,,33
NER,Niger,1979,0.0,0.0,0.0,0.0,,,,,,34
NER,Niger,1980,0.0,0.009430022768384,0.0,0.009430022768384,,,,,,35
NER,Niger,1981,0.0,0.0242782019684016,0.0,0.0242782019684016,,,,,,36
NER,Niger,1982,0.0,0.0406289176777071,0.0,0.0406289176777071,,,,,,37
NER,Niger,1983,0.0,0.0813559633591178,0.0,0.0813559633591178,,,,,,38
NER,Niger,1984,0.0,0.0926192859067218,0.0,0.0926192859067218,,,,,,39
NER,Niger,1985,0.0,0.106120803235269,0.0,0.106120803235269,,,,,,40
NER,Niger,1986,0.0,0.0509754777378203,0.0,0.0509754777378203,,,,,,41
NER,Niger,1987,0.0,0.0415694405124975,0.0,0.0415694405124975,,,,,,42
NER,Niger,1988,0.0,0.0488946650668598,0.0,0.0488946650668598,,,,,,43
NER,Niger,1989,0.0,0.0670192657175205,0.0,0.0670192657175205,,,,,,44
NER,Niger,1990,0.0,0.0397681253143936,0.0,0.0397681253143936,,,,,,45
NER,Niger,1991,0.0,0.0421661533025482,0.0,0.0421661533025482,,,,,,46
NER,Niger,1992,0.0,0.0311445169125108,0.0,0.0311445169125108,,,,,,47
NER,Niger,1993,0.0,0.0290264012485893,0.0,0.0290264012485893,,,,,,48
NER,Niger,1994,0.0,0.0480932153000268,0.0,0.0480932153000268,,,,,,49
NER,Niger,1995,0.0,0.0638128481220491,0.0,0.0638128481220491,,,,,,50
NER,Niger,1996,0.0,0.0566755512021052,0.0,0.0566755512021052,,,,,,51
NER,Niger,1997,0.0,0.0427394072165981,0.0,0.0427394072165981,,,,,,52
NER,Niger,1998,0.0,0.029727592795103,0.0,0.029727592795103,,,,,,53
NER,Niger,1999,0.0,0.0195684009473752,0.0,0.0195684009473752,,,,,,54
NER,Niger,2000,0.0,0.0302576124785667,0.0,0.0302576124785667,,,,,,55
NER,Niger,2001,0.0,0.0499647133055402,0.0,0.0499647133055402,,,,,,56
NER,Niger,2002,0.0,0.032312520938159,0.0,0.032312520938159,,,,,,57
NER,Niger,2003,0.0,0.0312263490860586,0.0,0.0312263490860586,,,,,,58
NER,Niger,2004,0.0,0.108115808400168,0.0,0.108115808400168,,,,,,59
NER,Niger,2005,0.0,0.0565882238700283,0.0,0.0565882238700283,,,,,,60
NER,Niger,2006,0.0,0.055007466870775,0.0,0.055007466870775,,,,,,61
NER,Niger,2007,0.0,0.0629841200401747,0.0,0.0629841200401747,,,,,,62
NER,Niger,2008,0.0,0.114066529268946,0.0,0.114066529268946,,,,,,63
NER,Niger,2009,0.0,0.0396820694312682,0.0,0.0396820694312682,,,,,,64
NER,Niger,2010,0.0,0.0973243501897151,0.0,0.0973243501897151,,,,,,65
NER,Niger,2011,0.897289901092115,0.107227307110315,0.0,1.00451720820243,,,,,,66
NER,Niger,2012,2.66870372209961,0.0645920818469523,0.0,2.7332958039465622,,,,,,67
NER,Niger,2013,4.23042002083649,0.046299642680483,0.0,4.276719663516974,,,,,,68
NER,Niger,2014,2.79681841817513,0.0344822080892499,0.0,2.83130062626438,,,,,,69
NER,Niger,2015,0.90069467580531,0.0234772390851172,0.0,0.9241719148904273,,,,,,70
NER,Niger,2016,0.920918399439848,0.0268755656188016,0.0,0.9477939650586495,,,,,,71
NER,Niger,2017,1.29768887354329,0.0314688786329333,0.0,1.3291577521762235,,,,,,72
NER,Niger,2018,1.38714615007191,0.0311126942946068,0.0248077115644434,1.4430665559309601,,,,,,73
NER,Niger,2019,0.933683949773014,0.0227923510814171,0.0250536967376847,0.9815299975921158,,,,,,74
NER,Niger,2020,0.393738499216623,0.0197947937949763,0.0176684406437786,0.4312017336553779,,,,,,75
NER,Niger,2021,0.622678205533793,0.0372529254036624,0.0303136934860688,0.6902448244235243,,,,,,76
NER,Niger,2022,,,,,,,,,,77
NER,Niger,2023,,,,,,,,,,78
NER,Niger,2024,,,,,,,,,,79
NER,Niger,2025,,,,,,,,,,80
NGA,Nigeria,1960,,,,,,,,,,15
NGA,Nigeria,1961,,,,,,,,,,16
NGA,Nigeria,1962,,,,,,,,,,17
NGA,Nigeria,1963,,,,,,,,,,18
NGA,Nigeria,1964,,,,,,,,,,19
NGA,Nigeria,1965,,,,,,,157.08034,,157.08034,20
NGA,Nigeria,1966,,,,,,,239.22957,,239.22957,21
NGA,Nigeria,1967,,,,,,,182.8021,,182.8021,22
NGA,Nigeria,1968,,,,,,,81.167984,,81.167984,23
NGA,Nigeria,1969,,,,,,,309.52045,,309.52045,24
NGA,Nigeria,1970,0.744583874202483,,0.0020850825663079,0.7466689567687909,,,620.473,1.0545,621.5274999999999,25
NGA,Nigeria,1971,0.570453170827289,0.0079302286812323,0.0067169317639189,0.5851003312724401,,,877.1751,1.95225,879.1273500000001,26
NGA,Nigeria,1972,1.73540426995942,0.0117219265339003,0.0071610003701895,1.7542871968635099,,,1043.0057,2.61725,1045.62295,27
NGA,Nigeria,1973,2.79133237194799,0.0111821882623815,0.0092485839219445,2.811763144132316,,,1176.8422,4.0090003,1180.8512003,28
NGA,Nigeria,1974,26.9907856714977,0.0110105855196732,0.0113766519795778,27.013172908996953,,,1291.8168,3.743,1295.5598,29
NGA,Nigeria,1975,18.264625689521,0.0142086051239447,0.0234721950220156,18.30230648966696,,,1021.5378,3.3535001,1024.8913000999999,30
NGA,Nigeria,1976,16.2579292072575,0.0066186327609061,0.0233358572708917,16.287883697289296,,,1187.2389,6.22725,1193.46615,31
NGA,Nigeria,1977,20.412281031815,0.0100477842829305,0.0262406106550305,20.44856942675296,,,1194.486,8.1985,1202.6845,32
NGA,Nigeria,1978,16.4070585230072,0.0105051008095787,0.0305895349798055,16.448153158796586,,,1086.7255,9.93225,1096.65775,33
NGA,Nigeria,1979,40.906778772599,0.0065999839868843,0.0454401447389477,40.958818901324825,,,1318.7386,13.091001,1331.829601,34
NGA,Nigeria,1980,24.7025134759538,0.0070297410376989,0.0538457908356116,24.76338900782711,,,1182.1918,15.822249,1198.014049,35
NGA,Nigeria,1981,3.90947139545585,0.0026863585440154,0.0176209808221895,3.9297787348220554,,,824.7004,23.3035,848.0038999999999,36
NGA,Nigeria,1982,1.57387573008516,0.0015491237949917,0.0081950603319637,1.5836199142121152,,,737.2808,24.277248,761.558048,37
NGA,Nigeria,1983,4.62229786170895,0.0013354201688721,0.0441564474264562,4.667789729304278,,,707.77814,27.521502,735.2996420000001,38
NGA,Nigeria,1984,8.0029614407281,0.0020231314420434,0.0546480218244979,8.059632593994642,,,797.31885,26.4765,823.79535,39
NGA,Nigeria,1985,9.36777496664601,0.0041670123640321,0.0638219422615765,9.435763921271619,,,858.6715,25.08,883.7515000000001,40
NGA,Nigeria,1986,4.23930215420131,0.0044589950616107,0.0945316609664455,4.338292810229365,,,840.16785,29.2505,869.41835,41
NGA,Nigeria,1987,8.76376619051025,0.0033779078587897,0.0893088359011094,8.856452934270148,,,772.05383,28.9655,801.01933,42
NGA,Nigeria,1988,7.85120632984746,0.0025758063999537,0.0838523306835196,7.937634466930934,,,794.1685,34.82225,828.9907499999999,43
NGA,Nigeria,1989,19.9070837346417,0.0035354356847712,0.130982245242775,20.041601415569247,,,1011.5126,40.318,1051.8306,44
NGA,Nigeria,1990,21.9637183323591,0.0032752667398199,0.122506743855576,22.089500342954498,,,1017.47095,38.3895,1055.8604500000001,45
NGA,Nigeria,1991,14.3917349452664,0.0038952317181014,0.142400654945907,14.538030831930408,,,1117.5122,37.448997,1154.9611969999999,46
NGA,Nigeria,1992,17.3838477866202,0.0031060167342926,0.141771493467997,17.52872529682249,,,1159.6453,40.5365,1200.1817999999998,47
NGA,Nigeria,1993,28.7054393824039,0.0012424595594686,0.334653528360017,29.041335370323385,,,1144.7253,46.189,1190.9143000000001,48
NGA,Nigeria,1994,18.6990486531124,0.0009571890318289,0.284984593313852,18.98499043545808,,,1096.4194,42.1895,1138.6089,49
NGA,Nigeria,1995,16.2953221371822,0.0008455761163335,0.249609362907884,16.545777076206416,,,1105.5587,45.913498,1151.472198,50
NGA,Nigeria,1996,16.7094356163404,0.0002543963794057,0.229376543029772,16.939066555749577,,,1121.2941,51.6515,1172.9456,51
NGA,Nigeria,1997,14.538489437452,0.0002390832766692,0.222939191897664,14.761667712626334,,,1122.7622,49.745975,1172.508175,52
NGA,Nigeria,1998,7.09759652792726,0.0002068555491218,0.165376593030192,7.263179976506574,,,1150.4365,60.17689,1210.61339,53
NGA,Nigeria,1999,10.1094177919185,0.0001727063489231,0.207621907106723,10.317212405374146,,,1073.8616,43.377163,1117.238763,54
NGA,Nigeria,2000,22.0499275524037,4.02063709273317e-05,0.564094593247378,22.614062352022007,,,1239.1555,112.04464,1351.2001400000001,55
NGA,Nigeria,2001,15.2354705757222,6.70645190902397e-05,0.726754459284971,15.96229209952626,,,1224.6005,152.61342,1377.21392,56
NGA,Nigeria,2002,11.1446404443733,0.000481811735688,0.501989566605627,11.647111822714614,,,1104.9844,171.40392,1276.38832,57
NGA,Nigeria,2003,12.1202192108891,0.000266977305556,0.778807998966763,12.899294187161418,,,1304.6278,213.93889,1518.5666899999999,58
NGA,Nigeria,2004,14.4183481253408,0.0002191572255001,0.689215296398891,15.10778257896519,,,1414.9651,228.94197,1643.90707,59
NGA,Nigeria,2005,17.695803965512,0.0001345616257104,0.287750139206183,17.98368866634389,,,1408.9026,229.83986,1638.74246,60
NGA,Nigeria,2006,14.8803763188218,0.0001081285095256,0.732425679471773,15.612910126803097,,,1343.7992,268.91507,1612.71427,61
NGA,Nigeria,2007,13.8343651228424,0.0003783124845786,0.757101200988554,14.591844636315532,,,1246.2552,336.3423,1582.5975,62
NGA,Nigeria,2008,15.529944090028,0.0009296096354736,0.749813672501435,16.28068737216491,,,1229.3309,327.7922,1557.1230999999998,63
NGA,Nigeria,2009,8.67398818858118,0.0003816725797867,0.522028083602619,9.196397944763586,,,1242.6493,231.91939,1474.56869,64
NGA,Nigeria,2010,12.0986066267503,0.0006237720302393,0.620085796949933,12.719316195730473,,,1419.1029,309.06668,1728.1695800000002,65
NGA,Nigeria,2011,15.5113433318503,0.0005964587795861,0.95137055258512,16.463310343215007,,,1376.2834,364.25815,1740.54155,66
NGA,Nigeria,2012,13.0904727134596,0.0005441244250987,0.944828584323691,14.035845422208391,,,1353.362,391.60303,1744.96503,67
NGA,Nigeria,2013,9.88011499667836,0.0003587942632094,0.707231138877851,10.587704929819422,,,1271.8241,330.99573,1602.81983,68
NGA,Nigeria,2014,7.0738580847829,0.000247381085254,0.706958402345768,7.781063868213922,,,1270.0397,399.82535,1669.86505,69
NGA,Nigeria,2015,2.78345150643408,0.0002256107808246,0.606650567592808,3.3903276848077124,,,1228.846,475.65283,1704.49883,70
NGA,Nigeria,2016,2.68429043488445,0.0003152419820836,0.482590199613052,3.167195876479586,,,1061.333,426.3702,1487.7032000000002,71
NGA,Nigeria,2017,5.47262882301734,0.0004466789600321,0.679652469225142,6.1527279712025145,,,1097.8649,472.0562,1569.9211,72
NGA,Nigeria,2018,7.69068153465603,0.0004414315722529,0.968367262124034,8.659490228352317,,,1118.3983,482.69553,1601.09383,73
NGA,Nigeria,2019,6.51475056054778,0.0003441901707943,0.855086670258244,7.370181420976818,,,1172.9766,492.7915,1665.7681,74
NGA,Nigeria,2020,3.31241719212516,0.0002399117758831,0.66919749440088,3.981854598301923,,,1063.2955,494.31137,1557.60687,75
NGA,Nigeria,2021,6.24674969005013,0.0004784316388258,1.16400248668311,7.411230608372066,,,938.362,524.4082,1462.7702,76
NGA,Nigeria,2022,,,,,,,805.57385,471.1942,1276.7680500000001,77
NGA,Nigeria,2023,,,,,,,859.48267,443.5072,1302.9898699999999,78
NGA,Nigeria,2024,,,,,,,917.5137,468.4584,1385.9721,79
NGA,Nigeria,2025,,,,,,,977.11316,507.74347,1484.85663,80
NIC,Nicaragua,1960,,,,,,,,,,15
NIC,Nicaragua,1961,,,,,,,,,,16
NIC,Nicaragua,1962,,,,,,,,,,17
NIC,Nicaragua,1963,,,,,,,,,,18
NIC,Nicaragua,1964,,,,,,,,,,19
NIC,Nicaragua,1965,,,,,,,,,,20
NIC,Nicaragua,1966,,,,,,,,,,21
NIC,Nicaragua,1967,,,,,,,,,,22
NIC,Nicaragua,1968,,,,,,,,,,23
NIC,Nicaragua,1969,,,,,,,,,,24
NIC,Nicaragua,1970,,,,,,,,,,25
NIC,Nicaragua,1971,0.0,0.0,0.0,0.0,,,,,,26
NIC,Nicaragua,1972,0.0,0.0,0.0,0.0,,,,,,27
NIC,Nicaragua,1973,0.0,0.0,0.0,0.0,,,,,,28
NIC,Nicaragua,1974,0.0,0.0,0.0,0.0,,,,,,29
NIC,Nicaragua,1975,0.0,0.0,0.0,0.0,,,,,,30
NIC,Nicaragua,1976,0.0,0.0,0.0,0.0,,,,,,31
NIC,Nicaragua,1977,0.0,0.0,0.0,0.0,,,,,,32
NIC,Nicaragua,1978,0.0,0.0,0.0,0.0,,,,,,33
NIC,Nicaragua,1979,0.0,0.0,0.0,0.0,,,,,,34
NIC,Nicaragua,1980,0.0,0.0,0.0,0.0,,,,,,35
NIC,Nicaragua,1981,0.0,0.0,0.0,0.0,,,,,,36
NIC,Nicaragua,1982,0.0,0.0,0.0,0.0,,,,,,37
NIC,Nicaragua,1983,0.0,0.0,0.0,0.0,,,,,,38
NIC,Nicaragua,1984,0.0,0.0,0.0,0.0,,,,,,39
NIC,Nicaragua,1985,0.0,0.0,0.0,0.0,,,,,,40
NIC,Nicaragua,1986,0.0,0.0,0.0,0.0,,,,,,41
NIC,Nicaragua,1987,0.0,0.0,0.0,0.0,,,,,,42
NIC,Nicaragua,1988,0.0,0.0,0.0,0.0,,,,,,43
NIC,Nicaragua,1989,0.0,0.0,0.0,0.0,,,,,,44
NIC,Nicaragua,1990,0.0,0.0,0.0,0.0,,,,,,45
NIC,Nicaragua,1991,0.0,0.0,0.0,0.0,,,,,,46
NIC,Nicaragua,1992,0.0,0.0,0.0,0.0,,,,,,47
NIC,Nicaragua,1993,0.0,0.0,0.0,0.0,,,,,,48
NIC,Nicaragua,1994,0.0,0.0,0.0,0.0,,,,,,49
NIC,Nicaragua,1995,0.0,0.0,0.0,0.0,,,,,,50
NIC,Nicaragua,1996,0.0,0.0,0.0,0.0,,,,,,51
NIC,Nicaragua,1997,0.0,0.0,0.0,0.0,,,,,,52
NIC,Nicaragua,1998,0.0,0.0,0.0,0.0,,,,,,53
NIC,Nicaragua,1999,0.0,0.0,0.0,0.0,,,,,,54
NIC,Nicaragua,2000,0.0,0.0,0.0,0.0,,,,,,55
NIC,Nicaragua,2001,0.0,0.0,0.0,0.0,,,,,,56
NIC,Nicaragua,2002,0.0,0.0,0.0,0.0,,,,,,57
NIC,Nicaragua,2003,0.0,0.0,0.0,0.0,,,,,,58
NIC,Nicaragua,2004,0.0,0.0,0.0,0.0,,,,,,59
NIC,Nicaragua,2005,0.0,0.0,0.0,0.0,,,,,,60
NIC,Nicaragua,2006,0.0,0.0,0.0,0.0,,,,,,61
NIC,Nicaragua,2007,0.0,0.0,0.0,0.0,,,,,,62
NIC,Nicaragua,2008,0.241718443242608,0.0,0.0,0.241718443242608,,,,,,63
NIC,Nicaragua,2009,0.136614559984771,0.0,0.0,0.136614559984771,,,,,,64
NIC,Nicaragua,2010,0.0252340770771501,0.0,0.0,0.0252340770771501,,,,,,65
NIC,Nicaragua,2011,0.0519123138385869,0.0,0.0,0.0519123138385869,,,,,,66
NIC,Nicaragua,2012,0.0462955853539498,0.0,0.0,0.0462955853539498,,,,,,67
NIC,Nicaragua,2013,0.0404742289870495,0.0,0.0,0.0404742289870495,,,,,,68
NIC,Nicaragua,2014,0.0340990650048295,0.0,0.0,0.0340990650048295,,,,,,69
NIC,Nicaragua,2015,0.0,0.0,0.0,0.0,,,,,,70
NIC,Nicaragua,2016,0.0076947579467499,0.0,0.0,0.0076947579467499,,,,,,71
NIC,Nicaragua,2017,0.0128520280376942,0.0,0.0,0.0128520280376942,,,,,,72
NIC,Nicaragua,2018,0.0215824227322452,0.0,0.0,0.0215824227322452,,,,,,73
NIC,Nicaragua,2019,0.0178636683851291,0.0,0.0,0.0178636683851291,,,,,,74
NIC,Nicaragua,2020,0.0084343580954292,0.0,0.0,0.0084343580954292,,,,,,75
NIC,Nicaragua,2021,0.0205645534300319,0.0,0.0,0.0205645534300319,,,,,,76
NIC,Nicaragua,2022,,,,,,,,,,77
NIC,Nicaragua,2023,,,,,,,,,,78
NIC,Nicaragua,2024,,,,,,,,,,79
NIC,Nicaragua,2025,,,,,,,,,,80
NLD,Netherlands,1960,,,,,,,,,,15
NLD,Netherlands,1961,,,,,,,,,,16
NLD,Netherlands,1962,,,,,,,,,,17
NLD,Netherlands,1963,,,,,,,,,,18
NLD,Netherlands,1964,,,,,,,,,,19
NLD,Netherlands,1965,,,,,100.0,,,,,20
NLD,Netherlands,1966,,,,,100.0,,,,,21
NLD,Netherlands,1967,,,,,99.99999,,,,,22
NLD,Netherlands,1968,,,,,99.983826,,,,,23
NLD,Netherlands,1969,,,,,99.83679,,,,,24
NLD,Netherlands,1970,0.0037288922211001,0.0,0.187627040682771,0.1913559329038711,99.831,,,279.16666,279.16666,25
NLD,Netherlands,1971,0.0105197798987112,0.0002410449603204,0.278792121900835,0.28955294675986665,99.82362,,,385.83334,385.83334,26
NLD,Netherlands,1972,0.0119800468109578,0.0001893175819687,0.41998433826706,0.4321537026599865,99.87776,,,514.44446,514.44446,27
NLD,Netherlands,1973,0.0155183279142982,0.0001189438275857,0.32010954808458,0.33574681982646387,99.60954,,,625.5556,625.5556,28
NLD,Netherlands,1974,0.0758363178483783,0.000112008698046,0.987235252309747,1.0631835788561712,98.783936,,,741.6667,741.6667,29
NLD,Netherlands,1975,0.0592830338812027,0.0,1.35461366298042,1.4138966968616227,98.477036,,,803.3333,803.3333,30
NLD,Netherlands,1976,0.057142654858118,0.0,1.39336920206056,1.450511856918678,98.399185,,,858.3333,858.3333,31
NLD,Netherlands,1977,0.0525942534791969,0.0,1.20957920658852,1.262173460067717,98.42727,,,861.1111,861.1111,32
NLD,Netherlands,1978,0.0441130666922606,0.0,0.982390383284719,1.0265034499769796,98.22479,,,788.3334,788.3334,33
NLD,Netherlands,1979,0.0880124084237036,0.0,1.50851733165945,1.5965297400831535,98.50175,,,826.6667,826.6667,34
NLD,Netherlands,1980,0.0991602713339389,0.0,1.84751073298612,1.9466710043200588,98.18634,,,799.44446,799.44446,35
NLD,Netherlands,1981,0.0998527388759243,0.0,1.33474372870246,1.4345964675783842,98.26338,,,742.2222,742.2222,36
NLD,Netherlands,1982,0.0789326603045302,0.0,0.546036473708636,0.6249691340131661,98.35162,,,634.7222,634.7222,37
NLD,Netherlands,1983,0.16750131553101,0.0,1.0457734474145,1.21327476294551,98.494156,,,675.8334,675.8334,38
NLD,Netherlands,1984,0.21908064826428,0.0,1.12244317438002,1.3415238226443,98.58449,,,684.1667,684.1667,39
NLD,Netherlands,1985,0.269599275870849,0.0,1.07198897537057,1.341588251241419,98.40266,,,716.3889,716.3889,40
NLD,Netherlands,1986,0.09472777125738,0.0,0.712019364121164,0.8067471353785439,98.3276,,,655.0,655.0,41
NLD,Netherlands,1987,0.115679936555752,0.0,0.307356225751946,0.42303616230769797,98.536736,,,656.1111,656.1111,42
NLD,Netherlands,1988,0.0750961021774671,0.0,0.224200461485898,0.2992965636633651,98.453545,,,579.1667,579.1667,43
NLD,Netherlands,1989,0.105830170311003,0.0,0.264955256621157,0.37078542693216,98.316475,,,633.05554,633.05554,44
NLD,Netherlands,1990,0.123024890879415,0.0,0.340615242694369,0.463640133573784,98.62509,,,634.1667,634.1667,45
NLD,Netherlands,1991,0.0536064393908414,0.0,0.265578115721853,0.31918455511269445,98.701904,,,716.99994,716.99994,46
NLD,Netherlands,1992,0.0457012196410724,0.0,0.127838977285178,0.17354019692625042,98.54047,,,720.05554,720.05554,47
NLD,Netherlands,1993,0.0424748831970111,0.0,0.299076540262906,0.34155142345991707,98.477196,,,734.0,734.0,48
NLD,Netherlands,1994,0.045482278029272,0.0,0.256842367989298,0.30232464601857,98.446625,,,696.2778,696.2778,49
NLD,Netherlands,1995,0.033702618174493,0.0,0.405396325147202,0.43909894332169497,98.43799,,,707.8333,707.8333,50
NLD,Netherlands,1996,0.0387344513492524,0.0,0.443242674406277,0.4819771257555294,98.38262,,,801.0833,801.0833,51
NLD,Netherlands,1997,0.0304655261421261,0.0,0.459155377773329,0.4896209039154551,98.814354,,,709.5,709.5,52
NLD,Netherlands,1998,0.0074630304410427,0.0,0.0544001863523158,0.061863216793358496,98.358475,,,676.7778,676.7778,53
NLD,Netherlands,1999,0.0203269079678711,0.0,0.0483883755868226,0.0687152835546937,98.279305,,,629.3333,629.3333,54
NLD,Netherlands,2000,0.0428661703754643,0.0,0.343533262762868,0.3863994331383323,98.18713,,,613.61115,613.61115,55
NLD,Netherlands,2001,0.0288835905371522,0.0,0.747341370036793,0.7762249605739452,98.13765,,,646.4722,646.4722,56
NLD,Netherlands,2002,0.0447970205533278,0.0,0.505350536423084,0.5501475569764118,98.00659,,,635.19446,635.19446,57
NLD,Netherlands,2003,0.0444408788956073,0.0,0.430352698895937,0.4747935777915443,98.081184,,,607.1667,607.1667,58
NLD,Netherlands,2004,0.0482013400128872,0.0,0.395244249969581,0.4434455899824682,97.92241,,,716.1667,716.1667,59
NLD,Netherlands,2005,0.0486888872963133,0.0,0.294878106120457,0.3435669934167703,97.34609,,,653.3333,653.3333,60
NLD,Netherlands,2006,0.0474303353534585,0.0,0.607059769493383,0.6544901048468416,97.39039,,,645.0278,645.0278,61
NLD,Netherlands,2007,0.0695823476637214,0.0,0.52120335320914,0.5907857008728614,97.1709,,,620.0278,620.0278,62
NLD,Netherlands,2008,0.0767004716623707,0.0,0.963753121969128,1.0404535936314987,96.83343,,,709.0834,709.0834,63
NLD,Netherlands,2009,0.0342324179411298,0.0,0.686149183988494,0.7203816019296239,96.335045,,,655.0,655.0,64
NLD,Netherlands,2010,0.0313299442533534,0.0,0.728762153920343,0.7600920981736965,96.54338,,,752.6667,752.6667,65
NLD,Netherlands,2011,0.0513023587099409,0.0,0.967144018557186,1.0184463772671268,96.11362,,,694.9722,694.9722,66
NLD,Netherlands,2012,0.0544334924427504,0.0,1.07545709194109,1.1298905843838403,96.051254,,,684.02783,684.02783,67
NLD,Netherlands,2013,0.0489230990645562,0.0,1.06858270146467,1.1175058005292262,96.50628,,,724.05554,724.05554,68
NLD,Netherlands,2014,0.0610565682264859,0.0,0.625839472123598,0.6868960403500839,96.1592,,,603.8611,603.8611,69
NLD,Netherlands,2015,0.0277934109206209,0.0,0.409802071791948,0.4375954827125689,96.07143,,,458.77777,458.77777,70
NLD,Netherlands,2016,0.0142927116318486,0.0,0.229978465875855,0.2442711775077036,96.13796,,,442.94443,442.94443,71
NLD,Netherlands,2017,0.0205884596366125,0.0,0.257105896754391,0.2776943563910035,96.03131,,,379.27777,379.27777,72
NLD,Netherlands,2018,0.0285323898225818,0.0,0.320392140389771,0.3489245302123528,95.49195,,,324.8333,324.8333,73
NLD,Netherlands,2019,0.0211765776530471,0.0,0.192462763398317,0.2136393410513641,94.51703,,,277.44443,277.44443,74
NLD,Netherlands,2020,0.0111244987898519,0.0,0.0687746204407482,0.0798991192306001,92.3936,,,200.91666,200.91666,75
NLD,Netherlands,2021,0.024399192645775,0.0,0.312284681581925,0.3366838742277,91.373795,,,180.22223,180.22223,76
NLD,Netherlands,2022,,,,,89.59183,,,149.80556,149.80556,77
NLD,Netherlands,2023,,,,,88.87197,,,98.52778,98.52778,78
NLD,Netherlands,2024,,,,,88.472145,,,83.361115,83.361115,79
NLD,Netherlands,2025,,,,,88.00492,,,77.69445,77.69445,80
NOR,Norway,1960,,,,,,,,,,15
NOR,Norway,1961,,,,,,,,,,16
NOR,Norway,1962,,,,,,,,,,17
NOR,Norway,1963,,,,,,,,,,18
NOR,Norway,1964,,,,,,,,,,19
NOR,Norway,1965,,,,,,,,,,20
NOR,Norway,1966,,,,,,,,,,21
NOR,Norway,1967,,,,,,,,,,22
NOR,Norway,1968,,,,,,,,,,23
NOR,Norway,1969,,,,,,,,,,24
NOR,Norway,1970,,0.0085935813931102,0.0,0.0085935813931102,,,,,,25
NOR,Norway,1971,0.0057164004468347,0.0086836275236957,0.0066367120241021,0.0210367399946325,,,3.4050403,0.0,3.4050403,26
NOR,Norway,1972,0.0389789106875158,0.0073752612182408,0.0120437777051807,0.058397949610937305,,,18.77903,0.0,18.77903,27
NOR,Norway,1973,0.0529198330230973,0.0058263369943539,0.0103010553990721,0.0690472254165233,,,18.160213,0.0,18.160213,28
NOR,Norway,1974,0.28685137660801,0.0103266122134586,0.0340969301208647,0.3312749189423333,,,19.862734,0.0,19.862734,29
NOR,Norway,1975,1.19535280878629,0.0210016639384372,0.0497926836736527,1.2661471563983797,,,107.25876,0.0,107.25876,30
NOR,Norway,1976,1.75797761239712,0.0311351071606554,0.0559944256632773,1.8451071452210528,,,158.76816,0.0,158.76816,31
NOR,Norway,1977,1.65434243168867,0.0233433422680228,0.103535714300614,1.7812214882573065,62.17847,,162.87442,26.349882,189.224302,32
NOR,Norway,1978,1.85916082584113,0.0169531788593868,0.538091717127153,2.41420572182767,62.27089,,202.03238,140.9424,342.97478,33
NOR,Norway,1979,4.34647457860653,0.0115591874842365,1.15047994855836,5.508513714649126,60.5134,,226.7794,205.14702,431.92642,34
NOR,Norway,1980,5.6752746570003,0.0085036634982487,1.70771948751378,7.391497808012328,61.159374,,291.3272,249.00156,540.32876,35
NOR,Norway,1981,4.49310364538214,0.0180457759723958,1.14126304889567,5.652412470250206,57.51233,,282.51993,247.63988,530.15981,36
NOR,Norway,1982,2.97425059785102,0.0213374909972518,0.524774829435701,3.5203629182839724,56.868446,,293.44254,237.80336,531.2459,37
NOR,Norway,1983,4.90691426644312,0.0152851666517027,0.941380474785597,5.863579907880419,53.632133,,365.15457,234.35478,599.50935,38
NOR,Norway,1984,5.76841668650316,0.0117780493461013,0.988565263283021,6.768759999132282,54.541378,,418.15393,257.67877,675.8326999999999,39
NOR,Norway,1985,6.08456118509164,0.009629323250276,0.835484394039454,6.929674902381369,56.441483,,456.02182,259.8926,715.9144200000001,40
NOR,Norway,1986,2.1644132909421,0.0044142019278528,0.738810424576747,2.9076379174466997,59.302525,,500.486,258.9403,759.4263,41
NOR,Norway,1987,3.36318065072751,0.0029444051778874,0.340335534988503,3.7064605908939003,57.69107,,582.84064,279.39752,862.23816,42
NOR,Norway,1988,2.71684171463548,4.74613344638537e-05,0.280333591557995,2.997222767527939,55.906048,,662.67206,281.17096,943.84302,43
NOR,Norway,1989,5.7682743263294,8.77591678006498e-05,0.306398919121662,6.074761004618862,54.158962,,871.1927,285.22195,1156.41465,44
NOR,Norway,1990,7.38778559694277,0.0013287377691992,0.371596575304196,7.760710910016165,53.553642,,955.32367,252.88354,1208.20721,45
NOR,Norway,1991,4.08595620770174,0.0012743912031463,0.257283968549398,4.344514567454284,54.800186,,1091.3854,248.3931,1339.7785,46
NOR,Norway,1992,4.72988779950069,0.0007140549117805,0.136496728960407,4.8670985833728775,53.796783,,1243.2551,256.39908,1499.65418,47
NOR,Norway,1993,5.26252270326991,0.0001040295471683,0.308154036854618,5.570780769671696,54.00028,,1327.3126,246.17819,1573.49079,48
NOR,Norway,1994,5.00755972112755,0.0001521095955943,0.305296079703074,5.313007910426218,56.93871,,1495.4198,266.40295,1761.8227499999998,49
NOR,Norway,1995,5.03140095731558,0.0004956230700868,0.489092475439507,5.520989055825174,55.2546,,1609.5884,276.05,1885.6384,50
NOR,Norway,1996,7.37375599562261,0.0002482328974412,0.587601100844924,7.961605329364975,61.081432,,1798.7454,371.1746,2169.92,51
NOR,Norway,1997,5.89130932999415,0.0002119898270413,0.723471313949213,6.614992633770404,60.46858,,1816.9309,426.22638,2243.15728,52
NOR,Norway,1998,1.83600242485291,0.0002166557165856,0.0993953934597692,1.935614474029265,59.631725,,1739.8503,,1739.8503,53
NOR,Norway,1999,5.22432027600053,2.69160994134634e-05,0.0995255032194957,5.323872695319438,58.14848,,1740.7052,481.0726,2221.7778000000003,54
NOR,Norway,2000,11.563574057982,0.0006868320300199,0.679904114559037,12.244165004571057,53.66407,,1871.619,501.2096,2372.8286,55
NOR,Norway,2001,8.3238485310557,0.006708969293521,1.48859968754872,9.819157187897943,58.409294,,1881.3179,541.3105,2422.6284,56
NOR,Norway,2002,7.51237284652343,0.0029223855920247,1.24076789974642,8.756063131861875,56.330353,,1830.308,655.119,2485.427,57
NOR,Norway,2003,7.33585281468421,0.003743267688378,1.29552036796538,8.635116450337968,62.39924,,1783.6937,729.23456,2512.92826,58
NOR,Norway,2004,8.3587259592575,0.0245300406476059,1.08040519257243,9.463661192477536,61.53021,,1747.0848,792.1163,2539.2011,59
NOR,Norway,2005,9.62679537974438,0.0073823124488355,0.820750880317894,10.45492857251111,55.749466,,1609.9893,856.7091,2466.6984,60
NOR,Norway,2006,9.19503274522247,0.0112032034829543,1.64947339703,10.855709345735425,58.96951,,1498.5577,882.24945,2380.80715,61
NOR,Norway,2007,7.98287863833131,0.0262338956782607,1.50336052705427,9.51247306106384,56.489872,,1377.3574,893.61475,2270.97215,62
NOR,Norway,2008,9.87352536152341,0.0621317157696806,2.61547062464106,12.55112770193415,54.458965,,1331.1066,970.52,2301.6266,63
NOR,Norway,2009,5.99263870550393,0.0172755566331691,2.31051856857528,8.32043283071238,56.363384,,1260.3988,995.28937,2255.68817,64
NOR,Norway,2010,5.61799364871918,0.0213595659401432,1.91715331956751,7.556506534226833,59.155876,,1146.6019,1045.6365,2192.2384,65
NOR,Norway,2011,7.50443616793107,0.0163198243427435,2.41175101682902,9.932507009102833,58.4219,,1085.8336,1003.0435,2088.8770999999997,66
NOR,Norway,2012,6.46713141316121,0.006773704007227,2.79793704881972,9.271842165988158,54.295536,,1012.33575,1130.5948,2142.93055,67
NOR,Norway,2013,5.54926522150093,0.0057000048196468,2.53697378296224,8.091939009282816,56.28551,,964.4767,1070.3325,2034.8092000000001,68
NOR,Norway,2014,5.54233636695862,0.0052446870046392,1.90179376677279,7.449374820736049,54.670856,,988.1589,1062.7272,2050.8861,69
NOR,Norway,2015,3.14606557734506,0.0038804476228649,1.95702125326246,5.106967278230385,54.03808,,1019.2127,1148.4377,2167.6504,70
NOR,Norway,2016,2.60460301891109,0.0033766040855692,1.2124850625234,3.8204646855200597,52.64424,,1050.2723,1146.6488,2196.9211,71
NOR,Norway,2017,3.63541371456372,0.0006683856135104,1.65858536349106,5.29466746366829,53.56806,,1033.6267,1223.7234,2257.3501,72
NOR,Norway,2018,4.96722177394478,0.0008236266703394,2.37284790629379,7.340893306908908,53.55964,,968.9926,1199.5273,2168.5199000000002,73
NOR,Norway,2019,4.53800306780214,0.000523832286015,1.68596945226407,6.224496352352224,55.31026,,914.7459,1131.1782,2045.9241000000002,74
NOR,Norway,2020,3.22981815901586,0.0002809732126369,0.91000200178554,4.140101134014037,50.29546,,1070.5459,1101.0774,2171.6233,75
NOR,Norway,2021,6.06347788332955,0.0007581754590275,3.94366899283053,10.007905051619106,49.48299,,1092.2252,1130.9902,2223.2154,76
NOR,Norway,2022,,,,,51.52354,,1035.1456,1228.4415,2263.5870999999997,77
NOR,Norway,2023,,,,,49.6093,,1100.6042,1160.313,2260.9172,78
NOR,Norway,2024,,,,,47.33618,,1089.9911,1242.6053,2332.5964,79
NOR,Norway,2025,,,,,46.9102,,1119.02,1205.6047,2324.6247000000003,80
NPL,Nepal,1960,,,,,,,,,,15
NPL,Nepal,1961,,,,,,,,,,16
NPL,Nepal,1962,,,,,,,,,,17
NPL,Nepal,1963,,,,,,,,,,18
NPL,Nepal,1964,,,,,,,,,,19
NPL,Nepal,1965,,,,,,,,,,20
NPL,Nepal,1966,,,,,,,,,,21
NPL,Nepal,1967,,,,,,,,,,22
NPL,Nepal,1968,,,,,,,,,,23
NPL,Nepal,1969,,,,,,,,,,24
NPL,Nepal,1970,,,,,,,,,,25
NPL,Nepal,1971,0.0,0.0,0.0,0.0,,,,,,26
NPL,Nepal,1972,0.0,0.0,0.0,0.0,,,,,,27
NPL,Nepal,1973,0.0,0.0,0.0,0.0,,,,,,28
NPL,Nepal,1974,0.0,0.0,0.0,0.0,,,,,,29
NPL,Nepal,1975,0.0,0.0,0.0,0.0,,,,,,30
NPL,Nepal,1976,0.0,0.0,0.0,0.0,,,,,,31
NPL,Nepal,1977,0.0,0.0,0.0,0.0,,,,,,32
NPL,Nepal,1978,0.0,0.0,0.0,0.0,,,,,,33
NPL,Nepal,1979,0.0,0.0,0.0,0.0,,,,,,34
NPL,Nepal,1980,0.0,0.0,0.0,0.0,,,,,,35
NPL,Nepal,1981,0.0,0.0,0.0,0.0,,,,,,36
NPL,Nepal,1982,0.0,0.0,0.0,0.0,,,,,,37
NPL,Nepal,1983,0.0,0.0,0.0,0.0,,,,,,38
NPL,Nepal,1984,0.0,0.0,0.0,0.0,,,,,,39
NPL,Nepal,1985,0.0,0.0,0.0,0.0,,,,,,40
NPL,Nepal,1986,0.0,0.0,0.0,0.0,,,,,,41
NPL,Nepal,1987,0.0,0.0,0.0,0.0,,,,,,42
NPL,Nepal,1988,0.0,0.0,0.0,0.0,,,,,,43
NPL,Nepal,1989,0.0,0.0,0.0,0.0,,,,,,44
NPL,Nepal,1990,0.0,0.0,0.0,0.0,,,,,,45
NPL,Nepal,1991,0.0,0.0,0.0,0.0,,,,,,46
NPL,Nepal,1992,0.0,0.0,0.0,0.0,,,,,,47
NPL,Nepal,1993,0.0,0.0,0.0,0.0,,,,,,48
NPL,Nepal,1994,0.0,0.0,0.0,0.0,,,,,,49
NPL,Nepal,1995,0.0,0.0,0.0,0.0,,,,,,50
NPL,Nepal,1996,0.0,0.0,0.0,0.0,,,,,,51
NPL,Nepal,1997,0.0,0.0,0.0,0.0,,,,,,52
NPL,Nepal,1998,0.0,0.0,0.0,0.0,,,,,,53
NPL,Nepal,1999,0.0,0.0,0.0,0.0,,,,,,54
NPL,Nepal,2000,0.0,0.0036195712070021,0.0,0.0036195712070021,,,,,,55
NPL,Nepal,2001,0.0,0.0030875211130769,0.0,0.0030875211130769,,,,,,56
NPL,Nepal,2002,0.0,0.0026007696963569,0.0,0.0026007696963569,,,,,,57
NPL,Nepal,2003,0.0,0.0023546752098633,0.0,0.0023546752098633,,,,,,58
NPL,Nepal,2004,0.0,0.0048826057325937,0.0,0.0048826057325937,,,,,,59
NPL,Nepal,2005,0.0,0.0047790390127327,0.0,0.0047790390127327,,,,,,60
NPL,Nepal,2006,0.0,0.0078452261156711,0.0,0.0078452261156711,,,,,,61
NPL,Nepal,2007,0.0,0.0066486950048122,0.0,0.0066486950048122,,,,,,62
NPL,Nepal,2008,0.0,0.0123667547612362,0.0,0.0123667547612362,,,,,,63
NPL,Nepal,2009,0.0,0.0061701418760256,0.0,0.0061701418760256,,,,,,64
NPL,Nepal,2010,0.0,0.0078338999279562,0.0,0.0078338999279562,,,,,,65
NPL,Nepal,2011,0.0,0.0076489297530097,0.0,0.0076489297530097,,,,,,66
NPL,Nepal,2012,0.0,0.0057322551658517,0.0,0.0057322551658517,,,,,,67
NPL,Nepal,2013,0.0,0.004958637066494,0.0,0.004958637066494,,,,,,68
NPL,Nepal,2014,0.0,0.0043466207673777,0.0,0.0043466207673777,,,,,,69
NPL,Nepal,2015,0.0,0.0033106740353512,0.0,0.0033106740353512,,,,,,70
NPL,Nepal,2016,0.0,0.00369891103745,0.0,0.00369891103745,,,,,,71
NPL,Nepal,2017,0.0,0.0045554497433397,0.0,0.0045554497433397,,,,,,72
NPL,Nepal,2018,0.0,0.0050520223337201,0.0,0.0050520223337201,,,,,,73
NPL,Nepal,2019,0.0,0.0038213736882493,0.0,0.0038213736882493,,,,,,74
NPL,Nepal,2020,0.0,0.0032349277959954,0.0,0.0032349277959954,,,,,,75
NPL,Nepal,2021,0.0,0.0060622659539092,0.0,0.0060622659539092,,,,,,76
NPL,Nepal,2022,,,,,,,,,,77
NPL,Nepal,2023,,,,,,,,,,78
NPL,Nepal,2024,,,,,,,,,,79
NPL,Nepal,2025,,,,,,,,,,80
NRU,Naoero,1960,,,,,,,,,,15
NRU,Naoero,1961,,,,,,,,,,16
NRU,Naoero,1962,,,,,,,,,,17
NRU,Naoero,1963,,,,,,,,,,18
NRU,Naoero,1964,,,,,,,,,,19
NRU,Naoero,1965,,,,,,,,,,20
NRU,Naoero,1966,,,,,,,,,,21
NRU,Naoero,1967,,,,,,,,,,22
NRU,Naoero,1968,,,,,,,,,,23
NRU,Naoero,1969,,,,,,,,,,24
NRU,Naoero,1970,,,,,,,,,,25
NRU,Naoero,1971,,,,,,,,,,26
NRU,Naoero,1972,,,,,,,,,,27
NRU,Naoero,1973,,,,,,,,,,28
NRU,Naoero,1974,,,,,,,,,,29
NRU,Naoero,1975,,,,,,,,,,30
NRU,Naoero,1976,,,,,,,,,,31
NRU,Naoero,1977,,,,,,,,,,32
NRU,Naoero,1978,,,,,,,,,,33
NRU,Naoero,1979,,,,,,,,,,34
NRU,Naoero,1980,,,,,,,,,,35
NRU,Naoero,1981,,,,,,,,,,36
NRU,Naoero,1982,,,,,,,,,,37
NRU,Naoero,1983,,,,,,,,,,38
NRU,Naoero,1984,,,,,,,,,,39
NRU,Naoero,1985,,,,,,,,,,40
NRU,Naoero,1986,,,,,,,,,,41
NRU,Naoero,1987,,,,,,,,,,42
NRU,Naoero,1988,,,,,,,,,,43
NRU,Naoero,1989,,,,,,,,,,44
NRU,Naoero,1990,,,,,,,,,,45
NRU,Naoero,1991,,,,,,,,,,46
NRU,Naoero,1992,,,,,,,,,,47
NRU,Naoero,1993,,,,,,,,,,48
NRU,Naoero,1994,,,,,,,,,,49
NRU,Naoero,1995,,,,,,,,,,50
NRU,Naoero,1996,,,,,,,,,,51
NRU,Naoero,1997,,,,,,,,,,52
NRU,Naoero,1998,,,,,,,,,,53
NRU,Naoero,1999,,,,,,,,,,54
NRU,Naoero,2000,,,,,,,,,,55
NRU,Naoero,2001,,,,,,,,,,56
NRU,Naoero,2002,,,,,,,,,,57
NRU,Naoero,2003,,,,,,,,,,58
NRU,Naoero,2004,,,,,,,,,,59
NRU,Naoero,2005,,,,,,,,,,60
NRU,Naoero,2006,,,,,,,,,,61
NRU,Naoero,2007,,,,,,,,,,62
NRU,Naoero,2008,,,,,,,,,,63
NRU,Naoero,2009,,,,,,,,,,64
NRU,Naoero,2010,,,,,,,,,,65
NRU,Naoero,2011,,,,,,,,,,66
NRU,Naoero,2012,,,,,,,,,,67
NRU,Naoero,2013,0.0,,0.0,0.0,,,,,,68
NRU,Naoero,2014,0.0,,0.0,0.0,,,,,,69
NRU,Naoero,2015,0.0,,0.0,0.0,,,,,,70
NRU,Naoero,2016,0.0,,0.0,0.0,,,,,,71
NRU,Naoero,2017,0.0,,0.0,0.0,,,,,,72
NRU,Naoero,2018,0.0,,0.0,0.0,,,,,,73
NRU,Naoero,2019,0.0,,0.0,0.0,,,,,,74
NRU,Naoero,2020,0.0,,0.0,0.0,,,,,,75
NRU,Naoero,2021,0.0,,0.0,0.0,,,,,,76
NRU,Naoero,2022,,,,,,,,,,77
NRU,Naoero,2023,,,,,,,,,,78
NRU,Naoero,2024,,,,,,,,,,79
NRU,Naoero,2025,,,,,,,,,,80
NZL,New Zealand,1960,,,,,,,,,,15
NZL,New Zealand,1961,,,,,,,,,,16
NZL,New Zealand,1962,,,,,,,,,,17
NZL,New Zealand,1963,,,,,,,,,,18
NZL,New Zealand,1964,,,,,,,,,,19
NZL,New Zealand,1965,,,,,,,,,,20
NZL,New Zealand,1966,,,,,,,,,,21
NZL,New Zealand,1967,,,,,,,,,,22
NZL,New Zealand,1968,,,,,,,,,,23
NZL,New Zealand,1969,,,,,,,,,,24
NZL,New Zealand,1970,,,,,71.81821,,,,,25
NZL,New Zealand,1971,0.0011480468796901,0.0044078965332915,0.002298696180437,0.007854639593418599,70.58341,,,,,26
NZL,New Zealand,1972,0.0043966902883498,0.004439127076121,0.0064685862964969,0.0153044036609677,71.413315,,,,,27
NZL,New Zealand,1973,0.011917421577411,0.0067126492882157,0.0089151455461964,0.0275452164118231,73.101456,,,,,28
NZL,New Zealand,1974,0.0831944819036464,0.0519651607276772,0.0437873081927048,0.1789469508240284,70.06041,,,,,29
NZL,New Zealand,1975,0.100285518600237,0.181051322109879,0.0921510902050902,0.3734879309152062,68.33859,,,,,30
NZL,New Zealand,1976,0.275955799881073,0.1788697626675,0.215317914390993,0.670143476939566,71.6814,,,,,31
NZL,New Zealand,1977,0.386925178989264,0.153484558746466,0.301504599527084,0.841914337262814,73.95652,,,,,32
NZL,New Zealand,1978,0.269346314260152,0.0939212651635544,0.269013048653246,0.6322806280769524,72.1948,,,,,33
NZL,New Zealand,1979,0.377231726500989,0.0705418197090678,0.226473492472121,0.6742470386821778,69.62205,,,,,34
NZL,New Zealand,1980,0.343456553412476,0.126018700137297,0.181890009083689,0.651365262633462,67.61657,,,,,35
NZL,New Zealand,1981,0.357009799321799,0.214182889112231,0.0887253866558758,0.6599180750899057,67.67329,14.472715,,,14.472715,36
NZL,New Zealand,1982,0.376108767022231,0.234068534759696,0.0536539427581969,0.6638312445401239,70.806915,14.632507,,,14.632507,37
NZL,New Zealand,1983,0.428301473661285,0.139843553026591,0.116551917638465,0.684696944326341,70.107285,16.226562,,,16.226562,38
NZL,New Zealand,1984,0.609034924104481,0.119095530066355,0.214608451802994,0.94273890597383,70.53097,16.750797,,,16.750797,39
NZL,New Zealand,1985,0.749820912697048,0.115534466170299,0.308269125077081,1.173624503944428,72.51776,16.014645,,,16.014645,40
NZL,New Zealand,1986,0.314820645805043,0.0520548495175689,0.462484518445445,0.8293600137680569,71.80543,16.698477,,,16.698477,41
NZL,New Zealand,1987,0.337507720653316,0.0116283113211446,0.295920548148611,0.6450565801230717,72.401146,14.524736,,,14.524736,42
NZL,New Zealand,1988,0.271055261498928,0.0203046936693782,0.239771517692074,0.5311314728603802,72.514275,16.344173,,,16.344173,43
NZL,New Zealand,1989,0.445800866432559,0.0382051188861164,0.282874952365328,0.7668809376840033,70.99089,18.53629,,,18.53629,44
NZL,New Zealand,1990,0.603822307255642,0.0387777276902437,0.363191075660817,1.0057911106067028,70.09588,17.423735,,,17.423735,45
NZL,New Zealand,1991,0.385349735576981,0.0403104817232841,0.351734092859848,0.7773943101601131,70.16586,18.279139,,,18.279139,46
NZL,New Zealand,1992,0.40879460628373,0.0347860463739671,0.413470498241587,0.8570511508992841,72.130104,20.814772,,,20.814772,47
NZL,New Zealand,1993,0.374716724926812,0.0179837783318941,0.422783529280981,0.815484032539687,70.2339,23.48876,,,23.48876,48
NZL,New Zealand,1994,0.256298823328335,0.0077108075472322,0.378063285137816,0.6420729160133831,70.645935,21.567986,,,21.567986,49
NZL,New Zealand,1995,0.208650223142853,0.02344342103635,0.321191744567059,0.553285388746262,70.68939,26.447718,,,26.447718,50
NZL,New Zealand,1996,0.319966777938508,0.0167401602660161,0.390643652760791,0.7273505909653151,72.47347,27.003557,,,27.003557,51
NZL,New Zealand,1997,0.384457081951756,0.0138341599598687,0.459082598431121,0.8573738403427457,74.45327,25.407797,,,25.407797,52
NZL,New Zealand,1998,0.169233561075115,0.0213047069092806,0.346477610957549,0.5370158789419446,71.62071,22.06673,,,22.06673,53
NZL,New Zealand,1999,0.258126851839409,0.0125625987987789,0.422735774189358,0.6934252248275459,72.74835,25.47389,,,25.47389,54
NZL,New Zealand,2000,0.520025634346264,0.027335482931185,0.772533985252861,1.31989510253031,72.242386,25.375113,,,25.375113,55
NZL,New Zealand,2001,0.333507075013648,0.0695684221761093,0.723273881016931,1.1263493782066885,74.59554,28.830246,,,28.830246,56
NZL,New Zealand,2002,0.303997253208924,0.0507879701521111,0.483237932251309,0.8380231556123441,73.60829,33.14505,,,33.14505,57
NZL,New Zealand,2003,0.200234078312301,0.0290566144094623,0.350848212212797,0.5801389049345603,73.962204,37.635036,,,37.635036,58
NZL,New Zealand,2004,0.211058993281138,0.0811835089170043,0.308753759135773,0.6009962613339153,71.782074,38.050377,,,38.050377,59
NZL,New Zealand,2005,0.278111552185467,0.103598332435624,0.262193836171953,0.643903720793044,72.26783,38.730873,,,38.730873,60
NZL,New Zealand,2006,0.278552388345492,0.12993003806763,0.245663011673657,0.654145438086779,71.477135,41.67633,,,41.67633,61
NZL,New Zealand,2007,0.506514577589481,0.0709625941558605,0.211060317270213,0.7885374890155545,70.45094,34.67267,,,34.67267,62
NZL,New Zealand,2008,1.05778347154292,0.319784688769179,0.226628534151768,1.6041966944638668,69.11381,34.73564,,,34.73564,63
NZL,New Zealand,2009,0.544779024480274,0.153723685036484,0.250322841303481,0.948825550820239,65.10418,32.31416,,,32.31416,64
NZL,New Zealand,2010,0.660975990307668,0.20750694875161,0.2438841728747,1.112367111933978,62.26069,38.578163,,,38.578163,65
NZL,New Zealand,2011,0.77791212195698,0.246103790643507,0.212996832549146,1.237012745149633,60.956524,35.60587,,,35.60587,66
NZL,New Zealand,2012,0.607739113456127,0.123873930791891,0.212958954478484,0.944571998726502,62.11085,35.329384,,,35.329384,67
NZL,New Zealand,2013,0.453082035859237,0.0670833164312877,0.203838462621952,0.7240038149124768,61.285072,33.5277,,,33.5277,68
NZL,New Zealand,2014,0.427387592230975,0.0417798979558715,0.279204464595017,0.7483719547818635,60.45773,28.696991,,,28.696991,69
NZL,New Zealand,2015,0.196512069556291,0.0230559013337265,0.318725269522909,0.5382932404129266,58.964394,23.706203,,,23.706203,70
NZL,New Zealand,2016,0.127171106470809,0.0214309623807079,0.229710795872046,0.3783128647235629,58.20255,19.881119,,,19.881119,71
NZL,New Zealand,2017,0.150386335561469,0.028685250841757,0.215964024290082,0.39503561069330795,59.422802,20.126015,,,20.126015,72
NZL,New Zealand,2018,0.174430202025453,0.0353255664680367,0.277834411287836,0.4875901797813257,58.787262,22.107552,,,22.107552,73
NZL,New Zealand,2019,0.12988820598752,0.0277129818164676,0.295210632582245,0.4528118203862326,59.674103,20.787628,,,20.787628,74
NZL,New Zealand,2020,0.0439077405671644,0.0194952178038486,0.231004223323853,0.294407181694866,56.602596,19.01345,,,19.01345,75
NZL,New Zealand,2021,0.102256581182383,0.0306624632958425,0.294661482258359,0.4275805267365845,55.485977,19.571318,,,19.571318,76
NZL,New Zealand,2022,,,,,53.281372,18.328085,,,18.328085,77
NZL,New Zealand,2023,,,,,54.928715,18.271055,,,18.271055,78
NZL,New Zealand,2024,,,,,52.443665,17.606146,,,17.606146,79
NZL,New Zealand,2025,,,,,49.536633,18.338165,,,18.338165,80
OMN,Oman,1960,,,,,,,,,,15
OMN,Oman,1961,,,,,,,,,,16
OMN,Oman,1962,,,,,,,,,,17
OMN,Oman,1963,,,,,,,,,,18
OMN,Oman,1964,,,,,,,,,,19
OMN,Oman,1965,,,,,,,,,,20
OMN,Oman,1966,,,,,,,,,,21
OMN,Oman,1967,,,,,,,32.830685,,32.830685,22
OMN,Oman,1968,,,,,,,139.19073,,139.19073,23
OMN,Oman,1969,,,,,,,188.34445,,188.34445,24
OMN,Oman,1970,43.4488291702311,,0.0,43.4488291702311,,,191.22433,,191.22433,25
OMN,Oman,1971,43.5468374447573,0.0,0.0,43.5468374447573,,,169.33722,,169.33722,26
OMN,Oman,1972,43.7574402568,0.0,0.0,43.7574402568,,,162.8705,,162.8705,27
OMN,Oman,1973,51.7768701876827,0.0,0.0,51.7768701876827,,,168.76125,,168.76125,28
OMN,Oman,1974,63.723577167643,0.0,0.0,63.723577167643,,,167.03331,,167.03331,29
OMN,Oman,1975,58.2532208951386,0.0,0.0,58.2532208951386,,,196.40813,,196.40813,30
OMN,Oman,1976,56.0736509431069,0.0,0.0,56.0736509431069,,,211.96268,,211.96268,31
OMN,Oman,1977,52.3007724748365,0.0,0.0,52.3007724748365,,,195.83217,,195.83217,32
OMN,Oman,1978,49.3783439087918,0.0,0.23498775034632,49.61333165913812,,,180.85677,3.025425,183.88219500000002,33
OMN,Oman,1979,79.2807414922271,0.0,0.458544199828265,79.73928569205536,,,169.9132,5.0895,175.00269999999998,34
OMN,Oman,1980,54.9888356030285,0.0,0.434286927638439,55.42312253066694,,,164.18195,6.460838,170.642788,35
OMN,Oman,1981,46.6170456761006,0.0,0.36229868426439,46.97934436036499,,,189.65233,7.6154,197.26773,36
OMN,Oman,1982,37.5141492944712,0.0,0.16642461298414,37.68057390745534,,,194.26013,8.3317,202.59183000000002,37
OMN,Oman,1983,41.0902547500145,0.0,0.597694624787102,41.687949374801605,,,224.78691,10.348649,235.135559,38
OMN,Oman,1984,38.8599320861153,0.0,0.442334343051872,39.302266429167176,,,241.3637,13.0065,254.37019999999998,39
OMN,Oman,1985,40.0357823978528,0.0,0.439876654080647,40.47565905193345,,,288.3003,16.559725,304.860025,40
OMN,Oman,1986,30.4656609703086,0.0,0.817997164850998,31.283658135159598,,,324.01086,19.35895,343.36981,41
OMN,Oman,1987,40.9126836626402,0.0,0.770711851931452,41.68339551457165,,,337.41425,21.686924,359.10117399999996,42
OMN,Oman,1988,33.8811369411923,0.0,0.668620482774323,34.549757423966625,,,359.7082,21.823587,381.53178699999995,43
OMN,Oman,1989,44.3572211516765,0.0,0.793328439356494,45.15054959103299,,,372.86066,22.648275,395.508935,44
OMN,Oman,1990,49.6173962343468,0.0,0.708664530666467,50.32606076501327,,,398.20364,24.476727,422.680367,45
OMN,Oman,1991,31.7780235003255,0.0,0.760529501298545,32.538553001624045,,,410.7192,24.816025,435.535225,46
OMN,Oman,1992,31.7405798958589,0.0,0.719331540260705,32.459911436119604,,,430.74744,27.12515,457.87259,47
OMN,Oman,1993,31.4612344977031,0.0,0.897222149934688,32.35845664763779,,,451.09174,26.03185,477.12359000000004,48
OMN,Oman,1994,28.7489456153524,0.0,0.979676155525534,29.728621770877936,100.0,,470.4649,27.257101,497.722001,49
OMN,Oman,1995,30.8793481244036,0.0,0.968902504651822,31.84825062905542,100.0,,497.84766,38.180676,536.028336,50
OMN,Oman,1996,36.1991174614756,0.0,0.943907685845744,37.143025147321346,100.0,,515.9607,41.281498,557.2421979999999,51
OMN,Oman,1997,32.0318310544737,0.0,1.1738087030327,33.2056397575064,100.0,,522.30286,46.955353,569.2582130000001,52
OMN,Oman,1998,22.5419118763231,0.0,1.73317242646012,24.275084302783217,100.0,,519.99896,48.755524,568.754484,53
OMN,Oman,1999,31.1434378961453,0.0,1.17793947306719,32.32137736921249,100.0,,519.83264,51.385098,571.2177379999999,54
OMN,Oman,2000,44.475781466106,0.0,1.95544231164374,46.43122377774974,100.0,,546.8981,103.21108,650.10918,55
OMN,Oman,2001,36.285347329679,0.0,3.37433221536619,39.659679545045186,100.0,,545.39197,154.2464,699.63837,56
OMN,Oman,2002,33.51317909328,0.0,3.00081952390751,36.51399861718751,100.0,,511.8564,166.441,678.2974,57
OMN,Oman,2003,33.3255110511249,0.0,2.83911460251647,36.164625653641366,100.0,,467.8142,183.3549,651.1691000000001,58
OMN,Oman,2004,36.7966643908859,0.0,2.88939866107243,39.68606305195833,100.0,,446.93564,186.57536,633.511,59
OMN,Oman,2005,42.841561539357,0.0,3.43896048338828,46.28052202274528,100.0,,441.93256,208.49399,650.42655,60
OMN,Oman,2006,40.7520000982427,0.0,3.83739990543483,44.58940000367753,99.99999,,420.76874,242.9146,663.68334,61
OMN,Oman,2007,37.7986997972135,0.0,3.56690047305781,41.365600270271315,100.0,,405.1641,246.06517,651.22927,62
OMN,Oman,2008,37.9131008037865,0.0,2.58617896745128,40.49927977123778,99.99999,,431.13528,241.36316,672.4984400000001,63
OMN,Oman,2009,30.5131215016084,0.0,3.44253307350361,33.95565457511201,100.0,,461.24155,239.1397,700.38125,64
OMN,Oman,2010,32.5688653439524,0.0,2.58478670992998,35.15365205388238,99.99999,,490.8049,256.9776,747.7825,65
OMN,Oman,2011,40.4074409203453,0.0,2.70638988975639,43.11383081010169,100.0,,502.56876,271.27878,773.84754,66
OMN,Oman,2012,37.5396768679582,0.0,2.79525403477041,40.33493090272861,100.0,,523.3463,283.2199,806.5662,67
OMN,Oman,2013,35.9895065337986,0.0,2.80564328885222,38.795149822650814,99.99962,,535.9359,307.859,843.7948999999999,68
OMN,Oman,2014,31.6791185960483,0.0,2.61536016043644,34.29447875648474,99.999626,,537.5265,293.49078,831.01728,69
OMN,Oman,2015,18.8680645519097,0.0,2.20871236883756,21.07677692074726,99.99891,,558.5997,307.4712,866.0708999999999,70
OMN,Oman,2016,16.2724873177614,0.0,1.7770747170444,18.0495620348058,99.99876,,573.547,314.77505,888.32205,71
OMN,Oman,2017,19.3050063067708,0.0,2.04633987256907,21.35134617933987,99.99557,,553.1735,323.23413,876.4076299999999,72
OMN,Oman,2018,23.7087990780384,0.0,3.3045927232868,27.0133918013252,99.995834,,556.1946,363.32648,919.52108,73
OMN,Oman,2019,21.6117797561797,0.0,3.36669233100504,24.97847208718474,99.99324,,550.4265,366.90195,917.32845,74
OMN,Oman,2020,14.994277961787,0.0,3.89069264786266,18.88497060964966,99.95572,,536.27155,369.30405,905.5756000000001,75
OMN,Oman,2021,23.5387435070386,0.0,5.67148047353265,29.21022398057125,99.79718,,544.56946,402.51956,947.0890200000001,76
OMN,Oman,2022,,,,,99.535446,,598.33356,421.11182,1019.4453800000001,77
OMN,Oman,2023,,,,,99.483116,,588.188,431.52698,1019.71498,78
OMN,Oman,2024,,,,,99.46262,,557.4839,453.20673,1010.6906299999999,79
OMN,Oman,2025,,,,,98.945595,,559.6964,456.13635,1015.83275,80
PAK,Pakistan,1960,,,,,,,,,,15
PAK,Pakistan,1961,,,,,,,,,,16
PAK,Pakistan,1962,,,,,,,,,,17
PAK,Pakistan,1963,,,,,,,,,,18
PAK,Pakistan,1964,,,,,,,,,,19
PAK,Pakistan,1965,,,,,97.181366,,,,,20
PAK,Pakistan,1966,,,,,97.20349,,,,,21
PAK,Pakistan,1967,,,,,96.99508,,,,,22
PAK,Pakistan,1968,,,,,96.807465,,,,,23
PAK,Pakistan,1969,,,,,96.63721,,,,,24
PAK,Pakistan,1970,0.324810705961588,,0.286084047244452,0.61089475320604,96.995705,,,29.103926,29.103926,25
PAK,Pakistan,1971,0.421186277575956,0.0257178191558243,0.256187583986445,0.7030916807182253,95.601074,,,26.36095,26.36095,26
PAK,Pakistan,1972,0.389610805520855,0.0319733408310946,0.223796411618444,0.6453805579703935,94.33526,,,27.9892,27.9892,27
PAK,Pakistan,1973,0.817752430933634,0.0525656005008357,0.393186468442781,1.2635044998772507,93.841194,,,31.95545,31.95545,28
PAK,Pakistan,1974,3.91098969101427,0.0753378044257144,0.366706510099092,4.353034005539076,93.85426,,,36.64815,36.64815,29
PAK,Pakistan,1975,3.73431996247341,0.13364121854475,0.43282495606401,4.30078613708217,93.20862,,,38.076,38.076,30
PAK,Pakistan,1976,3.70308522535093,0.0939434094047155,0.432364255395891,4.229392890151536,93.12765,,,38.8275,38.8275,31
PAK,Pakistan,1977,3.98283274916567,0.09692466285582,0.464722313261185,4.544479725282675,93.1879,,,42.418003,42.418003,32
PAK,Pakistan,1978,3.55833110476852,0.0707574649529701,0.287720587005888,3.9168091567273784,92.59179,,,43.587,43.587,33
PAK,Pakistan,1979,8.68153657339598,0.0727138047229611,0.238632114969691,8.992882493088633,92.97603,,,49.098003,49.098003,34
PAK,Pakistan,1980,0.608067628391009,0.0998071966659108,0.414832880392151,1.1227077054490708,93.35489,,,59.953,59.953,35
PAK,Pakistan,1981,0.445263335252003,0.129755808303983,0.0553337518960539,0.63035289545204,93.3965,8.117089,,65.3805,73.497589,36
PAK,Pakistan,1982,0.305780402172892,0.137142822366657,0.0,0.442923224539549,93.21916,9.209773,,71.309,80.518773,37
PAK,Pakistan,1983,0.37929411711431,0.0805787731268041,0.201296467417763,0.6611693576588771,92.508026,9.469937,,70.307,79.776937,38
PAK,Pakistan,1984,0.385273994950384,0.0673258569826144,0.0695721981156022,0.5221720500486006,92.60461,12.019535,,72.144,84.16353500000001,39
PAK,Pakistan,1985,0.851518487934904,0.0918914491823417,0.0745551722313354,1.017965109348581,92.6317,11.3951435,,73.647,85.04214350000001,40
PAK,Pakistan,1986,0.471893666903092,0.064461296434731,0.314974530767547,0.85132949410537,93.21273,10.666687,,78.991,89.657687,41
PAK,Pakistan,1987,0.627546251829285,0.0415602586697357,0.316268972292343,0.9853754827913637,92.39323,12.539861,,84.585495,97.125356,42
PAK,Pakistan,1988,0.445922508923439,0.0583833853643481,0.211963220932514,0.716269115220301,92.66376,14.048807,,89.67899,103.727797,43
PAK,Pakistan,1989,0.722043753242761,0.0633928427846024,0.425579591293374,1.2110161873207375,93.10236,14.152872,,95.6075,109.760372,44
PAK,Pakistan,1990,1.21484685318654,0.0764821321664448,0.509832489039669,1.8011614743926538,93.25441,14.6732,,102.1205,116.7937,45
PAK,Pakistan,1991,0.604785838863681,0.0720894577662194,0.355867740506191,1.0327430371360915,93.21001,14.725231,,110.303505,125.02873600000001,46
PAK,Pakistan,1992,0.566738014880155,0.0610634531222653,0.369116333039283,0.9969178010417032,92.82015,15.505721,,108.215996,123.721717,47
PAK,Pakistan,1993,0.438293443851917,0.0445875717742327,0.37357897201113,0.8564599876372797,93.05315,16.390276,,124.582,140.972276,48
PAK,Pakistan,1994,0.405537823495565,0.0420669732210625,0.462961152344449,0.9105659490610765,93.290085,15.713851,,127.0035,142.717351,49
PAK,Pakistan,1995,0.43607956088188,0.0694993763065574,0.488320152686289,0.9938990898747264,93.35811,16.49434,,130.26,146.75433999999998,50
PAK,Pakistan,1996,0.521201638149299,0.0584266353715166,0.539939108577813,1.1195673820986287,93.369965,18.003286,,141.5325,159.535786,51
PAK,Pakistan,1997,0.477123800065846,0.0449434789796401,0.516996203835465,1.039063482880951,94.87877,16.338243,,141.115,157.45324300000001,52
PAK,Pakistan,1998,0.235044426782297,0.0412898239187601,0.590611201508659,0.8669454522097161,93.77997,17.27483,,148.62999,165.90482,53
PAK,Pakistan,1999,0.410262653806964,0.0288989098158679,0.822703961461551,1.2618655250843829,94.96219,17.222797,,169.50499,186.72778699999998,54
PAK,Pakistan,2000,0.57523060801743,0.0294023180237195,1.06406108831938,1.6686940143605296,94.83065,16.806536,,179.525,196.331536,55
PAK,Pakistan,2001,0.499846315824726,0.0517410438117924,1.10586200793431,1.6574493675708284,94.0749,16.962635,,189.545,206.507635,56
PAK,Pakistan,2002,0.55283472801061,0.035974556751227,1.38103962241738,1.969848907179217,93.8818,18.159386,,205.4935,223.65288600000002,57
PAK,Pakistan,2003,0.522591846064124,0.035765161747124,1.42372959467998,1.9820866024912278,93.398056,17.373692,,255.5038,272.877492,58
PAK,Pakistan,2004,0.661270328742457,0.105631310798181,1.53358885408368,2.300490493624318,93.54503,17.659872,,306.76593,324.42580200000003,59
PAK,Pakistan,2005,0.913653665209943,0.0834562245990744,1.74837050193472,2.7454803917437376,93.43588,18.143774,,326.10187,344.245644,60
PAK,Pakistan,2006,0.883595451345289,0.0633889914136207,1.58009187746378,2.52707632022269,93.92748,20.841667,,333.1948,354.036467,61
PAK,Pakistan,2007,0.947147229187945,0.0899951154742049,0.910234348934176,1.947376693596326,94.134964,19.218248,,338.00253,357.220778,62
PAK,Pakistan,2008,1.0846584932923,0.156190732694083,0.816351312264696,2.057200538251079,95.127556,20.695974,,346.0761,366.772074,63
PAK,Pakistan,2009,0.525570260608523,0.0671108211230262,1.02766760910678,1.620348690838329,94.751144,18.260847,,347.0167,365.277547,64
PAK,Pakistan,2010,0.72864364053068,0.0949511696372946,1.06533599428264,1.8889308044506143,94.619484,17.519382,,353.48395,371.003332,65
PAK,Pakistan,2011,1.01863575475154,0.0978910040824315,1.15135968525352,2.267886444087491,93.927925,16.790926,,353.39645,370.18737600000003,66
PAK,Pakistan,2012,1.0633112529615,0.0601665816498387,1.16061935619345,2.284097190804789,93.783455,15.817917,,365.97232,381.79023700000005,67
PAK,Pakistan,2013,1.06026413011729,0.0535736323775322,0.810320846360073,1.9241586088548952,93.8116,15.539542,,355.85727,371.396812,68
PAK,Pakistan,2014,0.93400190583338,0.0475600073916129,0.804257582672484,1.785819495897477,93.56881,17.600035,,349.86688,367.466915,69
PAK,Pakistan,2015,0.333804259360431,0.0392103536960419,0.640277340950594,1.0132919540070668,93.922104,17.300846,,350.47568,367.776526,70
PAK,Pakistan,2016,0.187153081394228,0.0371350757558438,0.529799379684657,0.7540875368347287,93.61354,21.32817,,346.78687,368.11504,71
PAK,Pakistan,2017,0.300559741011292,0.0463691812512946,0.578433998743213,0.9253629210057996,93.264366,21.702806,,346.51498,368.217786,72
PAK,Pakistan,2018,0.443490416507805,0.0721555292760785,0.592895257258281,1.1085412030421646,92.98449,22.816166,,342.00107,364.81723600000004,73
PAK,Pakistan,2019,0.358191529536938,0.0786917241446841,0.705622138819343,1.1425053925009652,92.171394,36.696053,,326.9343,363.630353,74
PAK,Pakistan,2020,0.159470063577414,0.0707443480836731,0.715021946350587,0.945236358011674,91.34693,48.35542,,305.88312,354.23854,75
PAK,Pakistan,2021,0.380197434318265,0.121668638591279,0.736337565284813,1.2382036381943569,90.45082,52.174145,,326.6143,378.788445,76
PAK,Pakistan,2022,,,,,87.398636,52.629482,,286.28293,338.912412,77
PAK,Pakistan,2023,,,,,85.45645,101.89189,,277.03018,378.92206999999996,78
PAK,Pakistan,2024,,,,,84.36472,93.75601,,260.8878,354.64381000000003,79
PAK,Pakistan,2025,,,,,82.43932,94.84139,,249.421,344.26239,80
PAN,Panama,1960,,,,,,,,,,15
PAN,Panama,1961,,,,,,,,,,16
PAN,Panama,1962,,,,,,,,,,17
PAN,Panama,1963,,,,,,,,,,18
PAN,Panama,1964,,,,,,,,,,19
PAN,Panama,1965,,,,,,,,,,20
PAN,Panama,1966,,,,,,,,,,21
PAN,Panama,1967,,,,,,,,,,22
PAN,Panama,1968,,,,,,,,,,23
PAN,Panama,1969,,,,,,,,,,24
PAN,Panama,1970,,,,,,,,,,25
PAN,Panama,1971,0.0,0.0,0.0,0.0,,,,,,26
PAN,Panama,1972,0.0,0.0,0.0,0.0,,,,,,27
PAN,Panama,1973,0.0,0.0,0.0,0.0,,,,,,28
PAN,Panama,1974,0.0,0.0,0.0,0.0,,,,,,29
PAN,Panama,1975,0.0,0.0,0.0,0.0,,,,,,30
PAN,Panama,1976,0.0,0.0,0.0,0.0,,,,,,31
PAN,Panama,1977,0.0,0.0,0.0,0.0,,,,,,32
PAN,Panama,1978,0.0,0.0,0.0,0.0,,,,,,33
PAN,Panama,1979,0.0,0.0,0.0,0.0,,,,,,34
PAN,Panama,1980,0.0,0.0,0.0,0.0,,,,,,35
PAN,Panama,1981,0.0,0.0,0.0,0.0,,,,,,36
PAN,Panama,1982,0.0,0.0,0.0,0.0,,,,,,37
PAN,Panama,1983,0.0,0.0,0.0,0.0,,,,,,38
PAN,Panama,1984,0.0,0.0,0.0,0.0,,,,,,39
PAN,Panama,1985,0.0,0.0,0.0,0.0,,,,,,40
PAN,Panama,1986,0.0,0.0,0.0,0.0,,,,,,41
PAN,Panama,1987,0.0,0.0,0.0,0.0,,,,,,42
PAN,Panama,1988,0.0,0.0,0.0,0.0,,,,,,43
PAN,Panama,1989,0.0,0.0,0.0,0.0,,,,,,44
PAN,Panama,1990,0.0,0.0,0.0,0.0,,,,,,45
PAN,Panama,1991,0.0,0.0,0.0,0.0,,,,,,46
PAN,Panama,1992,0.0,0.0,0.0,0.0,,,,,,47
PAN,Panama,1993,0.0,0.0,0.0,0.0,,,,,,48
PAN,Panama,1994,0.0,0.0,0.0,0.0,,,,,,49
PAN,Panama,1995,0.0,0.0,0.0,0.0,,,,,,50
PAN,Panama,1996,0.0,0.0,0.0,0.0,,,,,,51
PAN,Panama,1997,0.0,0.0,0.0,0.0,,,,,,52
PAN,Panama,1998,0.0,0.0,0.0,0.0,,,,,,53
PAN,Panama,1999,0.0,0.0,0.0,0.0,,,,,,54
PAN,Panama,2000,0.0,0.0,0.0,0.0,,,,,,55
PAN,Panama,2001,0.0,0.0,0.0,0.0,,,,,,56
PAN,Panama,2002,0.0,0.0,0.0,0.0,,,,,,57
PAN,Panama,2003,0.0,0.0,0.0,0.0,,,,,,58
PAN,Panama,2004,0.0,0.0,0.0,0.0,,,,,,59
PAN,Panama,2005,0.0,0.0,0.0,0.0,,,,,,60
PAN,Panama,2006,0.0,0.0,0.0,0.0,,,,,,61
PAN,Panama,2007,0.0,0.0,0.0,0.0,,,,,,62
PAN,Panama,2008,0.0,0.0,0.0,0.0,,,,,,63
PAN,Panama,2009,0.0,0.0,0.0,0.0,,,,,,64
PAN,Panama,2010,0.0,0.0,0.0,0.0,,,,,,65
PAN,Panama,2011,0.0,0.0,0.0,0.0,,,,,,66
PAN,Panama,2012,0.0,0.0,0.0,0.0,,,,,,67
PAN,Panama,2013,0.0148663619351819,0.0,0.0,0.0148663619351819,,,,,,68
PAN,Panama,2014,0.0277938429371604,0.0,0.0,0.0277938429371604,,,,,,69
PAN,Panama,2015,0.00371461934835,0.0,0.0,0.00371461934835,,,,,,70
PAN,Panama,2016,0.0045778550895998,0.0,0.0,0.0045778550895998,,,,,,71
PAN,Panama,2017,0.0,0.0,0.0,0.0,,,,,,72
PAN,Panama,2018,0.0,0.0,0.0,0.0,,,,,,73
PAN,Panama,2019,0.0,0.0,0.0,0.0,,,,,,74
PAN,Panama,2020,0.0,0.0,0.0,0.0,,,,,,75
PAN,Panama,2021,0.0,0.0,0.0,0.0,,,,,,76
PAN,Panama,2022,,,,,,,,,,77
PAN,Panama,2023,,,,,,,,,,78
PAN,Panama,2024,,,,,,,,,,79
PAN,Panama,2025,,,,,,,,,,80
PER,Peru,1960,,,,,,,,,,15
PER,Peru,1961,,,,,,,,,,16
PER,Peru,1962,,,,,,,,,,17
PER,Peru,1963,,,,,,,,,,18
PER,Peru,1964,,,,,,,,,,19
PER,Peru,1965,,,,,94.73627,,39.47414,,39.47414,20
PER,Peru,1966,,,,,95.41163,,39.47414,,39.47414,21
PER,Peru,1967,,,,,94.90417,,44.33245,,44.33245,22
PER,Peru,1968,,,,,94.60124,,46.28077,,46.28077,23
PER,Peru,1969,,,,,94.11582,,44.93974,,44.93974,24
PER,Peru,1970,0.150304432391528,,0.0006427515360197,0.1509471839275477,94.59492,,44.923103,3.975125,48.898227999999996,25
PER,Peru,1971,0.189000016187519,0.0,0.0011383503082174,0.1901383664957364,92.61961,,38.37081,4.7451253,43.1159353,26
PER,Peru,1972,0.207514874595296,0.0,0.0013260885265692,0.2088409631218652,91.35092,,40.13162,4.56225,44.69387,27
PER,Peru,1973,0.338910086839485,2.28332924737211e-05,0.0013248827537368,0.3402578028856955,91.91672,,43.66005,4.466,48.12605,28
PER,Peru,1974,1.64923657903746,0.00071013099901,0.0094897412436146,1.6594364512800845,92.318146,,47.611588,4.60075,52.212337999999995,29
PER,Peru,1975,1.21962834802737,0.0016059176636695,0.017799056417098,1.2390333221081375,92.43526,,44.170933,5.6787496,49.849682599999994,30
PER,Peru,1976,1.47549087952018,0.0014933346198636,0.0224965714119768,1.4994807855520202,92.23481,,46.95398,6.16,53.11398,31
PER,Peru,1977,1.63447304759415,0.0021614568942544,0.0022099065112185,1.638844410999623,92.0004,,55.780968,6.116688,61.897656,32
PER,Peru,1978,3.45075495157518,0.0019934112348801,0.0074335909950079,3.4601819538050678,91.849754,,92.051926,6.391,98.442926,33
PER,Peru,1979,8.86881875190456,0.0015440166077947,0.0479367194060331,8.918299487918388,91.69538,,116.81149,5.90975,122.72124000000001,34
PER,Peru,1980,9.91195166574628,0.0037356975985625,0.133330907712036,10.049018271056879,92.19534,,119.1476,6.3525,125.5001,35
PER,Peru,1981,6.82024918127284,0.0127342997380734,0.0833635366521819,6.916347017663095,91.489075,,117.6083,7.2957497,124.9040497,36
PER,Peru,1982,4.13444340824906,0.010472345773119,0.0164195247777956,4.1613352787999744,90.83793,,118.88222,7.6566873,126.5389073,37
PER,Peru,1983,6.2465288224448,0.0082125027550292,0.112035743733411,6.36677706893324,89.706795,,103.91183,5.0435,108.95532999999999,38
PER,Peru,1984,6.57960174250341,0.0061363578323134,0.123245675912431,6.708983776248155,89.53078,,112.52271,6.8145003,119.33721030000001,39
PER,Peru,1985,6.71602531992587,0.0101802810502172,0.130806971951338,6.857012572927425,88.24771,,114.873924,5.313,120.186924,40
PER,Peru,1986,2.94682987318263,0.0056779188796962,0.12406302837034,3.076570820432666,88.40318,,108.23962,5.6354375,113.8750575,41
PER,Peru,1987,3.1906968263384,0.0,0.0650634926498974,3.255760318988297,88.63313,,99.80384,5.60175,105.40558999999999,42
PER,Peru,1988,2.76589592812373,0.001634040920088,0.0717714917859841,2.8393014608298017,88.8035,,86.47234,5.284125,91.756465,43
PER,Peru,1989,2.65765930840085,0.0030572676878363,0.0560116823328013,2.7167282584214876,87.471115,,79.61581,4.4804378,84.0962478,44
PER,Peru,1990,3.13283320915742,0.0022816254593047,0.0282259554538611,3.163340790070586,87.42172,,78.70604,4.2879376,82.99397760000001,45
PER,Peru,1991,1.17448848618291,0.0009579620993168,0.0170001791952997,1.1924466274775263,85.77798,,70.13512,4.02325,74.15837,46
PER,Peru,1992,1.2179342533227,0.0007588731051515,0.0141706816635769,1.2328638080914285,88.03865,,70.800804,3.628625,74.429429,47
PER,Peru,1993,1.30479276893617,0.0,0.0343792790208076,1.3391720479569775,86.49986,,77.11245,3.821125,80.93357499999999,48
PER,Peru,1994,0.994850062611212,0.0,0.0235705341051369,1.0184205967163489,86.60387,,77.73754,3.98475,81.72229,49
PER,Peru,1995,0.921671598814834,0.0002880987856721,0.0163479111443391,0.9383076087448452,87.62005,,74.36916,3.859625,78.22878499999999,50
PER,Peru,1996,1.11407545596255,1.63561303760724e-05,0.0170270415573997,1.1311188536503258,87.66024,,73.482025,3.917375,77.39939999999999,51
PER,Peru,1997,0.909550276779091,0.0,0.0039786832517811,0.913528960030872,87.43427,,72.595474,2.319625,74.915099,52
PER,Peru,1998,0.50318964076563,0.0,0.0054704571321185,0.5086600978977485,87.32981,,70.12506,3.936625,74.06168500000001,53
PER,Peru,1999,0.885131390279513,0.0,0.0087907266811201,0.8939221169606332,86.89275,,64.13437,3.955875,68.09024500000001,54
PER,Peru,2000,1.47089124400805,0.0,0.0128404214528288,1.4837316654608788,85.60138,,60.022717,3.3254375,63.3481545,55
PER,Peru,2001,1.05261095605344,6.58831227251724e-05,0.0136618526548523,1.0663386918310174,83.8179,,58.586086,3.56125,62.147336,56
PER,Peru,2002,1.02180114719449,0.0,0.0120529488613556,1.0338540960558456,83.66133,,56.960037,4.25425,61.214287,57
PER,Peru,2003,1.07774091532319,7.11286015901435e-09,0.0101218305766864,1.0878627530127365,82.82805,,55.029415,5.033875,60.06329,58
PER,Peru,2004,1.06753835340617,0.0007909968179411,0.014819540128034,1.0831488903521451,85.44441,,54.542706,8.2775,62.820206,59
PER,Peru,2005,1.34041583277284,0.0008136967914133,0.0455535327521676,1.386783062316421,85.31888,,61.89305,14.599701,76.492751,60
PER,Peru,2006,1.43686129313732,0.0019567827661501,0.0620325376535218,1.500850613556992,83.33573,,64.431206,17.086443,81.517649,61
PER,Peru,2007,1.30152657637918,0.0033417427074192,0.0969856042215098,1.4018539233081089,84.94711,,63.79315,25.751993,89.545143,62
PER,Peru,2008,1.51772504698259,0.0098841808858724,0.125348633260744,1.6529578611292066,86.53851,,66.30551,34.97944,101.28495,63
PER,Peru,2009,0.697970782680752,0.005612741238721,0.130444390715236,0.8340279146347089,85.76917,,80.166306,35.857998,116.024304,64
PER,Peru,2010,0.792083877152532,0.0028732169644857,0.157433236068114,0.9523903301851318,87.15156,,84.63671,73.14946,157.78617,65
PER,Peru,2011,1.03123460325427,0.0064344876650262,0.47607012128038,1.5137392121996762,87.639244,,81.03579,114.80541,195.84120000000001,66
PER,Peru,2012,0.846764293465381,0.0046981160269931,0.468935749806255,1.3203981592986291,87.203575,,79.84143,119.58075,199.42218,67
PER,Peru,2013,0.697556616786882,0.0032585113220827,0.504613783048346,1.2054289111573107,86.80686,,85.06722,123.99126,209.05848,68
PER,Peru,2014,0.701848750280175,0.0027646917333029,0.482495638298715,1.1871090803121929,86.73794,,87.706795,131.27231,218.979105,69
PER,Peru,2015,0.235255947792189,0.0026210095524561,0.252767387549924,0.4906443448945691,86.803345,,76.006836,126.56717,202.574006,70
PER,Peru,2016,0.125482139363681,0.0030118798222283,0.119359528240305,0.2478535474262143,87.927765,,68.0217,140.18434,208.20603999999997,71
PER,Peru,2017,0.183583190148902,0.0041301663539903,0.134357001744173,0.3220703582470653,85.60976,,66.214775,130.10747,196.322245,72
PER,Peru,2018,0.309747444730138,0.0032389838632573,0.297824249758661,0.6108106783520564,85.134125,,68.12629,128.11485,196.24113999999997,73
PER,Peru,2019,0.262076250939903,0.0019775148331628,0.325180505319842,0.5892342710929077,85.245415,,71.00466,134.95792,205.96258,74
PER,Peru,2020,0.104811146749273,0.0012495015521715,0.178951972137191,0.2850126204386355,83.25641,,60.470203,132.06778,192.537983,75
PER,Peru,2021,0.249104440244954,0.0024927182730362,0.258002993482149,0.5096001520001392,84.73111,,59.597992,124.34072,183.938712,76
PER,Peru,2022,,,,,86.06953,,59.541912,149.55145,209.09336199999998,77
PER,Peru,2023,,,,,86.244,,56.526627,154.24945,210.776077,78
PER,Peru,2024,,,,,85.6556,,56.896248,159.60516,216.50140800000003,79
PER,Peru,2025,,,,,84.818985,,58.04462,154.64174,212.68636,80
PHL,Philippines,1960,,,,,,,,,,15
PHL,Philippines,1961,,,,,,,,,,16
PHL,Philippines,1962,,,,,,,,,,17
PHL,Philippines,1963,,,,,,,,,,18
PHL,Philippines,1964,,,,,,,,,,19
PHL,Philippines,1965,,,,,,,,,,20
PHL,Philippines,1966,,,,,,,,,,21
PHL,Philippines,1967,,,,,,,,,,22
PHL,Philippines,1968,,,,,,,,,,23
PHL,Philippines,1969,,,,,,,,,,24
PHL,Philippines,1970,,,,,,,,,,25
PHL,Philippines,1971,0.0,0.0001011294387139,0.0,0.0001011294387139,,,,,,26
PHL,Philippines,1972,0.0,0.0001176315415822,0.0,0.0001176315415822,,,,,,27
PHL,Philippines,1973,0.0,0.0001725126719724,0.0,0.0001725126719724,,,,,,28
PHL,Philippines,1974,0.0,0.0009611100148849,0.0,0.0009611100148849,,,,,,29
PHL,Philippines,1975,0.0,0.0060219967169326,0.0,0.0060219967169326,,,,,,30
PHL,Philippines,1976,0.0,0.0061023775437763,0.0,0.0061023775437763,,,,,,31
PHL,Philippines,1977,0.0,0.012807191499746,0.0,0.012807191499746,,,,,,32
PHL,Philippines,1978,0.0,0.0081316527522545,0.0,0.0081316527522545,,,,,,33
PHL,Philippines,1979,0.687768091805142,0.0067083660088738,0.0,0.6944764578140158,,,,,,34
PHL,Philippines,1980,0.298025563754551,0.012272114128146,0.0,0.310297677882697,,,,,,35
PHL,Philippines,1981,0.114392800953084,0.0200291123084291,0.0,0.1344219132615131,,,,,,36
PHL,Philippines,1982,0.141007790266949,0.034373427081841,0.0,0.17538121734879,,,,,,37
PHL,Philippines,1983,0.251796754055236,0.0358679514752278,0.0,0.2876647055304638,,,,,,38
PHL,Philippines,1984,0.2120950352319,0.031485434832471,0.0,0.243580470064371,,,,,,39
PHL,Philippines,1985,0.145385262325631,0.041602247981902,0.0,0.18698751030753302,,,,,,40
PHL,Philippines,1986,0.0831561089283709,0.0227739169245668,0.0,0.1059300258529377,,,,,,41
PHL,Philippines,1987,0.0683466246918075,0.0048559372858754,0.0,0.07320256197768289,,,,,,42
PHL,Philippines,1988,0.0486124862888635,0.0124492147174172,0.0,0.0610617010062807,,,,,,43
PHL,Philippines,1989,0.056637308911101,0.0160296774826108,0.0,0.0726669863937118,,,,,,44
PHL,Philippines,1990,0.0673842755889314,0.0164235262366575,0.0,0.08380780182558889,,,,,,45
PHL,Philippines,1991,0.0236527180965635,0.0153479087998934,0.0,0.0390006268964569,,,,,,46
PHL,Philippines,1992,0.0655855357701965,0.0114830159074041,0.0,0.0770685516776006,,,,,,47
PHL,Philippines,1993,0.0634476756612458,0.003856902212811,0.0,0.0673045778740568,,,,,,48
PHL,Philippines,1994,0.0229908401686568,0.0030908945429755,0.0003199905505493,0.026401725262181597,73.446495,,,,,49
PHL,Philippines,1995,0.0122620602147757,0.009089054974437,0.0002779402958468,0.0216290554850595,76.71248,,,,,50
PHL,Philippines,1996,0.0047987924871754,0.0041790834456228,0.0004896933925065,0.0094675693253047,76.66104,,,,,51
PHL,Philippines,1997,0.0037034398862424,0.002262580492098,0.0003109293193281,0.0062769496976685,77.07798,,,,,52
PHL,Philippines,1998,0.002146031953046,0.0056060167417287,0.0004825820771037,0.008234630771878401,73.38809,,,,,53
PHL,Philippines,1999,0.0037479554737241,0.0024675343580373,0.000355184812512,0.0065706746442734006,68.88989,,,,,54
PHL,Philippines,2000,0.0104038241654931,0.0075243014100572,0.0008407411030208,0.018768866678571097,66.98131,,,,,55
PHL,Philippines,2001,0.0144915389746712,0.0160221222310816,0.0107019940170264,0.0412156552227792,69.19801,,,,,56
PHL,Philippines,2002,0.0953215148068828,0.0108959226384649,0.109402120912428,0.2156195583577757,69.80685,,,,,57
PHL,Philippines,2003,0.0995952840686412,0.0115711742241458,0.203637427054306,0.314803885347093,71.15586,,,,,58
PHL,Philippines,2004,0.120921357203037,0.067532240818793,0.198664386952604,0.38711798497443395,70.48589,,,,,59
PHL,Philippines,2005,0.208173196873912,0.0477348222671089,0.234305446036162,0.4902134651771829,71.3853,,,,,60
PHL,Philippines,2006,0.189561366939243,0.0337449921646886,0.164000003440187,0.3873063625441186,68.40629,,,,,61
PHL,Philippines,2007,0.175523561601761,0.0645624841882037,0.154454254234892,0.39454030002485674,70.349014,,,,,62
PHL,Philippines,2008,0.237100244347381,0.144234555171899,0.154156135874608,0.535490935393888,69.548,,,,,63
PHL,Philippines,2009,0.157110268663192,0.0692845741543917,0.154336054863015,0.3807308976805987,70.49336,,,,,64
PHL,Philippines,2010,0.174056441360051,0.141497292534211,0.135702232896107,0.451255966790369,72.59943,,,,,65
PHL,Philippines,2011,0.225427511195249,0.168097504910434,0.144806874906116,0.538331891011799,72.25925,,,,,66
PHL,Philippines,2012,0.158243887624787,0.089523293632695,0.119117794440186,0.366884975697668,72.02631,,,,,67
PHL,Philippines,2013,0.131161173186058,0.0552783685574472,0.0990805691189983,0.2855201108625035,74.7836,,,,,68
PHL,Philippines,2014,0.135190051391655,0.0464954919979855,0.131768950998499,0.3134544943881395,74.81661,,,,,69
PHL,Philippines,2015,0.0435510310012169,0.0279728252969464,0.13169808513133,0.2032219414294933,75.31208,,,,,70
PHL,Philippines,2016,0.0331707917845771,0.0459804255789144,0.10602405844169,0.1851752758051815,76.67239,,,,,71
PHL,Philippines,2017,0.0417218027567957,0.063378916996683,0.105639145946104,0.2107398656995827,79.053505,,,,,72
PHL,Philippines,2018,0.0571201423493892,0.0696404953218149,0.166364708759932,0.2931253464311361,79.28533,,,,,73
PHL,Philippines,2019,0.0343292239111028,0.0549027596736656,0.153193275613716,0.2424252591984844,79.79605,,,,,74
PHL,Philippines,2020,0.0120548345049257,0.0455449547968138,0.115070223869134,0.1726700131708735,78.04228,,,,,75
PHL,Philippines,2021,0.0341868982411901,0.0944068332804607,0.156099110143511,0.28469284166516184,79.5911,,,,,76
PHL,Philippines,2022,,,,,79.72407,,,,,77
PHL,Philippines,2023,,,,,80.85605,,,,,78
PHL,Philippines,2024,,,,,81.45409,,,,,79
PHL,Philippines,2025,,,,,80.8692,,,,,80
PLW,Palau,1960,,,,,,,,,,15
PLW,Palau,1961,,,,,,,,,,16
PLW,Palau,1962,,,,,,,,,,17
PLW,Palau,1963,,,,,,,,,,18
PLW,Palau,1964,,,,,,,,,,19
PLW,Palau,1965,,,,,,,,,,20
PLW,Palau,1966,,,,,,,,,,21
PLW,Palau,1967,,,,,,,,,,22
PLW,Palau,1968,,,,,,,,,,23
PLW,Palau,1969,,,,,,,,,,24
PLW,Palau,1970,,,,,,,,,,25
PLW,Palau,1971,,,,,,,,,,26
PLW,Palau,1972,,,,,,,,,,27
PLW,Palau,1973,,,,,,,,,,28
PLW,Palau,1974,,,,,,,,,,29
PLW,Palau,1975,,,,,,,,,,30
PLW,Palau,1976,,,,,,,,,,31
PLW,Palau,1977,,,,,,,,,,32
PLW,Palau,1978,,,,,,,,,,33
PLW,Palau,1979,,,,,,,,,,34
PLW,Palau,1980,,,,,,,,,,35
PLW,Palau,1981,,,,,,,,,,36
PLW,Palau,1982,,,,,,,,,,37
PLW,Palau,1983,,,,,,,,,,38
PLW,Palau,1984,,,,,,,,,,39
PLW,Palau,1985,,,,,,,,,,40
PLW,Palau,1986,,,,,,,,,,41
PLW,Palau,1987,,,,,,,,,,42
PLW,Palau,1988,,,,,,,,,,43
PLW,Palau,1989,,,,,,,,,,44
PLW,Palau,1990,,,,,,,,,,45
PLW,Palau,1991,,,,,,,,,,46
PLW,Palau,1992,,,,,,,,,,47
PLW,Palau,1993,,,,,,,,,,48
PLW,Palau,1994,,,,,,,,,,49
PLW,Palau,1995,,,,,,,,,,50
PLW,Palau,1996,,,,,,,,,,51
PLW,Palau,1997,,,,,,,,,,52
PLW,Palau,1998,,,,,,,,,,53
PLW,Palau,1999,,,,,,,,,,54
PLW,Palau,2000,,,,,,,,,,55
PLW,Palau,2001,,,,,,,,,,56
PLW,Palau,2002,,,,,,,,,,57
PLW,Palau,2003,,,,,,,,,,58
PLW,Palau,2004,,,,,,,,,,59
PLW,Palau,2005,,,,,,,,,,60
PLW,Palau,2006,,,,,,,,,,61
PLW,Palau,2007,,,,,,,,,,62
PLW,Palau,2008,,,,,,,,,,63
PLW,Palau,2009,,,,,,,,,,64
PLW,Palau,2010,,,,,,,,,,65
PLW,Palau,2011,,,,,,,,,,66
PLW,Palau,2012,,,,,,,,,,67
PLW,Palau,2013,,,,,,,,,,68
PLW,Palau,2014,,,,,,,,,,69
PLW,Palau,2015,,,,,,,,,,70
PLW,Palau,2016,,,,,,,,,,71
PLW,Palau,2017,,,,,,,,,,72
PLW,Palau,2018,,,,,,,,,,73
PLW,Palau,2019,,,,,,,,,,74
PLW,Palau,2020,,,,,,,,,,75
PLW,Palau,2021,,,,,,,,,,76
PLW,Palau,2022,,,,,,,,,,77
PLW,Palau,2023,,,,,,,,,,78
PLW,Palau,2024,,,,,,,,,,79
PLW,Palau,2025,,,,,,,,,,80
PNG,Papua New Guinea,1960,,,,,,,,,,15
PNG,Papua New Guinea,1961,,,,,,,,,,16
PNG,Papua New Guinea,1962,,,,,,,,,,17
PNG,Papua New Guinea,1963,,,,,,,,,,18
PNG,Papua New Guinea,1964,,,,,,,,,,19
PNG,Papua New Guinea,1965,,,,,,,,,,20
PNG,Papua New Guinea,1966,,,,,,,,,,21
PNG,Papua New Guinea,1967,,,,,,,,,,22
PNG,Papua New Guinea,1968,,,,,,,,,,23
PNG,Papua New Guinea,1969,,,,,,,,,,24
PNG,Papua New Guinea,1970,,,,,,,,,,25
PNG,Papua New Guinea,1971,,,,,,,,,,26
PNG,Papua New Guinea,1972,,,,,,,,,,27
PNG,Papua New Guinea,1973,,,,,,,,,,28
PNG,Papua New Guinea,1974,,,,,,,,,,29
PNG,Papua New Guinea,1975,,,,,,,,,,30
PNG,Papua New Guinea,1976,,,,,,,,,,31
PNG,Papua New Guinea,1977,,,,,,,,,,32
PNG,Papua New Guinea,1978,,,,,,,,,,33
PNG,Papua New Guinea,1979,,,,,,,,,,34
PNG,Papua New Guinea,1980,0.0,0.0,0.0,0.0,,,,,,35
PNG,Papua New Guinea,1981,0.0,0.0,0.0,0.0,,,,,,36
PNG,Papua New Guinea,1982,0.0,0.0,0.0,0.0,,,,,,37
PNG,Papua New Guinea,1983,0.0,0.0,0.0,0.0,,,,,,38
PNG,Papua New Guinea,1984,0.0,0.0,0.0,0.0,,,,,,39
PNG,Papua New Guinea,1985,0.0,0.0,0.0,0.0,,,,,,40
PNG,Papua New Guinea,1986,0.0,0.0,0.0,0.0,,,,,,41
PNG,Papua New Guinea,1987,0.0,0.0,0.0,0.0,,,,,,42
PNG,Papua New Guinea,1988,0.0,0.0,0.0,0.0,,,,,,43
PNG,Papua New Guinea,1989,0.0,0.0,0.0,0.0,,,,,,44
PNG,Papua New Guinea,1990,,0.0,0.0859585575691142,0.0859585575691142,,,,,,45
PNG,Papua New Guinea,1991,0.0029648899814909,0.0,0.0611671871071438,0.06413207708863469,,,,,,46
PNG,Papua New Guinea,1992,5.38860442050228,0.0,0.0571055310042285,5.445709951506508,,,,,,47
PNG,Papua New Guinea,1993,10.9428432938506,0.0,0.0610081727895186,11.00385146664012,,,,,,48
PNG,Papua New Guinea,1994,8.08616038106637,0.0,0.0675842186367791,8.153744599703149,,,,,,49
PNG,Papua New Guinea,1995,8.581281596906,0.0,0.0960955847491219,8.677377181655123,,,,,,50
PNG,Papua New Guinea,1996,10.3285381227809,0.0,0.142366093181278,10.470904215962179,,,,,,51
PNG,Papua New Guinea,1997,6.63547270216546,0.0,0.131282218642344,6.766754920807804,,,,,,52
PNG,Papua New Guinea,1998,4.33852138425411,0.0,0.14288503154503,4.481406415799141,,,,,,53
PNG,Papua New Guinea,1999,9.35013445235168,0.0,0.151746045571037,9.501880497922718,,,,,,54
PNG,Papua New Guinea,2000,15.1343158261002,0.0,0.245727169392993,15.380042995493193,,,,,,55
PNG,Papua New Guinea,2001,10.0494445711599,0.0,0.309445269409677,10.358889840569576,,,,,,56
PNG,Papua New Guinea,2002,8.30071007566483,0.0,0.276285278534893,8.576995354199722,,,,,,57
PNG,Papua New Guinea,2003,8.5315713263891,0.0,0.2712926589633,8.802863985352401,,,,,,58
PNG,Papua New Guinea,2004,9.98265210787866,0.0,0.259537194188596,10.242189302067256,,,,,,59
PNG,Papua New Guinea,2005,13.5759956853375,0.0,0.246725853729445,13.822721539066944,,,,,,60
PNG,Papua New Guinea,2006,9.32165114223731,0.0,0.120639617794781,9.44229076003209,,,,,,61
PNG,Papua New Guinea,2007,8.10660630103675,0.0,0.0947961865374602,8.20140248757421,,,,,,62
PNG,Papua New Guinea,2008,8.52783686957129,0.0,0.0955224826288264,8.623359352200117,,,,,,63
PNG,Papua New Guinea,2009,4.00467749044639,0.0,0.0949891028567753,4.099666593303166,,,,,,64
PNG,Papua New Guinea,2010,4.61457234233034,0.0,0.082654095456029,4.697226437786369,,,,,,65
PNG,Papua New Guinea,2011,4.85140837264189,0.0,0.0756884883830316,4.927096861024921,,,,,,66
PNG,Papua New Guinea,2012,3.56540758499502,0.0,0.053034038226872,3.618441623221892,,,,,,67
PNG,Papua New Guinea,2013,3.43617432270382,0.0,0.0519952379140586,3.4881695606178784,,,,,,68
PNG,Papua New Guinea,2014,4.5168090264406,0.0,2.68508035101574,7.20188937745634,,,,,,69
PNG,Papua New Guinea,2015,2.27122940050953,0.0,6.24715048464434,8.51837988515387,,,,,,70
PNG,Papua New Guinea,2016,1.86576642511912,0.0,5.09675442660281,6.96252085172193,,,,,,71
PNG,Papua New Guinea,2017,2.22581954930201,0.0,5.08750323001255,7.313322779314561,,,,,,72
PNG,Papua New Guinea,2018,2.22689061511957,0.0,6.33134746755824,8.55823808267781,,,,,,73
PNG,Papua New Guinea,2019,1.5719422304623,0.0,7.06589944245783,8.63784167292013,,,,,,74
PNG,Papua New Guinea,2020,0.709889074758713,0.0,5.95976828593876,6.669657360697473,,,,,,75
PNG,Papua New Guinea,2021,1.87502650776602,0.0,9.13965766574147,11.01468417350749,,,,,,76
PNG,Papua New Guinea,2022,,,,,,,,,,77
PNG,Papua New Guinea,2023,,,,,,,,,,78
PNG,Papua New Guinea,2024,,,,,,,,,,79
PNG,Papua New Guinea,2025,,,,,,,,,,80
POL,Poland,1960,,,,,,,,,,15
POL,Poland,1961,,,,,,,,,,16
POL,Poland,1962,,,,,,,,,,17
POL,Poland,1963,,,,,,,,,,18
POL,Poland,1964,,,,,,,,,,19
POL,Poland,1965,,,,,99.87411,,,,,20
POL,Poland,1966,,,,,99.87191,,,,,21
POL,Poland,1967,,,,,99.86579,,,,,22
POL,Poland,1968,,,,,99.86877,,,,,23
POL,Poland,1969,,,,,99.88608,,,,,24
POL,Poland,1970,,,,,99.80194,,,51.19325,51.19325,25
POL,Poland,1971,,,,,99.81546,,,52.79025,52.79025,26
POL,Poland,1972,,,,,99.80748,,,55.840748,55.840748,27
POL,Poland,1973,,,,,99.80482,,,56.64775,56.64775,28
POL,Poland,1974,,,,,99.74854,,,54.83525,54.83525,29
POL,Poland,1975,,,,,99.779884,,,56.43775,56.43775,30
POL,Poland,1976,,,,,99.82847,,,61.4325,61.4325,31
POL,Poland,1977,,,,,99.7935,,,64.661,64.661,32
POL,Poland,1978,,,,,99.80442,,,69.33525,69.33525,33
POL,Poland,1979,,,,,99.82211,,,62.208,62.208,34
POL,Poland,1980,,,,,99.79206,,,52.83525,52.83525,35
POL,Poland,1981,,,,,99.78038,1197.8241,,46.959003,1244.783103,36
POL,Poland,1982,,,,,99.82787,1397.7062,,43.278,1440.9842,37
POL,Poland,1983,,,,,99.79855,1423.4971,,42.311253,1465.8083530000001,38
POL,Poland,1984,,,,,99.82856,1426.0773,,46.4745,1472.5518,39
POL,Poland,1985,,,,,99.79114,1436.304,,48.061996,1484.365996,40
POL,Poland,1986,,,,,99.82294,1460.487,,43.63425,1504.1212500000001,41
POL,Poland,1987,,,,,99.855415,1476.4073,,43.837,1520.2443,42
POL,Poland,1988,,,,,99.8636,1476.1913,,43.505,1519.6963,43
POL,Poland,1989,,,,,99.868996,1362.5563,,40.28375,1402.84005,44
POL,Poland,1990,0.0167916861938739,1.97614239509284,0.0716669583829853,2.064601039669699,99.86629,1162.5018,,27.655249,1190.157049,45
POL,Poland,1991,0.0093176477666693,1.34620433940916,0.0438614768403348,1.399383464016164,99.8559,1113.4037,,30.915,1144.3187,46
POL,Poland,1992,0.0097763457104261,0.904135332718223,0.020335897897736,0.9342475763263851,99.837814,1083.5659,,29.7705,1113.3364000000001,47
POL,Poland,1993,0.0142175417105698,0.533789517920567,0.0570573484635839,0.6050644080947206,99.85281,1047.989,,38.041,1086.03,48
POL,Poland,1994,0.0112970514764707,0.317332515081773,0.0454954102384608,0.37412497679670453,99.826836,1047.209,,36.04525,1083.25425,49
POL,Poland,1995,0.0111794366658501,0.445422274815314,0.0671005274935716,0.5237022389747357,99.81307,1072.4089,,36.858,1109.2668999999999,50
POL,Poland,1996,0.0133583590986962,0.335364780043221,0.0568249170385154,0.4055480561804326,99.79943,1063.038,,36.52025,1099.55825,51
POL,Poland,1997,0.011582347033565,0.28736512391939,0.0630760420279643,0.3620235129809193,99.78566,1081.6552,,37.264,1118.9191999999998,52
POL,Poland,1998,0.0040010504471849,0.220098632518271,0.0076147441657696,0.2317144271312255,99.72495,934.4539,,37.78125,972.23515,53
POL,Poland,1999,0.0150485769674635,0.106825150766781,0.0072935061291908,0.1291672338634353,99.74079,904.11285,,36.078503,940.1913529999999,54
POL,Poland,2000,0.0465319775920722,0.182328645236043,0.0522971648633047,0.2811577876914199,99.72616,836.13837,,38.534496,874.672866,55
POL,Poland,2001,0.0366402877333744,0.425432376113189,0.106139238526915,0.5682119023734784,99.633575,838.0157,,40.61225,878.62795,56
POL,Poland,2002,0.0319240191640549,0.240319506924247,0.0786090314640388,0.3508525575523407,99.63337,834.70685,,41.50925,876.2161,57
POL,Poland,2003,0.0369313368575611,0.206937984031917,0.0792732257402106,0.3231425466296887,99.6589,830.72034,,41.99925,872.7195899999999,58
POL,Poland,2004,0.0493919088310566,0.874452636399812,0.0650540141879174,0.988898559418786,99.5197,806.1961,,45.6545,851.8506,59
POL,Poland,2005,0.0578824280780389,0.646343231447487,0.0456447637979442,0.7498704233234701,99.29419,806.7764,,45.175003,851.9514029999999,60
POL,Poland,2006,0.0615454869644112,0.607458268480463,0.0904545761308149,0.7594583315756891,99.15752,791.3931,,45.1285,836.5216,61
POL,Poland,2007,0.0473205232861409,0.526973536099691,0.0753472556324657,0.6496413150182976,98.934586,726.7561,,45.31861,772.07471,62
POL,Poland,2008,0.0547816525517377,1.5059062078238,0.104042762263623,1.6647306226391607,98.30475,708.3886,,42.913055,751.301655,63
POL,Poland,2009,0.031855529279931,0.584647363043364,0.0888019526839617,0.7053048450072567,97.62634,656.2531,,42.797222,699.050322,64
POL,Poland,2010,0.0346450541991475,0.880482208360642,0.0740776597756864,0.9892049223354759,97.289764,644.18317,,42.949165,687.132335,65
POL,Poland,2011,0.0482151843545218,1.00712315525847,0.107566552009593,1.1629048916225848,96.83526,648.01666,,44.77361,692.79027,66
POL,Poland,2012,0.0514476768766974,0.537469258136828,0.121012078064414,0.7099290130779394,95.86245,672.44324,,45.435833,717.879073,67
POL,Poland,2013,0.0680195690834472,0.260062450425264,0.111601125490911,0.4396831449996222,96.137634,664.7652,,44.46306,709.2282600000001,68
POL,Poland,2014,0.0603215388253716,0.214340467626121,0.0743317862351285,0.34899379268662106,95.49974,628.4026,,43.33722,671.73982,69
POL,Poland,2015,0.0284289039455379,0.209535994376333,0.0613923434078407,0.2993572417297116,95.38572,616.0762,,42.8325,658.9087,70
POL,Poland,2016,0.0235512516028107,0.238184095866543,0.0357887237693169,0.2975240712386706,96.06616,605.6631,,41.318054,646.981154,71
POL,Poland,2017,0.0316721725753569,0.278751933992603,0.0439980215053745,0.35442212807333445,96.238045,578.94165,,40.399998,619.341648,72
POL,Poland,2018,0.0456118701886835,0.271492418074562,0.0620713643428421,0.3791756526060876,96.19651,549.7619,,39.813053,589.5749529999999,73
POL,Poland,2019,0.0402025974033284,0.200889167784234,0.0420603621099536,0.283152127297516,95.46283,518.82117,,39.851944,558.673114,74
POL,Poland,2020,0.0207199460419149,0.144342767072706,0.0205391007038032,0.1856018138184241,94.84164,467.7588,,39.287777,507.046577,75
POL,Poland,2021,0.0413524772617714,0.246377814021137,0.100227855236231,0.3879581465191394,95.025475,488.9499,,38.842777,527.792677,76
POL,Poland,2022,,,,,94.183655,475.16553,,38.043613,513.209143,77
POL,Poland,2023,,,,,92.77981,412.9258,,36.72278,449.64858,78
POL,Poland,2024,,,,,91.99343,388.73083,,35.78158,424.51241000000005,79
POL,Poland,2025,,,,,91.6688,373.10007,,34.23203,407.3321,80
PRI,Puerto Rico (US),1960,,,,,,,,,,15
PRI,Puerto Rico (US),1961,,,,,,,,,,16
PRI,Puerto Rico (US),1962,,,,,,,,,,17
PRI,Puerto Rico (US),1963,,,,,,,,,,18
PRI,Puerto Rico (US),1964,,,,,,,,,,19
PRI,Puerto Rico (US),1965,,,,,,,,,,20
PRI,Puerto Rico (US),1966,,,,,,,,,,21
PRI,Puerto Rico (US),1967,,,,,,,,,,22
PRI,Puerto Rico (US),1968,,,,,,,,,,23
PRI,Puerto Rico (US),1969,,,,,,,,,,24
PRI,Puerto Rico (US),1970,,,,,,,,,,25
PRI,Puerto Rico (US),1971,,,,,,,,,,26
PRI,Puerto Rico (US),1972,,,,,,,,,,27
PRI,Puerto Rico (US),1973,,,,,,,,,,28
PRI,Puerto Rico (US),1974,,,,,,,,,,29
PRI,Puerto Rico (US),1975,,,,,,,,,,30
PRI,Puerto Rico (US),1976,,,,,,,,,,31
PRI,Puerto Rico (US),1977,,,,,,,,,,32
PRI,Puerto Rico (US),1978,,,,,,,,,,33
PRI,Puerto Rico (US),1979,,,,,,,,,,34
PRI,Puerto Rico (US),1980,0.0,0.0,0.0,0.0,,,,,,35
PRI,Puerto Rico (US),1981,0.0,0.0,0.0,0.0,,,,,,36
PRI,Puerto Rico (US),1982,0.0,0.0,0.0,0.0,,,,,,37
PRI,Puerto Rico (US),1983,0.0,0.0,0.0,0.0,,,,,,38
PRI,Puerto Rico (US),1984,0.0,0.0,0.0,0.0,,,,,,39
PRI,Puerto Rico (US),1985,0.0,0.0,0.0,0.0,,,,,,40
PRI,Puerto Rico (US),1986,0.0,0.0,0.0,0.0,,,,,,41
PRI,Puerto Rico (US),1987,0.0,0.0,0.0,0.0,,,,,,42
PRI,Puerto Rico (US),1988,0.0,0.0,0.0,0.0,,,,,,43
PRI,Puerto Rico (US),1989,0.0,0.0,0.0,0.0,,,,,,44
PRI,Puerto Rico (US),1990,0.0,0.0,0.0,0.0,,,,,,45
PRI,Puerto Rico (US),1991,0.0,0.0,0.0,0.0,,,,,,46
PRI,Puerto Rico (US),1992,0.0,0.0,0.0,0.0,,,,,,47
PRI,Puerto Rico (US),1993,0.0,0.0,0.0,0.0,,,,,,48
PRI,Puerto Rico (US),1994,0.0,0.0,0.0,0.0,,,,,,49
PRI,Puerto Rico (US),1995,0.0,0.0,0.0,0.0,,,,,,50
PRI,Puerto Rico (US),1996,0.0,0.0,0.0,0.0,,,,,,51
PRI,Puerto Rico (US),1997,0.0,0.0,0.0,0.0,,,,,,52
PRI,Puerto Rico (US),1998,0.0,0.0,0.0,0.0,,,,,,53
PRI,Puerto Rico (US),1999,0.0,0.0,0.0,0.0,,,,,,54
PRI,Puerto Rico (US),2000,0.0,0.0,0.0,0.0,,,,,,55
PRI,Puerto Rico (US),2001,0.0,0.0,0.0,0.0,,,,,,56
PRI,Puerto Rico (US),2002,0.0,0.0,0.0,0.0,,,,,,57
PRI,Puerto Rico (US),2003,0.0,0.0,0.0,0.0,,,,,,58
PRI,Puerto Rico (US),2004,0.0,0.0,0.0,0.0,,,,,,59
PRI,Puerto Rico (US),2005,0.0,0.0,0.0,0.0,,,,,,60
PRI,Puerto Rico (US),2006,0.0,0.0,0.0,0.0,,,,,,61
PRI,Puerto Rico (US),2007,0.0,0.0,0.0,0.0,,,,,,62
PRI,Puerto Rico (US),2008,0.0,0.0,0.0,0.0,,,,,,63
PRI,Puerto Rico (US),2009,0.0,0.0,0.0,0.0,,,,,,64
PRI,Puerto Rico (US),2010,0.0,0.0,0.0,0.0,,,,,,65
PRI,Puerto Rico (US),2011,0.0,0.0,0.0,0.0,,,,,,66
PRI,Puerto Rico (US),2012,0.0,0.0,0.0,0.0,,,,,,67
PRI,Puerto Rico (US),2013,0.0,0.0,0.0,0.0,,,,,,68
PRI,Puerto Rico (US),2014,0.0,0.0,0.0,0.0,,,,,,69
PRI,Puerto Rico (US),2015,0.0,0.0,0.0,0.0,,,,,,70
PRI,Puerto Rico (US),2016,0.0,0.0,0.0,0.0,,,,,,71
PRI,Puerto Rico (US),2017,0.0,0.0,0.0,0.0,,,,,,72
PRI,Puerto Rico (US),2018,0.0,0.0,0.0,0.0,,,,,,73
PRI,Puerto Rico (US),2019,0.0,0.0,0.0,0.0,,,,,,74
PRI,Puerto Rico (US),2020,0.0,0.0,0.0,0.0,,,,,,75
PRI,Puerto Rico (US),2021,0.0,0.0,0.0,0.0,,,,,,76
PRI,Puerto Rico (US),2022,,,,,,,,,,77
PRI,Puerto Rico (US),2023,,,,,,,,,,78
PRI,Puerto Rico (US),2024,,,,,,,,,,79
PRI,Puerto Rico (US),2025,,,,,,,,,,80
PRK,"Korea, Dem. People's Rep.",1960,,,,,,,,,,15
PRK,"Korea, Dem. People's Rep.",1961,,,,,,,,,,16
PRK,"Korea, Dem. People's Rep.",1962,,,,,,,,,,17
PRK,"Korea, Dem. People's Rep.",1963,,,,,,,,,,18
PRK,"Korea, Dem. People's Rep.",1964,,,,,,,,,,19
PRK,"Korea, Dem. People's Rep.",1965,,,,,,,,,,20
PRK,"Korea, Dem. People's Rep.",1966,,,,,,,,,,21
PRK,"Korea, Dem. People's Rep.",1967,,,,,,,,,,22
PRK,"Korea, Dem. People's Rep.",1968,,,,,,,,,,23
PRK,"Korea, Dem. People's Rep.",1969,,,,,,,,,,24
PRK,"Korea, Dem. People's Rep.",1970,,,,,,,,,,25
PRK,"Korea, Dem. People's Rep.",1971,,,,,,,,,,26
PRK,"Korea, Dem. People's Rep.",1972,,,,,,,,,,27
PRK,"Korea, Dem. People's Rep.",1973,,,,,,,,,,28
PRK,"Korea, Dem. People's Rep.",1974,,,,,,,,,,29
PRK,"Korea, Dem. People's Rep.",1975,,,,,,,,,,30
PRK,"Korea, Dem. People's Rep.",1976,,,,,,,,,,31
PRK,"Korea, Dem. People's Rep.",1977,,,,,,,,,,32
PRK,"Korea, Dem. People's Rep.",1978,,,,,,,,,,33
PRK,"Korea, Dem. People's Rep.",1979,,,,,,,,,,34
PRK,"Korea, Dem. People's Rep.",1980,,,,,,,,,,35
PRK,"Korea, Dem. People's Rep.",1981,,,,,,,,,,36
PRK,"Korea, Dem. People's Rep.",1982,,,,,,,,,,37
PRK,"Korea, Dem. People's Rep.",1983,,,,,,,,,,38
PRK,"Korea, Dem. People's Rep.",1984,,,,,,,,,,39
PRK,"Korea, Dem. People's Rep.",1985,,,,,,,,,,40
PRK,"Korea, Dem. People's Rep.",1986,,,,,,,,,,41
PRK,"Korea, Dem. People's Rep.",1987,,,,,,,,,,42
PRK,"Korea, Dem. People's Rep.",1988,,,,,,,,,,43
PRK,"Korea, Dem. People's Rep.",1989,,,,,,,,,,44
PRK,"Korea, Dem. People's Rep.",1990,,,,,,,,,,45
PRK,"Korea, Dem. People's Rep.",1991,,,,,,,,,,46
PRK,"Korea, Dem. People's Rep.",1992,,,,,,,,,,47
PRK,"Korea, Dem. People's Rep.",1993,,,,,,,,,,48
PRK,"Korea, Dem. People's Rep.",1994,,,,,,,,,,49
PRK,"Korea, Dem. People's Rep.",1995,,,,,,,,,,50
PRK,"Korea, Dem. People's Rep.",1996,,,,,,,,,,51
PRK,"Korea, Dem. People's Rep.",1997,,,,,,,,,,52
PRK,"Korea, Dem. People's Rep.",1998,,,,,,,,,,53
PRK,"Korea, Dem. People's Rep.",1999,,,,,,,,,,54
PRK,"Korea, Dem. People's Rep.",2000,,,,,,,,,,55
PRK,"Korea, Dem. People's Rep.",2001,,,,,,,,,,56
PRK,"Korea, Dem. People's Rep.",2002,,,,,,,,,,57
PRK,"Korea, Dem. People's Rep.",2003,,,,,,,,,,58
PRK,"Korea, Dem. People's Rep.",2004,,,,,,,,,,59
PRK,"Korea, Dem. People's Rep.",2005,,,,,,,,,,60
PRK,"Korea, Dem. People's Rep.",2006,,,,,,,,,,61
PRK,"Korea, Dem. People's Rep.",2007,,,,,,,,,,62
PRK,"Korea, Dem. People's Rep.",2008,,,,,,,,,,63
PRK,"Korea, Dem. People's Rep.",2009,,,,,,,,,,64
PRK,"Korea, Dem. People's Rep.",2010,,,,,,,,,,65
PRK,"Korea, Dem. People's Rep.",2011,,,,,,,,,,66
PRK,"Korea, Dem. People's Rep.",2012,,,,,,,,,,67
PRK,"Korea, Dem. People's Rep.",2013,,,,,,,,,,68
PRK,"Korea, Dem. People's Rep.",2014,,,,,,,,,,69
PRK,"Korea, Dem. People's Rep.",2015,,,,,,,,,,70
PRK,"Korea, Dem. People's Rep.",2016,,,,,,,,,,71
PRK,"Korea, Dem. People's Rep.",2017,,,,,,,,,,72
PRK,"Korea, Dem. People's Rep.",2018,,,,,,,,,,73
PRK,"Korea, Dem. People's Rep.",2019,,,,,,,,,,74
PRK,"Korea, Dem. People's Rep.",2020,,,,,,,,,,75
PRK,"Korea, Dem. People's Rep.",2021,,,,,,,,,,76
PRK,"Korea, Dem. People's Rep.",2022,,,,,,,,,,77
PRK,"Korea, Dem. People's Rep.",2023,,,,,,,,,,78
PRK,"Korea, Dem. People's Rep.",2024,,,,,,,,,,79
PRK,"Korea, Dem. People's Rep.",2025,,,,,,,,,,80
PRT,Portugal,1960,,,,,,,,,,15
PRT,Portugal,1961,,,,,,,,,,16
PRT,Portugal,1962,,,,,,,,,,17
PRT,Portugal,1963,,,,,,,,,,18
PRT,Portugal,1964,,,,,,,,,,19
PRT,Portugal,1965,,,,,,,,,,20
PRT,Portugal,1966,,,,,,,,,,21
PRT,Portugal,1967,,,,,,,,,,22
PRT,Portugal,1968,,,,,,,,,,23
PRT,Portugal,1969,,,,,,,,,,24
PRT,Portugal,1970,,0.0,0.0,0.0,,,,,,25
PRT,Portugal,1971,0.0,7.78528946876279e-05,0.0,7.78528946876279e-05,,,,,,26
PRT,Portugal,1972,0.0,7.89325222382731e-05,0.0,7.89325222382731e-05,,,,,,27
PRT,Portugal,1973,0.0,6.84205914419255e-05,0.0,6.84205914419255e-05,,,,,,28
PRT,Portugal,1974,0.0,0.0001602264686656,0.0,0.0001602264686656,,,,,,29
PRT,Portugal,1975,0.0,0.0065125498336536,0.0,0.0065125498336536,,,,,,30
PRT,Portugal,1976,0.0,0.0053715474017232,0.0,0.0053715474017232,,,,,,31
PRT,Portugal,1977,0.0,0.0049451204263536,0.0,0.0049451204263536,,,,,,32
PRT,Portugal,1978,0.0,0.0030484251866083,0.0,0.0030484251866083,,,,,,33
PRT,Portugal,1979,0.0,0.0024091067637517,0.0,0.0024091067637517,,,,,,34
PRT,Portugal,1980,0.0,0.0040809595313281,0.0,0.0040809595313281,,,,,,35
PRT,Portugal,1981,0.0,0.00914507907783,0.0,0.00914507907783,,,,,,36
PRT,Portugal,1982,0.0,0.0099492094734709,0.0,0.0099492094734709,,,,,,37
PRT,Portugal,1983,0.0,0.004939913517177,0.0,0.004939913517177,,,,,,38
PRT,Portugal,1984,0.0,0.0030671248942904,0.0,0.0030671248942904,,,,,,39
PRT,Portugal,1985,0.0,0.0050285419245285,0.0,0.0050285419245285,,,,,,40
PRT,Portugal,1986,0.0,0.00105171234967,0.0,0.00105171234967,,,,,,41
PRT,Portugal,1987,0.0,0.0002980973234205,0.0,0.0002980973234205,,,,,,42
PRT,Portugal,1988,0.0,0.0003453101949146,0.0,0.0003453101949146,,,,,,43
PRT,Portugal,1989,0.0,0.0004659270243679,0.0,0.0004659270243679,,,,,,44
PRT,Portugal,1990,0.0,0.0013689464444816,0.0,0.0013689464444816,,,,,,45
PRT,Portugal,1991,0.0,0.0010905535617222,0.0,0.0010905535617222,,,,,,46
PRT,Portugal,1992,0.0,0.0004336518370496,0.0,0.0004336518370496,,,,,,47
PRT,Portugal,1993,0.0,4.77823309738546e-05,0.0,4.77823309738546e-05,,,,,,48
PRT,Portugal,1994,0.0,4.458421667216e-05,0.0,4.458421667216e-05,,,,,,49
PRT,Portugal,1995,0.0,0.0,0.0,0.0,,,,,,50
PRT,Portugal,1996,0.0,0.0,0.0,0.0,91.87079,,,,,51
PRT,Portugal,1997,0.0,0.0,0.0,0.0,92.72541,,,,,52
PRT,Portugal,1998,0.0,0.0,0.0,0.0,93.41021,,,,,53
PRT,Portugal,1999,0.0,0.0,0.0,0.0,95.67482,,,,,54
PRT,Portugal,2000,0.0,0.0,0.0,0.0,94.03471,,,,,55
PRT,Portugal,2001,0.0,0.0,0.0,0.0,92.851265,,,,,56
PRT,Portugal,2002,0.0,0.0,0.0,0.0,95.17627,,,,,57
PRT,Portugal,2003,0.0,0.0,0.0,0.0,92.23159,,,,,58
PRT,Portugal,2004,0.0,0.0,0.0,0.0,94.18784,,,,,59
PRT,Portugal,2005,0.0001123057819766,0.0,0.0,0.0001123057819766,95.73271,,,,,60
PRT,Portugal,2006,0.009802601641711,0.0,0.0,0.009802601641711,92.35534,,,,,61
PRT,Portugal,2007,0.0132250729170734,0.0,0.0,0.0132250729170734,91.43648,,,,,62
PRT,Portugal,2008,0.0298507363601294,0.0,0.0,0.0298507363601294,91.76127,,,,,63
PRT,Portugal,2009,0.0046028735659451,0.0,0.0,0.0046028735659451,89.711494,,,,,64
PRT,Portugal,2010,0.0338886834591529,0.0,0.0,0.0338886834591529,84.89497,,,,,65
PRT,Portugal,2011,0.0714397773870135,0.0,0.0,0.0714397773870135,86.01963,,,,,66
PRT,Portugal,2012,0.0566415168053355,0.0,0.0,0.0566415168053355,87.36401,,,,,67
PRT,Portugal,2013,0.0588929000862641,0.0,0.0,0.0588929000862641,83.43849,,,,,68
PRT,Portugal,2014,0.0587105859995099,0.0,0.0,0.0587105859995099,82.48084,,,,,69
PRT,Portugal,2015,0.0246227517816,0.0,0.0,0.0246227517816,85.644516,,,,,70
PRT,Portugal,2016,0.0185088381110048,0.0,0.0,0.0185088381110048,83.50629,,,,,71
PRT,Portugal,2017,0.0283872427651081,0.0,0.0,0.0283872427651081,87.45099,,,,,72
PRT,Portugal,2018,0.0422964969836641,0.0,0.0,0.0422964969836641,84.31961,,,,,73
PRT,Portugal,2019,0.0375136266059601,0.0,0.0,0.0375136266059601,84.57664,,,,,74
PRT,Portugal,2020,0.023939484713493,0.0,0.0,0.023939484713493,80.89581,,,,,75
PRT,Portugal,2021,0.0518131827535177,0.0,0.0,0.0518131827535177,79.719406,,,,,76
PRT,Portugal,2022,,,,,81.65826,,,,,77
PRT,Portugal,2023,,,,,78.070015,,,,,78
PRT,Portugal,2024,,,,,74.733635,,,,,79
PRT,Portugal,2025,,,,,75.40865,,,,,80
PRY,Paraguay,1960,,,,,,,,,,15
PRY,Paraguay,1961,,,,,,,,,,16
PRY,Paraguay,1962,,,,,,,,,,17
PRY,Paraguay,1963,,,,,,,,,,18
PRY,Paraguay,1964,,,,,,,,,,19
PRY,Paraguay,1965,,,,,,,,,,20
PRY,Paraguay,1966,,,,,,,,,,21
PRY,Paraguay,1967,,,,,,,,,,22
PRY,Paraguay,1968,,,,,,,,,,23
PRY,Paraguay,1969,,,,,,,,,,24
PRY,Paraguay,1970,,,,,,,,,,25
PRY,Paraguay,1971,0.0,0.0,0.0,0.0,,,,,,26
PRY,Paraguay,1972,0.0,0.0,0.0,0.0,,,,,,27
PRY,Paraguay,1973,0.0,0.0,0.0,0.0,,,,,,28
PRY,Paraguay,1974,0.0,0.0,0.0,0.0,,,,,,29
PRY,Paraguay,1975,0.0,0.0,0.0,0.0,,,,,,30
PRY,Paraguay,1976,0.0,0.0,0.0,0.0,,,,,,31
PRY,Paraguay,1977,0.0,0.0,0.0,0.0,,,,,,32
PRY,Paraguay,1978,0.0,0.0,0.0,0.0,,,,,,33
PRY,Paraguay,1979,0.0,0.0,0.0,0.0,,,,,,34
PRY,Paraguay,1980,0.0,0.0,0.0,0.0,,,,,,35
PRY,Paraguay,1981,0.0,0.0,0.0,0.0,,,,,,36
PRY,Paraguay,1982,0.0,0.0,0.0,0.0,,,,,,37
PRY,Paraguay,1983,0.0,0.0,0.0,0.0,,,,,,38
PRY,Paraguay,1984,0.0,0.0,0.0,0.0,,,,,,39
PRY,Paraguay,1985,0.0,0.0,0.0,0.0,,,,,,40
PRY,Paraguay,1986,0.0,0.0,0.0,0.0,,,,,,41
PRY,Paraguay,1987,0.0,0.0,0.0,0.0,,,,,,42
PRY,Paraguay,1988,0.0,0.0,0.0,0.0,,,,,,43
PRY,Paraguay,1989,0.0,0.0,0.0,0.0,,,,,,44
PRY,Paraguay,1990,0.0,0.0,0.0,0.0,,,,,,45
PRY,Paraguay,1991,0.0,0.0,0.0,0.0,,,,,,46
PRY,Paraguay,1992,0.0,0.0,0.0,0.0,,,,,,47
PRY,Paraguay,1993,0.0,0.0,0.0,0.0,,,,,,48
PRY,Paraguay,1994,0.0,0.0,0.0,0.0,,,,,,49
PRY,Paraguay,1995,0.0,0.0,0.0,0.0,,,,,,50
PRY,Paraguay,1996,0.0,0.0,0.0,0.0,,,,,,51
PRY,Paraguay,1997,0.0,0.0,0.0,0.0,,,,,,52
PRY,Paraguay,1998,0.0,0.0,0.0,0.0,,,,,,53
PRY,Paraguay,1999,0.0,0.0,0.0,0.0,,,,,,54
PRY,Paraguay,2000,0.0033852367083102,0.0,0.0,0.0033852367083102,,,,,,55
PRY,Paraguay,2001,0.0012965948720607,0.0,0.0,0.0012965948720607,,,,,,56
PRY,Paraguay,2002,0.0016351759841967,0.0,0.0,0.0016351759841967,,,,,,57
PRY,Paraguay,2003,0.0016823879677269,0.0,0.0,0.0016823879677269,,,,,,58
PRY,Paraguay,2004,0.0088571448814193,0.0,0.0,0.0088571448814193,,,,,,59
PRY,Paraguay,2005,0.0721023170796774,0.0,0.0,0.0721023170796774,,,,,,60
PRY,Paraguay,2006,0.093411156274331,0.0,0.0,0.093411156274331,,,,,,61
PRY,Paraguay,2007,0.101460877412438,0.0,0.0,0.101460877412438,,,,,,62
PRY,Paraguay,2008,0.157606646082066,0.0,0.0,0.157606646082066,,,,,,63
PRY,Paraguay,2009,0.111570934639677,0.0,0.0,0.111570934639677,,,,,,64
PRY,Paraguay,2010,0.143936547562155,0.0,0.0,0.143936547562155,,,,,,65
PRY,Paraguay,2011,0.198340645226439,0.0,0.0,0.198340645226439,,,,,,66
PRY,Paraguay,2012,0.21578841647676,0.0,0.0,0.21578841647676,,,,,,67
PRY,Paraguay,2013,0.191256763032491,0.0,0.0,0.191256763032491,,,,,,68
PRY,Paraguay,2014,0.179139183622576,0.0,0.0,0.179139183622576,,,,,,69
PRY,Paraguay,2015,0.102441199876795,0.0,0.0,0.102441199876795,,,,,,70
PRY,Paraguay,2016,0.0771925125540579,0.0,0.0,0.0771925125540579,,,,,,71
PRY,Paraguay,2017,0.0454333185625002,0.0,0.0,0.0454333185625002,,,,,,72
PRY,Paraguay,2018,0.0698851710974406,0.0,0.0,0.0698851710974406,,,,,,73
PRY,Paraguay,2019,0.0593329259382367,0.0,0.0,0.0593329259382367,,,,,,74
PRY,Paraguay,2020,0.0299623174238903,0.0,0.0,0.0299623174238903,,,,,,75
PRY,Paraguay,2021,0.0729632593043703,0.0,0.0,0.0729632593043703,,,,,,76
PRY,Paraguay,2022,,,,,,,,,,77
PRY,Paraguay,2023,,,,,,,,,,78
PRY,Paraguay,2024,,,,,,,,,,79
PRY,Paraguay,2025,,,,,,,,,,80
PSE,West Bank and Gaza,1960,,,,,,,,,,15
PSE,West Bank and Gaza,1961,,,,,,,,,,16
PSE,West Bank and Gaza,1962,,,,,,,,,,17
PSE,West Bank and Gaza,1963,,,,,,,,,,18
PSE,West Bank and Gaza,1964,,,,,,,,,,19
PSE,West Bank and Gaza,1965,,,,,,,,,,20
PSE,West Bank and Gaza,1966,,,,,,,,,,21
PSE,West Bank and Gaza,1967,,,,,,,,,,22
PSE,West Bank and Gaza,1968,,,,,,,,,,23
PSE,West Bank and Gaza,1969,,,,,,,,,,24
PSE,West Bank and Gaza,1970,,,,,,,,,,25
PSE,West Bank and Gaza,1971,,,,,,,,,,26
PSE,West Bank and Gaza,1972,,,,,,,,,,27
PSE,West Bank and Gaza,1973,,,,,,,,,,28
PSE,West Bank and Gaza,1974,,,,,,,,,,29
PSE,West Bank and Gaza,1975,,,,,,,,,,30
PSE,West Bank and Gaza,1976,,,,,,,,,,31
PSE,West Bank and Gaza,1977,,,,,,,,,,32
PSE,West Bank and Gaza,1978,,,,,,,,,,33
PSE,West Bank and Gaza,1979,,,,,,,,,,34
PSE,West Bank and Gaza,1980,,,,,,,,,,35
PSE,West Bank and Gaza,1981,,,,,,,,,,36
PSE,West Bank and Gaza,1982,,,,,,,,,,37
PSE,West Bank and Gaza,1983,,,,,,,,,,38
PSE,West Bank and Gaza,1984,,,,,,,,,,39
PSE,West Bank and Gaza,1985,,,,,,,,,,40
PSE,West Bank and Gaza,1986,,,,,,,,,,41
PSE,West Bank and Gaza,1987,,,,,,,,,,42
PSE,West Bank and Gaza,1988,,,,,,,,,,43
PSE,West Bank and Gaza,1989,,,,,,,,,,44
PSE,West Bank and Gaza,1990,,,,,,,,,,45
PSE,West Bank and Gaza,1991,,,,,,,,,,46
PSE,West Bank and Gaza,1992,,,,,,,,,,47
PSE,West Bank and Gaza,1993,,,,,,,,,,48
PSE,West Bank and Gaza,1994,,,,,,,,,,49
PSE,West Bank and Gaza,1995,,,,,,,,,,50
PSE,West Bank and Gaza,1996,,,,,,,,,,51
PSE,West Bank and Gaza,1997,0.0,0.0,,0.0,,,,,,52
PSE,West Bank and Gaza,1998,0.0,0.0,,0.0,,,,,,53
PSE,West Bank and Gaza,1999,0.0,0.0,,0.0,,,,,,54
PSE,West Bank and Gaza,2000,0.0,0.0,,0.0,,,,,,55
PSE,West Bank and Gaza,2001,0.0,0.0,,0.0,,,,,,56
PSE,West Bank and Gaza,2002,0.0,0.0,,0.0,,,,,,57
PSE,West Bank and Gaza,2003,0.0,0.0,,0.0,,,,,,58
PSE,West Bank and Gaza,2004,0.0,0.0,,0.0,,,,,,59
PSE,West Bank and Gaza,2005,0.0,0.0,,0.0,,,,,,60
PSE,West Bank and Gaza,2006,0.0,0.0,,0.0,,,,,,61
PSE,West Bank and Gaza,2007,0.0,0.0,,0.0,,,,,,62
PSE,West Bank and Gaza,2008,0.0,0.0,,0.0,,,,,,63
PSE,West Bank and Gaza,2009,0.0,0.0,,0.0,,,,,,64
PSE,West Bank and Gaza,2010,0.0,0.0,,0.0,,,,,,65
PSE,West Bank and Gaza,2011,0.0,0.0,,0.0,,,,,,66
PSE,West Bank and Gaza,2012,0.0,0.0,,0.0,,,,,,67
PSE,West Bank and Gaza,2013,0.0,0.0,,0.0,,,,,,68
PSE,West Bank and Gaza,2014,0.0,0.0,,0.0,,,,,,69
PSE,West Bank and Gaza,2015,0.0,0.0,,0.0,,,,,,70
PSE,West Bank and Gaza,2016,0.0,0.0,,0.0,,,,,,71
PSE,West Bank and Gaza,2017,0.0,0.0,,0.0,,,,,,72
PSE,West Bank and Gaza,2018,0.0,0.0,,0.0,,,,,,73
PSE,West Bank and Gaza,2019,0.0,0.0,,0.0,,,,,,74
PSE,West Bank and Gaza,2020,0.0,0.0,,0.0,,,,,,75
PSE,West Bank and Gaza,2021,0.0,0.0,,0.0,,,,,,76
PSE,West Bank and Gaza,2022,,,,,,,,,,77
PSE,West Bank and Gaza,2023,,,,,,,,,,78
PSE,West Bank and Gaza,2024,,,,,,,,,,79
PSE,West Bank and Gaza,2025,,,,,,,,,,80
PYF,French Polynesia,1960,,,,,,,,,,15
PYF,French Polynesia,1961,,,,,,,,,,16
PYF,French Polynesia,1962,,,,,,,,,,17
PYF,French Polynesia,1963,,,,,,,,,,18
PYF,French Polynesia,1964,,,,,,,,,,19
PYF,French Polynesia,1965,,,,,,,,,,20
PYF,French Polynesia,1966,,,,,,,,,,21
PYF,French Polynesia,1967,,,,,,,,,,22
PYF,French Polynesia,1968,,,,,,,,,,23
PYF,French Polynesia,1969,,,,,,,,,,24
PYF,French Polynesia,1970,,,,,,,,,,25
PYF,French Polynesia,1971,,,,,,,,,,26
PYF,French Polynesia,1972,,,,,,,,,,27
PYF,French Polynesia,1973,,,,,,,,,,28
PYF,French Polynesia,1974,,,,,,,,,,29
PYF,French Polynesia,1975,,,,,,,,,,30
PYF,French Polynesia,1976,,,,,,,,,,31
PYF,French Polynesia,1977,,,,,,,,,,32
PYF,French Polynesia,1978,,,,,,,,,,33
PYF,French Polynesia,1979,,,,,,,,,,34
PYF,French Polynesia,1980,0.0,0.0,0.0,0.0,,,,,,35
PYF,French Polynesia,1981,0.0,0.0,0.0,0.0,,,,,,36
PYF,French Polynesia,1982,0.0,0.0,0.0,0.0,,,,,,37
PYF,French Polynesia,1983,0.0,0.0,0.0,0.0,,,,,,38
PYF,French Polynesia,1984,0.0,0.0,0.0,0.0,,,,,,39
PYF,French Polynesia,1985,0.0,0.0,0.0,0.0,,,,,,40
PYF,French Polynesia,1986,0.0,0.0,0.0,0.0,,,,,,41
PYF,French Polynesia,1987,0.0,0.0,0.0,0.0,,,,,,42
PYF,French Polynesia,1988,0.0,0.0,0.0,0.0,,,,,,43
PYF,French Polynesia,1989,0.0,0.0,0.0,0.0,,,,,,44
PYF,French Polynesia,1990,0.0,0.0,0.0,0.0,,,,,,45
PYF,French Polynesia,1991,0.0,0.0,0.0,0.0,,,,,,46
PYF,French Polynesia,1992,0.0,0.0,0.0,0.0,,,,,,47
PYF,French Polynesia,1993,0.0,0.0,0.0,0.0,,,,,,48
PYF,French Polynesia,1994,0.0,0.0,0.0,0.0,,,,,,49
PYF,French Polynesia,1995,0.0,0.0,0.0,0.0,,,,,,50
PYF,French Polynesia,1996,0.0,0.0,0.0,0.0,,,,,,51
PYF,French Polynesia,1997,0.0,0.0,0.0,0.0,,,,,,52
PYF,French Polynesia,1998,0.0,0.0,0.0,0.0,,,,,,53
PYF,French Polynesia,1999,0.0,0.0,0.0,0.0,,,,,,54
PYF,French Polynesia,2000,0.0,0.0,0.0,0.0,,,,,,55
PYF,French Polynesia,2001,0.0,0.0,0.0,0.0,,,,,,56
PYF,French Polynesia,2002,0.0,0.0,0.0,0.0,,,,,,57
PYF,French Polynesia,2003,0.0,0.0,0.0,0.0,,,,,,58
PYF,French Polynesia,2004,0.0,0.0,0.0,0.0,,,,,,59
PYF,French Polynesia,2005,0.0,0.0,0.0,0.0,,,,,,60
PYF,French Polynesia,2006,0.0,0.0,0.0,0.0,,,,,,61
PYF,French Polynesia,2007,0.0,0.0,0.0,0.0,,,,,,62
PYF,French Polynesia,2008,0.0,0.0,0.0,0.0,,,,,,63
PYF,French Polynesia,2009,0.0,0.0,0.0,0.0,,,,,,64
PYF,French Polynesia,2010,0.0,0.0,0.0,0.0,,,,,,65
PYF,French Polynesia,2011,0.0,0.0,0.0,0.0,,,,,,66
PYF,French Polynesia,2012,0.0,0.0,0.0,0.0,,,,,,67
PYF,French Polynesia,2013,0.0,0.0,0.0,0.0,,,,,,68
PYF,French Polynesia,2014,0.0,0.0,0.0,0.0,,,,,,69
PYF,French Polynesia,2015,0.0,0.0,0.0,0.0,,,,,,70
PYF,French Polynesia,2016,0.0,0.0,0.0,0.0,,,,,,71
PYF,French Polynesia,2017,0.0,0.0,0.0,0.0,,,,,,72
PYF,French Polynesia,2018,0.0,0.0,0.0,0.0,,,,,,73
PYF,French Polynesia,2019,0.0,0.0,0.0,0.0,,,,,,74
PYF,French Polynesia,2020,0.0,0.0,0.0,0.0,,,,,,75
PYF,French Polynesia,2021,0.0,0.0,0.0,0.0,,,,,,76
PYF,French Polynesia,2022,,,,,,,,,,77
PYF,French Polynesia,2023,,,,,,,,,,78
PYF,French Polynesia,2024,,,,,,,,,,79
PYF,French Polynesia,2025,,,,,,,,,,80
QAT,Qatar,1960,,,,,,,,,,15
QAT,Qatar,1961,,,,,,,,,,16
QAT,Qatar,1962,,,,,,,,,,17
QAT,Qatar,1963,,,,,,,,,,18
QAT,Qatar,1964,,,,,,,,,,19
QAT,Qatar,1965,,,,,,,134.96996,,134.96996,20
QAT,Qatar,1966,,,,,,,168.56763,,168.56763,21
QAT,Qatar,1967,,,,,,,187.68355,,187.68355,22
QAT,Qatar,1968,,,,,,,197.49146,,197.49146,23
QAT,Qatar,1969,,,,,,,206.22018,,206.22018,24
QAT,Qatar,1970,35.3251136581002,,2.1441583160666,37.4692719741668,,,210.27509,10.401751,220.676841,25
QAT,Qatar,1971,44.7741117017585,0.0,1.61627352043725,46.39038522219575,,,249.08618,10.401751,259.487931,26
QAT,Qatar,1972,49.251510260831,0.0,1.60158928875346,50.853099549584456,,,279.9732,11.41605,291.38925,27
QAT,Qatar,1973,57.1917107418153,0.0,1.49014725165755,58.681857993472846,,,330.18402,16.353,346.53702,28
QAT,Qatar,1974,74.4411307327222,0.0,0.432222660377401,74.8733533930996,,,300.06198,13.4343,313.49628,29
QAT,Qatar,1975,62.4964158962862,0.0,1.22661949938007,63.72303539566627,,,253.14107,20.73105,273.87212,30
QAT,Qatar,1976,58.1535293042443,0.0,0.518300936913564,58.67183024115786,,,282.8775,11.3229,294.2004,31
QAT,Qatar,1977,48.7792804025432,0.0,0.816618790416206,49.59589919295941,,,251.98254,16.05285,268.03539,32
QAT,Qatar,1978,48.8013379079207,0.0,0.804074345282742,49.60541225320344,,,280.3668,15.307651,295.67445100000003,33
QAT,Qatar,1979,84.3541829203139,0.0,2.69582274966558,87.05000566997948,,,293.11072,45.1467,338.25742,34
QAT,Qatar,1980,67.7107851315441,0.0,1.96191112206189,69.67269625360599,,,275.31665,49.06935,324.38599999999997,35
QAT,Qatar,1981,47.0368951632638,0.0,1.38903745974287,48.42593262300667,,,240.69855,44.74305,285.4416,36
QAT,Qatar,1982,35.2293531320697,0.0,0.712559649671324,35.941912781741024,,,196.26921,52.319252,248.588462,37
QAT,Qatar,1983,36.1362132278585,0.0,2.62766165960392,38.76387488746242,,,178.5046,54.182247,232.686847,38
QAT,Qatar,1984,49.4302385895143,0.0,2.56422955112082,51.99446814063512,,,199.42004,61.3755,260.79554,39
QAT,Qatar,1985,36.9529767218709,0.0,2.47950525819219,39.43248198006309,,,178.14629,56.510998,234.657288,40
QAT,Qatar,1986,22.8930495726225,0.0,3.43037459912289,26.323424171745387,,,200.86798,60.03,260.89797999999996,41
QAT,Qatar,1987,27.5796827056572,0.0,2.7067185159601,30.286401221617297,,,177.60414,58.0635,235.66764,42
QAT,Qatar,1988,24.7421614619954,0.0,2.60307747343438,27.34523893542978,,,205.23705,60.651,265.88805,43
QAT,Qatar,1989,36.1993936981514,0.0,2.50621301497617,38.705606713127565,,,228.99637,64.17,293.16637000000003,44
QAT,Qatar,1990,48.6558768141096,0.0,2.50003392551172,51.15591073962132,,,245.6507,65.205,310.8557,45
QAT,Qatar,1991,27.8476783265963,0.0,3.09939488413303,30.94707321072933,,,237.2873,78.9705,316.2578,46
QAT,Qatar,1992,28.2611526136542,0.0,2.78135944026471,31.042512053918912,,,274.47525,82.25773,356.73298,47
QAT,Qatar,1993,27.8285185550461,0.0,3.23904351806882,31.067562073114917,,,253.68782,85.71816,339.40598,48
QAT,Qatar,1994,27.8536283294125,0.0,3.4491470626364,31.3027753920489,,,248.28114,89.40334,337.68448,49
QAT,Qatar,1995,26.8649643256338,0.0,3.5046340742533,30.3695983998871,,,253.89716,93.08852,346.98568,50
QAT,Qatar,1996,36.8699208406966,0.0,3.58192022129042,40.45184106198702,,,315.21988,97.0391,412.25898,51
QAT,Qatar,1997,33.9039217305219,0.0,4.2250114124786,38.1289331430005,,,386.96454,134.11154,521.07608,52
QAT,Qatar,1998,26.4784043103748,0.0,5.23208291455393,31.710487224928727,,,390.20615,162.29366,552.49981,53
QAT,Qatar,1999,32.8896055971835,0.0,5.41184949514692,38.301455092330414,,,398.6554,213.64838,612.30378,54
QAT,Qatar,2000,40.7661397416806,0.0,5.8049734481771,46.5711131898577,,,467.28427,257.715,724.99927,55
QAT,Qatar,2001,34.9268648116195,0.0,7.15223785160177,42.07910266322127,,,465.19556,279.44998,744.64554,56
QAT,Qatar,2002,31.8348108510858,0.0,6.07035853153518,37.905169382620976,,,434.172,305.32498,739.49698,57
QAT,Qatar,2003,33.8929726986092,0.0,5.12871457863623,39.02168727724543,,,509.2333,324.99,834.2233,58
QAT,Qatar,2004,34.825040164201,0.0,5.07734420990481,39.90238437410581,,,580.2947,405.40952,985.7042200000001,59
QAT,Qatar,2005,38.1771562134119,0.0,5.44352090574478,43.62067711915668,100.0,,611.25684,474.03,1085.28684,60
QAT,Qatar,2006,34.1520126219521,0.0,4.95980535473162,39.111817976683724,,,659.2999,524.745,1184.0448999999999,61
QAT,Qatar,2007,30.8003611618771,0.0,4.89547281730169,35.695833979178786,,,668.2696,654.12,1322.3896,62
QAT,Qatar,2008,32.6040710093919,0.0,4.32386730680106,36.927938316192964,,,750.18787,796.75336,1546.94123,63
QAT,Qatar,2009,23.0165618959946,0.0,6.07315860076268,29.08972049675728,,,725.67804,924.255,1649.93304,64
QAT,Qatar,2010,26.6026039782648,0.0,5.82722775061414,32.42983172887894,,,824.8058,1231.1127,2055.9184999999998,65
QAT,Qatar,2011,29.9468705202351,0.0,6.77128125187135,36.71815177210645,,,904.16223,1503.559,2407.72123,66
QAT,Qatar,2012,28.3389822463275,0.0,6.7671639000861,35.1061461464136,99.99331,,952.5738,1625.4633,2578.0371,67
QAT,Qatar,2013,25.3595869913171,0.0,6.70372963647687,32.063316627793974,99.95132,,949.9872,1678.8921,2628.8793,68
QAT,Qatar,2014,21.5388184142326,0.0,6.15888218994419,27.69770060417679,99.93909,,928.8421,1694.2522,2623.0942999999997,69
QAT,Qatar,2015,13.0300594635573,0.0,6.03394269918749,19.064002162744792,99.93817,,899.8932,1758.6449,2658.5380999999998,70
QAT,Qatar,2016,11.1615579117458,0.0,4.82010069228067,15.981658604026471,99.93513,,902.2269,1747.6855,2649.9124,71
QAT,Qatar,2017,13.5394624768111,0.0,5.35908283407917,18.89854531089027,99.929245,,869.83575,1705.3588,2575.19455,72
QAT,Qatar,2018,16.2911609453974,0.0,7.70831016537843,23.99947111077583,99.92744,,873.32007,1752.0287,2625.34877,73
QAT,Qatar,2019,14.5084244384971,0.0,7.86548262532752,22.373907063824618,99.93745,,840.89795,1771.5247,2612.42265,74
QAT,Qatar,2020,10.5957303632833,0.0,9.63014041427711,20.22587077756041,99.91931,,832.9898,1749.3484,2582.3382,75
QAT,Qatar,2021,15.2784667126988,0.0,12.0112545642563,27.2897212769551,99.9241,,819.2311,1769.8041,2589.0352000000003,76
QAT,Qatar,2022,,,,,99.88066,,837.21246,1784.783,2621.99546,77
QAT,Qatar,2023,,,,,99.62199,,864.3372,1809.7659,2674.1031000000003,78
QAT,Qatar,2024,,,,,99.618965,,877.6642,1797.0342,2674.6984,79
QAT,Qatar,2025,,,,,99.3744,,886.95013,1835.1544,2722.1045299999996,80
ROU,Romania,1960,,,,,,,,,,15
ROU,Romania,1961,,,,,,,,,,16
ROU,Romania,1962,,,,,,,,,,17
ROU,Romania,1963,,,,,,,,,,18
ROU,Romania,1964,,,,,,,,,,19
ROU,Romania,1965,,,,,99.63686,,149.10823,,149.10823,20
ROU,Romania,1966,,,,,99.649445,,152.06224,,152.06224,21
ROU,Romania,1967,,,,,99.55116,,156.49329,,156.49329,22
ROU,Romania,1968,,,,,99.55361,,157.41205,,157.41205,23
ROU,Romania,1969,,,,,99.447784,,157.53998,,157.53998,24
ROU,Romania,1970,,,,,99.34995,,159.0635,217.42856,376.49206000000004,25
ROU,Romania,1971,,,,,99.0006,,163.9016,232.36145,396.26305,26
ROU,Romania,1972,,,,,98.43401,,167.79764,237.68698,405.48462,27
ROU,Romania,1973,,,,,98.523254,,170.22832,251.63676,421.86508000000003,28
ROU,Romania,1974,,,,,98.34746,,172.54268,259.7159,432.25857999999994,29
ROU,Romania,1975,,,,,98.32598,,174.21739,282.12225,456.33964000000003,30
ROU,Romania,1976,,,,,98.66327,,175.4967,307.73413,483.23082999999997,31
ROU,Romania,1977,,,,,98.5436,,174.9152,325.8959,500.8111,32
ROU,Romania,1978,,,,,98.4617,,164.14583,328.12302,492.26885,33
ROU,Romania,1979,,,,,98.3862,,147.85219,313.5256,461.37779,34
ROU,Romania,1980,,,,,98.212875,,139.57164,323.734,463.30564,35
ROU,Romania,1981,,,,,98.20267,107.96408,141.11842,340.7496,589.8321,36
ROU,Romania,1982,,,,,98.316376,111.4468,142.25816,344.5236,598.22856,37
ROU,Romania,1983,,,,,98.57122,129.26746,140.5253,341.88644,611.6792,38
ROU,Romania,1984,,,,,98.36997,127.31919,138.8971,339.445,605.66129,39
ROU,Romania,1985,,,,,98.1576,131.08475,130.81424,324.45154,586.35053,40
ROU,Romania,1986,,,,,98.47516,136.25754,123.91765,328.342,588.51719,41
ROU,Romania,1987,1.83104061867374,0.101453906666433,1.05310844000135,2.9856029653415233,98.47534,146.518,116.69543,312.05792,575.27135,42
ROU,Romania,1988,1.18170353093632,0.113504493660965,0.860247928086543,2.155455952683828,98.00921,161.30833,114.42757,305.59088,581.3267800000001,43
ROU,Romania,1989,1.70639084452163,0.150911364432523,0.798825937215444,2.656128146169597,98.16577,162.953,111.91549,273.94525,548.81374,44
ROU,Romania,1990,2.29357782835182,0.245022338915829,1.16827504136058,3.7068752086282286,98.39015,96.108345,94.62167,266.45276,457.182775,45
ROU,Romania,1991,1.28822981550087,0.226773271962699,0.975804176363073,2.490807263826642,97.52274,81.76365,81.50304,233.26851,396.5352,46
ROU,Romania,1992,1.56374472534785,0.206791541518694,0.525400307600594,2.295936574467138,97.77073,85.4483,79.39801,204.82324,369.66955,47
ROU,Romania,1993,1.40427200203448,0.0466422353725717,1.06512653033891,2.5160407677459617,97.485016,88.68259,80.58427,194.92026,364.18712000000005,48
ROU,Romania,1994,1.13809830972109,0.0331186648031836,0.80169379758028,1.9729107721045536,97.304306,90.48501,81.10762,172.3985,343.99113,49
ROU,Romania,1995,1.00099144053812,0.0852183515667878,1.16255246782124,2.2487622599261474,96.728096,91.73254,80.84013,168.00299,340.57566,50
ROU,Romania,1996,1.42614316633189,0.0559416788686419,1.08021855713211,2.562303402332642,96.22126,93.78893,79.68877,160.07549,333.55319,51
ROU,Romania,1997,1.14873206278261,0.0276511100491298,1.05007718028031,2.22646035311205,93.13814,76.79176,78.5025,138.4895,293.78376000000003,52
ROU,Romania,1998,0.298065348562516,0.0264900194151803,0.109495919951228,0.4340512879289243,92.15059,59.900337,76.21139,129.669,265.780727,53
ROU,Romania,1999,0.981639514434116,0.0066514035294187,0.1244469910258,1.1127379089893348,91.35564,54.039806,74.187775,130.16699,258.394571,54
ROU,Romania,2000,2.05194073825512,0.0471360430458419,0.800310156362475,2.899386937663437,92.093094,65.168144,73.11781,127.55925,265.845204,55
ROU,Romania,2001,1.38020102615678,0.148910028910058,1.54852812299773,3.077639178064568,92.344734,66.29801,72.547935,125.374,264.219945,56
ROU,Romania,2002,1.23167374745268,0.0473375696093841,1.00878753147777,2.287798848539834,92.15038,70.93041,70.61736,123.266,264.81377000000003,57
ROU,Romania,2003,1.11571675681484,0.0427125133532241,0.862627148393439,2.021056418561503,93.48149,76.06231,68.5007,121.283745,265.846755,58
ROU,Romania,2004,1.1236125349855,0.302346005342054,0.584918699286346,2.0108772396139,92.24507,73.2599,66.34915,120.68975,260.2988,59
ROU,Romania,2005,1.19701667171786,0.137550843403067,0.354487682531617,1.689055197652544,91.26883,67.39144,63.232307,112.826256,243.450003,60
ROU,Romania,2006,1.03069280818371,0.131023596989686,0.629281730062376,1.790998135235772,91.86291,75.35898,58.103477,111.164,244.62645700000002,61
ROU,Romania,2007,0.811152284107306,0.160288656570398,0.438713383746894,1.410154324424598,90.60448,79.76265,55.18435,107.37675,242.32375000000002,62
ROU,Romania,2008,0.909321004650877,0.406049107691184,0.631334600169183,1.9467047125112438,87.72562,80.982445,54.88197,104.5835,240.44791500000002,63
ROU,Romania,2009,0.572798400996102,0.138463665594626,0.545113760093543,1.256375826684271,85.98291,76.35425,52.31174,103.954,232.61998999999997,64
ROU,Romania,2010,0.651277335844004,0.241667876490204,0.483676559163372,1.3766217714975801,84.35685,68.657745,49.85781,100.2345,218.750055,65
ROU,Romania,2011,0.928598823680941,0.295278539729938,0.659254438284072,1.883131801694951,85.83023,77.48019,49.10186,100.795,227.37705,66
ROU,Romania,2012,0.944058149450528,0.127830873583113,0.743533575959798,1.8154225989934392,85.998436,73.80552,46.31066,100.979744,221.095924,67
ROU,Romania,2013,0.818028540119226,0.0455428280245193,0.682228898080954,1.5458002662246992,83.11057,54.156677,48.04353,100.019005,202.21921200000003,68
ROU,Romania,2014,0.710972260249342,0.034718339478214,0.471981769489163,1.217672369216719,81.58922,51.74309,47.12476,101.943,200.81085000000002,69
ROU,Romania,2015,0.33486139473849,0.0266754601414304,0.392792284292433,0.7543291391723534,81.22384,54.80007,46.554886,102.17226,203.527216,70
ROU,Romania,2016,0.237281273734058,0.0258870672734479,0.198912810370521,0.4620811513780269,80.9576,49.258118,44.217262,90.52775,184.00313,71
ROU,Romania,2017,0.306819119328612,0.0321491452863581,0.266555154371857,0.605523418986827,82.08399,51.965424,42.26342,100.11401,194.342854,72
ROU,Romania,2018,0.417895750376407,0.0294045200544209,0.367013896608261,0.814314167039089,81.71601,46.72725,41.60051,99.5765,187.90426,73
ROU,Romania,2019,0.356049741091749,0.0204076426370487,0.238741949260169,0.6151993329889667,81.68303,45.68163,41.484207,96.22586,183.391697,74
ROU,Romania,2020,0.18364537995674,0.0113713893764254,0.105530553930276,0.30054732326344136,80.53533,30.147472,40.20491,85.96322,156.315602,75
ROU,Romania,2021,0.378228984068352,0.0241444525656809,0.530624056118085,0.932997492752118,81.23928,34.978878,38.63486,86.356865,159.970603,76
ROU,Romania,2022,,,,,80.73827,32.287346,36.413532,87.505684,156.206562,77
ROU,Romania,2023,,,,,78.883644,26.130772,34.72718,88.99473,149.85268200000002,78
ROU,Romania,2024,,,,,80.26724,22.511621,33.343212,89.70379,145.558623,79
ROU,Romania,2025,,,,,80.13228,21.887976,30.94743,89.07403,141.909436,80
RUS,Russian Federation,1960,,,,,,,,,,15
RUS,Russian Federation,1961,,,,,,,,,,16
RUS,Russian Federation,1962,,,,,,,,,,17
RUS,Russian Federation,1963,,,,,,,,,,18
RUS,Russian Federation,1964,,,,,,,,,,19
RUS,Russian Federation,1965,,,,,,,,,,20
RUS,Russian Federation,1966,,,,,,,,,,21
RUS,Russian Federation,1967,,,,,,,,,,22
RUS,Russian Federation,1968,,,,,,,,,,23
RUS,Russian Federation,1969,,,,,,,,,,24
RUS,Russian Federation,1970,,,,,,,,,,25
RUS,Russian Federation,1971,,,,,,,,,,26
RUS,Russian Federation,1972,,,,,,,,,,27
RUS,Russian Federation,1973,,,,,,,,,,28
RUS,Russian Federation,1974,,,,,,,,,,29
RUS,Russian Federation,1975,,,,,,,,,,30
RUS,Russian Federation,1976,,,,,,,,,,31
RUS,Russian Federation,1977,,,,,,,,,,32
RUS,Russian Federation,1978,,,,,,,,,,33
RUS,Russian Federation,1979,,,,,,,,,,34
RUS,Russian Federation,1980,,,,,,,,,,35
RUS,Russian Federation,1981,,,,,,,,,,36
RUS,Russian Federation,1982,,,,,,,,,,37
RUS,Russian Federation,1983,,,,,,,,,,38
RUS,Russian Federation,1984,,,,,,,,,,39
RUS,Russian Federation,1985,,,,,95.0259,2160.92,6307.019,4248.812,12716.751,40
RUS,Russian Federation,1986,,,,,94.872375,2234.9768,6526.547,4625.6714,13387.195199999998,41
RUS,Russian Federation,1987,,,,,94.456505,2253.092,6623.0645,5005.4727,13881.629200000001,42
RUS,Russian Federation,1988,4.8801806220118,,0.937852541769293,5.8180331637810925,94.26485,2325.4946,6614.9,5423.898,14364.2926,43
RUS,Russian Federation,1989,8.27450107289347,,1.10695717052832,9.38145824342179,94.25376,2236.98,6422.3887,5662.9985,14322.3672,44
RUS,Russian Federation,1990,10.3750693468342,0.585287943364218,1.7721032955856,12.732460585784018,94.61966,2158.0762,5999.812,5995.9,14153.788199999999,45
RUS,Russian Federation,1991,4.52442508791731,0.457174509678797,1.28449222848941,6.266091826085517,94.476494,1984.5846,5372.4087,5913.1343,13270.1276,46
RUS,Russian Federation,1992,4.80032510802607,0.401995246357121,0.755606174542978,5.957926528926168,94.21224,1903.0659,4638.16,5922.33,12463.5559,47
RUS,Russian Federation,1993,4.30486115047474,0.240180748237356,1.71898786190779,6.264029760619886,93.77023,1716.3167,4127.1963,5685.9893,11529.5023,48
RUS,Russian Federation,1994,3.85813139293591,0.163744054907525,1.80713998715345,5.829015434996885,93.94934,1527.4819,3693.4321,5584.831,10805.744999999999,49
RUS,Russian Federation,1995,4.54593521684435,0.261275642112783,3.27402902079779,8.081239879754921,93.5165,1450.4194,3614.0107,5411.9434,10476.3735,50
RUS,Russian Federation,1996,6.32131864255256,0.238313684602075,3.01657028458803,9.576202611742666,93.19925,1405.1366,3522.4128,5523.217,10450.7664,51
RUS,Russian Federation,1997,4.82777869917989,0.184131293814738,3.00765731529941,8.019567308294038,92.7634,1348.9637,3575.2947,5235.377,10159.6354,52
RUS,Russian Federation,1998,2.22399348794497,0.267635672143723,0.604675750621871,3.096304910710564,92.94598,1265.9254,3539.474,5412.8633,10218.2627,53
RUS,Russian Federation,1999,8.76039094628312,0.227577992971664,0.821322846506518,9.809291785761303,92.198845,1370.1302,3544.452,5444.13,10358.712200000002,54
RUS,Russian Federation,2000,15.355993811466,0.267292850766668,4.1520862923239,19.775372954556566,91.89401,1413.2777,3798.9468,5370.56,10582.784500000002,55
RUS,Russian Federation,2001,10.3003624423723,0.543231109180164,7.44451981829648,18.288113369848944,91.598785,1493.8734,4090.0337,5347.5703,10931.4774,56
RUS,Russian Federation,2002,10.4623662427989,0.332078896134252,5.10909236952929,15.903537508462442,91.554146,1425.489,4462.377,5475.3965,11363.2625,57
RUS,Russian Federation,2003,10.9344981048,0.257760611118803,4.66262486735643,15.854883583275232,91.454254,1541.0913,4951.0513,5706.2207,12198.3633,58
RUS,Russian Federation,2004,11.6957615431619,0.763856154475936,3.07700843859375,15.536626136231586,91.44068,1594.8219,5388.073,5825.7705,12808.6654,59
RUS,Russian Federation,2005,13.686863716874,0.672065787615228,2.09070756907338,16.44963707356261,91.287224,1576.9117,5522.1504,5894.742,12993.804100000001,60
RUS,Russian Federation,2006,12.4450132664814,0.558289896787985,3.71352780552611,16.716830968795495,91.38293,1639.5974,5655.1367,6047.812,13342.5461,61
RUS,Russian Federation,2007,10.7326206704977,0.438320419083283,2.88422228176728,14.055163371348264,91.23632,1668.905,5783.959,6016.1313,13468.995299999999,62
RUS,Russian Federation,2008,12.3954143055606,1.38101613489841,4.15561654866874,17.93204698912775,91.35153,1732.4048,5748.1763,6114.5303,13595.111400000002,63
RUS,Russian Federation,2009,9.19214468199248,0.7302260729598,3.50581589927238,13.428186654224659,90.72088,1648.5525,5830.85,5361.8975,12841.3,64
RUS,Russian Federation,2010,8.57128659193273,0.880991448539494,2.8068678510359,12.259145891508123,90.92908,1755.281,5958.2305,5983.8677,13697.3792,65
RUS,Russian Federation,2011,10.6778918258558,0.826216078938521,3.41958000572264,14.92368791051696,91.194496,1832.5391,6041.363,6168.277,14042.179100000001,66
RUS,Russian Federation,2012,9.61307623916807,0.43162981739037,3.18608357236399,13.23078962892243,91.08143,1957.0964,6125.9355,6018.55,14101.581900000001,67
RUS,Russian Federation,2013,8.68048261508321,0.19902062006838,3.05775631125077,11.93725954640236,90.91094,2013.2693,6189.7603,6144.9624,14347.992,68
RUS,Russian Federation,2014,9.08748946492807,0.205841953422573,2.31599937992039,11.609330798271033,90.73382,2053.9744,6250.2017,5911.552,14215.7281,69
RUS,Russian Federation,2015,5.93285842314704,0.29593673861839,2.50292237351811,8.73171753528354,90.10566,2167.134,6333.144,5844.3955,14344.6735,70
RUS,Russian Federation,2016,5.00613659535062,0.381520993635713,1.63670203160983,7.024359620596163,90.01603,2255.871,6495.1113,5892.7534,14643.7357,71
RUS,Russian Federation,2017,6.22864519091822,0.463399759438158,1.96827097946533,8.660315929821708,89.822205,2393.4539,6495.898,6355.609,15244.9609,72
RUS,Russian Federation,2018,9.65476095672088,0.540453511939203,3.18408544311332,13.379299911773403,90.06045,2562.7866,6604.5015,6691.0586,15858.3467,73
RUS,Russian Federation,2019,8.49370743083853,0.441616890263136,2.19179127550364,11.127115596605305,89.76249,2563.6008,6668.512,6790.2686,16022.381399999998,74
RUS,Russian Federation,2020,4.70777096931075,0.362611722051707,1.11948785487127,6.189870546233727,88.81156,2336.467,6098.4463,6384.4663,14819.3796,75
RUS,Russian Federation,2021,9.67159402978612,0.612542293942399,5.85907379530895,16.14321011903747,88.862526,2564.4148,6266.0537,7021.1685,15851.637,76
RUS,Russian Federation,2022,,,,,89.41025,2593.0132,6379.2515,6183.682,15155.9467,77
RUS,Russian Federation,2023,,,,,89.725174,2554.2742,6299.022,5863.822,14717.1182,78
RUS,Russian Federation,2024,,,,,89.86718,2533.1672,6124.206,6298.6387,14956.011900000001,79
RUS,Russian Federation,2025,,,,,89.8233,2545.0132,6085.4487,6093.8584,14724.3203,80
RWA,Rwanda,1960,,,,,,,,,,15
RWA,Rwanda,1961,,,,,,,,,,16
RWA,Rwanda,1962,,,,,,,,,,17
RWA,Rwanda,1963,,,,,,,,,,18
RWA,Rwanda,1964,,,,,,,,,,19
RWA,Rwanda,1965,,,,,,,,,,20
RWA,Rwanda,1966,,,,,,,,,,21
RWA,Rwanda,1967,,,,,,,,,,22
RWA,Rwanda,1968,,,,,,,,,,23
RWA,Rwanda,1969,,,,,,,,,,24
RWA,Rwanda,1970,,,,,,,,,,25
RWA,Rwanda,1971,,,,,,,,,,26
RWA,Rwanda,1972,,,,,,,,,,27
RWA,Rwanda,1973,,,,,,,,,,28
RWA,Rwanda,1974,,,,,,,,,,29
RWA,Rwanda,1975,,,,,,,,,,30
RWA,Rwanda,1976,,,,,,,,,,31
RWA,Rwanda,1977,,,,,,,,,,32
RWA,Rwanda,1978,,,,,,,,,,33
RWA,Rwanda,1979,,,,,,,,,,34
RWA,Rwanda,1980,0.0,0.0,0.0,0.0,,,,,,35
RWA,Rwanda,1981,0.0,0.0,0.0,0.0,,,,,,36
RWA,Rwanda,1982,0.0,0.0,0.0,0.0,,,,,,37
RWA,Rwanda,1983,0.0,0.0,0.0,0.0,,,,,,38
RWA,Rwanda,1984,0.0,0.0,0.0,0.0,,,,,,39
RWA,Rwanda,1985,0.0,0.0,0.0,0.0,,,,,,40
RWA,Rwanda,1986,0.0,0.0,0.0,0.0,,,,,,41
RWA,Rwanda,1987,0.0,0.0,0.0,0.0,,,,,,42
RWA,Rwanda,1988,0.0,0.0,0.0,0.0,,,,,,43
RWA,Rwanda,1989,0.0,0.0,0.0,0.0,,,,,,44
RWA,Rwanda,1990,0.0,0.0,0.0001024654414652,0.0001024654414652,,,,,,45
RWA,Rwanda,1991,0.0,0.0,9.87044339511962e-05,9.87044339511962e-05,,,,,,46
RWA,Rwanda,1992,0.0,0.0,0.0001027542000158,0.0001027542000158,,,,,,47
RWA,Rwanda,1993,0.0,0.0,0.0001548134969043,0.0001548134969043,,,,,,48
RWA,Rwanda,1994,0.0,0.0,0.0004290352286669,0.0004290352286669,,,,,,49
RWA,Rwanda,1995,0.0,0.0,0.0002908844753084,0.0002908844753084,,,,,,50
RWA,Rwanda,1996,0.0,0.0,0.0002860889348843,0.0002860889348843,,,,,,51
RWA,Rwanda,1997,0.0,0.0,0.000241921247142,0.000241921247142,,,,,,52
RWA,Rwanda,1998,0.0,0.0,0.0006754712843172,0.0006754712843172,,,,,,53
RWA,Rwanda,1999,0.0,0.0,0.0011431052127006,0.0011431052127006,,,,,,54
RWA,Rwanda,2000,0.0,0.0,0.0021439284722124,0.0021439284722124,,,,,,55
RWA,Rwanda,2001,0.0,0.0,0.0015340940904083,0.0015340940904083,,,,,,56
RWA,Rwanda,2002,0.0,0.0,0.0001808825816489,0.0001808825816489,,,,,,57
RWA,Rwanda,2003,0.0,0.0,0.0005590305214869,0.0005590305214869,,,,,,58
RWA,Rwanda,2004,0.0,0.0,0.0008402734658186,0.0008402734658186,,,,,,59
RWA,Rwanda,2005,0.0,0.0,0.000438677656249,0.000438677656249,,,,,,60
RWA,Rwanda,2006,0.0,0.0,0.0011751627322132,0.0011751627322132,,,,,,61
RWA,Rwanda,2007,0.0,0.0,0.0009269057690334,0.0009269057690334,,,,,,62
RWA,Rwanda,2008,0.0,0.0,0.0008995918997188,0.0008995918997188,,,,,,63
RWA,Rwanda,2009,0.0020406358081122,0.0,0.0007611365769011,0.0028017723850133,,,,,,64
RWA,Rwanda,2010,0.0,0.0,0.0006764282615647,0.0006764282615647,,,,,,65
RWA,Rwanda,2011,0.0,0.0,0.0024698891305257,0.0024698891305257,,,,,,66
RWA,Rwanda,2012,0.0,0.0,0.0033230732252469,0.0033230732252469,,,,,,67
RWA,Rwanda,2013,0.0,0.0,0.0034056614494191,0.0034056614494191,,,,,,68
RWA,Rwanda,2014,0.0,0.0,0.0049111615988141,0.0049111615988141,,,,,,69
RWA,Rwanda,2015,0.0,0.0,0.0208868684461887,0.0208868684461887,,,,,,70
RWA,Rwanda,2016,0.0,0.0,0.02382024508965,0.02382024508965,,,,,,71
RWA,Rwanda,2017,0.0,0.0,0.0273775740346356,0.0273775740346356,,,,,,72
RWA,Rwanda,2018,0.0,0.0,0.0463394536508861,0.0463394536508861,,,,,,73
RWA,Rwanda,2019,0.0,0.0,0.0394278230414972,0.0394278230414972,,,,,,74
RWA,Rwanda,2020,0.0,0.0,0.0289606341966977,0.0289606341966977,,,,,,75
RWA,Rwanda,2021,0.0,0.0,0.0509828455510816,0.0509828455510816,,,,,,76
RWA,Rwanda,2022,,,,,,,,,,77
RWA,Rwanda,2023,,,,,,,,,,78
RWA,Rwanda,2024,,,,,,,,,,79
RWA,Rwanda,2025,,,,,,,,,,80
SAU,Saudi Arabia,1960,,,,,,,,,,15
SAU,Saudi Arabia,1961,,,,,,,,,,16
SAU,Saudi Arabia,1962,,,,,,,,,,17
SAU,Saudi Arabia,1963,,,,,,,,,,18
SAU,Saudi Arabia,1964,,,,,,,,,,19
SAU,Saudi Arabia,1965,,,,,100.0,,1291.2112,,1291.2112,20
SAU,Saudi Arabia,1966,,,,,100.0,,1523.1675,,1523.1675,21
SAU,Saudi Arabia,1967,,,,,100.0,,1643.169,,1643.169,22
SAU,Saudi Arabia,1968,,,,,100.0,,1793.6106,,1793.6106,23
SAU,Saudi Arabia,1969,,,,,100.0,,1892.793,,1892.793,24
SAU,Saudi Arabia,1970,25.438880689077,,0.177717023288752,25.616597712365753,99.99999,,2234.9546,15.361501,2250.316101,25
SAU,Saudi Arabia,1971,29.6100837592392,0.0,0.107453703513631,29.71753746275283,100.0,,2800.4424,12.8155,2813.2579,26
SAU,Saudi Arabia,1972,36.3557374019613,0.0,0.107596435634286,36.463333837595584,99.999985,,3538.2239,14.525499,3552.749399,27
SAU,Saudi Arabia,1973,43.1880069488909,0.0,0.082759299928388,43.27076624881929,100.0,,4466.09,17.1,4483.1900000000005,28
SAU,Saudi Arabia,1974,67.4836347877409,0.0,0.0368175581388104,67.5204523458797,100.0,,4996.796,21.641,5018.437,29
SAU,Saudi Arabia,1975,54.3017782360594,0.0,0.0818349042986915,54.38361314035809,100.0,,4179.089,25.744999,4204.8339989999995,30
SAU,Saudi Arabia,1976,52.9958854989597,0.0,0.0652789095603888,53.06116440852009,99.99999,,5085.341,27.792252,5113.1332520000005,31
SAU,Saudi Arabia,1977,51.8167556317189,0.0,0.0970183907679663,51.91377402248686,100.0,,5447.446,39.1115,5486.5575,32
SAU,Saudi Arabia,1978,44.7691658421512,0.0,0.143011015417534,44.91217685756874,100.0,,4936.231,53.9315,4990.162499999999,33
SAU,Saudi Arabia,1979,87.0852388864372,0.0,0.19910755032849,87.28434643676569,100.0,,5675.5664,66.215,5741.7814,34
SAU,Saudi Arabia,1980,70.2905296586652,0.0,0.175741063857884,70.46627072252309,100.0,,5929.0127,92.378,6021.3907,35
SAU,Saudi Arabia,1981,55.6440431663442,0.0,0.157153288805082,55.80119645514928,99.99999,,5888.819,107.711,5996.530000000001,36
SAU,Saudi Arabia,1982,36.8350298892649,0.0,0.0770788552767199,36.91210874454162,99.99999,,3956.3425,114.1615,4070.5040000000004,37
SAU,Saudi Arabia,1983,34.697295601868,0.0,0.270680528718936,34.96797613058693,100.0,,2794.4504,111.47301,2905.9234100000003,38
SAU,Saudi Arabia,1984,33.6838087918767,0.0,0.404850650428934,34.088659442305634,99.99999,,2547.3987,172.9,2720.2987000000003,39
SAU,Saudi Arabia,1985,27.6445211447861,0.0,0.464103234671404,28.108624379457506,100.0,,2001.202,178.6,2179.802,40
SAU,Saudi Arabia,1986,23.1470283478854,0.0,0.794911813013319,23.941940160898717,100.0,,2937.7393,239.40001,3177.13931,41
SAU,Saudi Arabia,1987,27.2523746977218,0.0,0.754309968862473,28.006684666584274,100.0,,2484.2625,254.59999,2738.86249,42
SAU,Saudi Arabia,1988,26.19177456012,0.0,0.811759249427067,27.003533809547065,100.0,,3178.5789,276.45,3455.0289,43
SAU,Saudi Arabia,1989,34.170454056182,0.0,0.75237748778517,34.92283154396717,100.0,,3153.7424,283.1,3436.8424,44
SAU,Saudi Arabia,1990,46.4263034955234,0.0,0.76397168107964,47.19027517660304,100.0,,3984.946,318.44,4303.3859999999995,45
SAU,Saudi Arabia,1991,29.9055063618569,0.0,0.682669446311753,30.588175808168653,100.0,,4981.6616,334.115,5315.7766,46
SAU,Saudi Arabia,1992,30.7693919537356,0.0,0.685297987231163,31.454689940966762,100.0,,5141.365,363.375,5504.74,47
SAU,Saudi Arabia,1993,29.6876073953684,0.0,0.773608396246902,30.461215791615302,100.0,,4992.883,380.37997,5373.26297,48
SAU,Saudi Arabia,1994,26.5482079082086,0.0,0.8551740297686,27.4033819379772,100.0,,5026.3213,406.315,5432.636299999999,49
SAU,Saudi Arabia,1995,28.1270341731817,0.0,0.871700807357614,28.99873498053931,100.0,,5015.5874,407.83502,5423.422420000001,50
SAU,Saudi Arabia,1996,33.4650950203584,0.0,0.889193075017178,34.35428809537557,100.0,,5087.378,421.895,5509.272999999999,51
SAU,Saudi Arabia,1997,29.2775398263987,0.0,0.923736449968715,30.201276276367416,99.99999,,5024.416,430.72998,5455.14598,52
SAU,Saudi Arabia,1998,21.2667758956326,0.0,1.00191561592737,22.268691511559968,99.99999,,5178.7773,444.78998,5623.567279999999,53
SAU,Saudi Arabia,1999,27.124767270241,0.0,0.851995279435896,27.9767625496769,99.99999,,4751.1567,438.9,5190.056699999999,54
SAU,Saudi Arabia,2000,41.6691708446825,0.0,0.998843715023241,42.66801455970574,100.0,,5099.946,473.195,5573.141,55
SAU,Saudi Arabia,2001,33.3526627413963,0.0,1.24338083100153,34.59604357239783,100.0,,4974.1143,510.055,5484.1693000000005,56
SAU,Saudi Arabia,2002,31.342447837027,0.0,1.09369419273788,32.43614202976488,100.0,,4536.3174,538.64996,5074.96736,57
SAU,Saudi Arabia,2003,37.0345220176731,0.0,0.981911882856783,38.01643390052988,100.0,,5355.6123,570.57,5926.1822999999995,58
SAU,Saudi Arabia,2004,42.6409301097693,0.0,0.958424224616402,43.5993543343857,100.0,,5731.1167,623.96,6355.0767,59
SAU,Saudi Arabia,2005,48.8606315090549,0.0,1.05365154740854,49.91428305646344,100.0,,6008.3857,676.78,6685.1657,60
SAU,Saudi Arabia,2006,49.6700972841917,0.0,1.06551704434779,50.73561432853949,100.0,,5918.9785,697.8795,6616.858,61
SAU,Saudi Arabia,2007,47.4394429695294,0.0,1.0139541488802,48.453397118409605,100.0,,5686.37,706.99005,6393.36005,62
SAU,Saudi Arabia,2008,54.085800995618,0.0,0.919659531970458,55.00546052758846,99.99997,,5930.9995,764.18005,6695.17955,63
SAU,Saudi Arabia,2009,34.6315417084598,0.0,1.11612931255224,35.74767102101204,99.99998,,5338.2544,745.275,6083.529399999999,64
SAU,Saudi Arabia,2010,37.9011314342465,0.0,0.933726326116803,38.834857760363306,99.999825,,5388.1865,832.77,6220.9565,65
SAU,Saudi Arabia,2011,49.1612188808623,0.0,0.986593617537963,50.14781249840026,99.99979,,6079.007,876.47003,6955.47703,66
SAU,Saudi Arabia,2012,47.4093852263553,0.0,0.997298930703395,48.40668415705869,99.999054,,6387.4927,943.63495,7331.127649999999,67
SAU,Saudi Arabia,2013,44.4564985480281,0.0,1.00992809301707,45.466426641045175,99.99844,,6261.744,950.285,7212.0289999999995,68
SAU,Saudi Arabia,2014,40.3219689900701,0.0,0.964006595598744,41.285975585668844,99.99843,,6324.668,972.61,7297.277999999999,69
SAU,Saudi Arabia,2015,23.9567993223384,0.0,0.841619086055516,24.798418408393918,99.9985,,6606.2373,992.275,7598.512299999999,70
SAU,Saudi Arabia,2016,20.0051771356735,0.0,0.683364774046233,20.68854190971973,99.99856,,6823.463,1053.17,7876.633,71
SAU,Saudi Arabia,2017,23.6170719123709,0.0,0.803215172603651,24.42028708497455,99.9978,,6504.885,1092.5021,7597.3871,72
SAU,Saudi Arabia,2018,28.0842811588989,0.0,1.10731401057809,29.19159516947699,99.994705,,6708.389,1121.0,7829.389,73
SAU,Saudi Arabia,2019,24.3295780055005,0.0,1.07981796945695,25.40939597495745,99.99284,,6472.84,1111.5,7584.34,74
SAU,Saudi Arabia,2020,15.9789107766923,0.0,1.2777495582411,17.2566603349334,99.96824,,6042.749,1130.5,7173.249,75
SAU,Saudi Arabia,2021,23.6862940574499,0.0,1.715848461975,25.4021425194249,99.966446,,5989.718,1144.6068,7134.3248,76
SAU,Saudi Arabia,2022,,,,,99.93573,,6665.569,1167.4989,7833.0679,77
SAU,Saudi Arabia,2023,,,,,99.85147,,6151.1606,1173.547,7324.7076,78
SAU,Saudi Arabia,2024,,,,,99.66258,,5933.1997,1235.683,7168.8827,79
SAU,Saudi Arabia,2025,,,,,99.40821,,6231.614,1337.5457,7569.159699999999,80
SDN,Sudan,1960,,,,,,,,,,15
SDN,Sudan,1961,,,,,,,,,,16
SDN,Sudan,1962,,,,,,,,,,17
SDN,Sudan,1963,,,,,,,,,,18
SDN,Sudan,1964,,,,,,,,,,19
SDN,Sudan,1965,,,,,,,,,,20
SDN,Sudan,1966,,,,,,,,,,21
SDN,Sudan,1967,,,,,,,,,,22
SDN,Sudan,1968,,,,,,,,,,23
SDN,Sudan,1969,,,,,,,,,,24
SDN,Sudan,1970,,,,,,,,,,25
SDN,Sudan,1971,0.0,0.0,0.0,0.0,,,,,,26
SDN,Sudan,1972,0.0,0.0,0.0,0.0,,,,,,27
SDN,Sudan,1973,0.0,0.0,0.0,0.0,,,,,,28
SDN,Sudan,1974,0.0,0.0,0.0,0.0,,,,,,29
SDN,Sudan,1975,0.0,0.0,0.0,0.0,,,,,,30
SDN,Sudan,1976,0.0,0.0,0.0,0.0,,,,,,31
SDN,Sudan,1977,0.0,0.0,0.0,0.0,,,,,,32
SDN,Sudan,1978,0.0,0.0,0.0,0.0,,,,,,33
SDN,Sudan,1979,0.0,0.0,0.0,0.0,,,,,,34
SDN,Sudan,1980,0.0,0.0,0.0,0.0,,,,,,35
SDN,Sudan,1981,0.0,0.0,0.0,0.0,,,,,,36
SDN,Sudan,1982,0.0,0.0,0.0,0.0,,,,,,37
SDN,Sudan,1983,0.0,0.0,0.0,0.0,,,,,,38
SDN,Sudan,1984,0.0,0.0,0.0,0.0,,,,,,39
SDN,Sudan,1985,0.0,0.0,0.0,0.0,,,,,,40
SDN,Sudan,1986,0.0,0.0,0.0,0.0,,,,,,41
SDN,Sudan,1987,0.0,0.0,0.0,0.0,,,,,,42
SDN,Sudan,1988,0.0,0.0,0.0,0.0,,,,,,43
SDN,Sudan,1989,0.0,0.0,0.0,0.0,,,,,,44
SDN,Sudan,1990,0.0,0.0,0.0,0.0,,,,,,45
SDN,Sudan,1991,0.0,0.0,0.0,0.0,,,,,,46
SDN,Sudan,1992,0.0174385079751148,0.0,0.0,0.0174385079751148,,,,,,47
SDN,Sudan,1993,0.0133327100348666,0.0,0.0,0.0133327100348666,,,1.1457355,,1.1457355,48
SDN,Sudan,1994,0.0025569300590992,0.0,0.0,0.0025569300590992,,,1.1457355,,1.1457355,49
SDN,Sudan,1995,0.0053287606501896,0.0,0.0,0.0053287606501896,,,1.1457355,,1.1457355,50
SDN,Sudan,1996,0.0956575689513029,0.0,0.0,0.0956575689513029,,,2.8721862,,2.8721862,51
SDN,Sudan,1997,0.170635538350137,0.0,0.0,0.170635538350137,,,5.1558094,,5.1558094,52
SDN,Sudan,1998,0.170280620046711,0.0,0.0,0.170280620046711,,,6.874413,,6.874413,53
SDN,Sudan,1999,2.04975331963217,0.0,0.0,2.04975331963217,,,36.090668,,36.090668,54
SDN,Sudan,2000,10.6869859368028,0.0,0.0,10.6869859368028,,,102.90004,,102.90004,55
SDN,Sudan,2001,6.84045041990384,0.0,0.0,6.84045041990384,,,119.73401,,119.73401,56
SDN,Sudan,2002,7.14772574801421,0.0,0.0,7.14772574801421,,,135.30247,,135.30247,57
SDN,Sudan,2003,6.97515874031986,0.0,0.0,6.97515874031986,,,150.166,,150.166,58
SDN,Sudan,2004,10.1194980180566,0.0,0.0,10.1194980180566,,,167.24008,,167.24008,59
SDN,Sudan,2005,12.4599426156015,0.0,0.0,12.4599426156015,,,168.24004,,168.24004,60
SDN,Sudan,2006,12.500471606345,0.0,0.0,12.500471606345,,,204.03307,,204.03307,61
SDN,Sudan,2007,13.6134936785449,0.0,0.0,13.6134936785449,,,276.76138,,276.76138,62
SDN,Sudan,2008,17.885274592108,0.0,0.0,17.885274592108,,,262.48993,,262.48993,63
SDN,Sudan,2009,9.59675943554232,0.0,0.0,9.59675943554232,,,272.2339,,272.2339,64
SDN,Sudan,2010,11.493125709502,0.0,0.0,11.493125709502,,,264.7055,,264.7055,65
SDN,Sudan,2011,15.1004983871528,0.0,0.0,15.1004983871528,,,166.70581,,166.70581,66
SDN,Sudan,2012,3.69537931902747,0.0,0.0,3.69537931902747,,,59.22879,,59.22879,67
SDN,Sudan,2013,4.59958496637169,0.0,0.0,4.59958496637169,,,67.51441,,67.51441,68
SDN,Sudan,2014,2.65704566740931,0.0,0.0,2.65704566740931,,,68.51756,,68.51756,69
SDN,Sudan,2015,0.798069583603201,0.0,0.0,0.798069583603201,,,62.47819,,62.47819,70
SDN,Sudan,2016,0.586718855776161,0.0,0.0,0.586718855776161,,,48.300407,,48.300407,71
SDN,Sudan,2017,0.823819483095822,0.0,0.0,0.823819483095822,,,40.10898,,40.10898,72
SDN,Sudan,2018,3.36467879804277,0.0,0.0,3.36467879804277,,,42.506702,,42.506702,73
SDN,Sudan,2019,2.99936703162155,0.0,0.0,2.99936703162155,,,41.34276,,41.34276,74
SDN,Sudan,2020,1.87511902407651,0.0,0.0,1.87511902407651,,,36.40113,,36.40113,75
SDN,Sudan,2021,3.30226845710475,0.0,0.0,3.30226845710475,,,36.712467,,36.712467,76
SDN,Sudan,2022,,,,,,,35.488037,,35.488037,77
SDN,Sudan,2023,,,,,,,32.91459,,32.91459,78
SDN,Sudan,2024,,,,,,,21.613846,,21.613846,79
SDN,Sudan,2025,,,,,,,14.896444,,14.896444,80
SEN,Senegal,1960,,,,,,,,,,15
SEN,Senegal,1961,,,,,,,,,,16
SEN,Senegal,1962,,,,,,,,,,17
SEN,Senegal,1963,,,,,,,,,,18
SEN,Senegal,1964,,,,,,,,,,19
SEN,Senegal,1965,,,,,,,,,,20
SEN,Senegal,1966,,,,,,,,,,21
SEN,Senegal,1967,,,,,,,,,,22
SEN,Senegal,1968,,,,,,,,,,23
SEN,Senegal,1969,,,,,,,,,,24
SEN,Senegal,1970,,,,,,,,,,25
SEN,Senegal,1971,0.0,0.0,0.0,0.0,,,,,,26
SEN,Senegal,1972,0.0,0.0,0.0,0.0,,,,,,27
SEN,Senegal,1973,0.0,0.0,0.0,0.0,,,,,,28
SEN,Senegal,1974,0.0,0.0,0.0,0.0,,,,,,29
SEN,Senegal,1975,0.0,0.0,0.0,0.0,,,,,,30
SEN,Senegal,1976,0.0,0.0,0.0,0.0,,,,,,31
SEN,Senegal,1977,0.0,0.0,0.0,0.0,,,,,,32
SEN,Senegal,1978,0.0,0.0,0.0,0.0,,,,,,33
SEN,Senegal,1979,0.0,0.0,0.0,0.0,,,,,,34
SEN,Senegal,1980,0.0,0.0,0.0,0.0,,,,,,35
SEN,Senegal,1981,0.0,0.0,0.0,0.0,,,,,,36
SEN,Senegal,1982,0.0,0.0,0.0,0.0,,,,,,37
SEN,Senegal,1983,0.0,0.0,0.0,0.0,,,,,,38
SEN,Senegal,1984,0.0,0.0,0.0,0.0,,,,,,39
SEN,Senegal,1985,0.0,0.0,0.0,0.0,,,,,,40
SEN,Senegal,1986,4.82959487089045e-05,0.0,0.0010920657710598,0.0011403617197687044,,,,,,41
SEN,Senegal,1987,0.0002593691342605,0.0,0.0008024232071036,0.0010617923413641,,,,,,42
SEN,Senegal,1988,0.0003468032608925,0.0,0.0007934480994396,0.0011402513603321,,,,,,43
SEN,Senegal,1989,0.000848929962563,0.0,0.000983037524203,0.001831967486766,,,,,,44
SEN,Senegal,1990,0.000861805862205,0.0,0.0010770229224759,0.0019388287846809002,,,,,,45
SEN,Senegal,1991,0.0003943395262749,0.0,0.0010041736314534,0.0013985131577283,,,,,,46
SEN,Senegal,1992,0.000360446074423,0.0,0.0009093270239661,0.0012697730983891,,,,,,47
SEN,Senegal,1993,0.0004256512069045,0.0,0.0039108946117364,0.0043365458186409005,,,,,,48
SEN,Senegal,1994,0.0007476945031816,0.0,0.0123570515051294,0.013104746008311,,,,,,49
SEN,Senegal,1995,0.0009255349261925,0.0,0.0143071692621602,0.0152327041883527,,,,,,50
SEN,Senegal,1996,0.0013201424622602,0.0,0.0174080286094272,0.018728171071687397,,,,,,51
SEN,Senegal,1997,0.0016157127149988,0.0,0.0125036362250003,0.0141193489399991,,,,,,52
SEN,Senegal,1998,0.0004840618347657,0.0,0.008313928786964,0.008797990621729701,,,,,,53
SEN,Senegal,1999,0.0005529704408194,0.0,0.0095030904663506,0.01005606090717,,,,,,54
SEN,Senegal,2000,0.0009626427316306,0.0,0.0001260946623099,0.0010887373939405,,,,,,55
SEN,Senegal,2001,0.0,0.0,0.0003589526496096,0.0003589526496096,,,,,,56
SEN,Senegal,2002,0.0,0.0,0.0014850599357993,0.0014850599357993,,,,,,57
SEN,Senegal,2003,0.0,0.0,0.0047603066062789,0.0047603066062789,,,,,,58
SEN,Senegal,2004,0.0,0.0,0.0052333697148962,0.0052333697148962,,,,,,59
SEN,Senegal,2005,0.0,0.0,0.002682502417082,0.002682502417082,,,,,,60
SEN,Senegal,2006,0.0,0.0,0.0060688778483572,0.0060688778483572,,,,,,61
SEN,Senegal,2007,0.0,0.0,0.003771814568848,0.003771814568848,,,,,,62
SEN,Senegal,2008,0.0,0.0,0.0026180982739931,0.0026180982739931,,,,,,63
SEN,Senegal,2009,0.0,0.0,0.0059617966754395,0.0059617966754395,,,,,,64
SEN,Senegal,2010,0.0,0.0,0.0094024758346695,0.0094024758346695,,,,,,65
SEN,Senegal,2011,0.0,0.0,0.0197850926236519,0.0197850926236519,,,,,,66
SEN,Senegal,2012,0.0,0.0,0.0212573626003178,0.0212573626003178,,,,,,67
SEN,Senegal,2013,0.0,0.0,0.0193208661484993,0.0193208661484993,,,,,,68
SEN,Senegal,2014,0.0,0.0,0.0152501972623905,0.0152501972623905,,,,,,69
SEN,Senegal,2015,0.0,0.0,0.0079953009109831,0.0079953009109831,,,,,,70
SEN,Senegal,2016,0.0,0.0,0.0046192184758748,0.0046192184758748,,,,,,71
SEN,Senegal,2017,0.0,0.0,0.0043860960440322,0.0043860960440322,,,,,,72
SEN,Senegal,2018,0.0,0.0,0.0041837480514123,0.0041837480514123,,,,,,73
SEN,Senegal,2019,0.0,0.0,0.0054369036750935,0.0054369036750935,,,,,,74
SEN,Senegal,2020,0.0,0.0,0.0034485204397438,0.0034485204397438,,,,,,75
SEN,Senegal,2021,0.0,0.0,0.002598848530208,0.002598848530208,,,,,,76
SEN,Senegal,2022,,,,,,,,,,77
SEN,Senegal,2023,,,,,,,,,,78
SEN,Senegal,2024,,,,,,,,,,79
SEN,Senegal,2025,,,,,,,,,,80
SGP,Singapore,1960,,,,,,,,,,15
SGP,Singapore,1961,,,,,,,,,,16
SGP,Singapore,1962,,,,,,,,,,17
SGP,Singapore,1963,,,,,,,,,,18
SGP,Singapore,1964,,,,,,,,,,19
SGP,Singapore,1965,,,,,,,,,,20
SGP,Singapore,1966,,,,,,,,,,21
SGP,Singapore,1967,,,,,,,,,,22
SGP,Singapore,1968,,,,,,,,,,23
SGP,Singapore,1969,,,,,,,,,,24
SGP,Singapore,1970,,,,,,,,,,25
SGP,Singapore,1971,0.0,0.0,0.0,0.0,,,,,,26
SGP,Singapore,1972,0.0,0.0,0.0,0.0,,,,,,27
SGP,Singapore,1973,0.0,0.0,0.0,0.0,,,,,,28
SGP,Singapore,1974,0.0,0.0,0.0,0.0,,,,,,29
SGP,Singapore,1975,0.0,0.0,0.0,0.0,,,,,,30
SGP,Singapore,1976,0.0,0.0,0.0,0.0,,,,,,31
SGP,Singapore,1977,0.0,0.0,0.0,0.0,,,,,,32
SGP,Singapore,1978,0.0,0.0,0.0,0.0,,,,,,33
SGP,Singapore,1979,0.0,0.0,0.0,0.0,,,,,,34
SGP,Singapore,1980,0.0,0.0,0.0,0.0,,,,,,35
SGP,Singapore,1981,0.0,0.0,0.0,0.0,,,,,,36
SGP,Singapore,1982,0.0,0.0,0.0,0.0,,,,,,37
SGP,Singapore,1983,0.0,0.0,0.0,0.0,,,,,,38
SGP,Singapore,1984,0.0,0.0,0.0,0.0,,,,,,39
SGP,Singapore,1985,0.0,0.0,0.0,0.0,,,,,,40
SGP,Singapore,1986,0.0,0.0,0.0,0.0,,,,,,41
SGP,Singapore,1987,0.0,0.0,0.0,0.0,,,,,,42
SGP,Singapore,1988,0.0,0.0,0.0,0.0,,,,,,43
SGP,Singapore,1989,0.0,0.0,0.0,0.0,,,,,,44
SGP,Singapore,1990,0.0,0.0,0.0,0.0,,,,,,45
SGP,Singapore,1991,0.0,0.0,0.0,0.0,,,,,,46
SGP,Singapore,1992,0.0,0.0,0.0,0.0,99.75131,,,,,47
SGP,Singapore,1993,0.0,0.0,0.0,0.0,99.77238,,,,,48
SGP,Singapore,1994,0.0,0.0,0.0,0.0,99.80098,,,,,49
SGP,Singapore,1995,0.0,0.0,0.0,0.0,99.80909,,,,,50
SGP,Singapore,1996,0.0,0.0,0.0,0.0,99.810814,,,,,51
SGP,Singapore,1997,0.0,0.0,0.0,0.0,99.82013,,,,,52
SGP,Singapore,1998,0.0,0.0,0.0,0.0,99.822586,,,,,53
SGP,Singapore,1999,0.0,0.0,0.0,0.0,99.82079,,,,,54
SGP,Singapore,2000,0.0,0.0,0.0,0.0,99.8324,,,,,55
SGP,Singapore,2001,0.0,0.0,0.0,0.0,99.71369,,,,,56
SGP,Singapore,2002,0.0,0.0,0.0,0.0,99.70273,,,,,57
SGP,Singapore,2003,0.0,0.0,0.0,0.0,99.66974,,,,,58
SGP,Singapore,2004,0.0,0.0,0.0,0.0,99.71729,,,,,59
SGP,Singapore,2005,0.0002190947402181,0.0,0.0,0.0002190947402181,99.733055,,,,,60
SGP,Singapore,2006,0.0033318298961492,0.0,0.0,0.0033318298961492,99.76022,,,,,61
SGP,Singapore,2007,0.0064600151031482,0.0,0.0,0.0064600151031482,99.76931,,,,,62
SGP,Singapore,2008,0.0247658429846694,0.0,0.0,0.0247658429846694,99.77138,,,,,63
SGP,Singapore,2009,0.0062081095239493,0.0,0.0,0.0062081095239493,99.78451,,,,,64
SGP,Singapore,2010,0.0380589445820771,0.0,0.0,0.0380589445820771,99.78153,,,,,65
SGP,Singapore,2011,0.153787333426844,0.0,0.0,0.153787333426844,99.7831,,,,,66
SGP,Singapore,2012,0.142898804490871,0.0,0.0,0.142898804490871,99.773384,,,,,67
SGP,Singapore,2013,0.11912189370539,0.0,0.0,0.11912189370539,99.74789,,,,,68
SGP,Singapore,2014,0.104388992582944,0.0,0.0,0.104388992582944,99.7388,,,,,69
SGP,Singapore,2015,0.0340084198311141,0.0,0.0,0.0340084198311141,99.73131,,,,,70
SGP,Singapore,2016,0.0289302386437418,0.0,0.0,0.0289302386437418,99.74044,,,,,71
SGP,Singapore,2017,0.0,0.0,0.0,0.0,99.75535,,,,,72
SGP,Singapore,2018,0.0,0.0,0.0,0.0,99.759315,,,,,73
SGP,Singapore,2019,0.0,0.0,0.0,0.0,99.74834,,,,,74
SGP,Singapore,2020,0.0,0.0,0.0,0.0,99.74507,,,,,75
SGP,Singapore,2021,0.0,0.0,0.0,0.0,99.73807,,,,,76
SGP,Singapore,2022,,,,,99.60569,,,,,77
SGP,Singapore,2023,,,,,99.641914,,,,,78
SGP,Singapore,2024,,,,,99.607445,,,,,79
SGP,Singapore,2025,,,,,99.59212,,,,,80
SLB,Solomon Islands,1960,,,,,,,,,,15
SLB,Solomon Islands,1961,,,,,,,,,,16
SLB,Solomon Islands,1962,,,,,,,,,,17
SLB,Solomon Islands,1963,,,,,,,,,,18
SLB,Solomon Islands,1964,,,,,,,,,,19
SLB,Solomon Islands,1965,,,,,,,,,,20
SLB,Solomon Islands,1966,,,,,,,,,,21
SLB,Solomon Islands,1967,,,,,,,,,,22
SLB,Solomon Islands,1968,,,,,,,,,,23
SLB,Solomon Islands,1969,,,,,,,,,,24
SLB,Solomon Islands,1970,,,,,,,,,,25
SLB,Solomon Islands,1971,,,,,,,,,,26
SLB,Solomon Islands,1972,,,,,,,,,,27
SLB,Solomon Islands,1973,,,,,,,,,,28
SLB,Solomon Islands,1974,,,,,,,,,,29
SLB,Solomon Islands,1975,,,,,,,,,,30
SLB,Solomon Islands,1976,,,,,,,,,,31
SLB,Solomon Islands,1977,,,,,,,,,,32
SLB,Solomon Islands,1978,,,,,,,,,,33
SLB,Solomon Islands,1979,,,,,,,,,,34
SLB,Solomon Islands,1980,0.0,0.0,0.0,0.0,,,,,,35
SLB,Solomon Islands,1981,0.0,0.0,0.0,0.0,,,,,,36
SLB,Solomon Islands,1982,0.0,0.0,0.0,0.0,,,,,,37
SLB,Solomon Islands,1983,0.0,0.0,0.0,0.0,,,,,,38
SLB,Solomon Islands,1984,0.0,0.0,0.0,0.0,,,,,,39
SLB,Solomon Islands,1985,0.0,0.0,0.0,0.0,,,,,,40
SLB,Solomon Islands,1986,0.0,0.0,0.0,0.0,,,,,,41
SLB,Solomon Islands,1987,0.0,0.0,0.0,0.0,,,,,,42
SLB,Solomon Islands,1988,0.0,0.0,0.0,0.0,,,,,,43
SLB,Solomon Islands,1989,0.0,0.0,0.0,0.0,,,,,,44
SLB,Solomon Islands,1990,0.0,0.0,0.0,0.0,,,,,,45
SLB,Solomon Islands,1991,0.0,0.0,0.0,0.0,,,,,,46
SLB,Solomon Islands,1992,0.0,0.0,0.0,0.0,,,,,,47
SLB,Solomon Islands,1993,0.0,0.0,0.0,0.0,,,,,,48
SLB,Solomon Islands,1994,0.0,0.0,0.0,0.0,,,,,,49
SLB,Solomon Islands,1995,0.0,0.0,0.0,0.0,,,,,,50
SLB,Solomon Islands,1996,0.0,0.0,0.0,0.0,,,,,,51
SLB,Solomon Islands,1997,0.0,0.0,0.0,0.0,,,,,,52
SLB,Solomon Islands,1998,0.0,0.0,0.0,0.0,,,,,,53
SLB,Solomon Islands,1999,0.0,0.0,0.0,0.0,,,,,,54
SLB,Solomon Islands,2000,0.0,0.0,0.0,0.0,,,,,,55
SLB,Solomon Islands,2001,0.0,0.0,0.0,0.0,,,,,,56
SLB,Solomon Islands,2002,0.0,0.0,0.0,0.0,,,,,,57
SLB,Solomon Islands,2003,0.0,0.0,0.0,0.0,,,,,,58
SLB,Solomon Islands,2004,0.0,0.0,0.0,0.0,,,,,,59
SLB,Solomon Islands,2005,0.0,0.0,0.0,0.0,,,,,,60
SLB,Solomon Islands,2006,0.0,0.0,0.0,0.0,,,,,,61
SLB,Solomon Islands,2007,0.0,0.0,0.0,0.0,,,,,,62
SLB,Solomon Islands,2008,0.0,0.0,0.0,0.0,,,,,,63
SLB,Solomon Islands,2009,0.0,0.0,0.0,0.0,,,,,,64
SLB,Solomon Islands,2010,0.0,0.0,0.0,0.0,,,,,,65
SLB,Solomon Islands,2011,0.0,0.0,0.0,0.0,,,,,,66
SLB,Solomon Islands,2012,0.0,0.0,0.0,0.0,,,,,,67
SLB,Solomon Islands,2013,0.0,0.0,0.0,0.0,,,,,,68
SLB,Solomon Islands,2014,0.0,0.0,0.0,0.0,,,,,,69
SLB,Solomon Islands,2015,0.0,0.0,0.0,0.0,,,,,,70
SLB,Solomon Islands,2016,0.0,0.0,0.0,0.0,,,,,,71
SLB,Solomon Islands,2017,0.0,0.0,0.0,0.0,,,,,,72
SLB,Solomon Islands,2018,0.0,0.0,0.0,0.0,,,,,,73
SLB,Solomon Islands,2019,0.0,0.0,0.0,0.0,,,,,,74
SLB,Solomon Islands,2020,0.0,0.0,0.0,0.0,,,,,,75
SLB,Solomon Islands,2021,0.0,0.0,0.0,0.0,,,,,,76
SLB,Solomon Islands,2022,,,,,,,,,,77
SLB,Solomon Islands,2023,,,,,,,,,,78
SLB,Solomon Islands,2024,,,,,,,,,,79
SLB,Solomon Islands,2025,,,,,,,,,,80
SLE,Sierra Leone,1960,,,,,,,,,,15
SLE,Sierra Leone,1961,,,,,,,,,,16
SLE,Sierra Leone,1962,,,,,,,,,,17
SLE,Sierra Leone,1963,,,,,,,,,,18
SLE,Sierra Leone,1964,,,,,,,,,,19
SLE,Sierra Leone,1965,,,,,,,,,,20
SLE,Sierra Leone,1966,,,,,,,,,,21
SLE,Sierra Leone,1967,,,,,,,,,,22
SLE,Sierra Leone,1968,,,,,,,,,,23
SLE,Sierra Leone,1969,,,,,,,,,,24
SLE,Sierra Leone,1970,,,,,,,,,,25
SLE,Sierra Leone,1971,,,,,,,,,,26
SLE,Sierra Leone,1972,,,,,,,,,,27
SLE,Sierra Leone,1973,,,,,,,,,,28
SLE,Sierra Leone,1974,,,,,,,,,,29
SLE,Sierra Leone,1975,,,,,,,,,,30
SLE,Sierra Leone,1976,,,,,,,,,,31
SLE,Sierra Leone,1977,,,,,,,,,,32
SLE,Sierra Leone,1978,,,,,,,,,,33
SLE,Sierra Leone,1979,,,,,,,,,,34
SLE,Sierra Leone,1980,0.0,0.0,,0.0,,,,,,35
SLE,Sierra Leone,1981,0.0,0.0,,0.0,,,,,,36
SLE,Sierra Leone,1982,0.0,0.0,,0.0,,,,,,37
SLE,Sierra Leone,1983,0.0,0.0,,0.0,,,,,,38
SLE,Sierra Leone,1984,0.0,0.0,,0.0,,,,,,39
SLE,Sierra Leone,1985,0.0,0.0,,0.0,,,,,,40
SLE,Sierra Leone,1986,0.0,0.0,,0.0,,,,,,41
SLE,Sierra Leone,1987,0.0,0.0,,0.0,,,,,,42
SLE,Sierra Leone,1988,0.0,0.0,,0.0,,,,,,43
SLE,Sierra Leone,1989,0.0,0.0,,0.0,,,,,,44
SLE,Sierra Leone,1990,0.0,0.0,,0.0,,,,,,45
SLE,Sierra Leone,1991,0.0,0.0,,0.0,,,,,,46
SLE,Sierra Leone,1992,0.0,0.0,,0.0,,,,,,47
SLE,Sierra Leone,1993,0.0,0.0,,0.0,,,,,,48
SLE,Sierra Leone,1994,0.0,0.0,,0.0,,,,,,49
SLE,Sierra Leone,1995,0.0,0.0,,0.0,,,,,,50
SLE,Sierra Leone,1996,0.0,0.0,,0.0,,,,,,51
SLE,Sierra Leone,1997,0.0,0.0,,0.0,,,,,,52
SLE,Sierra Leone,1998,0.0,0.0,,0.0,,,,,,53
SLE,Sierra Leone,1999,0.0,0.0,,0.0,,,,,,54
SLE,Sierra Leone,2000,0.0,0.0,,0.0,,,,,,55
SLE,Sierra Leone,2001,0.0,0.0,,0.0,,,,,,56
SLE,Sierra Leone,2002,0.0,0.0,,0.0,,,,,,57
SLE,Sierra Leone,2003,0.0,0.0,,0.0,,,,,,58
SLE,Sierra Leone,2004,0.0,0.0,,0.0,,,,,,59
SLE,Sierra Leone,2005,0.0,0.0,,0.0,,,,,,60
SLE,Sierra Leone,2006,0.0,0.0,,0.0,,,,,,61
SLE,Sierra Leone,2007,0.0,0.0,,0.0,,,,,,62
SLE,Sierra Leone,2008,0.0,0.0,,0.0,,,,,,63
SLE,Sierra Leone,2009,0.0,0.0,,0.0,,,,,,64
SLE,Sierra Leone,2010,0.0,0.0,,0.0,,,,,,65
SLE,Sierra Leone,2011,0.0,0.0,,0.0,,,,,,66
SLE,Sierra Leone,2012,0.0,0.0,,0.0,,,,,,67
SLE,Sierra Leone,2013,0.0,0.0,,0.0,,,,,,68
SLE,Sierra Leone,2014,0.0,0.0,,0.0,,,,,,69
SLE,Sierra Leone,2015,0.0,0.0,,0.0,,,,,,70
SLE,Sierra Leone,2016,0.0,0.0,,0.0,,,,,,71
SLE,Sierra Leone,2017,0.0,0.0,,0.0,,,,,,72
SLE,Sierra Leone,2018,0.0,0.0,,0.0,,,,,,73
SLE,Sierra Leone,2019,0.0,0.0,,0.0,,,,,,74
SLE,Sierra Leone,2020,0.0,0.0,,0.0,,,,,,75
SLE,Sierra Leone,2021,0.0,0.0,,0.0,,,,,,76
SLE,Sierra Leone,2022,,,,,,,,,,77
SLE,Sierra Leone,2023,,,,,,,,,,78
SLE,Sierra Leone,2024,,,,,,,,,,79
SLE,Sierra Leone,2025,,,,,,,,,,80
SLV,El Salvador,1960,,,,,,,,,,15
SLV,El Salvador,1961,,,,,,,,,,16
SLV,El Salvador,1962,,,,,,,,,,17
SLV,El Salvador,1963,,,,,,,,,,18
SLV,El Salvador,1964,,,,,,,,,,19
SLV,El Salvador,1965,,,,,,,,,,20
SLV,El Salvador,1966,,,,,,,,,,21
SLV,El Salvador,1967,,,,,,,,,,22
SLV,El Salvador,1968,,,,,,,,,,23
SLV,El Salvador,1969,,,,,,,,,,24
SLV,El Salvador,1970,,,,,,,,,,25
SLV,El Salvador,1971,0.0,0.0,0.0,0.0,,,,,,26
SLV,El Salvador,1972,0.0,0.0,0.0,0.0,,,,,,27
SLV,El Salvador,1973,0.0,0.0,0.0,0.0,,,,,,28
SLV,El Salvador,1974,0.0,0.0,0.0,0.0,,,,,,29
SLV,El Salvador,1975,0.0,0.0,0.0,0.0,,,,,,30
SLV,El Salvador,1976,0.0,0.0,0.0,0.0,,,,,,31
SLV,El Salvador,1977,0.0,0.0,0.0,0.0,,,,,,32
SLV,El Salvador,1978,0.0,0.0,0.0,0.0,,,,,,33
SLV,El Salvador,1979,0.0,0.0,0.0,0.0,,,,,,34
SLV,El Salvador,1980,0.0,0.0,0.0,0.0,,,,,,35
SLV,El Salvador,1981,0.0,0.0,0.0,0.0,,,,,,36
SLV,El Salvador,1982,0.0,0.0,0.0,0.0,,,,,,37
SLV,El Salvador,1983,0.0,0.0,0.0,0.0,,,,,,38
SLV,El Salvador,1984,0.0,0.0,0.0,0.0,,,,,,39
SLV,El Salvador,1985,0.0,0.0,0.0,0.0,,,,,,40
SLV,El Salvador,1986,0.0,0.0,0.0,0.0,,,,,,41
SLV,El Salvador,1987,0.0,0.0,0.0,0.0,,,,,,42
SLV,El Salvador,1988,0.0,0.0,0.0,0.0,,,,,,43
SLV,El Salvador,1989,0.0,0.0,0.0,0.0,,,,,,44
SLV,El Salvador,1990,0.0,0.0,0.0,0.0,,,,,,45
SLV,El Salvador,1991,0.0,0.0,0.0,0.0,,,,,,46
SLV,El Salvador,1992,0.0,0.0,0.0,0.0,,,,,,47
SLV,El Salvador,1993,0.0,0.0,0.0,0.0,,,,,,48
SLV,El Salvador,1994,0.0,0.0,0.0,0.0,,,,,,49
SLV,El Salvador,1995,0.0,0.0,0.0,0.0,,,,,,50
SLV,El Salvador,1996,0.0,0.0,0.0,0.0,,,,,,51
SLV,El Salvador,1997,0.0,0.0,0.0,0.0,,,,,,52
SLV,El Salvador,1998,0.0,0.0,0.0,0.0,,,,,,53
SLV,El Salvador,1999,0.0,0.0,0.0,0.0,,,,,,54
SLV,El Salvador,2000,0.0,0.0,0.0,0.0,,,,,,55
SLV,El Salvador,2001,0.0,0.0,0.0,0.0,,,,,,56
SLV,El Salvador,2002,0.0139375107962022,0.0,0.0,0.0139375107962022,,,,,,57
SLV,El Salvador,2003,0.0195408780039438,0.0,0.0,0.0195408780039438,,,,,,58
SLV,El Salvador,2004,0.0217385679327602,0.0,0.0,0.0217385679327602,,,,,,59
SLV,El Salvador,2005,0.135195934882048,0.0,0.0,0.135195934882048,,,,,,60
SLV,El Salvador,2006,0.56647035112419,0.0,0.0,0.56647035112419,,,,,,61
SLV,El Salvador,2007,0.458911583353226,0.0,0.0,0.458911583353226,,,,,,62
SLV,El Salvador,2008,0.577913009476031,0.0,0.0,0.577913009476031,,,,,,63
SLV,El Salvador,2009,0.138481519538933,0.0,0.0,0.138481519538933,,,,,,64
SLV,El Salvador,2010,0.0,0.0,0.0,0.0,,,,,,65
SLV,El Salvador,2011,0.0003752310294187,0.0,0.0,0.0003752310294187,,,,,,66
SLV,El Salvador,2012,0.0003419868074962,0.0,0.0,0.0003419868074962,,,,,,67
SLV,El Salvador,2013,0.0003032116047482,0.0,0.0,0.0003032116047482,,,,,,68
SLV,El Salvador,2014,0.0002689571546547,0.0,0.0,0.0002689571546547,,,,,,69
SLV,El Salvador,2015,0.0,0.0,0.0,0.0,,,,,,70
SLV,El Salvador,2016,0.0,0.0,0.0,0.0,,,,,,71
SLV,El Salvador,2017,0.0001063947033347,0.0,0.0,0.0001063947033347,,,,,,72
SLV,El Salvador,2018,0.0001620524890476,0.0,0.0,0.0001620524890476,,,,,,73
SLV,El Salvador,2019,0.0001255650591976,0.0,0.0,0.0001255650591976,,,,,,74
SLV,El Salvador,2020,6.48310040641576e-05,0.0,0.0,6.48310040641576e-05,,,,,,75
SLV,El Salvador,2021,0.000150418698822,0.0,0.0,0.000150418698822,,,,,,76
SLV,El Salvador,2022,,,,,,,,,,77
SLV,El Salvador,2023,,,,,,,,,,78
SLV,El Salvador,2024,,,,,,,,,,79
SLV,El Salvador,2025,,,,,,,,,,80
SMR,San Marino,1960,,,,,,,,,,15
SMR,San Marino,1961,,,,,,,,,,16
SMR,San Marino,1962,,,,,,,,,,17
SMR,San Marino,1963,,,,,,,,,,18
SMR,San Marino,1964,,,,,,,,,,19
SMR,San Marino,1965,,,,,,,,,,20
SMR,San Marino,1966,,,,,,,,,,21
SMR,San Marino,1967,,,,,,,,,,22
SMR,San Marino,1968,,,,,,,,,,23
SMR,San Marino,1969,,,,,,,,,,24
SMR,San Marino,1970,,,,,,,,,,25
SMR,San Marino,1971,,,,,,,,,,26
SMR,San Marino,1972,,,,,,,,,,27
SMR,San Marino,1973,,,,,,,,,,28
SMR,San Marino,1974,,,,,,,,,,29
SMR,San Marino,1975,,,,,,,,,,30
SMR,San Marino,1976,,,,,,,,,,31
SMR,San Marino,1977,,,,,,,,,,32
SMR,San Marino,1978,,,,,,,,,,33
SMR,San Marino,1979,,,,,,,,,,34
SMR,San Marino,1980,,,,,,,,,,35
SMR,San Marino,1981,,,,,,,,,,36
SMR,San Marino,1982,,,,,,,,,,37
SMR,San Marino,1983,,,,,,,,,,38
SMR,San Marino,1984,,,,,,,,,,39
SMR,San Marino,1985,,,,,,,,,,40
SMR,San Marino,1986,,,,,,,,,,41
SMR,San Marino,1987,,,,,,,,,,42
SMR,San Marino,1988,,,,,,,,,,43
SMR,San Marino,1989,,,,,,,,,,44
SMR,San Marino,1990,,,,,,,,,,45
SMR,San Marino,1991,,,,,,,,,,46
SMR,San Marino,1992,,,,,,,,,,47
SMR,San Marino,1993,,,,,,,,,,48
SMR,San Marino,1994,,,,,,,,,,49
SMR,San Marino,1995,,,,,,,,,,50
SMR,San Marino,1996,,,,,,,,,,51
SMR,San Marino,1997,,,,,,,,,,52
SMR,San Marino,1998,,,,,,,,,,53
SMR,San Marino,1999,,,,,,,,,,54
SMR,San Marino,2000,,,,,,,,,,55
SMR,San Marino,2001,,,,,,,,,,56
SMR,San Marino,2002,,,,,,,,,,57
SMR,San Marino,2003,,,,,,,,,,58
SMR,San Marino,2004,,,,,,,,,,59
SMR,San Marino,2005,,,,,,,,,,60
SMR,San Marino,2006,,,,,,,,,,61
SMR,San Marino,2007,,,,,,,,,,62
SMR,San Marino,2008,,,,,,,,,,63
SMR,San Marino,2009,,,,,,,,,,64
SMR,San Marino,2010,,,,,,,,,,65
SMR,San Marino,2011,,,,,,,,,,66
SMR,San Marino,2012,,,,,,,,,,67
SMR,San Marino,2013,,,,,,,,,,68
SMR,San Marino,2014,,,,,,,,,,69
SMR,San Marino,2015,,,,,,,,,,70
SMR,San Marino,2016,,,,,,,,,,71
SMR,San Marino,2017,,,,,,,,,,72
SMR,San Marino,2018,,,,,,,,,,73
SMR,San Marino,2019,,,,,,,,,,74
SMR,San Marino,2020,,,,,,,,,,75
SMR,San Marino,2021,,,,,,,,,,76
SMR,San Marino,2022,,,,,,,,,,77
SMR,San Marino,2023,,,,,,,,,,78
SMR,San Marino,2024,,,,,,,,,,79
SMR,San Marino,2025,,,,,,,,,,80
SOM,"Somalia, Fed. Rep.",1960,,,,,,,,,,15
SOM,"Somalia, Fed. Rep.",1961,,,,,,,,,,16
SOM,"Somalia, Fed. Rep.",1962,,,,,,,,,,17
SOM,"Somalia, Fed. Rep.",1963,,,,,,,,,,18
SOM,"Somalia, Fed. Rep.",1964,,,,,,,,,,19
SOM,"Somalia, Fed. Rep.",1965,,,,,,,,,,20
SOM,"Somalia, Fed. Rep.",1966,,,,,,,,,,21
SOM,"Somalia, Fed. Rep.",1967,,,,,,,,,,22
SOM,"Somalia, Fed. Rep.",1968,,,,,,,,,,23
SOM,"Somalia, Fed. Rep.",1969,,,,,,,,,,24
SOM,"Somalia, Fed. Rep.",1970,,,,,,,,,,25
SOM,"Somalia, Fed. Rep.",1971,,,,,,,,,,26
SOM,"Somalia, Fed. Rep.",1972,,,,,,,,,,27
SOM,"Somalia, Fed. Rep.",1973,,,,,,,,,,28
SOM,"Somalia, Fed. Rep.",1974,,,,,,,,,,29
SOM,"Somalia, Fed. Rep.",1975,,,,,,,,,,30
SOM,"Somalia, Fed. Rep.",1976,,,,,,,,,,31
SOM,"Somalia, Fed. Rep.",1977,,,,,,,,,,32
SOM,"Somalia, Fed. Rep.",1978,,,,,,,,,,33
SOM,"Somalia, Fed. Rep.",1979,,,,,,,,,,34
SOM,"Somalia, Fed. Rep.",1980,0.0,0.0,0.0,0.0,,,,,,35
SOM,"Somalia, Fed. Rep.",1981,0.0,0.0,0.0,0.0,,,,,,36
SOM,"Somalia, Fed. Rep.",1982,0.0,0.0,0.0,0.0,,,,,,37
SOM,"Somalia, Fed. Rep.",1983,0.0,0.0,0.0,0.0,,,,,,38
SOM,"Somalia, Fed. Rep.",1984,0.0,0.0,0.0,0.0,,,,,,39
SOM,"Somalia, Fed. Rep.",1985,0.0,0.0,0.0,0.0,,,,,,40
SOM,"Somalia, Fed. Rep.",1986,0.0,0.0,0.0,0.0,,,,,,41
SOM,"Somalia, Fed. Rep.",1987,0.0,0.0,0.0,0.0,,,,,,42
SOM,"Somalia, Fed. Rep.",1988,0.0,0.0,0.0,0.0,,,,,,43
SOM,"Somalia, Fed. Rep.",1989,0.0,0.0,0.0,0.0,,,,,,44
SOM,"Somalia, Fed. Rep.",1990,0.0,0.0,0.0,0.0,,,,,,45
SOM,"Somalia, Fed. Rep.",1991,,,,,,,,,,46
SOM,"Somalia, Fed. Rep.",1992,,,,,,,,,,47
SOM,"Somalia, Fed. Rep.",1993,,,,,,,,,,48
SOM,"Somalia, Fed. Rep.",1994,,,,,,,,,,49
SOM,"Somalia, Fed. Rep.",1995,,,,,,,,,,50
SOM,"Somalia, Fed. Rep.",1996,,,,,,,,,,51
SOM,"Somalia, Fed. Rep.",1997,,,,,,,,,,52
SOM,"Somalia, Fed. Rep.",1998,,,,,,,,,,53
SOM,"Somalia, Fed. Rep.",1999,,,,,,,,,,54
SOM,"Somalia, Fed. Rep.",2000,,,,,,,,,,55
SOM,"Somalia, Fed. Rep.",2001,,,,,,,,,,56
SOM,"Somalia, Fed. Rep.",2002,,,,,,,,,,57
SOM,"Somalia, Fed. Rep.",2003,,,,,,,,,,58
SOM,"Somalia, Fed. Rep.",2004,,,,,,,,,,59
SOM,"Somalia, Fed. Rep.",2005,,,,,,,,,,60
SOM,"Somalia, Fed. Rep.",2006,,,,,,,,,,61
SOM,"Somalia, Fed. Rep.",2007,,,,,,,,,,62
SOM,"Somalia, Fed. Rep.",2008,,,,,,,,,,63
SOM,"Somalia, Fed. Rep.",2009,,,,,,,,,,64
SOM,"Somalia, Fed. Rep.",2010,,,,,,,,,,65
SOM,"Somalia, Fed. Rep.",2011,,,,,,,,,,66
SOM,"Somalia, Fed. Rep.",2012,,,,,,,,,,67
SOM,"Somalia, Fed. Rep.",2013,0.0,0.0,0.0,0.0,,,,,,68
SOM,"Somalia, Fed. Rep.",2014,0.0,0.0,0.0,0.0,,,,,,69
SOM,"Somalia, Fed. Rep.",2015,0.0,0.0,0.0,0.0,,,,,,70
SOM,"Somalia, Fed. Rep.",2016,0.0,0.0,0.0,0.0,,,,,,71
SOM,"Somalia, Fed. Rep.",2017,0.0,0.0,0.0,0.0,,,,,,72
SOM,"Somalia, Fed. Rep.",2018,0.0,0.0,0.0,0.0,,,,,,73
SOM,"Somalia, Fed. Rep.",2019,0.0,0.0,0.0,0.0,,,,,,74
SOM,"Somalia, Fed. Rep.",2020,0.0,0.0,0.0,0.0,,,,,,75
SOM,"Somalia, Fed. Rep.",2021,0.0,0.0,0.0,0.0,,,,,,76
SOM,"Somalia, Fed. Rep.",2022,,,,,,,,,,77
SOM,"Somalia, Fed. Rep.",2023,,,,,,,,,,78
SOM,"Somalia, Fed. Rep.",2024,,,,,,,,,,79
SOM,"Somalia, Fed. Rep.",2025,,,,,,,,,,80
SRB,Serbia,1960,,,,,,,,,,15
SRB,Serbia,1961,,,,,,,,,,16
SRB,Serbia,1962,,,,,,,,,,17
SRB,Serbia,1963,,,,,,,,,,18
SRB,Serbia,1964,,,,,,,,,,19
SRB,Serbia,1965,,,,,,,,,,20
SRB,Serbia,1966,,,,,,,,,,21
SRB,Serbia,1967,,,,,,,,,,22
SRB,Serbia,1968,,,,,,,,,,23
SRB,Serbia,1969,,,,,,,,,,24
SRB,Serbia,1970,,,,,,,,,,25
SRB,Serbia,1971,,,,,,,,,,26
SRB,Serbia,1972,,,,,,,,,,27
SRB,Serbia,1973,,,,,,,,,,28
SRB,Serbia,1974,,,,,,,,,,29
SRB,Serbia,1975,,,,,,,,,,30
SRB,Serbia,1976,,,,,,,,,,31
SRB,Serbia,1977,,,,,,,,,,32
SRB,Serbia,1978,,,,,,,,,,33
SRB,Serbia,1979,,,,,,,,,,34
SRB,Serbia,1980,,,,,,,,,,35
SRB,Serbia,1981,,,,,,,,,,36
SRB,Serbia,1982,,,,,,,,,,37
SRB,Serbia,1983,,,,,,,,,,38
SRB,Serbia,1984,,,,,,,,,,39
SRB,Serbia,1985,,,,,,,,,,40
SRB,Serbia,1986,,,,,,,,,,41
SRB,Serbia,1987,,,,,,,,,,42
SRB,Serbia,1988,,,,,,,,,,43
SRB,Serbia,1989,,,,,,,,,,44
SRB,Serbia,1990,,,,,,,,,,45
SRB,Serbia,1991,,,,,,,,,,46
SRB,Serbia,1992,,,,,,,,,,47
SRB,Serbia,1993,,,,,,,,,,48
SRB,Serbia,1994,,,,,,,,,,49
SRB,Serbia,1995,0.360409734074695,0.191536069522713,0.117146261770044,0.6690920653674519,,,,,,50
SRB,Serbia,1996,0.374713227300187,0.0880509121451614,0.0646451025366397,0.5274092419819881,,,,,,51
SRB,Serbia,1997,0.238803566956788,0.0339261544028075,0.0607975385581407,0.3335272599177362,,,,,,52
SRB,Serbia,1998,0.091426987990608,0.0893391624358371,0.0143214237984465,0.19508757422489162,,,,,,53
SRB,Serbia,1999,0.288136800492102,0.0136266441748068,0.0101282259290125,0.3118916705959213,,,,,,54
SRB,Serbia,2000,1.7969801995401,0.380086161152018,0.155676752650817,2.332743113342935,,,,,,55
SRB,Serbia,2001,0.640648703587362,0.667174467093844,0.194580351731074,1.50240352241228,,,,,,56
SRB,Serbia,2002,0.386999681263742,0.180307652658389,0.0614026504358946,0.6287099843580257,,,,,,57
SRB,Serbia,2003,0.334564655960938,0.15271895942731,0.0471253269258943,0.5344089423141423,,,,,,58
SRB,Serbia,2004,0.383259938589225,1.28070649480875,0.0350931615188001,1.6990595949167753,,,,,,59
SRB,Serbia,2005,0.519958421629116,0.629976776204547,0.0318367581904063,1.1817719560240691,,,,,,60
SRB,Serbia,2006,0.511008373929242,0.594114632707021,0.0666669962598812,1.171790002896144,,,,,,61
SRB,Serbia,2007,0.42016623623444,0.745993990194135,0.0524474312654164,1.2186076576939915,,83.64535,,,83.64535,62
SRB,Serbia,2008,0.512169486154177,1.96972891573608,0.0797398435489287,2.5616382454391857,,87.06596,,,87.06596,63
SRB,Serbia,2009,0.335048938768352,0.596213698310541,0.0656187640385259,0.996881401117419,,86.256645,,,86.256645,64
SRB,Serbia,2010,0.53158669566208,1.20333406740157,0.0650552472058194,1.7999760102694695,,84.29399,,,84.29399,65
SRB,Serbia,2011,0.890629908467004,1.35617409823919,0.116728343146514,2.363532349852708,,90.89232,,,90.89232,66
SRB,Serbia,2012,1.09069028770519,0.606423310734233,0.142271504595546,1.839385103034969,,85.149,,,85.149,67
SRB,Serbia,2013,0.939643703344488,0.294236336295419,0.123419277420797,1.357299317060704,,89.81016,,,89.81016,68
SRB,Serbia,2014,0.863046421127908,0.189197922364837,0.0916939120491321,1.143938255541877,,66.563515,,,66.563515,69
SRB,Serbia,2015,0.402583557210894,0.182885402088284,0.082663006792981,0.668131966092159,,84.216576,,,84.216576,70
SRB,Serbia,2016,0.27662651720577,0.200469124583999,0.0464410927292416,0.5235367345190105,,84.43374,,,84.43374,71
SRB,Serbia,2017,0.363808378643262,0.247052965110584,0.0555773475209731,0.666438691274819,,83.92423,,,83.92423,72
SRB,Serbia,2018,0.502181565265322,0.232480155594805,0.0776448789031451,0.812306599763272,,76.86666,,,76.86666,73
SRB,Serbia,2019,0.426534457626405,0.172809612137558,0.0495486966264631,0.6488927663904261,,79.38111,,,79.38111,74
SRB,Serbia,2020,0.213906994350929,0.148927174115007,0.0227812082960578,0.38561537676199376,,83.79819,,,83.79819,75
SRB,Serbia,2021,0.42442078759101,0.235195620780373,0.0971253332700918,0.7567417416414748,,73.064964,,,73.064964,76
SRB,Serbia,2022,,,,,,69.53443,,,69.53443,77
SRB,Serbia,2023,,,,,,64.00724,,,64.00724,78
SRB,Serbia,2024,,,,,,63.06893,,,63.06893,79
SRB,Serbia,2025,,,,,,67.20684,,,67.20684,80
SSD,South Sudan,1960,,,,,,,,,,15
SSD,South Sudan,1961,,,,,,,,,,16
SSD,South Sudan,1962,,,,,,,,,,17
SSD,South Sudan,1963,,,,,,,,,,18
SSD,South Sudan,1964,,,,,,,,,,19
SSD,South Sudan,1965,,,,,,,,,,20
SSD,South Sudan,1966,,,,,,,,,,21
SSD,South Sudan,1967,,,,,,,,,,22
SSD,South Sudan,1968,,,,,,,,,,23
SSD,South Sudan,1969,,,,,,,,,,24
SSD,South Sudan,1970,,,,,,,,,,25
SSD,South Sudan,1971,,,,,,,,,,26
SSD,South Sudan,1972,,,,,,,,,,27
SSD,South Sudan,1973,,,,,,,,,,28
SSD,South Sudan,1974,,,,,,,,,,29
SSD,South Sudan,1975,,,,,,,,,,30
SSD,South Sudan,1976,,,,,,,,,,31
SSD,South Sudan,1977,,,,,,,,,,32
SSD,South Sudan,1978,,,,,,,,,,33
SSD,South Sudan,1979,,,,,,,,,,34
SSD,South Sudan,1980,,,,,,,,,,35
SSD,South Sudan,1981,,,,,,,,,,36
SSD,South Sudan,1982,,,,,,,,,,37
SSD,South Sudan,1983,,,,,,,,,,38
SSD,South Sudan,1984,,,,,,,,,,39
SSD,South Sudan,1985,,,,,,,,,,40
SSD,South Sudan,1986,,,,,,,,,,41
SSD,South Sudan,1987,,,,,,,,,,42
SSD,South Sudan,1988,,,,,,,,,,43
SSD,South Sudan,1989,,,,,,,,,,44
SSD,South Sudan,1990,,,,,,,,,,45
SSD,South Sudan,1991,,,,,,,,,,46
SSD,South Sudan,1992,,,,,,,,,,47
SSD,South Sudan,1993,,,,,,,,,,48
SSD,South Sudan,1994,,,,,,,,,,49
SSD,South Sudan,1995,,,,,,,,,,50
SSD,South Sudan,1996,,,,,,,,,,51
SSD,South Sudan,1997,,,,,,,,,,52
SSD,South Sudan,1998,,,,,,,,,,53
SSD,South Sudan,1999,,,,,,,,,,54
SSD,South Sudan,2000,,,,,,,,,,55
SSD,South Sudan,2001,,,,,,,,,,56
SSD,South Sudan,2002,,,,,,,,,,57
SSD,South Sudan,2003,,,,,,,,,,58
SSD,South Sudan,2004,,,,,,,,,,59
SSD,South Sudan,2005,,,,,,,,,,60
SSD,South Sudan,2006,,,,,,,,,,61
SSD,South Sudan,2007,,,,,,,,,,62
SSD,South Sudan,2008,58.2776601424041,,,58.2776601424041,,,,,,63
SSD,South Sudan,2009,35.188657039956,,,35.188657039956,,,,,,64
SSD,South Sudan,2010,43.7092935094988,,,43.7092935094988,,,,,,65
SSD,South Sudan,2011,50.3820140463065,,,50.3820140463065,,,,,,66
SSD,South Sudan,2012,3.55150590979899,0.0,0.0,3.55150590979899,,,17.831106,,17.831106,67
SSD,South Sudan,2013,13.3083956321822,0.0,0.0,13.3083956321822,,,57.131416,,57.131416,68
SSD,South Sudan,2014,26.3604396814303,0.0,0.0,26.3604396814303,,,88.99592,,88.99592,69
SSD,South Sudan,2015,10.3913729191421,0.0,0.0,10.3913729191421,,,84.63416,,84.63416,70
SSD,South Sudan,2016,,,,,,,78.520805,,78.520805,71
SSD,South Sudan,2017,,,,,,,84.326416,,84.326416,72
SSD,South Sudan,2018,,,,,,,82.66252,,82.66252,73
SSD,South Sudan,2019,,,,,,,98.25598,,98.25598,74
SSD,South Sudan,2020,,,,,,,94.508026,,94.508026,75
SSD,South Sudan,2021,,,,,,,87.407585,,87.407585,76
SSD,South Sudan,2022,,,,,,,80.80363,,80.80363,77
SSD,South Sudan,2023,,,,,,,84.58163,,84.58163,78
SSD,South Sudan,2024,,,,,,,49.68767,,49.68767,79
SSD,South Sudan,2025,,,,,,,75.98407,,75.98407,80
STP,Sao Tome and Principe,1960,,,,,,,,,,15
STP,Sao Tome and Principe,1961,,,,,,,,,,16
STP,Sao Tome and Principe,1962,,,,,,,,,,17
STP,Sao Tome and Principe,1963,,,,,,,,,,18
STP,Sao Tome and Principe,1964,,,,,,,,,,19
STP,Sao Tome and Principe,1965,,,,,,,,,,20
STP,Sao Tome and Principe,1966,,,,,,,,,,21
STP,Sao Tome and Principe,1967,,,,,,,,,,22
STP,Sao Tome and Principe,1968,,,,,,,,,,23
STP,Sao Tome and Principe,1969,,,,,,,,,,24
STP,Sao Tome and Principe,1970,,,,,,,,,,25
STP,Sao Tome and Principe,1971,,,,,,,,,,26
STP,Sao Tome and Principe,1972,,,,,,,,,,27
STP,Sao Tome and Principe,1973,,,,,,,,,,28
STP,Sao Tome and Principe,1974,,,,,,,,,,29
STP,Sao Tome and Principe,1975,,,,,,,,,,30
STP,Sao Tome and Principe,1976,,,,,,,,,,31
STP,Sao Tome and Principe,1977,,,,,,,,,,32
STP,Sao Tome and Principe,1978,,,,,,,,,,33
STP,Sao Tome and Principe,1979,,,,,,,,,,34
STP,Sao Tome and Principe,1980,,,,,,,,,,35
STP,Sao Tome and Principe,1981,,,,,,,,,,36
STP,Sao Tome and Principe,1982,,,,,,,,,,37
STP,Sao Tome and Principe,1983,,,,,,,,,,38
STP,Sao Tome and Principe,1984,,,,,,,,,,39
STP,Sao Tome and Principe,1985,,,,,,,,,,40
STP,Sao Tome and Principe,1986,,,,,,,,,,41
STP,Sao Tome and Principe,1987,,,,,,,,,,42
STP,Sao Tome and Principe,1988,,,,,,,,,,43
STP,Sao Tome and Principe,1989,,,,,,,,,,44
STP,Sao Tome and Principe,1990,,,,,,,,,,45
STP,Sao Tome and Principe,1991,,,,,,,,,,46
STP,Sao Tome and Principe,1992,,,,,,,,,,47
STP,Sao Tome and Principe,1993,,,,,,,,,,48
STP,Sao Tome and Principe,1994,,,,,,,,,,49
STP,Sao Tome and Principe,1995,,,,,,,,,,50
STP,Sao Tome and Principe,1996,,,,,,,,,,51
STP,Sao Tome and Principe,1997,,,,,,,,,,52
STP,Sao Tome and Principe,1998,,,,,,,,,,53
STP,Sao Tome and Principe,1999,,,,,,,,,,54
STP,Sao Tome and Principe,2000,,,,,,,,,,55
STP,Sao Tome and Principe,2001,0.0,0.0,0.0,0.0,,,,,,56
STP,Sao Tome and Principe,2002,0.0,0.0,0.0,0.0,,,,,,57
STP,Sao Tome and Principe,2003,0.0,0.0,0.0,0.0,,,,,,58
STP,Sao Tome and Principe,2004,0.0,0.0,0.0,0.0,,,,,,59
STP,Sao Tome and Principe,2005,0.0,0.0,0.0,0.0,,,,,,60
STP,Sao Tome and Principe,2006,0.0,0.0,0.0,0.0,,,,,,61
STP,Sao Tome and Principe,2007,0.0,0.0,0.0,0.0,,,,,,62
STP,Sao Tome and Principe,2008,0.0,0.0,0.0,0.0,,,,,,63
STP,Sao Tome and Principe,2009,0.0,0.0,0.0,0.0,,,,,,64
STP,Sao Tome and Principe,2010,0.0,0.0,0.0,0.0,,,,,,65
STP,Sao Tome and Principe,2011,0.0,0.0,0.0,0.0,,,,,,66
STP,Sao Tome and Principe,2012,0.0,0.0,0.0,0.0,,,,,,67
STP,Sao Tome and Principe,2013,0.0,0.0,0.0,0.0,,,,,,68
STP,Sao Tome and Principe,2014,0.0,0.0,0.0,0.0,,,,,,69
STP,Sao Tome and Principe,2015,0.0,0.0,0.0,0.0,,,,,,70
STP,Sao Tome and Principe,2016,0.0,0.0,0.0,0.0,,,,,,71
STP,Sao Tome and Principe,2017,0.0,0.0,0.0,0.0,,,,,,72
STP,Sao Tome and Principe,2018,0.0,0.0,0.0,0.0,,,,,,73
STP,Sao Tome and Principe,2019,0.0,0.0,0.0,0.0,,,,,,74
STP,Sao Tome and Principe,2020,0.0,0.0,0.0,0.0,,,,,,75
STP,Sao Tome and Principe,2021,0.0,0.0,0.0,0.0,,,,,,76
STP,Sao Tome and Principe,2022,,,,,,,,,,77
STP,Sao Tome and Principe,2023,,,,,,,,,,78
STP,Sao Tome and Principe,2024,,,,,,,,,,79
STP,Sao Tome and Principe,2025,,,,,,,,,,80
SUR,Suriname,1960,,,,,,,,,,15
SUR,Suriname,1961,,,,,,,,,,16
SUR,Suriname,1962,,,,,,,,,,17
SUR,Suriname,1963,,,,,,,,,,18
SUR,Suriname,1964,,,,,,,,,,19
SUR,Suriname,1965,,,,,,,,,,20
SUR,Suriname,1966,,,,,,,,,,21
SUR,Suriname,1967,,,,,,,,,,22
SUR,Suriname,1968,,,,,,,,,,23
SUR,Suriname,1969,,,,,,,,,,24
SUR,Suriname,1970,,,,,,,,,,25
SUR,Suriname,1971,,,,,,,,,,26
SUR,Suriname,1972,,,,,,,,,,27
SUR,Suriname,1973,,,,,,,,,,28
SUR,Suriname,1974,,,,,,,,,,29
SUR,Suriname,1975,,,,,,,,,,30
SUR,Suriname,1976,,,,,,,,,,31
SUR,Suriname,1977,,,,,,,,,,32
SUR,Suriname,1978,,,,,,,,,,33
SUR,Suriname,1979,,,,,,,,,,34
SUR,Suriname,1980,0.0,,0.0,0.0,,,,,,35
SUR,Suriname,1981,0.0,,0.0,0.0,,,,,,36
SUR,Suriname,1982,0.280038834678944,,0.0,0.280038834678944,,,,,,37
SUR,Suriname,1983,0.387361223441769,,0.0,0.387361223441769,,,,,,38
SUR,Suriname,1984,0.32928120711935,,0.0,0.32928120711935,,,,,,39
SUR,Suriname,1985,0.688035762997561,,0.0,0.688035762997561,,,,,,40
SUR,Suriname,1986,0.540075608205263,,0.0,0.540075608205263,,,,,,41
SUR,Suriname,1987,0.892539517373402,,0.0,0.892539517373402,,,,,,42
SUR,Suriname,1988,0.875946431225653,,0.0,0.875946431225653,,,,,,43
SUR,Suriname,1989,3.18690065242386,,0.0,3.18690065242386,,,,,,44
SUR,Suriname,1990,6.48868176638466,,0.0,6.48868176638466,,,,,,45
SUR,Suriname,1991,3.27359378253324,,0.0,3.27359378253324,,,,,,46
SUR,Suriname,1992,4.66907449228185,,0.0,4.66907449228185,,,,,,47
SUR,Suriname,1993,4.48964578891102,,0.0,4.48964578891102,,,,,,48
SUR,Suriname,1994,3.6497472360016,,0.0,3.6497472360016,,,,,,49
SUR,Suriname,1995,4.20272952774132,,0.0,4.20272952774132,,,,,,50
SUR,Suriname,1996,4.57306400000621,,0.0,4.57306400000621,,,,,,51
SUR,Suriname,1997,4.57159624352455,,0.0,4.57159624352455,,,,,,52
SUR,Suriname,1998,2.22792645485833,,0.0,2.22792645485833,,,,,,53
SUR,Suriname,1999,5.54774661240561,,0.0,5.54774661240561,,,,,,54
SUR,Suriname,2000,9.6570386910926,0.0,0.0,9.6570386910926,,,,,,55
SUR,Suriname,2001,8.57701308174341,0.0,0.0088000500514565,8.585813131794866,,,,,,56
SUR,Suriname,2002,6.6713651664465,0.0,0.0050251047321131,6.676390271178613,,,,,,57
SUR,Suriname,2003,5.97914212009237,0.0,0.0031429255614286,5.982285045653799,,,,,,58
SUR,Suriname,2004,6.45522246853907,0.0,0.0025923277373233,6.457814796276393,,,,,,59
SUR,Suriname,2005,8.63608457094893,0.0,0.0043483675207183,8.640432938469647,,,,,,60
SUR,Suriname,2006,7.84880116051496,0.0,0.004588553096066,7.853389713611026,,,,,,61
SUR,Suriname,2007,8.36431435476551,0.0,0.0056009874717888,8.369915342237299,,,,,,62
SUR,Suriname,2008,10.4429452069185,0.0,0.0056286725236785,10.44857387944218,,,,,,63
SUR,Suriname,2009,4.70070969381809,0.0,0.0055984975475813,4.706308191365671,,,,,,64
SUR,Suriname,2010,5.82683537587144,0.0,0.0034737955988175,5.830309171470257,,,,,,65
SUR,Suriname,2011,9.41801678852129,0.0,0.0072200994186196,9.42523688793991,,,,,,66
SUR,Suriname,2012,7.99471670842876,0.0,0.0069064115190479,8.001623119947807,,,,,,67
SUR,Suriname,2013,7.07724159024642,0.0,0.007681554810173,7.084923145056592,,,,,,68
SUR,Suriname,2014,6.48885277692169,0.0,0.006883551506635,6.495736328428325,,,,,,69
SUR,Suriname,2015,2.53674856688081,0.0,0.003306403765562,2.540054970646372,,,,,,70
SUR,Suriname,2016,2.93811167650529,0.0,0.0023368956109642,2.9404485721162543,,,,,,71
SUR,Suriname,2017,4.01262933516518,0.0,0.003170853961294,4.015800189126473,,,,,,72
SUR,Suriname,2018,5.79745793323679,0.0,0.0073787333698098,5.804836666606599,,,,,,73
SUR,Suriname,2019,4.64572430249017,0.0,0.0084664624214097,4.65419076491158,,,,,,74
SUR,Suriname,2020,2.99417364471055,0.0,0.0068415489224602,3.00101519363301,,,,,,75
SUR,Suriname,2021,7.93252614181898,0.0,0.0114578354460793,7.943983977265059,,,,,,76
SUR,Suriname,2022,,,,,,,,,,77
SUR,Suriname,2023,,,,,,,,,,78
SUR,Suriname,2024,,,,,,,,,,79
SUR,Suriname,2025,,,,,,,,,,80
SVK,Slovak Republic,1960,,,,,,,,,,15
SVK,Slovak Republic,1961,,,,,,,,,,16
SVK,Slovak Republic,1962,,,,,,,,,,17
SVK,Slovak Republic,1963,,,,,,,,,,18
SVK,Slovak Republic,1964,,,,,,,,,,19
SVK,Slovak Republic,1965,,,,,97.830956,,,,,20
SVK,Slovak Republic,1966,,,,,97.99826,,,,,21
SVK,Slovak Republic,1967,,,,,98.30359,,,,,22
SVK,Slovak Republic,1968,,,,,98.59728,,,,,23
SVK,Slovak Republic,1969,,,,,98.961716,,,,,24
SVK,Slovak Republic,1970,,,,,98.573715,,,,,25
SVK,Slovak Republic,1971,,,,,99.009605,,,,,26
SVK,Slovak Republic,1972,,,,,99.00786,,,,,27
SVK,Slovak Republic,1973,,,,,98.76276,,,,,28
SVK,Slovak Republic,1974,,,,,97.834724,,,,,29
SVK,Slovak Republic,1975,,,,,98.56663,,,,,30
SVK,Slovak Republic,1976,,,,,98.19511,,,,,31
SVK,Slovak Republic,1977,,,,,98.58761,,,,,32
SVK,Slovak Republic,1978,,,,,98.87015,,,,,33
SVK,Slovak Republic,1979,,,,,96.0465,,,,,34
SVK,Slovak Republic,1980,,,,,92.592766,,,,,35
SVK,Slovak Republic,1981,,,,,91.83133,,,,,36
SVK,Slovak Republic,1982,,,,,90.8712,,,,,37
SVK,Slovak Republic,1983,,,,,90.40125,,,,,38
SVK,Slovak Republic,1984,,,,,89.81515,,,,,39
SVK,Slovak Republic,1985,,,,,87.12893,,,,,40
SVK,Slovak Republic,1986,,,,,84.28483,,,,,41
SVK,Slovak Republic,1987,,,,,84.7471,,,,,42
SVK,Slovak Republic,1988,,,,,84.966095,,,,,43
SVK,Slovak Republic,1989,,,,,84.23862,,,,,44
SVK,Slovak Republic,1990,0.0281402221439932,0.102489741305278,0.05275906360157,0.1833890270508412,84.474,,,,,45
SVK,Slovak Republic,1991,0.013627016418704,0.0743451292797634,0.0230251727425651,0.1109973184410325,83.25531,,,,,46
SVK,Slovak Republic,1992,0.0122661772789879,0.0340592354958962,0.0102656547698441,0.0565910675447282,83.00056,,,,,47
SVK,Slovak Republic,1993,0.0213759915575167,0.0035368659735557,0.0198246010845898,0.0447374586156622,80.87847,,,,,48
SVK,Slovak Republic,1994,0.0156386182294211,0.0039360809950123,0.0179473022866676,0.037522001511101,78.47799,,,,,49
SVK,Slovak Republic,1995,0.0149998130978498,0.0143294277537448,0.0307966363609679,0.060125877212562504,80.5401,,,,,50
SVK,Slovak Republic,1996,0.0223281669641781,0.0077627010398856,0.0250953694647095,0.0551862374687732,81.15906,,,,,51
SVK,Slovak Republic,1997,0.016510382368542,0.0034877099397214,0.0251842167096787,0.045182309017942096,81.376945,,,,,52
SVK,Slovak Republic,1998,0.0037940962216565,0.0062517830011548,0.002741455501945,0.0127873347247563,80.39059,,,,,53
SVK,Slovak Republic,1999,0.0084629982033908,0.0012552448505565,0.0021491748976511,0.011867417951598399,77.92745,,,,,54
SVK,Slovak Republic,2000,0.0241597051195618,0.0109042669454798,0.0123527678853131,0.047416739950354704,73.44633,,,,,55
SVK,Slovak Republic,2001,0.0158003204347444,0.033598729963812,0.0284041624044545,0.0778032128030109,73.86061,,,,,56
SVK,Slovak Republic,2002,0.0138850270798446,0.00936864566598,0.0180339708315129,0.041287643577337496,73.09505,,,,,57
SVK,Slovak Republic,2003,0.0114928737044564,0.0065721280781694,0.0169668404135207,0.0350318421961465,73.680435,,,,,58
SVK,Slovak Republic,2004,0.0115043850236051,0.0512222167853151,0.0104427357183609,0.07316933752728111,74.04622,,,,,59
SVK,Slovak Republic,2005,0.0123977111611511,0.0237111395220124,0.0072347055637516,0.043343556246915105,73.422554,,,,,60
SVK,Slovak Republic,2006,0.0115567670110504,0.0195921805750578,0.019978118315044,0.0511270659011522,72.20734,,,,,61
SVK,Slovak Republic,2007,0.0082301455398637,0.0259605788731998,0.0104156861286163,0.0446064105416798,74.01491,,,,,62
SVK,Slovak Republic,2008,0.0089820773880756,0.0772952604119315,0.0130329314947467,0.0993102692947538,72.955345,,,,,63
SVK,Slovak Republic,2009,0.0045867361308343,0.0268393573979669,0.0104113495244654,0.0418374430532666,73.77993,,,,,64
SVK,Slovak Republic,2010,0.0046138618340476,0.0468397922200368,0.0092430296117691,0.0606966836658535,73.896164,,,,,65
SVK,Slovak Republic,2011,0.0079282610757199,0.0514007693903246,0.0150694280939769,0.0743984585600214,72.20935,,,,,66
SVK,Slovak Republic,2012,0.0077126838026071,0.0216387601585785,0.0206197380233814,0.049971181984567,70.51948,,,,,67
SVK,Slovak Republic,2013,0.0060061101829395,0.0109632160952374,0.0158850726127309,0.0328543988909078,70.23553,,,,,68
SVK,Slovak Republic,2014,0.0049117724875757,0.0089017514545121,0.0088875208200161,0.022701044762103897,67.85508,,,,,69
SVK,Slovak Republic,2015,0.0023961089915075,0.005611659091903,0.0069615431290524,0.014969311212462899,68.6696,,,,,70
SVK,Slovak Republic,2016,0.0014293291046049,0.005689190196584,0.0040303740905239,0.011148893391712801,69.212975,,,,,71
SVK,Slovak Republic,2017,0.0015119312864531,0.0070583846585728,0.0080255461313325,0.0165958620763584,70.35214,,,,,72
SVK,Slovak Republic,2018,0.0019836339816227,0.0061591334452401,0.0077005080235649,0.0158432754504277,70.86751,,,,,73
SVK,Slovak Republic,2019,0.0015669428982889,0.0043857923388116,0.0071331079237376,0.0130858431608381,68.41303,,,,,74
SVK,Slovak Republic,2020,0.0004918748572735,0.0025259562095748,0.0018579570682178,0.0048757881350661,67.37083,,,,,75
SVK,Slovak Republic,2021,0.0017634878469993,0.0051504475138018,0.0085420690496797,0.015456004410480801,69.22601,,,,,76
SVK,Slovak Republic,2022,,,,,67.39534,,,,,77
SVK,Slovak Republic,2023,,,,,63.853825,,,,,78
SVK,Slovak Republic,2024,,,,,62.10076,,,,,79
SVK,Slovak Republic,2025,,,,,61.979324,,,,,80
SVN,Slovenia,1960,,,,,,,,,,15
SVN,Slovenia,1961,,,,,,,,,,16
SVN,Slovenia,1962,,,,,,,,,,17
SVN,Slovenia,1963,,,,,,,,,,18
SVN,Slovenia,1964,,,,,,,,,,19
SVN,Slovenia,1965,,,,,,,,,,20
SVN,Slovenia,1966,,,,,,,,,,21
SVN,Slovenia,1967,,,,,,,,,,22
SVN,Slovenia,1968,,,,,,,,,,23
SVN,Slovenia,1969,,,,,,,,,,24
SVN,Slovenia,1970,,,,,,,,,,25
SVN,Slovenia,1971,,,,,,,,,,26
SVN,Slovenia,1972,,,,,,,,,,27
SVN,Slovenia,1973,,,,,,,,,,28
SVN,Slovenia,1974,,,,,,,,,,29
SVN,Slovenia,1975,,,,,,,,,,30
SVN,Slovenia,1976,,,,,,,,,,31
SVN,Slovenia,1977,,,,,,,,,,32
SVN,Slovenia,1978,,,,,,,,,,33
SVN,Slovenia,1979,,,,,,,,,,34
SVN,Slovenia,1980,,,,,,,,,,35
SVN,Slovenia,1981,,,,,,,,,,36
SVN,Slovenia,1982,,,,,,,,,,37
SVN,Slovenia,1983,,,,,,,,,,38
SVN,Slovenia,1984,,,,,,,,,,39
SVN,Slovenia,1985,,,,,,,,,,40
SVN,Slovenia,1986,,,,,,,,,,41
SVN,Slovenia,1987,,,,,,,,,,42
SVN,Slovenia,1988,,,,,,,,,,43
SVN,Slovenia,1989,,,,,,,,,,44
SVN,Slovenia,1990,,,,,73.799934,,,,,45
SVN,Slovenia,1991,,,,,70.81367,,,,,46
SVN,Slovenia,1992,,,,,73.937515,,,,,47
SVN,Slovenia,1993,,,,,75.65819,,,,,48
SVN,Slovenia,1994,,,,,73.418915,,,,,49
SVN,Slovenia,1995,7.47604676557127e-05,0.0203284097679051,0.0021958997093581,0.022599069944918913,74.53486,,,,,50
SVN,Slovenia,1996,8.94628877796405e-05,0.0108285599206418,0.0015008403422283,0.01241886315064974,76.09728,,,,,51
SVN,Slovenia,1997,6.01617847945739e-05,0.0051683614258628,0.0015589682640078,0.006787491474665173,75.83942,,,,,52
SVN,Slovenia,1998,1.40135241061114e-05,0.0094583356810189,0.0001267848682343,0.00959913407335931,74.92821,,,,,53
SVN,Slovenia,1999,3.7464529598148e-05,0.0016893656299688,8.58891412788655e-05,0.0018127193008458135,75.27614,,,,,54
SVN,Slovenia,2000,7.48466914379018e-05,0.0163917600364402,0.0008092503484916,0.017275857076369704,74.41179,,,,,55
SVN,Slovenia,2001,5.32255557663364e-05,0.0509555107401783,0.0014339527999448,0.05244268909588944,73.74789,,,,,56
SVN,Slovenia,2002,4.39489545980475e-05,0.0177864077166854,0.0009629597375629,0.018793316408846347,73.435356,,,,,57
SVN,Slovenia,2003,3.58600452949128e-05,0.0150453316994758,0.0006902232365196,0.015771414981290314,74.823746,,,,,58
SVN,Slovenia,2004,4.17014661148403e-05,0.125648797600669,0.000530541183289,0.12622104025007283,73.36713,,,,,59
SVN,Slovenia,2005,4.19073137576575e-05,0.0764419788031346,0.0003417383566642,0.07682562447355645,73.13852,,,,,60
SVN,Slovenia,2006,4.43761975018317e-05,0.0756138916344056,0.0006998323249208,0.07635810015682823,74.33002,,,,,61
SVN,Slovenia,2007,,0.105199115901079,0.0004451933543034,0.1056443092553824,74.13695,,,,,62
SVN,Slovenia,2008,,0.265542987225275,0.0006958143965071,0.2662388016217821,72.636925,,,,,63
SVN,Slovenia,2009,,0.0842431123503214,0.0005416287198345,0.0847847410701559,71.16784,,,,,64
SVN,Slovenia,2010,,0.172692452920431,0.0011870927785528,0.1738795456989838,71.619804,,,,,65
SVN,Slovenia,2011,,0.198688191035297,0.000488447837896,0.199176638873193,70.45002,,,,,66
SVN,Slovenia,2012,,0.0846941827577808,0.0005663601933554,0.0852605429511362,71.05199,,,,,67
SVN,Slovenia,2013,,0.0412122663771344,0.0008021523751533,0.042014418752287695,69.98408,,,,,68
SVN,Slovenia,2014,,0.0255015689572061,0.0005548151275294,0.026056384084735502,63.952293,,,,,69
SVN,Slovenia,2015,,0.0201511430029735,0.0004759171676123,0.020627060170585798,68.19968,,,,,70
SVN,Slovenia,2016,,0.0238351869758312,0.0004524425260059,0.024287629501837098,68.88643,,,,,71
SVN,Slovenia,2017,8.56129547999711e-05,0.0290558127086212,0.0009714597992659,0.03011288546268707,68.24361,,,,,72
SVN,Slovenia,2018,0.0002827546108903,0.0296353423505825,0.0026510687563406,0.032569165717813396,68.7532,,,,,73
SVN,Slovenia,2019,6.44611831761803e-05,0.0213962789454941,0.0007910621390699,0.022251802267740182,67.75908,,,,,74
SVN,Slovenia,2020,1.39101147863392e-05,0.017769657212655,0.0003095243146509,0.01809309164209224,63.20348,,,,,75
SVN,Slovenia,2021,2.90014634526052e-05,0.0258661890048008,0.0014338782731892,0.027329068741442607,65.62562,,,,,76
SVN,Slovenia,2022,,,,,66.58728,,,,,77
SVN,Slovenia,2023,,,,,62.76798,,,,,78
SVN,Slovenia,2024,,,,,63.165527,,,,,79
SVN,Slovenia,2025,,,,,63.18969,,,,,80
SWE,Sweden,1960,,,,,,,,,,15
SWE,Sweden,1961,,,,,,,,,,16
SWE,Sweden,1962,,,,,,,,,,17
SWE,Sweden,1963,,,,,,,,,,18
SWE,Sweden,1964,,,,,,,,,,19
SWE,Sweden,1965,,,,,,,,,,20
SWE,Sweden,1966,,,,,,,,,,21
SWE,Sweden,1967,,,,,,,,,,22
SWE,Sweden,1968,,,,,,,,,,23
SWE,Sweden,1969,,,,,,,,,,24
SWE,Sweden,1970,,0.0,0.0,0.0,,,,,,25
SWE,Sweden,1971,0.0,0.0,0.0,0.0,,,,,,26
SWE,Sweden,1972,0.0,0.0,0.0,0.0,,,,,,27
SWE,Sweden,1973,0.0,5.34899596628433e-07,0.0,5.34899596628433e-07,,,,,,28
SWE,Sweden,1974,0.0,1.15000100087788e-06,0.0,1.15000100087788e-06,,,,,,29
SWE,Sweden,1975,0.0,0.0003226799833777,0.0,0.0003226799833777,,,,,,30
SWE,Sweden,1976,0.0001527528092862,4.31344538744034e-05,0.0,0.0001958872631606034,,,,,,31
SWE,Sweden,1977,5.11686480933587e-05,6.54331481763206e-06,0.0,5.771196291099076e-05,,,,,,32
SWE,Sweden,1978,4.69544134790783e-05,2.35041034471207e-05,0.0,7.0458516926199e-05,,,,,,33
SWE,Sweden,1979,9.73856166314279e-05,1.4584664569886e-05,0.0,0.0001119702812013139,,,,,,34
SWE,Sweden,1980,0.0026418899058242,5.08663039234364e-05,0.0,0.0026927562097476365,,,,,,35
SWE,Sweden,1981,0.0004642996506461,0.0001369385951545,0.0,0.0006012382458006,,,,,,36
SWE,Sweden,1982,0.0009926031548464,0.0001369950799575,0.0,0.0011295982348039,,,,,,37
SWE,Sweden,1983,0.0018727375735052,4.89069024209752e-05,0.0,0.0019216444759261751,,,,,,38
SWE,Sweden,1984,0.0009244358360591,1.51650786854688e-05,0.0,0.0009396009147445688,,,,,,39
SWE,Sweden,1985,0.00045142979882,3.08496682590041e-05,0.0,0.0004822794670790041,54.955307,,,,,40
SWE,Sweden,1986,9.87641431645724e-05,3.5441122691869e-06,0.0,0.0001023082554337593,54.33782,,,,,41
SWE,Sweden,1987,0.0001305034430995,7.81494768483101e-07,0.0,0.0001312849378679831,50.86504,,,,,42
SWE,Sweden,1988,6.51882945464175e-05,7.17313742957238e-07,0.0,6.590560828937474e-05,49.049793,,,,,43
SWE,Sweden,1989,9.89312376055159e-05,0.0,0.0,9.89312376055159e-05,48.92434,,,,,44
SWE,Sweden,1990,0.0001132140922169,1.11794616192312e-05,0.0,0.0001243935538361312,44.68227,,,,,45
SWE,Sweden,1991,3.50341886107007e-05,2.46260744298986e-05,0.0,5.966026304059929e-05,42.631355,,,,,46
SWE,Sweden,1992,1.83309389348241e-05,1.73548144160105e-05,0.0,3.5685753350834604e-05,44.697395,,,,,47
SWE,Sweden,1993,1.30703650373528e-05,0.0,0.0,1.30703650373528e-05,45.947895,,,,,48
SWE,Sweden,1994,,0.0,0.0,0.0,46.57558,,,,,49
SWE,Sweden,1995,,0.0,0.0,0.0,46.24533,,,,,50
SWE,Sweden,1996,0.0,0.0,0.0,0.0,48.493916,,,,,51
SWE,Sweden,1997,0.0,0.0,0.0,0.0,46.31121,,,,,52
SWE,Sweden,1998,0.0,0.0,0.0,0.0,45.247887,,,,,53
SWE,Sweden,1999,0.0,0.0,0.0,0.0,44.702637,,,,,54
SWE,Sweden,2000,0.0,0.0,0.0,0.0,46.40543,,,,,55
SWE,Sweden,2001,0.0008551786349884,0.0,0.0,0.0008551786349884,43.67645,,,,,56
SWE,Sweden,2002,0.0018709938768809,0.0,0.0,0.0018709938768809,47.056396,,,,,57
SWE,Sweden,2003,0.0017899679501674,0.0,0.0,0.0017899679501674,48.744118,,,,,58
SWE,Sweden,2004,0.0027203525656138,0.0,0.0,0.0027203525656138,44.84101,,,,,59
SWE,Sweden,2005,0.0045184557264244,0.0,0.0,0.0045184557264244,43.78977,,,,,60
SWE,Sweden,2006,0.0069526892616705,0.0,0.0,0.0069526892616705,46.20083,,,,,61
SWE,Sweden,2007,0.010650077737385,0.0,0.0,0.010650077737385,44.474953,,,,,62
SWE,Sweden,2008,0.0182062873540388,0.0,0.0,0.0182062873540388,44.246567,,,,,63
SWE,Sweden,2009,0.0167686492033472,0.0,0.0,0.0167686492033472,44.71091,,,,,64
SWE,Sweden,2010,0.0203671152425583,0.0,0.0,0.0203671152425583,44.94156,,,,,65
SWE,Sweden,2011,0.0295942454553409,0.0,0.0,0.0295942454553409,41.70204,,,,,66
SWE,Sweden,2012,0.026228031109986,0.0,0.0,0.026228031109986,38.75851,,,,,67
SWE,Sweden,2013,0.020164251116792,0.0,0.0,0.020164251116792,38.79762,,,,,68
SWE,Sweden,2014,0.0174025911395759,0.0,0.0,0.0174025911395759,38.187702,,,,,69
SWE,Sweden,2015,0.0096049689495981,0.0,0.0,0.0096049689495981,37.74745,,,,,70
SWE,Sweden,2016,0.0076934048407406,0.0,0.0,0.0076934048407406,37.646057,,,,,71
SWE,Sweden,2017,0.0099777920128798,0.0,0.0,0.0099777920128798,36.507107,,,,,72
SWE,Sweden,2018,0.0261727179380502,0.0,0.0,0.0261727179380502,34.833,,,,,73
SWE,Sweden,2019,0.0253712710404297,0.0,0.0,0.0253712710404297,35.67228,,,,,74
SWE,Sweden,2020,0.0132039613355993,0.0,0.0,0.0132039613355993,35.840664,,,,,75
SWE,Sweden,2021,0.0272391808431431,0.0,0.0,0.0272391808431431,36.01485,,,,,76
SWE,Sweden,2022,,,,,33.601738,,,,,77
SWE,Sweden,2023,,,,,34.689316,,,,,78
SWE,Sweden,2024,,,,,36.28461,,,,,79
SWE,Sweden,2025,,,,,36.930458,,,,,80
SWZ,Eswatini,1960,,,,,,,,,,15
SWZ,Eswatini,1961,,,,,,,,,,16
SWZ,Eswatini,1962,,,,,,,,,,17
SWZ,Eswatini,1963,,,,,,,,,,18
SWZ,Eswatini,1964,,,,,,,,,,19
SWZ,Eswatini,1965,,,,,,,,,,20
SWZ,Eswatini,1966,,,,,,,,,,21
SWZ,Eswatini,1967,,,,,,,,,,22
SWZ,Eswatini,1968,,,,,,,,,,23
SWZ,Eswatini,1969,,,,,,,,,,24
SWZ,Eswatini,1970,,,,,,,,,,25
SWZ,Eswatini,1971,,,,,,,,,,26
SWZ,Eswatini,1972,,,,,,,,,,27
SWZ,Eswatini,1973,,,,,,,,,,28
SWZ,Eswatini,1974,,,,,,,,,,29
SWZ,Eswatini,1975,,,,,,,,,,30
SWZ,Eswatini,1976,,,,,,,,,,31
SWZ,Eswatini,1977,,,,,,,,,,32
SWZ,Eswatini,1978,,,,,,,,,,33
SWZ,Eswatini,1979,,,,,,,,,,34
SWZ,Eswatini,1980,0.0,0.776132533512522,0.0,0.776132533512522,,,,,,35
SWZ,Eswatini,1981,0.0,1.02026116512738,0.0,1.02026116512738,,,,,,36
SWZ,Eswatini,1982,0.0,0.913975886962388,0.0,0.913975886962388,,,,,,37
SWZ,Eswatini,1983,0.0,0.418684846546073,0.0,0.418684846546073,,,,,,38
SWZ,Eswatini,1984,0.0,0.460725270515158,0.0,0.460725270515158,,,,,,39
SWZ,Eswatini,1985,0.0,0.942972208587562,0.0,0.942972208587562,,,,,,40
SWZ,Eswatini,1986,0.0,0.605788367460221,0.0,0.605788367460221,,,,,,41
SWZ,Eswatini,1987,0.0,0.323418499319877,0.0,0.323418499319877,,,,,,42
SWZ,Eswatini,1988,0.0,0.306937044780335,0.0,0.306937044780335,,,,,,43
SWZ,Eswatini,1989,0.0,0.379367547614054,0.0,0.379367547614054,,,,,,44
SWZ,Eswatini,1990,0.0,0.263047868760782,0.0,0.263047868760782,,,,,,45
SWZ,Eswatini,1991,0.0,0.189776596294442,0.0,0.189776596294442,,,,,,46
SWZ,Eswatini,1992,0.0,0.12261719465641,0.0,0.12261719465641,,,,,,47
SWZ,Eswatini,1993,0.0,0.0472668478569081,0.0,0.0472668478569081,,,,,,48
SWZ,Eswatini,1994,0.0,0.148574413225218,0.0,0.148574413225218,,,,,,49
SWZ,Eswatini,1995,0.0,0.175607464978374,0.0,0.175607464978374,,,,,,50
SWZ,Eswatini,1996,0.0,0.121728433425632,0.0,0.121728433425632,,,,,,51
SWZ,Eswatini,1997,0.0,0.14793543692964,0.0,0.14793543692964,,,,,,52
SWZ,Eswatini,1998,0.0,0.190154080523832,0.0,0.190154080523832,,,,,,53
SWZ,Eswatini,1999,0.0,0.139358730283263,0.0,0.139358730283263,,,,,,54
SWZ,Eswatini,2000,0.0,0.189353306502732,0.0,0.189353306502732,,,,,,55
SWZ,Eswatini,2001,0.0,0.309258466417908,0.0,0.309258466417908,,,,,,56
SWZ,Eswatini,2002,0.0,0.293444161299127,0.0,0.293444161299127,,,,,,57
SWZ,Eswatini,2003,0.0,0.230948851392131,0.0,0.230948851392131,,,,,,58
SWZ,Eswatini,2004,0.0,0.609981752707433,0.0,0.609981752707433,,,,,,59
SWZ,Eswatini,2005,0.0,0.390358332774146,0.0,0.390358332774146,,,,,,60
SWZ,Eswatini,2006,0.0,0.402830471706429,0.0,0.402830471706429,,,,,,61
SWZ,Eswatini,2007,0.0,0.563215649827655,0.0,0.563215649827655,,,,,,62
SWZ,Eswatini,2008,0.0,1.24172908912956,0.0,1.24172908912956,,,,,,63
SWZ,Eswatini,2009,0.0,0.253220270716695,0.0,0.253220270716695,,,,,,64
SWZ,Eswatini,2010,0.170197299227968,0.181367359083379,0.0,0.351564658311347,,,,,,65
SWZ,Eswatini,2011,0.298564481507319,0.208422536147497,0.0,0.506987017654816,,,,,,66
SWZ,Eswatini,2012,0.42623661227343,0.150205014904108,0.0,0.576441627177538,,,,,,67
SWZ,Eswatini,2013,0.405654265154514,0.111475552315871,0.0,0.517129817470385,,,,,,68
SWZ,Eswatini,2014,0.312695221324426,0.0916667255052954,0.0,0.4043619468297214,,,,,,69
SWZ,Eswatini,2015,0.124269749067541,0.0697393884469083,0.0,0.19400913751444931,,,,,,70
SWZ,Eswatini,2016,0.116108859833854,0.110834094905383,0.0,0.22694295473923698,,,,,,71
SWZ,Eswatini,2017,0.0,0.137972175952829,0.0,0.137972175952829,,,,,,72
SWZ,Eswatini,2018,0.0,0.120450164054326,0.0,0.120450164054326,,,,,,73
SWZ,Eswatini,2019,0.0,0.0804154048931186,0.0,0.0804154048931186,,,,,,74
SWZ,Eswatini,2020,0.0,0.0757427100687126,0.0,0.0757427100687126,,,,,,75
SWZ,Eswatini,2021,0.0,0.13654443934385,0.0,0.13654443934385,,,,,,76
SWZ,Eswatini,2022,,,,,,,,,,77
SWZ,Eswatini,2023,,,,,,,,,,78
SWZ,Eswatini,2024,,,,,,,,,,79
SWZ,Eswatini,2025,,,,,,,,,,80
SXM,Sint Maarten (Dutch part),1960,,,,,,,,,,15
SXM,Sint Maarten (Dutch part),1961,,,,,,,,,,16
SXM,Sint Maarten (Dutch part),1962,,,,,,,,,,17
SXM,Sint Maarten (Dutch part),1963,,,,,,,,,,18
SXM,Sint Maarten (Dutch part),1964,,,,,,,,,,19
SXM,Sint Maarten (Dutch part),1965,,,,,,,,,,20
SXM,Sint Maarten (Dutch part),1966,,,,,,,,,,21
SXM,Sint Maarten (Dutch part),1967,,,,,,,,,,22
SXM,Sint Maarten (Dutch part),1968,,,,,,,,,,23
SXM,Sint Maarten (Dutch part),1969,,,,,,,,,,24
SXM,Sint Maarten (Dutch part),1970,,,,,,,,,,25
SXM,Sint Maarten (Dutch part),1971,,,,,,,,,,26
SXM,Sint Maarten (Dutch part),1972,,,,,,,,,,27
SXM,Sint Maarten (Dutch part),1973,,,,,,,,,,28
SXM,Sint Maarten (Dutch part),1974,,,,,,,,,,29
SXM,Sint Maarten (Dutch part),1975,,,,,,,,,,30
SXM,Sint Maarten (Dutch part),1976,,,,,,,,,,31
SXM,Sint Maarten (Dutch part),1977,,,,,,,,,,32
SXM,Sint Maarten (Dutch part),1978,,,,,,,,,,33
SXM,Sint Maarten (Dutch part),1979,,,,,,,,,,34
SXM,Sint Maarten (Dutch part),1980,,,,,,,,,,35
SXM,Sint Maarten (Dutch part),1981,,,,,,,,,,36
SXM,Sint Maarten (Dutch part),1982,,,,,,,,,,37
SXM,Sint Maarten (Dutch part),1983,,,,,,,,,,38
SXM,Sint Maarten (Dutch part),1984,,,,,,,,,,39
SXM,Sint Maarten (Dutch part),1985,,,,,,,,,,40
SXM,Sint Maarten (Dutch part),1986,,,,,,,,,,41
SXM,Sint Maarten (Dutch part),1987,,,,,,,,,,42
SXM,Sint Maarten (Dutch part),1988,,,,,,,,,,43
SXM,Sint Maarten (Dutch part),1989,,,,,,,,,,44
SXM,Sint Maarten (Dutch part),1990,,,,,,,,,,45
SXM,Sint Maarten (Dutch part),1991,,,,,,,,,,46
SXM,Sint Maarten (Dutch part),1992,,,,,,,,,,47
SXM,Sint Maarten (Dutch part),1993,,,,,,,,,,48
SXM,Sint Maarten (Dutch part),1994,,,,,,,,,,49
SXM,Sint Maarten (Dutch part),1995,,,,,,,,,,50
SXM,Sint Maarten (Dutch part),1996,,,,,,,,,,51
SXM,Sint Maarten (Dutch part),1997,,,,,,,,,,52
SXM,Sint Maarten (Dutch part),1998,,,,,,,,,,53
SXM,Sint Maarten (Dutch part),1999,,,,,,,,,,54
SXM,Sint Maarten (Dutch part),2000,,,,,,,,,,55
SXM,Sint Maarten (Dutch part),2001,,,,,,,,,,56
SXM,Sint Maarten (Dutch part),2002,,,,,,,,,,57
SXM,Sint Maarten (Dutch part),2003,,,,,,,,,,58
SXM,Sint Maarten (Dutch part),2004,,,,,,,,,,59
SXM,Sint Maarten (Dutch part),2005,,,,,,,,,,60
SXM,Sint Maarten (Dutch part),2006,,,,,,,,,,61
SXM,Sint Maarten (Dutch part),2007,,,,,,,,,,62
SXM,Sint Maarten (Dutch part),2008,,,,,,,,,,63
SXM,Sint Maarten (Dutch part),2009,,,,,,,,,,64
SXM,Sint Maarten (Dutch part),2010,,,,,,,,,,65
SXM,Sint Maarten (Dutch part),2011,,,,,,,,,,66
SXM,Sint Maarten (Dutch part),2012,,,,,,,,,,67
SXM,Sint Maarten (Dutch part),2013,,,,,,,,,,68
SXM,Sint Maarten (Dutch part),2014,,,,,,,,,,69
SXM,Sint Maarten (Dutch part),2015,,,,,,,,,,70
SXM,Sint Maarten (Dutch part),2016,,,,,,,,,,71
SXM,Sint Maarten (Dutch part),2017,,,,,,,,,,72
SXM,Sint Maarten (Dutch part),2018,,,,,,,,,,73
SXM,Sint Maarten (Dutch part),2019,,,,,,,,,,74
SXM,Sint Maarten (Dutch part),2020,,,,,,,,,,75
SXM,Sint Maarten (Dutch part),2021,,,,,,,,,,76
SXM,Sint Maarten (Dutch part),2022,,,,,,,,,,77
SXM,Sint Maarten (Dutch part),2023,,,,,,,,,,78
SXM,Sint Maarten (Dutch part),2024,,,,,,,,,,79
SXM,Sint Maarten (Dutch part),2025,,,,,,,,,,80
SYC,Seychelles,1960,,,,,,,,,,15
SYC,Seychelles,1961,,,,,,,,,,16
SYC,Seychelles,1962,,,,,,,,,,17
SYC,Seychelles,1963,,,,,,,,,,18
SYC,Seychelles,1964,,,,,,,,,,19
SYC,Seychelles,1965,,,,,,,,,,20
SYC,Seychelles,1966,,,,,,,,,,21
SYC,Seychelles,1967,,,,,,,,,,22
SYC,Seychelles,1968,,,,,,,,,,23
SYC,Seychelles,1969,,,,,,,,,,24
SYC,Seychelles,1970,,,,,,,,,,25
SYC,Seychelles,1971,,,,,,,,,,26
SYC,Seychelles,1972,,,,,,,,,,27
SYC,Seychelles,1973,,,,,,,,,,28
SYC,Seychelles,1974,,,,,,,,,,29
SYC,Seychelles,1975,,,,,,,,,,30
SYC,Seychelles,1976,,,,,,,,,,31
SYC,Seychelles,1977,,,,,,,,,,32
SYC,Seychelles,1978,,,,,,,,,,33
SYC,Seychelles,1979,,,,,,,,,,34
SYC,Seychelles,1980,0.0,0.0,0.0,0.0,,,,,,35
SYC,Seychelles,1981,0.0,0.0,0.0,0.0,,,,,,36
SYC,Seychelles,1982,0.0,0.0,0.0,0.0,,,,,,37
SYC,Seychelles,1983,0.0,0.0,0.0,0.0,,,,,,38
SYC,Seychelles,1984,0.0,0.0,0.0,0.0,,,,,,39
SYC,Seychelles,1985,0.0,0.0,0.0,0.0,,,,,,40
SYC,Seychelles,1986,0.0,0.0,0.0,0.0,,,,,,41
SYC,Seychelles,1987,0.0,0.0,0.0,0.0,,,,,,42
SYC,Seychelles,1988,0.0,0.0,0.0,0.0,,,,,,43
SYC,Seychelles,1989,0.0,0.0,0.0,0.0,,,,,,44
SYC,Seychelles,1990,0.0,0.0,0.0,0.0,,,,,,45
SYC,Seychelles,1991,0.0,0.0,0.0,0.0,,,,,,46
SYC,Seychelles,1992,0.0,0.0,0.0,0.0,,,,,,47
SYC,Seychelles,1993,0.0,0.0,0.0,0.0,,,,,,48
SYC,Seychelles,1994,0.0,0.0,0.0,0.0,,,,,,49
SYC,Seychelles,1995,0.0,0.0,0.0,0.0,,,,,,50
SYC,Seychelles,1996,0.0,0.0,0.0,0.0,,,,,,51
SYC,Seychelles,1997,0.0,0.0,0.0,0.0,,,,,,52
SYC,Seychelles,1998,0.0,0.0,0.0,0.0,,,,,,53
SYC,Seychelles,1999,0.0,0.0,0.0,0.0,,,,,,54
SYC,Seychelles,2000,0.0,0.0,0.0,0.0,,,,,,55
SYC,Seychelles,2001,0.0,0.0,0.0,0.0,,,,,,56
SYC,Seychelles,2002,0.0,0.0,0.0,0.0,,,,,,57
SYC,Seychelles,2003,0.0,0.0,0.0,0.0,,,,,,58
SYC,Seychelles,2004,0.0,0.0,0.0,0.0,,,,,,59
SYC,Seychelles,2005,0.0,0.0,0.0,0.0,,,,,,60
SYC,Seychelles,2006,0.0,0.0,0.0,0.0,,,,,,61
SYC,Seychelles,2007,0.0,0.0,0.0,0.0,,,,,,62
SYC,Seychelles,2008,0.0,0.0,0.0,0.0,,,,,,63
SYC,Seychelles,2009,0.0,0.0,0.0,0.0,,,,,,64
SYC,Seychelles,2010,0.0,0.0,0.0,0.0,,,,,,65
SYC,Seychelles,2011,0.0,0.0,0.0,0.0,,,,,,66
SYC,Seychelles,2012,0.0,0.0,0.0,0.0,,,,,,67
SYC,Seychelles,2013,0.0,0.0,0.0,0.0,,,,,,68
SYC,Seychelles,2014,0.0,0.0,0.0,0.0,,,,,,69
SYC,Seychelles,2015,0.0,0.0,0.0,0.0,,,,,,70
SYC,Seychelles,2016,0.0,0.0,0.0,0.0,,,,,,71
SYC,Seychelles,2017,0.0,0.0,0.0,0.0,,,,,,72
SYC,Seychelles,2018,0.0,0.0,0.0,0.0,,,,,,73
SYC,Seychelles,2019,0.0,0.0,0.0,0.0,,,,,,74
SYC,Seychelles,2020,0.0,0.0,0.0,0.0,,,,,,75
SYC,Seychelles,2021,0.0,0.0,0.0,0.0,,,,,,76
SYC,Seychelles,2022,,,,,,,,,,77
SYC,Seychelles,2023,,,,,,,,,,78
SYC,Seychelles,2024,,,,,,,,,,79
SYC,Seychelles,2025,,,,,,,,,,80
SYR,Syrian Arab Republic,1960,,,,,,,,,,15
SYR,Syrian Arab Republic,1961,,,,,,,,,,16
SYR,Syrian Arab Republic,1962,,,,,,,,,,17
SYR,Syrian Arab Republic,1963,,,,,,,,,,18
SYR,Syrian Arab Republic,1964,,,,,,,,,,19
SYR,Syrian Arab Republic,1965,,,,,,,,,,20
SYR,Syrian Arab Republic,1966,,,,,,,,,,21
SYR,Syrian Arab Republic,1967,,,,,,,,,,22
SYR,Syrian Arab Republic,1968,,,,,,,12.19484,,12.19484,23
SYR,Syrian Arab Republic,1969,,,,,,,30.693363,,30.693363,24
SYR,Syrian Arab Republic,1970,1.51692199518822,,0.0,1.51692199518822,,,49.22521,,49.22521,25
SYR,Syrian Arab Republic,1971,2.14362702161,0.0,0.0,2.14362702161,,,61.386726,,61.386726,26
SYR,Syrian Arab Republic,1972,2.62681949029117,0.0,0.0,2.62681949029117,,,67.94268,,67.94268,27
SYR,Syrian Arab Republic,1973,3.4979919567417,0.0,0.0,3.4979919567417,,,64.282326,,64.282326,28
SYR,Syrian Arab Republic,1974,10.4405513385578,0.0,0.0,10.4405513385578,,,74.70649,,74.70649,29
SYR,Syrian Arab Republic,1975,11.7440667642906,0.0,0.110176911061907,11.854243675352508,,,111.19105,0.0,111.19105,30
SYR,Syrian Arab Republic,1976,11.6385886302933,0.0,0.0999947253453612,11.738583355638662,,,116.722046,0.314,117.036046,31
SYR,Syrian Arab Republic,1977,10.6512436815037,0.0,0.117434044146612,10.768677725650313,,,105.978966,0.3495,106.328466,32
SYR,Syrian Arab Republic,1978,9.88212755521074,0.0,0.116714433486016,9.998841988696757,,,103.66249,0.337,103.99949000000001,33
SYR,Syrian Arab Republic,1979,16.7646667415908,0.0,0.157583049483535,16.922249791074336,,,96.71305,0.3475,97.06054999999999,34
SYR,Syrian Arab Republic,1980,15.2769187804736,0.0,0.120746067422329,15.39766484789593,,,91.751656,0.46775,92.21940599999999,35
SYR,Syrian Arab Republic,1981,10.8854680897114,0.0,0.0418489988572949,10.927317088568696,,,94.975685,0.472,95.44768499999999,36
SYR,Syrian Arab Republic,1982,8.07814697178203,0.0,0.015747859388655,8.093894831170685,,,89.76361,0.4925,90.25611,37
SYR,Syrian Arab Republic,1983,7.82989860232749,0.0,0.0438120145475615,7.8737106168750515,,,93.238335,0.7475,93.98583500000001,38
SYR,Syrian Arab Republic,1984,7.50091052630776,0.0,0.0389254547573918,7.539835981065152,,,94.07448,1.2624999,95.33697989999999,39
SYR,Syrian Arab Republic,1985,6.51353038101444,0.0,0.0188696092298042,6.532399990244244,,,92.25454,1.5,93.75454,40
SYR,Syrian Arab Republic,1986,2.73388073976416,0.0,0.0302527458694018,2.7641334856335615,,,116.05662,3.79275,119.84937,41
SYR,Syrian Arab Republic,1987,3.96633657327268,0.0,0.0508802813585206,4.017216854631201,,,133.54651,3.7342498,137.2807598,42
SYR,Syrian Arab Republic,1988,7.44098662854038,0.0,0.0834178586346553,7.524404487175036,,,155.51389,8.833501,164.34739100000002,43
SYR,Syrian Arab Republic,1989,11.8951959290728,0.0,0.14125071301687,12.03644664208967,,,196.96133,14.4592495,211.4205795,44
SYR,Syrian Arab Republic,1990,14.260823036194,0.0,0.360407226944227,14.621230263138226,,,235.21815,15.92175,251.1399,45
SYR,Syrian Arab Republic,1991,8.92841463608632,0.0,0.357725837663305,9.286140473749624,,,272.954,18.583502,291.537502,46
SYR,Syrian Arab Republic,1992,8.18580221007131,0.0,0.294257757808473,8.480059967879784,,,298.13672,19.221998,317.358718,47
SYR,Syrian Arab Republic,1993,7.26196334517648,0.0,0.28413289010584,7.54609623528232,,,327.12854,19.025,346.15353999999996,48
SYR,Syrian Arab Republic,1994,5.82564319070209,0.0,0.250971342156214,6.076614532858304,,,325.47263,20.623,346.09562999999997,49
SYR,Syrian Arab Republic,1995,5.88048416705209,0.0,0.185361198615347,6.065845365667437,,,344.38824,26.0055,370.39374,50
SYR,Syrian Arab Republic,1996,5.79836509975941,0.0,0.2286211077537,6.02698620751311,,,339.5189,27.7095,367.22839999999997,51
SYR,Syrian Arab Republic,1997,4.78815895353369,0.0,0.255767536456045,5.043926489989735,,,333.39658,42.978,376.37458,52
SYR,Syrian Arab Republic,1998,2.82312756899585,0.0,0.282578526409711,3.105706095405561,,,332.8291,54.193752,387.022852,53
SYR,Syrian Arab Republic,1999,4.21015883331316,0.0,0.271984500428486,4.482143333741646,,,334.38037,53.7225,388.10287000000005,54
SYR,Syrian Arab Republic,2000,6.13966972588644,0.0,0.316939048157981,6.456608774044422,,,326.75964,53.7225,380.48213999999996,55
SYR,Syrian Arab Republic,2001,4.92261404061527,0.0,0.302685305856379,5.225299346471648,,,347.75262,55.042,402.79462,56
SYR,Syrian Arab Republic,2002,5.18459530453076,0.0,0.302584914619139,5.487180219149899,,,380.76596,60.885498,441.651458,57
SYR,Syrian Arab Republic,2003,5.5304418274807,0.0,0.278268172734875,5.808710000215575,,,366.92746,64.56125,431.48870999999997,58
SYR,Syrian Arab Republic,2004,4.57641557385435,0.0,0.261697893974132,4.838113467828482,,,273.18494,59.377502,332.562442,59
SYR,Syrian Arab Republic,2005,5.29082341663287,0.0,0.243289229404521,5.534112646037391,,,251.98462,57.4925,309.47712,60
SYR,Syrian Arab Republic,2006,5.16369608370094,0.0,0.244769083877966,5.408465167578906,,,236.34837,58.906246,295.254616,61
SYR,Syrian Arab Republic,2007,4.59093161345655,0.0,0.208110443917523,4.799042057374073,,,226.50334,56.550003,283.053343,62
SYR,Syrian Arab Republic,2008,5.19652182902386,0.0,0.177136328257636,5.373658157281496,,,228.28531,55.6075,283.89281,63
SYR,Syrian Arab Republic,2009,2.96166778457661,0.0,0.194996151328667,3.1566639359052773,,,224.76598,61.356747,286.122727,64
SYR,Syrian Arab Republic,2010,3.83125650391356,0.0,0.219467459099197,4.050723963012757,,,215.50005,84.2595,299.75955,65
SYR,Syrian Arab Republic,2011,18.8708007318397,0.0,0.921556688835187,19.79235742067489,,,197.11723,74.17475,271.29198,66
SYR,Syrian Arab Republic,2012,13.5972766904663,0.0,1.21586112609928,14.81313781656558,,,93.95683,60.79125,154.74808,67
SYR,Syrian Arab Republic,2013,8.17348065756745,0.0,2.06076023244341,10.234240890010861,,,31.24378,49.9525,81.19628,68
SYR,Syrian Arab Republic,2014,3.75849764649316,0.0,1.78816109480561,5.54665874129877,,,16.979202,46.1825,63.161702,69
SYR,Syrian Arab Republic,2015,1.97169808202096,0.0,1.51664453933771,3.4883426213586697,,,13.930833,40.5275,54.458333,70
SYR,Syrian Arab Republic,2016,1.84950445227804,0.0,1.30377150544308,3.15327595772112,,,12.807587,35.34375,48.151337,71
SYR,Syrian Arab Republic,2017,1.8857145317546,0.0,1.19779659055655,3.08351112231115,,,12.546561,37.5115,50.058060999999995,72
SYR,Syrian Arab Republic,2018,1.87604739024899,0.0,1.45527201835553,3.33131940860452,,,12.223529,32.70475,44.928278999999996,73
SYR,Syrian Arab Republic,2019,2.46515545695966,0.0,1.28568177450559,3.7508372314652503,,,17.568169,30.442749,48.010918000000004,74
SYR,Syrian Arab Republic,2020,4.01504490668102,0.0,2.33049215153531,6.34553705821633,,,22.843412,25.824501,48.667913,75
SYR,Syrian Arab Republic,2021,,,,,,,23.058573,39.679253,62.737826,76
SYR,Syrian Arab Republic,2022,,,,,,,22.69265,34.40125,57.0939,77
SYR,Syrian Arab Republic,2023,,,,,,,22.12631,35.15525,57.28156,78
SYR,Syrian Arab Republic,2024,,,,,,,19.277864,35.15525,54.433114,79
SYR,Syrian Arab Republic,2025,,,,,,,18.794529,33.09063,51.885159,80
TCA,Turks and Caicos Islands,1960,,,,,,,,,,15
TCA,Turks and Caicos Islands,1961,,,,,,,,,,16
TCA,Turks and Caicos Islands,1962,,,,,,,,,,17
TCA,Turks and Caicos Islands,1963,,,,,,,,,,18
TCA,Turks and Caicos Islands,1964,,,,,,,,,,19
TCA,Turks and Caicos Islands,1965,,,,,,,,,,20
TCA,Turks and Caicos Islands,1966,,,,,,,,,,21
TCA,Turks and Caicos Islands,1967,,,,,,,,,,22
TCA,Turks and Caicos Islands,1968,,,,,,,,,,23
TCA,Turks and Caicos Islands,1969,,,,,,,,,,24
TCA,Turks and Caicos Islands,1970,,,,,,,,,,25
TCA,Turks and Caicos Islands,1971,,,,,,,,,,26
TCA,Turks and Caicos Islands,1972,,,,,,,,,,27
TCA,Turks and Caicos Islands,1973,,,,,,,,,,28
TCA,Turks and Caicos Islands,1974,,,,,,,,,,29
TCA,Turks and Caicos Islands,1975,,,,,,,,,,30
TCA,Turks and Caicos Islands,1976,,,,,,,,,,31
TCA,Turks and Caicos Islands,1977,,,,,,,,,,32
TCA,Turks and Caicos Islands,1978,,,,,,,,,,33
TCA,Turks and Caicos Islands,1979,,,,,,,,,,34
TCA,Turks and Caicos Islands,1980,,,,,,,,,,35
TCA,Turks and Caicos Islands,1981,,,,,,,,,,36
TCA,Turks and Caicos Islands,1982,,,,,,,,,,37
TCA,Turks and Caicos Islands,1983,,,,,,,,,,38
TCA,Turks and Caicos Islands,1984,,,,,,,,,,39
TCA,Turks and Caicos Islands,1985,,,,,,,,,,40
TCA,Turks and Caicos Islands,1986,,,,,,,,,,41
TCA,Turks and Caicos Islands,1987,,,,,,,,,,42
TCA,Turks and Caicos Islands,1988,,,,,,,,,,43
TCA,Turks and Caicos Islands,1989,,,,,,,,,,44
TCA,Turks and Caicos Islands,1990,,,,,,,,,,45
TCA,Turks and Caicos Islands,1991,,,,,,,,,,46
TCA,Turks and Caicos Islands,1992,,,,,,,,,,47
TCA,Turks and Caicos Islands,1993,,,,,,,,,,48
TCA,Turks and Caicos Islands,1994,,,,,,,,,,49
TCA,Turks and Caicos Islands,1995,,,,,,,,,,50
TCA,Turks and Caicos Islands,1996,,,,,,,,,,51
TCA,Turks and Caicos Islands,1997,,,,,,,,,,52
TCA,Turks and Caicos Islands,1998,,,,,,,,,,53
TCA,Turks and Caicos Islands,1999,,,,,,,,,,54
TCA,Turks and Caicos Islands,2000,,,,,,,,,,55
TCA,Turks and Caicos Islands,2001,0.0,0.0,0.0,0.0,,,,,,56
TCA,Turks and Caicos Islands,2002,0.0,0.0,0.0,0.0,,,,,,57
TCA,Turks and Caicos Islands,2003,0.0,0.0,0.0,0.0,,,,,,58
TCA,Turks and Caicos Islands,2004,0.0,0.0,0.0,0.0,,,,,,59
TCA,Turks and Caicos Islands,2005,0.0,0.0,0.0,0.0,,,,,,60
TCA,Turks and Caicos Islands,2006,0.0,0.0,0.0,0.0,,,,,,61
TCA,Turks and Caicos Islands,2007,0.0,0.0,0.0,0.0,,,,,,62
TCA,Turks and Caicos Islands,2008,0.0,0.0,0.0,0.0,,,,,,63
TCA,Turks and Caicos Islands,2009,0.0,0.0,0.0,0.0,,,,,,64
TCA,Turks and Caicos Islands,2010,0.0,0.0,0.0,0.0,,,,,,65
TCA,Turks and Caicos Islands,2011,0.0,0.0,0.0,0.0,,,,,,66
TCA,Turks and Caicos Islands,2012,0.0,0.0,0.0,0.0,,,,,,67
TCA,Turks and Caicos Islands,2013,0.0,0.0,0.0,0.0,,,,,,68
TCA,Turks and Caicos Islands,2014,0.0,0.0,0.0,0.0,,,,,,69
TCA,Turks and Caicos Islands,2015,0.0,0.0,0.0,0.0,,,,,,70
TCA,Turks and Caicos Islands,2016,0.0,0.0,0.0,0.0,,,,,,71
TCA,Turks and Caicos Islands,2017,0.0,0.0,0.0,0.0,,,,,,72
TCA,Turks and Caicos Islands,2018,0.0,0.0,0.0,0.0,,,,,,73
TCA,Turks and Caicos Islands,2019,0.0,0.0,0.0,0.0,,,,,,74
TCA,Turks and Caicos Islands,2020,0.0,0.0,0.0,0.0,,,,,,75
TCA,Turks and Caicos Islands,2021,0.0,0.0,0.0,0.0,,,,,,76
TCA,Turks and Caicos Islands,2022,,,,,,,,,,77
TCA,Turks and Caicos Islands,2023,,,,,,,,,,78
TCA,Turks and Caicos Islands,2024,,,,,,,,,,79
TCA,Turks and Caicos Islands,2025,,,,,,,,,,80
TCD,Chad,1960,,,,,,,,,,15
TCD,Chad,1961,,,,,,,,,,16
TCD,Chad,1962,,,,,,,,,,17
TCD,Chad,1963,,,,,,,,,,18
TCD,Chad,1964,,,,,,,,,,19
TCD,Chad,1965,,,,,,,,,,20
TCD,Chad,1966,,,,,,,,,,21
TCD,Chad,1967,,,,,,,,,,22
TCD,Chad,1968,,,,,,,,,,23
TCD,Chad,1969,,,,,,,,,,24
TCD,Chad,1970,,,,,,,,,,25
TCD,Chad,1971,,,,,,,,,,26
TCD,Chad,1972,,,,,,,,,,27
TCD,Chad,1973,,,,,,,,,,28
TCD,Chad,1974,,,,,,,,,,29
TCD,Chad,1975,,,,,,,,,,30
TCD,Chad,1976,,,,,,,,,,31
TCD,Chad,1977,,,,,,,,,,32
TCD,Chad,1978,,,,,,,,,,33
TCD,Chad,1979,,,,,,,,,,34
TCD,Chad,1980,0.0,0.0,0.0,0.0,,,,,,35
TCD,Chad,1981,0.0,0.0,0.0,0.0,,,,,,36
TCD,Chad,1982,0.0,0.0,0.0,0.0,,,,,,37
TCD,Chad,1983,0.0,0.0,0.0,0.0,,,,,,38
TCD,Chad,1984,0.0,0.0,0.0,0.0,,,,,,39
TCD,Chad,1985,0.0,0.0,0.0,0.0,,,,,,40
TCD,Chad,1986,0.0,0.0,0.0,0.0,,,,,,41
TCD,Chad,1987,0.0,0.0,0.0,0.0,,,,,,42
TCD,Chad,1988,0.0,0.0,0.0,0.0,,,,,,43
TCD,Chad,1989,0.0,0.0,0.0,0.0,,,,,,44
TCD,Chad,1990,0.0,0.0,0.0,0.0,,,,,,45
TCD,Chad,1991,0.0,0.0,0.0,0.0,,,,,,46
TCD,Chad,1992,0.0,0.0,0.0,0.0,,,,,,47
TCD,Chad,1993,0.0,0.0,0.0,0.0,,,,,,48
TCD,Chad,1994,0.0,0.0,0.0,0.0,,,,,,49
TCD,Chad,1995,0.0,0.0,0.0,0.0,,,,,,50
TCD,Chad,1996,0.0,0.0,0.0,0.0,,,,,,51
TCD,Chad,1997,0.0,0.0,0.0,0.0,,,,,,52
TCD,Chad,1998,0.0,0.0,0.0,0.0,,,,,,53
TCD,Chad,1999,0.0,0.0,0.0,0.0,,,0.0,,0.0,54
TCD,Chad,2000,0.0,0.0,0.0,0.0,,,,,,55
TCD,Chad,2001,0.0,0.0,0.0,0.0,,,,,,56
TCD,Chad,2002,0.0,0.0,0.0,0.0,,,,,,57
TCD,Chad,2003,4.74383447804891,0.0,0.0,4.74383447804891,,,14.391079,,14.391079,58
TCD,Chad,2004,29.8599644670772,0.0,0.0,29.8599644670772,,,102.74561,,102.74561,59
TCD,Chad,2005,32.6666259924004,0.0,0.0,32.6666259924004,,,105.92504,,105.92504,60
TCD,Chad,2006,30.8512410137952,0.0,0.0,30.8512410137952,,,93.542015,,93.542015,61
TCD,Chad,2007,28.9574096374403,0.0,0.0,28.9574096374403,,,87.68518,,87.68518,62
TCD,Chad,2008,29.6642941556194,0.0,0.0,29.6642941556194,,,77.81223,,77.81223,63
TCD,Chad,2009,14.6756159361222,0.0,0.0,14.6756159361222,,,71.9554,,71.9554,64
TCD,Chad,2010,20.0317465897842,0.0,0.0,20.0317465897842,,,74.46547,,74.46547,65
TCD,Chad,2011,24.3983730486377,0.0,0.0,24.3983730486377,,,69.44532,,69.44532,66
TCD,Chad,2012,20.5311950776099,0.0,0.0,20.5311950776099,,,61.74777,,61.74777,67
TCD,Chad,2013,15.7791942816497,0.0,0.0,15.7791942816497,,,55.358665,,55.358665,68
TCD,Chad,2014,11.3679339086533,0.0,0.0,11.3679339086533,,,54.240368,,54.240368,69
TCD,Chad,2015,6.2969962979888,0.0,0.0,6.2969962979888,,,67.56121,,67.56121,70
TCD,Chad,2016,6.59687876223435,0.0,0.0,6.59687876223435,,,71.3618,,71.3618,71
TCD,Chad,2017,10.2750096848343,0.0,0.0,10.2750096848343,,,60.108273,,60.108273,72
TCD,Chad,2018,16.6121673665612,0.0,0.0,16.6121673665612,,,70.548904,,70.548904,73
TCD,Chad,2019,15.5707595430138,0.0,0.0,15.5707595430138,,,77.494965,,77.494965,74
TCD,Chad,2020,9.22817147863275,0.0,0.0036785463425189,9.231850024975268,,,77.326004,,77.326004,75
TCD,Chad,2021,16.7515661611417,0.0,0.013490946600622,16.765057107742322,,,71.14674,,71.14674,76
TCD,Chad,2022,,,,,,,75.57923,,75.57923,77
TCD,Chad,2023,,,,,,,81.76247,,81.76247,78
TCD,Chad,2024,,,,,,,78.396484,,78.396484,79
TCD,Chad,2025,,,,,,,67.79699,,67.79699,80
TGO,Togo,1960,,,,,,,,,,15
TGO,Togo,1961,,,,,,,,,,16
TGO,Togo,1962,,,,,,,,,,17
TGO,Togo,1963,,,,,,,,,,18
TGO,Togo,1964,,,,,,,,,,19
TGO,Togo,1965,,,,,,,,,,20
TGO,Togo,1966,,,,,,,,,,21
TGO,Togo,1967,,,,,,,,,,22
TGO,Togo,1968,,,,,,,,,,23
TGO,Togo,1969,,,,,,,,,,24
TGO,Togo,1970,,,,,,,,,,25
TGO,Togo,1971,0.0,0.0,0.0,0.0,,,,,,26
TGO,Togo,1972,0.0,0.0,0.0,0.0,,,,,,27
TGO,Togo,1973,0.0,0.0,0.0,0.0,,,,,,28
TGO,Togo,1974,0.0,0.0,0.0,0.0,,,,,,29
TGO,Togo,1975,0.0,0.0,0.0,0.0,,,,,,30
TGO,Togo,1976,0.0,0.0,0.0,0.0,,,,,,31
TGO,Togo,1977,0.0,0.0,0.0,0.0,,,,,,32
TGO,Togo,1978,0.0,0.0,0.0,0.0,,,,,,33
TGO,Togo,1979,0.0,0.0,0.0,0.0,,,,,,34
TGO,Togo,1980,0.0,0.0,0.0,0.0,,,,,,35
TGO,Togo,1981,0.0,0.0,0.0,0.0,,,,,,36
TGO,Togo,1982,0.0,0.0,0.0,0.0,,,,,,37
TGO,Togo,1983,0.0,0.0,0.0,0.0,,,,,,38
TGO,Togo,1984,0.0,0.0,0.0,0.0,,,,,,39
TGO,Togo,1985,0.0,0.0,0.0,0.0,,,,,,40
TGO,Togo,1986,0.0,0.0,0.0,0.0,,,,,,41
TGO,Togo,1987,0.0,0.0,0.0,0.0,,,,,,42
TGO,Togo,1988,0.0,0.0,0.0,0.0,,,,,,43
TGO,Togo,1989,0.0,0.0,0.0,0.0,,,,,,44
TGO,Togo,1990,0.0,0.0,0.0,0.0,,,,,,45
TGO,Togo,1991,0.0,0.0,0.0,0.0,,,,,,46
TGO,Togo,1992,0.0,0.0,0.0,0.0,,,,,,47
TGO,Togo,1993,0.0,0.0,0.0,0.0,,,,,,48
TGO,Togo,1994,0.0,0.0,0.0,0.0,,,,,,49
TGO,Togo,1995,0.0,0.0,0.0,0.0,,,,,,50
TGO,Togo,1996,0.0,0.0,0.0,0.0,,,,,,51
TGO,Togo,1997,0.0,0.0,0.0,0.0,,,,,,52
TGO,Togo,1998,0.0,0.0,0.0,0.0,,,,,,53
TGO,Togo,1999,0.0,0.0,0.0,0.0,,,,,,54
TGO,Togo,2000,0.0,0.0,0.0,0.0,,,,,,55
TGO,Togo,2001,0.0,0.0,0.0,0.0,,,,,,56
TGO,Togo,2002,0.0,0.0,0.0,0.0,,,,,,57
TGO,Togo,2003,0.0,0.0,0.0,0.0,,,,,,58
TGO,Togo,2004,0.0,0.0,0.0,0.0,,,,,,59
TGO,Togo,2005,0.0,0.0,0.0,0.0,,,,,,60
TGO,Togo,2006,0.0,0.0,0.0,0.0,,,,,,61
TGO,Togo,2007,0.0,0.0,0.0,0.0,,,,,,62
TGO,Togo,2008,0.0,0.0,0.0,0.0,,,,,,63
TGO,Togo,2009,0.0,0.0,0.0,0.0,,,,,,64
TGO,Togo,2010,0.0,0.0,0.0,0.0,,,,,,65
TGO,Togo,2011,0.0,0.0,0.0,0.0,,,,,,66
TGO,Togo,2012,0.0,0.0,0.0,0.0,,,,,,67
TGO,Togo,2013,0.0,0.0,0.0,0.0,,,,,,68
TGO,Togo,2014,0.0,0.0,0.0,0.0,,,,,,69
TGO,Togo,2015,0.0,0.0,0.0,0.0,,,,,,70
TGO,Togo,2016,0.0,0.0,0.0,0.0,,,,,,71
TGO,Togo,2017,0.0,0.0,0.0,0.0,,,,,,72
TGO,Togo,2018,0.0,0.0,0.0,0.0,,,,,,73
TGO,Togo,2019,0.0,0.0,0.0,0.0,,,,,,74
TGO,Togo,2020,0.0,0.0,0.0,0.0,,,,,,75
TGO,Togo,2021,0.0,0.0,0.0,0.0,,,,,,76
TGO,Togo,2022,,,,,,,,,,77
TGO,Togo,2023,,,,,,,,,,78
TGO,Togo,2024,,,,,,,,,,79
TGO,Togo,2025,,,,,,,,,,80
THA,Thailand,1960,,,,,,,,,,15
THA,Thailand,1961,,,,,,,,,,16
THA,Thailand,1962,,,,,,,,,,17
THA,Thailand,1963,,,,,,,,,,18
THA,Thailand,1964,,,,,,,,,,19
THA,Thailand,1965,,,,,,,,,,20
THA,Thailand,1966,,,,,,,,,,21
THA,Thailand,1967,,,,,,,,,,22
THA,Thailand,1968,,,,,,,,,,23
THA,Thailand,1969,,,,,,,,,,24
THA,Thailand,1970,,,0.0,0.0,,,,,,25
THA,Thailand,1971,0.0001469959299826,0.0006535874453739,0.0,0.0008005833753565,,,,,,26
THA,Thailand,1972,0.0002033673387003,0.0005902575396774,0.0,0.0007936248783776999,,,,,,27
THA,Thailand,1973,0.0004852805496944,0.0008601368072391,0.0,0.0013454173569335,,,,,,28
THA,Thailand,1974,0.0027273116627343,0.0058197501978652,0.0,0.0085470618605995,,,,,,29
THA,Thailand,1975,0.0027024941379687,0.0175983750643347,0.0,0.0203008692023034,,,,,,30
THA,Thailand,1976,0.0034524897601067,0.0179280826433774,0.0,0.0213805724034841,,,,,,31
THA,Thailand,1977,0.0049510494977301,0.0147103236677135,0.0,0.0196613731654436,,,,,,32
THA,Thailand,1978,0.0036953536439252,0.0119741404378955,0.0,0.015669494081820702,,,,,,33
THA,Thailand,1979,0.0086241457630301,0.0213412262697496,0.0,0.0299653720327797,,,,,,34
THA,Thailand,1980,0.0096788538272741,0.0334477393716811,0.0,0.0431265931989552,,,,,,35
THA,Thailand,1981,0.0086475672986205,0.0619457486660168,0.0153795498028067,0.085972865767444,97.88143,5.294151,0.7787622,2.7255611,8.7984743,36
THA,Thailand,1982,0.0056003816983525,0.0826207900324641,0.0215291533707685,0.10975032510158511,97.30457,6.166187,2.806905,13.891569,22.864660999999998,37
THA,Thailand,1983,0.121096379753785,0.036783130742998,0.0477760783685262,0.2056555888653092,97.670074,5.8594704,6.8033895,16.353365,29.0162249,38
THA,Thailand,1984,0.255028986820187,0.028400554440436,0.0888161280662401,0.3722456693268631,97.65634,7.3388515,12.351028,24.41282,44.1026995,39
THA,Thailand,1985,0.398201638635679,0.0849877430670117,0.188638737212488,0.6718281189151787,97.983826,17.357018,23.377903,32.09128,72.826201,40
THA,Thailand,1986,0.165945628110213,0.0440023473668091,0.254893401524591,0.4648413770016131,97.11358,17.673073,22.965563,37.43983,78.07846599999999,41
THA,Thailand,1987,0.178253490297115,0.0117131606390687,0.266457824321674,0.4564244752578577,98.175766,22.56314,21.104242,52.30879,95.976172,42
THA,Thailand,1988,0.124273258971343,0.0264115649299956,0.21663113855748,0.3673159624588186,98.49317,23.977057,24.180489,61.9986,110.156146,43
THA,Thailand,1989,0.30573698012341,0.0433057760065092,0.204369623751815,0.5534123798817342,98.078064,30.69919,23.819426,61.936176,116.454792,44
THA,Thailand,1990,0.390458989518824,0.0560011364092438,0.249744851223849,0.6962049771519169,98.55278,41.606102,28.371239,67.498665,137.47600599999998,45
THA,Thailand,1991,0.204628439443956,0.0519257601754559,0.224722297368653,0.4812764969880649,98.79409,48.545338,32.836124,83.651276,165.032738,46
THA,Thailand,1992,0.222297336687868,0.0341689886984431,0.229012991913058,0.4854793172993691,98.99062,51.735832,38.406845,89.24366,179.386337,47
THA,Thailand,1993,0.191334945616026,0.0108630763740773,0.262412377140147,0.46461039913025026,99.22343,53.94501,39.468914,100.44572,193.859644,48
THA,Thailand,1994,0.15255889934956,0.0108850774414029,0.290985678665476,0.4544296554564389,99.14891,60.22411,39.733795,111.035835,210.99374,49
THA,Thailand,1995,0.135055462244214,0.0377788904739001,0.276167198070395,0.4490015507885091,98.832016,64.300316,38.619038,117.561066,220.48041999999998,50
THA,Thailand,1996,0.181677746071039,0.025233215226093,0.350365205446619,0.557276166743751,98.84853,74.10746,43.918797,135.9035,253.929757,51
THA,Thailand,1997,0.223459763581227,0.0187374250533438,0.539955160295128,0.7821523489296989,98.89812,80.10027,49.89238,167.30255,297.2952,52
THA,Thailand,1998,0.147065962629727,0.0388887221176765,0.562424657089437,0.7483793418368405,99.092415,69.81312,51.891117,181.63666,303.34089700000004,53
THA,Thailand,1999,0.259444930626917,0.0157577483332737,0.605655584869871,0.8808582638300617,99.32596,66.26717,56.512978,198.96596,321.746108,54
THA,Thailand,2000,0.687313150348311,0.0396739853349757,0.99488283784735,1.7218699735306366,98.972786,60.290333,82.92943,208.95029,352.170053,55
THA,Thailand,2001,0.524207577556559,0.101836945122403,0.925077140569247,1.551121663248209,98.95255,65.604416,90.50176,203.24478,359.350956,56
THA,Thailand,2002,0.526342209841627,0.0483539849713579,0.762297559806926,1.336993754619911,98.841675,66.16691,99.43188,212.44427,378.04305999999997,57
THA,Thailand,2003,0.6555395444715,0.0368438185690713,0.893375521627429,1.5857588846680002,98.78008,61.098713,116.088844,222.17865,399.36620700000003,58
THA,Thailand,2004,0.818270913353913,0.164555952608913,0.938004279981584,1.92083114594441,98.82017,65.2471,113.605606,231.47572,410.32842600000004,59
THA,Thailand,2005,1.3590750714862,0.107852367326969,0.91076699997037,2.3776944387835393,98.836205,69.57917,138.73035,245.1774,453.48692,60
THA,Thailand,2006,1.53654839015347,0.0879878363639183,0.710630622575337,2.3351668490927255,98.55726,62.060894,151.06125,251.70262,464.82476399999996,61
THA,Thailand,2007,1.36661103193532,0.112860184677332,0.613973903264137,2.093445119876789,98.40096,57.13045,159.3455,269.03192,485.50787,62
THA,Thailand,2008,1.90791786682769,0.246143154793898,0.693431593342433,2.847492614964021,98.199394,55.74603,168.27225,297.9794,521.99768,63
THA,Thailand,2009,1.00735619758168,0.0902411252496195,0.643700115109854,1.7412974379411537,98.04684,54.838264,174.30222,293.89734,523.037824,64
THA,Thailand,2010,1.3337808366326,0.131009402942346,0.671954379420834,2.13674461899578,97.99684,57.568237,177.12204,337.15103,571.841307,65
THA,Thailand,2011,1.77251079433152,0.18002944550965,0.611077945620696,2.563618185461866,97.61794,69.68879,183.92621,338.03888,591.6538800000001,66
THA,Thailand,2012,1.64099046582139,0.0797774473591743,0.651357695835709,2.3721256090162735,97.315445,55.27612,200.86676,384.49857,640.64145,67
THA,Thailand,2013,1.43416971462893,0.0508277078519803,0.653181573962076,2.1381789964429863,97.04767,54.446777,198.8096,389.34747,642.603847,68
THA,Thailand,2014,1.25645532400063,0.0391215139661008,0.911946344345926,2.2075231823126567,96.63011,53.64447,196.39471,390.91995,640.95913,69
THA,Thailand,2015,0.533712422055235,0.0211627843459833,0.902161446047801,1.4570366524490193,95.18109,44.87676,204.66713,374.77267,624.31656,70
THA,Thailand,2016,0.429121666160215,0.0257915731695363,0.627532636140883,1.0824458754706343,94.61888,50.06937,210.82658,372.7371,633.63305,71
THA,Thailand,2017,0.527823222383697,0.0297359600247265,0.552732935145776,1.1102921175541995,94.03107,47.74735,204.25745,359.46515,611.4699499999999,72
THA,Thailand,2018,0.680804724043357,0.0288539920601164,0.71765709497686,1.4273158110803335,93.183395,43.679813,197.32396,347.28116,588.284933,73
THA,Thailand,2019,0.459890940562708,0.0185040812105728,0.700466145845722,1.1788611676190028,92.4679,41.07177,196.86757,357.72687,595.6662100000001,74
THA,Thailand,2020,0.173930820486899,0.015831685103566,0.543937782887483,0.733700288477948,92.49205,38.171604,176.03465,327.01578,541.222034,75
THA,Thailand,2021,0.481657874747012,0.0335556904365916,0.939553101701137,1.4547666668847405,92.177185,40.96881,162.22333,315.2594,518.45154,76
THA,Thailand,2022,,,,,92.012115,39.29714,133.536,253.43556,426.2687,77
THA,Thailand,2023,,,,,90.91789,36.904957,130.3143,256.71954,423.938797,78
THA,Thailand,2024,,,,,91.12589,36.73458,144.10544,285.32764,466.16765999999996,79
THA,Thailand,2025,,,,,92.173935,35.894695,155.5866,293.73138,485.212675,80
TJK,Tajikistan,1960,,,,,,,,,,15
TJK,Tajikistan,1961,,,,,,,,,,16
TJK,Tajikistan,1962,,,,,,,,,,17
TJK,Tajikistan,1963,,,,,,,,,,18
TJK,Tajikistan,1964,,,,,,,,,,19
TJK,Tajikistan,1965,,,,,,,,,,20
TJK,Tajikistan,1966,,,,,,,,,,21
TJK,Tajikistan,1967,,,,,,,,,,22
TJK,Tajikistan,1968,,,,,,,,,,23
TJK,Tajikistan,1969,,,,,,,,,,24
TJK,Tajikistan,1970,,,,,,,,,,25
TJK,Tajikistan,1971,,,,,,,,,,26
TJK,Tajikistan,1972,,,,,,,,,,27
TJK,Tajikistan,1973,,,,,,,,,,28
TJK,Tajikistan,1974,,,,,,,,,,29
TJK,Tajikistan,1975,,,,,,,,,,30
TJK,Tajikistan,1976,,,,,,,,,,31
TJK,Tajikistan,1977,,,,,,,,,,32
TJK,Tajikistan,1978,,,,,,,,,,33
TJK,Tajikistan,1979,,,,,,,,,,34
TJK,Tajikistan,1980,,,,,,,,,,35
TJK,Tajikistan,1981,,,,,,,,,,36
TJK,Tajikistan,1982,,,,,,,,,,37
TJK,Tajikistan,1983,,,,,,,,,,38
TJK,Tajikistan,1984,,,,,,,,,,39
TJK,Tajikistan,1985,,,,,,,,,,40
TJK,Tajikistan,1986,,,,,,,,,,41
TJK,Tajikistan,1987,,,,,,,,,,42
TJK,Tajikistan,1988,,,,,,,,,,43
TJK,Tajikistan,1989,,,,,,,,,,44
TJK,Tajikistan,1990,1.32941154033489,0.118678235961059,0.245461164162692,1.693550940458641,,,,,,45
TJK,Tajikistan,1991,1.44203234686491,0.140320585158362,0.28071707096217,1.8630700029854421,,,,,,46
TJK,Tajikistan,1992,0.373235624982289,0.0337914219494674,0.0251100175961889,0.4321370645279453,,,,,,47
TJK,Tajikistan,1993,0.393962427002128,0.0056682258844969,0.038944567824051,0.4385752207106759,,,,,,48
TJK,Tajikistan,1994,0.298823179914826,0.0035881954259643,0.0266003297428213,0.32901170508361155,,,,,,49
TJK,Tajikistan,1995,0.338132479940795,0.0083382992524207,0.0698627836175062,0.41633356281072187,,,,,,50
TJK,Tajikistan,1996,0.428948082920156,0.0014156985598904,0.0627872589507447,0.4931510404307911,,,,,,51
TJK,Tajikistan,1997,0.319253743913911,0.0007617403648724,0.0996840320864752,0.4196995163652586,,,,,,52
TJK,Tajikistan,1998,0.0467197706947863,0.0009196788338715,0.0134157175820725,0.0610551671107303,,,,,,53
TJK,Tajikistan,1999,0.125359928201962,0.0001776899900653,0.0158957769990364,0.1414333951910637,,,,,,54
TJK,Tajikistan,2000,0.305499130051128,0.0029429461451376,0.0914729859877723,0.39991506218403794,,,,,,55
TJK,Tajikistan,2001,0.159928729256591,0.0087786953718377,0.193213990239822,0.3619214148682507,,,,,,56
TJK,Tajikistan,2002,0.127446536342407,0.0048354171609719,0.05365227247548,0.1859342259788589,,,,,,57
TJK,Tajikistan,2003,0.127382356278296,0.0052298866419889,0.0885959717666604,0.2212082146869453,,,,,,58
TJK,Tajikistan,2004,0.0922315559393627,0.0646122163168158,0.0578619435039931,0.2147057157601716,,,,,,59
TJK,Tajikistan,2005,0.134517641366481,0.0425437852799953,0.0459221665736546,0.22298359322013092,,,,,,60
TJK,Tajikistan,2006,0.134455288777573,0.0379902658502644,0.0736062135566721,0.24605176818450952,,,,,,61
TJK,Tajikistan,2007,0.106966593659828,0.0813681426159291,0.032368940223179,0.22070367649893607,,,,,,62
TJK,Tajikistan,2008,0.0958394628921368,0.208301086324095,0.0627381712148385,0.3668787204310703,,,,,,63
TJK,Tajikistan,2009,0.049879787862125,0.0658310666164315,0.0585409622594694,0.1742518167380259,,,,,,64
TJK,Tajikistan,2010,0.0500741640314768,0.107495178584937,0.049856903124005,0.20742624574041882,,,,,,65
TJK,Tajikistan,2011,0.0703343870138553,0.136269463787359,0.0307790333350719,0.2373828841362862,,,,,,66
TJK,Tajikistan,2012,0.0871854413002674,0.105436548204524,0.0218974409095776,0.214519430414369,,,,,,67
TJK,Tajikistan,2013,0.0751868970455604,0.0672896350707398,0.0168700383004247,0.1593465704167249,,,,,,68
TJK,Tajikistan,2014,0.0656854181326736,0.0964388396761259,0.031210224913698,0.19333448272249754,,,,,,69
TJK,Tajikistan,2015,0.0242529873354977,0.109017208585225,0.0175908036386464,0.1508609995593691,,,,,,70
TJK,Tajikistan,2016,0.0591268078088316,0.195033027210984,0.0140810763423515,0.2682409113621671,,,,,,71
TJK,Tajikistan,2017,0.108282689241086,0.311402640399041,0.0324362754535535,0.45212160509368043,,,,,,72
TJK,Tajikistan,2018,0.205073118353045,0.381540409384853,0.0658682090762832,0.6524817368141812,,,,,,73
TJK,Tajikistan,2019,0.198471762295415,0.278347271576925,0.0519023694772061,0.5287214033495461,,,,,,74
TJK,Tajikistan,2020,0.123761200414224,0.250783126023442,0.0309684488157527,0.4055127752534187,,,,,,75
TJK,Tajikistan,2021,0.287161792744173,0.486026357740751,0.171084791793257,0.9442729422781809,,,,,,76
TJK,Tajikistan,2022,,,,,,,,,,77
TJK,Tajikistan,2023,,,,,,,,,,78
TJK,Tajikistan,2024,,,,,,,,,,79
TJK,Tajikistan,2025,,,,,,,,,,80
TKM,Turkmenistan,1960,,,,,,,,,,15
TKM,Turkmenistan,1961,,,,,,,,,,16
TKM,Turkmenistan,1962,,,,,,,,,,17
TKM,Turkmenistan,1963,,,,,,,,,,18
TKM,Turkmenistan,1964,,,,,,,,,,19
TKM,Turkmenistan,1965,,,,,,,,,,20
TKM,Turkmenistan,1966,,,,,,,,,,21
TKM,Turkmenistan,1967,,,,,,,,,,22
TKM,Turkmenistan,1968,,,,,,,,,,23
TKM,Turkmenistan,1969,,,,,,,,,,24
TKM,Turkmenistan,1970,,,,,,,,,,25
TKM,Turkmenistan,1971,,,,,,,,,,26
TKM,Turkmenistan,1972,,,,,,,,,,27
TKM,Turkmenistan,1973,,,,,,,,,,28
TKM,Turkmenistan,1974,,,,,,,,,,29
TKM,Turkmenistan,1975,,,,,,,,,,30
TKM,Turkmenistan,1976,,,,,,,,,,31
TKM,Turkmenistan,1977,,,,,,,,,,32
TKM,Turkmenistan,1978,,,,,,,,,,33
TKM,Turkmenistan,1979,,,,,,,,,,34
TKM,Turkmenistan,1980,,,,,,,,,,35
TKM,Turkmenistan,1981,,,,,,,,,,36
TKM,Turkmenistan,1982,,,,,,,,,,37
TKM,Turkmenistan,1983,,,,,,,,,,38
TKM,Turkmenistan,1984,,,,,,,,,,39
TKM,Turkmenistan,1985,,,,,99.9979,,78.8514,787.31934,866.17074,40
TKM,Turkmenistan,1986,,,,,99.99831,,76.2928,801.61017,877.9029700000001,41
TKM,Turkmenistan,1987,31.9089121693983,,35.0774254555549,66.9863376249532,99.99831,,75.24609,833.78815,909.03424,42
TKM,Turkmenistan,1988,19.7363927884801,,23.1682614474906,42.904654235970696,99.998314,,66.5236,835.6809,902.2044999999999,43
TKM,Turkmenistan,1989,30.3019711262335,,26.4777974814329,56.7797686076664,99.99837,,66.8725,850.82355,917.69605,44
TKM,Turkmenistan,1990,36.9958648805975,0.0,38.1948209582931,75.1906858388906,99.998085,,66.291,792.4263,858.7173,45
TKM,Turkmenistan,1991,16.8800455826601,0.0,23.6347338350186,40.514779417678696,99.99786,,62.802002,761.4338,824.235802,46
TKM,Turkmenistan,1992,19.9047154993293,0.0,9.70585230583617,29.61056780516547,99.99712,,60.475998,503.0025,563.478498,47
TKM,Turkmenistan,1993,17.7942339413151,0.0,24.677795374246,42.4720293155611,99.99585,,50.962658,588.85754,639.820198,48
TKM,Turkmenistan,1994,17.8376089472006,0.0,16.3380941906672,34.1757031378678,99.996895,,48.75296,323.30374,372.0567,49
TKM,Turkmenistan,1995,19.3436639708266,0.0,28.3259964450915,47.6696604159181,99.99621,,47.334103,291.6375,338.97160299999996,50
TKM,Turkmenistan,1996,25.922048776799,0.0,32.6758365783035,58.597885355102505,99.99675,,50.64865,317.625,368.27365,51
TKM,Turkmenistan,1997,16.7788120542216,0.0,23.5922993575762,40.3711114117978,,,62.42984,156.21376,218.6436,52
TKM,Turkmenistan,1998,5.17003700619145,0.0,1.49915543442281,6.6691924406142595,,,74.07147,120.119995,194.191465,53
TKM,Turkmenistan,1999,16.0897902835792,0.0,2.62882151574485,18.71861179932405,,,82.14269,205.87875,288.02144,54
TKM,Turkmenistan,2000,30.535152185722,0.0,28.8052994112694,59.3404515969914,,,84.666405,424.36627,509.032675,55
TKM,Turkmenistan,2001,20.35664897038,0.0,55.0087709271248,75.36541989750481,,,90.07435,463.25125,553.3256,56
TKM,Turkmenistan,2002,18.1172651196065,0.0,34.3293247239732,52.4465898435797,,,95.4823,483.07877,578.56107,57
TKM,Turkmenistan,2003,17.8117065078813,0.0,30.9012594581728,48.7129659660541,,,101.2973,534.1875,635.4848,58
TKM,Turkmenistan,2004,20.5072458932071,0.0,23.5927753799222,44.1000212731293,,,107.2286,526.4875,633.7161,59
TKM,Turkmenistan,2005,24.9081038011301,0.0,18.2592836501092,43.1673874512393,,,113.1599,568.8375,681.9974,60
TKM,Turkmenistan,2006,19.4762524278938,0.0,32.0004828721463,51.476735300040104,,,116.1837,565.95,682.1337000000001,61
TKM,Turkmenistan,2007,20.0784433322394,0.0,29.1790627036662,49.2575060359056,,,119.4401,616.0,735.4401,62
TKM,Turkmenistan,2008,22.0912039942029,0.0,34.8737412958034,56.9649452900063,,,123.33614,616.0,739.33614,63
TKM,Turkmenistan,2009,10.2736499740055,0.0,12.6608257043539,22.934475678359398,,,126.4181,333.21753,459.63563,64
TKM,Turkmenistan,2010,10.1728023386414,0.0,13.0365514101396,23.209353748780998,,,129.4419,401.27826,530.72016,65
TKM,Turkmenistan,2011,14.0634051116026,0.0,20.2142716527897,34.277676764392304,,,133.8613,563.11456,696.97586,66
TKM,Turkmenistan,2012,12.1349569552354,0.0,18.7387438033312,30.8737007585666,,,139.4437,589.6141,729.0578,67
TKM,Turkmenistan,2013,11.1133699718905,0.0,16.3792738401097,27.4926438120002,,,145.02611,589.6141,734.64021,68
TKM,Turkmenistan,2014,8.82992886177661,0.0,11.3460551548795,20.17598401665611,,,149.44551,635.0418,784.48731,69
TKM,Turkmenistan,2015,4.89963192640452,0.0,10.5831552386189,15.48278716502342,,,153.8649,658.702,812.5669,70
TKM,Turkmenistan,2016,3.65533512745275,0.0,6.00228092118605,9.6576160486388,,,153.2834,632.2026,785.486,71
TKM,Turkmenistan,2017,5.57117152728362,0.0,7.45503774698666,13.026209274270279,,,151.82965,586.77484,738.60449,72
TKM,Turkmenistan,2018,8.53882490078466,0.0,11.5296473840406,20.068472284825262,,,145.47968,615.1672,760.64688,73
TKM,Turkmenistan,2019,5.84622688648033,0.0,7.64579312393199,13.49202001041232,,,142.0372,631.63184,773.66904,74
TKM,Turkmenistan,2020,,,,,,,120.96258,660.1465,781.10908,75
TKM,Turkmenistan,2021,,,,,,,113.91679,792.83594,906.75273,76
TKM,Turkmenistan,2022,,,,,,,111.326546,782.6819,894.008446,77
TKM,Turkmenistan,2023,,,,,,,105.59692,762.98425,868.5811699999999,78
TKM,Turkmenistan,2024,,,,,,,104.78281,734.63354,839.4163500000001,79
TKM,Turkmenistan,2025,,,,,,,105.949295,724.26086,830.210155,80
TLS,Timor-Leste,1960,,,,,,,,,,15
TLS,Timor-Leste,1961,,,,,,,,,,16
TLS,Timor-Leste,1962,,,,,,,,,,17
TLS,Timor-Leste,1963,,,,,,,,,,18
TLS,Timor-Leste,1964,,,,,,,,,,19
TLS,Timor-Leste,1965,,,,,,,,,,20
TLS,Timor-Leste,1966,,,,,,,,,,21
TLS,Timor-Leste,1967,,,,,,,,,,22
TLS,Timor-Leste,1968,,,,,,,,,,23
TLS,Timor-Leste,1969,,,,,,,,,,24
TLS,Timor-Leste,1970,,,,,,,,,,25
TLS,Timor-Leste,1971,,,,,,,,,,26
TLS,Timor-Leste,1972,,,,,,,,,,27
TLS,Timor-Leste,1973,,,,,,,,,,28
TLS,Timor-Leste,1974,,,,,,,,,,29
TLS,Timor-Leste,1975,,,,,,,,,,30
TLS,Timor-Leste,1976,,,,,,,,,,31
TLS,Timor-Leste,1977,,,,,,,,,,32
TLS,Timor-Leste,1978,,,,,,,,,,33
TLS,Timor-Leste,1979,,,,,,,,,,34
TLS,Timor-Leste,1980,,,,,,,,,,35
TLS,Timor-Leste,1981,,,,,,,,,,36
TLS,Timor-Leste,1982,,,,,,,,,,37
TLS,Timor-Leste,1983,,,,,,,,,,38
TLS,Timor-Leste,1984,,,,,,,,,,39
TLS,Timor-Leste,1985,,,,,,,,,,40
TLS,Timor-Leste,1986,,,,,,,,,,41
TLS,Timor-Leste,1987,,,,,,,,,,42
TLS,Timor-Leste,1988,,,,,,,,,,43
TLS,Timor-Leste,1989,,,,,,,,,,44
TLS,Timor-Leste,1990,,,,,,,,,,45
TLS,Timor-Leste,1991,,,,,,,,,,46
TLS,Timor-Leste,1992,,,,,,,,,,47
TLS,Timor-Leste,1993,,,,,,,,,,48
TLS,Timor-Leste,1994,,,,,,,,,,49
TLS,Timor-Leste,1995,,,,,,,,,,50
TLS,Timor-Leste,1996,,,,,,,,,,51
TLS,Timor-Leste,1997,,,,,,,,,,52
TLS,Timor-Leste,1998,,,,,,,,,,53
TLS,Timor-Leste,1999,,,,,,,,,,54
TLS,Timor-Leste,2000,,,,,,,,,,55
TLS,Timor-Leste,2001,,,,,,,,,,56
TLS,Timor-Leste,2002,,,,,,,,,,57
TLS,Timor-Leste,2003,0.0,0.0,0.0,0.0,,,,,,58
TLS,Timor-Leste,2004,,,,,,,,,,59
TLS,Timor-Leste,2005,,,,,,,,,,60
TLS,Timor-Leste,2006,,,,,,,,,,61
TLS,Timor-Leste,2007,,,,,,,,,,62
TLS,Timor-Leste,2008,,,,,,,,,,63
TLS,Timor-Leste,2009,,,,,,,,,,64
TLS,Timor-Leste,2010,,,,,,,,,,65
TLS,Timor-Leste,2011,,,,,,,,,,66
TLS,Timor-Leste,2012,,,,,,,,,,67
TLS,Timor-Leste,2013,,,,,,,,,,68
TLS,Timor-Leste,2014,,,,,,,,,,69
TLS,Timor-Leste,2015,24.2895242064057,0.0,54.9035548013805,79.1930790077862,,,,,,70
TLS,Timor-Leste,2016,12.5519849690425,0.0,31.7471782643786,44.2991632334211,,,,,,71
TLS,Timor-Leste,2017,13.2190114443342,0.0,31.3550190725644,44.5740305168986,,,,,,72
TLS,Timor-Leste,2018,14.4948180632868,0.0,48.1395183547075,62.6343364179943,,,,,,73
TLS,Timor-Leste,2019,12.5972177320814,0.0,32.2080214709969,44.8052392030783,,,,,,74
TLS,Timor-Leste,2020,2.79171478872949,0.0,31.4935640709367,34.28527885966619,,,,,,75
TLS,Timor-Leste,2021,5.29715520859989,0.0,29.3788715937531,34.67602680235299,,,,,,76
TLS,Timor-Leste,2022,,,,,,,,,,77
TLS,Timor-Leste,2023,,,,,,,,,,78
TLS,Timor-Leste,2024,,,,,,,,,,79
TLS,Timor-Leste,2025,,,,,,,,,,80
TON,Tonga,1960,,,,,,,,,,15
TON,Tonga,1961,,,,,,,,,,16
TON,Tonga,1962,,,,,,,,,,17
TON,Tonga,1963,,,,,,,,,,18
TON,Tonga,1964,,,,,,,,,,19
TON,Tonga,1965,,,,,,,,,,20
TON,Tonga,1966,,,,,,,,,,21
TON,Tonga,1967,,,,,,,,,,22
TON,Tonga,1968,,,,,,,,,,23
TON,Tonga,1969,,,,,,,,,,24
TON,Tonga,1970,,,,,,,,,,25
TON,Tonga,1971,,,,,,,,,,26
TON,Tonga,1972,,,,,,,,,,27
TON,Tonga,1973,,,,,,,,,,28
TON,Tonga,1974,,,,,,,,,,29
TON,Tonga,1975,,,,,,,,,,30
TON,Tonga,1976,,,,,,,,,,31
TON,Tonga,1977,,,,,,,,,,32
TON,Tonga,1978,,,,,,,,,,33
TON,Tonga,1979,,,,,,,,,,34
TON,Tonga,1980,0.0,0.0,0.0,0.0,,,,,,35
TON,Tonga,1981,0.0,0.0,0.0,0.0,,,,,,36
TON,Tonga,1982,0.0,0.0,0.0,0.0,,,,,,37
TON,Tonga,1983,0.0,0.0,0.0,0.0,,,,,,38
TON,Tonga,1984,0.0,0.0,0.0,0.0,,,,,,39
TON,Tonga,1985,0.0,0.0,0.0,0.0,,,,,,40
TON,Tonga,1986,0.0,0.0,0.0,0.0,,,,,,41
TON,Tonga,1987,0.0,0.0,0.0,0.0,,,,,,42
TON,Tonga,1988,0.0,0.0,0.0,0.0,,,,,,43
TON,Tonga,1989,0.0,0.0,0.0,0.0,,,,,,44
TON,Tonga,1990,0.0,0.0,0.0,0.0,,,,,,45
TON,Tonga,1991,0.0,0.0,0.0,0.0,,,,,,46
TON,Tonga,1992,0.0,0.0,0.0,0.0,,,,,,47
TON,Tonga,1993,0.0,0.0,0.0,0.0,,,,,,48
TON,Tonga,1994,0.0,0.0,0.0,0.0,,,,,,49
TON,Tonga,1995,0.0,0.0,0.0,0.0,,,,,,50
TON,Tonga,1996,0.0,0.0,0.0,0.0,,,,,,51
TON,Tonga,1997,0.0,0.0,0.0,0.0,,,,,,52
TON,Tonga,1998,0.0,0.0,0.0,0.0,,,,,,53
TON,Tonga,1999,0.0,0.0,0.0,0.0,,,,,,54
TON,Tonga,2000,0.0,0.0,0.0,0.0,,,,,,55
TON,Tonga,2001,0.0,0.0,0.0,0.0,,,,,,56
TON,Tonga,2002,0.0,0.0,0.0,0.0,,,,,,57
TON,Tonga,2003,0.0,0.0,0.0,0.0,,,,,,58
TON,Tonga,2004,0.0,0.0,0.0,0.0,,,,,,59
TON,Tonga,2005,0.0,0.0,0.0,0.0,,,,,,60
TON,Tonga,2006,0.0,0.0,0.0,0.0,,,,,,61
TON,Tonga,2007,0.0,0.0,0.0,0.0,,,,,,62
TON,Tonga,2008,0.0,0.0,0.0,0.0,,,,,,63
TON,Tonga,2009,0.0,0.0,0.0,0.0,,,,,,64
TON,Tonga,2010,0.0,0.0,0.0,0.0,,,,,,65
TON,Tonga,2011,0.0,0.0,0.0,0.0,,,,,,66
TON,Tonga,2012,0.0,0.0,0.0,0.0,,,,,,67
TON,Tonga,2013,0.0,0.0,0.0,0.0,,,,,,68
TON,Tonga,2014,0.0,0.0,0.0,0.0,,,,,,69
TON,Tonga,2015,0.0,0.0,0.0,0.0,,,,,,70
TON,Tonga,2016,0.0,0.0,0.0,0.0,,,,,,71
TON,Tonga,2017,0.0,0.0,0.0,0.0,,,,,,72
TON,Tonga,2018,0.0,0.0,0.0,0.0,,,,,,73
TON,Tonga,2019,0.0,0.0,0.0,0.0,,,,,,74
TON,Tonga,2020,0.0,0.0,0.0,0.0,,,,,,75
TON,Tonga,2021,0.0,0.0,0.0,0.0,,,,,,76
TON,Tonga,2022,,,,,,,,,,77
TON,Tonga,2023,,,,,,,,,,78
TON,Tonga,2024,,,,,,,,,,79
TON,Tonga,2025,,,,,,,,,,80
TTO,Trinidad and Tobago,1960,,,,,,,,,,15
TTO,Trinidad and Tobago,1961,,,,,,,,,,16
TTO,Trinidad and Tobago,1962,,,,,,,,,,17
TTO,Trinidad and Tobago,1963,,,,,,,,,,18
TTO,Trinidad and Tobago,1964,,,,,,,,,,19
TTO,Trinidad and Tobago,1965,,,,,,,77.58907,,77.58907,20
TTO,Trinidad and Tobago,1966,,,,,,,87.95666,,87.95666,21
TTO,Trinidad and Tobago,1967,,,,,,,102.93206,,102.93206,22
TTO,Trinidad and Tobago,1968,,,,,,,110.312996,,110.312996,23
TTO,Trinidad and Tobago,1969,,,,,,,90.42838,,90.42838,24
TTO,Trinidad and Tobago,1970,2.52803854365007,,0.0073898573590107,2.5354284010090806,,,80.63677,17.767576,98.404346,25
TTO,Trinidad and Tobago,1971,3.55794618272465,0.0,0.0109917596114109,3.5689379423360608,99.765114,,74.301025,18.635,92.936025,26
TTO,Trinidad and Tobago,1972,3.7660596982851,0.0,0.0873096123598612,3.853369310644961,99.82958,,81.43525,19.26075,100.696,27
TTO,Trinidad and Tobago,1973,6.58095082829843,0.0,0.0682106020335483,6.649161430331978,99.85764,,95.61217,18.498,114.11017000000001,28
TTO,Trinidad and Tobago,1974,26.7060926076335,0.0,0.296274941034618,27.00236754866812,99.8726,,107.70769,16.89975,124.60744,29
TTO,Trinidad and Tobago,1975,24.8198160753961,0.0,0.421542190449993,25.241358265846095,99.85453,,124.41102,15.35975,139.77077,30
TTO,Trinidad and Tobago,1976,25.6613486439443,0.0,0.45496991835851,26.116318562302812,99.89312,,122.44165,17.28825,139.7299,31
TTO,Trinidad and Tobago,1977,18.5405365976785,0.0,0.0315894358864919,18.57212603356499,99.87565,,131.89873,20.3215,152.22023000000002,32
TTO,Trinidad and Tobago,1978,18.0679289354533,0.0,0.0787204095511784,18.146649345004477,99.84428,,132.4747,24.26025,156.73495000000003,33
TTO,Trinidad and Tobago,1979,34.1047487404157,0.0,0.44848943245949,34.55323817287519,99.823746,,123.25906,25.0765,148.33556000000002,34
TTO,Trinidad and Tobago,1980,30.8691441066694,0.0,0.784883814689822,31.654027921359223,99.83568,,122.44165,28.3325,150.77415,35
TTO,Trinidad and Tobago,1981,26.0438053457002,0.0,0.426980170070862,26.470785515771063,99.88627,,108.859634,31.2095,140.069134,36
TTO,Trinidad and Tobago,1982,10.0101622321837,0.0,0.0974168892508651,10.107579121434565,99.908264,,101.947914,37.931248,139.879162,37
TTO,Trinidad and Tobago,1983,12.7356335662466,0.0,0.690474610798764,13.426108177045364,99.91643,,92.15631,39.297253,131.453563,38
TTO,Trinidad and Tobago,1984,13.6246965754373,0.0,1.16612545916778,14.79082203460508,99.931114,,98.18435,41.176003,139.360353,39
TTO,Trinidad and Tobago,1985,14.2751242962773,0.0,1.34877000857305,15.62389430485035,99.91283,,100.43309,42.152,142.58509,40
TTO,Trinidad and Tobago,1986,8.98360402400882,0.0,1.22364988092933,10.207253904938149,99.87178,,96.50558,43.1345,139.64008,41
TTO,Trinidad and Tobago,1987,13.5651722662593,0.0,0.854189026416529,14.419361292675829,99.838066,,88.54622,45.6935,134.23972,42
TTO,Trinidad and Tobago,1988,10.7904021615042,0.0,0.862466177351588,11.65286833885579,99.87166,,86.58319,52.59425,139.17744,43
TTO,Trinidad and Tobago,1989,16.589883924253,0.0,1.15184127625465,17.741725200507652,99.874374,,85.4033,52.694748,138.098048,44
TTO,Trinidad and Tobago,1990,19.1790340751601,0.0,1.37027101299972,20.54930508815982,99.86502,,85.770645,54.63375,140.404395,45
TTO,Trinidad and Tobago,1991,10.2691056776145,0.0,1.20384806307992,11.47295374069442,99.890816,,84.251305,55.351654,139.602959,46
TTO,Trinidad and Tobago,1992,9.75771843829555,0.0,1.0183039178995,10.77602235619505,99.87622,,80.81669,53.48801,134.3047,47
TTO,Trinidad and Tobago,1993,10.6547652741096,0.0,1.64916315328289,12.30392842739249,99.890396,,75.04474,60.033134,135.077874,48
TTO,Trinidad and Tobago,1994,9.81381626936522,0.0,1.54263993868097,11.35645620804619,99.8818,,78.65932,68.75722,147.41654,49
TTO,Trinidad and Tobago,1995,10.9376607291799,0.0,1.33483319065797,12.27249391983787,99.8876,,78.337265,73.813225,152.15049,50
TTO,Trinidad and Tobago,1996,12.5094687850089,0.0,1.44315146510097,13.95262025010987,99.94889,,77.6378,83.34405,160.98185,51
TTO,Trinidad and Tobago,1997,10.8230289174782,0.0,1.56242998764938,12.385458905127582,99.94588,,74.86783,90.44337,165.31119999999999,52
TTO,Trinidad and Tobago,1998,5.39944831985208,0.0,1.13952718203698,6.538975501889061,99.94668,,74.39617,90.44337,164.83954,53
TTO,Trinidad and Tobago,1999,8.61868442958768,0.0,1.85374826650399,10.47243269609167,99.95203,,77.276024,114.07534,191.351364,54
TTO,Trinidad and Tobago,2000,10.7143816589503,0.0,3.34791429564949,14.06229595459979,99.94863,,76.43616,138.3067,214.74286,55
TTO,Trinidad and Tobago,2001,6.84812051633887,0.0,3.30683344360185,10.15495395994072,99.92997,,73.56447,147.14865,220.71312,56
TTO,Trinidad and Tobago,2002,8.99788059666471,0.0,2.88169357636383,11.87957417302854,99.94326,,84.65373,172.62419,257.27792,57
TTO,Trinidad and Tobago,2003,7.97468958608519,0.0,2.66348882364855,10.63817840973374,99.97528,,89.189865,251.85416,341.04402500000003,58
TTO,Trinidad and Tobago,2004,8.45563862422733,0.0,2.36518324540915,10.820821869636479,99.95741,,82.83301,285.78665,368.61966,59
TTO,Trinidad and Tobago,2005,11.8042199194259,0.0,4.25076767239782,16.05498759182372,99.96293,,94.30742,300.10345,394.41087,60
TTO,Trinidad and Tobago,2006,12.247324628027,0.0,6.12814812345329,18.375472751480288,99.96226,,95.15004,355.6027,450.75274,61
TTO,Trinidad and Tobago,2007,9.2559242789235,0.0,6.68974803356777,15.945672312491268,99.9725,,83.64878,377.03345,460.68223,62
TTO,Trinidad and Tobago,2008,9.42207714451534,0.0,5.83750090698681,15.25957805150215,99.97059,,80.0862,373.99518,454.08138,63
TTO,Trinidad and Tobago,2009,6.48871343601529,0.0,9.64203595057167,16.13074938658696,99.97159,,79.109535,385.58212,464.69165499999997,64
TTO,Trinidad and Tobago,2010,7.31966084875628,0.0,6.15581814921932,13.4754789979756,99.998116,,72.47567,402.9303,475.40596999999997,65
TTO,Trinidad and Tobago,2011,9.46888642049548,0.0,11.699135017833,21.16802143832848,99.998085,,68.34508,386.85217,455.19725,66
TTO,Trinidad and Tobago,2012,7.63529240284805,0.0,11.3897470587304,19.02503946157845,99.99724,,60.269722,385.32407,445.593792,67
TTO,Trinidad and Tobago,2013,6.44936933049536,0.0,12.4709238479791,18.92029317847446,99.99728,,59.410603,387.4726,446.883203,68
TTO,Trinidad and Tobago,2014,5.58054269528671,0.0,9.97338093351379,15.5539236288005,99.99728,,58.77991,380.67206,439.45196999999996,69
TTO,Trinidad and Tobago,2015,2.24547082740531,0.0,5.23561682641395,7.4810876538192606,99.99718,,56.10478,359.55856,415.66334,70
TTO,Trinidad and Tobago,2016,1.82556957376394,0.0,2.23549470018448,4.0610642739484195,99.99681,,50.37355,312.817,363.19055000000003,71
TTO,Trinidad and Tobago,2017,2.68355173716595,0.0,3.01281216994103,5.69636390710698,99.99699,,50.93855,318.72928,369.66783000000004,72
TTO,Trinidad and Tobago,2018,3.66055639102177,0.0,7.50401786552981,11.16457425655158,99.99678,,45.36544,339.61115,384.97659,73
TTO,Trinidad and Tobago,2019,2.7745812273373,0.0,8.23659935274206,11.01118058007936,99.9968,,42.569534,345.6089,388.178434,74
TTO,Trinidad and Tobago,2020,1.42924604742787,0.0,4.38267376233176,5.81191980975963,99.99631,,39.91337,294.65265,334.56602,75
TTO,Trinidad and Tobago,2021,2.71054174202227,0.0,5.09452537557754,7.80506711759981,99.996376,,40.58855,247.22997,287.81852000000003,76
TTO,Trinidad and Tobago,2022,,,,,99.99639,,39.335358,259.79886,299.134218,77
TTO,Trinidad and Tobago,2023,,,,,99.99619,,39.670555,249.93607,289.606625,78
TTO,Trinidad and Tobago,2024,,,,,99.99563,,35.24253,244.12564,279.36817,79
TTO,Trinidad and Tobago,2025,,,,,99.90252,,37.32225,238.0383,275.36055,80
TUN,Tunisia,1960,,,,,,,,,,15
TUN,Tunisia,1961,,,,,,,,,,16
TUN,Tunisia,1962,,,,,,,,,,17
TUN,Tunisia,1963,,,,,,,,,,18
TUN,Tunisia,1964,,,,,,,,,,19
TUN,Tunisia,1965,,,,,,,,,,20
TUN,Tunisia,1966,,,,,,,8.96673,,8.96673,21
TUN,Tunisia,1967,,,,,,,26.06283,,26.06283,22
TUN,Tunisia,1968,,,,,,,37.11133,,37.11133,23
TUN,Tunisia,1969,,,,,,,43.11241,,43.11241,24
TUN,Tunisia,1970,2.03817424442132,,0.123129314322068,2.1613035587433878,,,48.27613,,48.27613,25
TUN,Tunisia,1971,2.29036569671627,0.0,0.137621604601247,2.427987301317517,,,47.787674,,47.787674,26
TUN,Tunisia,1972,2.12590015133778,0.0,0.156716135660847,2.282616286998627,,,46.25251,,46.25251,27
TUN,Tunisia,1973,2.55387238440898,0.0,0.156395762554286,2.7102681469632657,,,45.10114,,45.10114,28
TUN,Tunisia,1974,8.89423484787288,0.0,0.126101965297509,9.02033681317039,,,48.13657,,48.13657,29
TUN,Tunisia,1975,8.03513850477648,0.0,0.191387297539175,8.226525802315654,,,53.602673,,53.602673,30
TUN,Tunisia,1976,6.7641331511916,0.0,0.201101980080812,6.9652351312724115,,,43.1473,,43.1473,31
TUN,Tunisia,1977,7.48354615911459,0.0,0.206977033299091,7.690523192413681,,,50.05552,,50.05552,32
TUN,Tunisia,1978,7.52116486918051,0.0,0.194142955047072,7.715307824227582,,,57.49872,,57.49872,33
TUN,Tunisia,1979,16.2800073164075,0.0,0.225100278429631,16.50510759483713,,,64.383675,,64.383675,34
TUN,Tunisia,1980,15.6604734716248,0.0,0.140740155399833,15.801213627024632,,,65.44201,,65.44201,35
TUN,Tunisia,1981,13.8648207216135,0.0,0.134610218046519,13.99943093966002,,,62.88341,,62.88341,36
TUN,Tunisia,1982,11.1748939567469,0.0,0.0595200451392078,11.234414001886107,,,59.84798,,59.84798,37
TUN,Tunisia,1983,11.6357509310163,0.0,0.175409954863708,11.811160885880009,,,64.33716,,64.33716,38
TUN,Tunisia,1984,11.4259602258547,0.0,0.156513668014086,11.582473893868785,,,63.7324,,63.7324,39
TUN,Tunisia,1985,10.8045581370498,0.0,0.135454573702938,10.940012710752738,,,62.89504,,62.89504,40
TUN,Tunisia,1986,4.84950101303567,0.0,0.136241594900856,4.985742607936526,,,61.0575,,61.0575,41
TUN,Tunisia,1987,5.88932533694232,0.0,0.0991272609861777,5.9884525979284975,,,58.23141,,58.23141,42
TUN,Tunisia,1988,4.6433547510392,0.0,0.0898707880840895,4.73322553912329,,,57.405678,,57.405678,43
TUN,Tunisia,1989,6.56322289169156,0.0,0.0901214819093223,6.653344373600882,,,57.6848,,57.6848,44
TUN,Tunisia,1990,6.45080502980873,0.0,0.077827792614973,6.5286328224237025,,,55.13085,,55.13085,45
TUN,Tunisia,1991,4.20887815968531,0.0,0.0521038206147924,4.260981980300103,,,63.31721,,63.31721,46
TUN,Tunisia,1992,3.89144902224995,0.0,0.0667369148861861,3.958185937136136,,,63.431183,,63.431183,47
TUN,Tunisia,1993,3.35121837306816,0.0,0.0683268751244419,3.419545248192602,,,57.40801,,57.40801,48
TUN,Tunisia,1994,2.66718328891885,0.0,0.0634952871073838,2.7306785760262335,,,53.022335,,53.022335,49
TUN,Tunisia,1995,2.42755447750049,0.0,0.0559094648997611,2.483463942400251,,,51.68023,,51.68023,50
TUN,Tunisia,1996,2.73801506099416,0.0,0.142407984533904,2.880423045528064,,,51.254574,,51.254574,51
TUN,Tunisia,1997,2.13042894995226,0.0,0.284079753579198,2.414508703531458,,,48.34591,,48.34591,52
TUN,Tunisia,1998,1.30206836638864,0.0,0.28758241584181,1.58965078223045,,,47.45505,,47.45505,53
TUN,Tunisia,1999,1.92733312637189,0.0,0.259413813220188,2.186746939592078,,,48.829716,,48.829716,54
TUN,Tunisia,2000,3.22928353115798,0.0,0.361382132616902,3.5906656637748817,,,42.589058,,42.589058,55
TUN,Tunisia,2001,2.34162232250109,0.0,0.457939517042706,2.799561839543796,,,38.94887,,38.94887,56
TUN,Tunisia,2002,2.3626975077068,0.0,0.357072478190354,2.719769985897154,,,40.54218,,40.54218,57
TUN,Tunisia,2003,2.11725730006367,0.0,0.309246533605607,2.426503833669277,,,36.8671,,36.8671,58
TUN,Tunisia,2004,2.60869066831261,0.0,0.306609417741814,2.915300086054424,,,38.87909,,38.87909,59
TUN,Tunisia,2005,3.79249223607583,0.0,0.399210558815731,4.191702794891561,,,39.565258,,39.565258,60
TUN,Tunisia,2006,4.1077575724331,0.0,0.399209536359326,4.506967108792426,,,37.93706,,37.93706,61
TUN,Tunisia,2007,5.51629477963382,0.0,0.319954538590018,5.836249318223838,,,52.86998,,52.86998,62
TUN,Tunisia,2008,5.93514843614258,0.0,0.37588783467175,6.31103627081433,,,48.311016,,48.311016,63
TUN,Tunisia,2009,3.44832785220984,0.0,0.433746795352291,3.882074647562131,,,45.51982,,45.51982,64
TUN,Tunisia,2010,4.12711827435362,0.0,0.344709194218594,4.471827468572214,,,44.58942,,44.58942,65
TUN,Tunisia,2011,5.01344964105154,0.0,0.401895741504081,5.415345382555621,,,39.69319,,39.69319,66
TUN,Tunisia,2012,5.06594682844413,0.0,0.408148119994012,5.474094948438141,,,39.646667,,39.646667,67
TUN,Tunisia,2013,4.28421078126965,0.0,0.377752029966356,4.661962811236005,,,36.37864,,36.37864,68
TUN,Tunisia,2014,3.35507824664457,0.0,0.423423922784946,3.7785021694295158,,,33.76189,,33.76189,69
TUN,Tunisia,2015,1.62596299660366,0.0,0.273682848307775,1.899645844911435,,,30.552011,,30.552011,70
TUN,Tunisia,2016,1.266744868786,0.0,0.200869985868404,1.4676148546544039,,,28.2609,,28.2609,71
TUN,Tunisia,2017,1.48811485046411,0.0,0.236433459699936,1.724548310164046,,,23.88802,,23.88802,72
TUN,Tunisia,2018,1.99021548871455,0.0,0.349896451978522,2.340111940693072,,,23.10881,,23.10881,73
TUN,Tunisia,2019,1.66141181151334,0.0,0.308497305696956,1.969909117210296,,,21.21312,,21.21312,74
TUN,Tunisia,2020,0.916677526611502,0.0,0.303269986625323,1.219947513236825,,,19.60818,,19.60818,75
TUN,Tunisia,2021,1.5489621013289,0.0,0.490998034663024,2.039960135991924,,,24.1904,,24.1904,76
TUN,Tunisia,2022,,,,,,,20.43391,,20.43391,77
TUN,Tunisia,2023,,,,,,,19.829151,,19.829151,78
TUN,Tunisia,2024,,,,,,,17.2124,,17.2124,79
TUN,Tunisia,2025,,,,,,,15.351601,,15.351601,80
TUR,Turkiye,1960,,,,,,,,,,15
TUR,Turkiye,1961,,,,,,,,,,16
TUR,Turkiye,1962,,,,,,,,,,17
TUR,Turkiye,1963,,,,,,,,,,18
TUR,Turkiye,1964,,,,,,,,,,19
TUR,Turkiye,1965,,,,,,,,,,20
TUR,Turkiye,1966,,,,,,,,,,21
TUR,Turkiye,1967,,,,,,,,,,22
TUR,Turkiye,1968,,,,,,,,,,23
TUR,Turkiye,1969,,,,,,,,,,24
TUR,Turkiye,1970,0.0156688439786595,0.0681314372295,0.0,0.08380028120815951,,,,,,25
TUR,Turkiye,1971,0.0551276822693913,0.0910380411855537,1.18826983142512e-05,0.14617760615325925,,,,,,26
TUR,Turkiye,1972,0.0644778111666937,0.07273894436552,4.43133705096737e-05,0.13726106890272335,,,,,,27
TUR,Turkiye,1973,0.0966253001839665,0.0657991730834617,4.5894152307382e-05,0.16247036741973558,,,,,,28
TUR,Turkiye,1974,0.401813017550154,0.104361080085868,0.0001413443381745,0.5063154419741964,,,,,,29
TUR,Turkiye,1975,0.280814902169639,0.260306534600585,0.0002543440993097,0.5413757808695336,,,,,,30
TUR,Turkiye,1976,0.220074807046092,0.270655728963899,0.0006662398812443,0.4913967758912353,,,,,,31
TUR,Turkiye,1977,0.21249292669636,0.234816186474659,0.0007183460614065,0.4480274592324255,,,,,,32
TUR,Turkiye,1978,0.196069037564345,0.191797211828026,0.000842952383778,0.38870920177614904,,,,,,33
TUR,Turkiye,1979,0.362416289836324,0.116470834504256,0.0014330338999714,0.4803201582405514,,,,,,34
TUR,Turkiye,1980,0.488531548581327,0.203798919738827,0.0020366497758687,0.6943671180960227,,,,,,35
TUR,Turkiye,1981,0.386417918520162,0.39255758812641,0.0010737194941908,0.7800492261407628,,80.63079,,,80.63079,36
TUR,Turkiye,1982,0.262706910889372,0.498543320720706,0.000822797954652,0.76207302956473,95.29279,86.84215,,,86.84215,37
TUR,Turkiye,1983,0.337848850557612,0.295746953016655,0.0024988140671381,0.6360946176414052,96.42767,91.405876,,,91.405876,38
TUR,Turkiye,1984,0.33716866485434,0.218647349241707,0.0013550250982608,0.5571710391943078,95.884254,102.46659,,,102.46659,39
TUR,Turkiye,1985,0.303386611523123,0.261038969147868,0.0018790467054922,0.5663046273764832,96.66131,123.69214,,,123.69214,40
TUR,Turkiye,1986,0.123816679878197,0.110936197648833,0.0113624861905771,0.24611536371760712,96.90568,132.12297,,,132.12297,41
TUR,Turkiye,1987,0.193029481223882,0.0512860382536795,0.0033571669786302,0.2476726864561917,95.67223,141.99194,,,141.99194,42
TUR,Turkiye,1988,0.135591248345399,0.052578850020964,0.0009540937050382,0.18912419207140121,93.7113,128.8973,,,128.8973,43
TUR,Turkiye,1989,0.206769216248657,0.0608373431237279,0.0015090965987559,0.2691156559711408,96.155815,148.5115,,,148.5115,44
TUR,Turkiye,1990,0.260691501215256,0.0916217434536764,0.0020622358685329,0.3543754805374653,95.364006,136.33606,,,136.33606,45
TUR,Turkiye,1991,0.152278875171076,0.0783726973269313,0.0014089576344088,0.2320605301324161,95.539,127.97628,,,127.97628,46
TUR,Turkiye,1992,0.149168775062412,0.0498176354357153,0.0006936971551404,0.19968010765326769,95.028564,140.9242,,,140.9242,47
TUR,Turkiye,1993,0.114718240997917,0.013994422181323,0.0013762741861102,0.13008893736535018,94.07843,134.32036,,,134.32036,48
TUR,Turkiye,1994,0.134353609455556,0.0152068413552776,0.0018303420052792,0.1513907928161128,94.51826,140.8028,,,140.8028,49
TUR,Turkiye,1995,0.110564586772373,0.0300077854751618,0.0023863856019309,0.1429587578494657,94.21734,140.52422,,,140.52422,50
TUR,Turkiye,1996,0.144998969825136,0.0200434490531842,0.0024300519742262,0.16747247085254638,93.98797,142.9979,,,142.9979,51
TUR,Turkiye,1997,0.10681949958296,0.0105597970523499,0.0030869842900994,0.1204662809254093,94.33284,152.56772,,,152.56772,52
TUR,Turkiye,1998,0.0214722137279463,0.0104237276966542,0.0004988228833016,0.032394764307902106,94.147125,162.179,,,162.179,53
TUR,Turkiye,1999,0.0629983205522373,0.0028658600090735,0.0008289698964965,0.0666931504578073,95.15759,154.49995,,,154.49995,54
TUR,Turkiye,2000,0.119531436272842,0.0163299373783943,0.0045717451691264,0.1404331188203627,95.99657,145.23756,,,145.23756,55
TUR,Turkiye,2001,0.109672292151506,0.0669832853392418,0.0062239872042963,0.1828795646950441,96.54326,142.83325,,,142.83325,56
TUR,Turkiye,2002,0.0924058667871047,0.0208900073928248,0.0049822332133887,0.1182781073933182,95.57695,132.12025,,,132.12025,57
TUR,Turkiye,2003,0.0807835887459959,0.0158208744072334,0.0061526168524154,0.1027570800056447,95.66725,125.336006,,,125.336006,58
TUR,Turkiye,2004,0.0808804569350874,0.0910117911446375,0.0052389573152381,0.17713120539496302,94.6711,122.48965,,,122.48965,59
TUR,Turkiye,2005,0.098246344839956,0.0518150541094461,0.0045346299525232,0.1545960289019253,95.59393,130.41881,,,130.41881,60
TUR,Turkiye,2006,0.0976756856490614,0.0609969514288379,0.0095526545636731,0.1682252916415724,95.5386,153.05083,,,153.05083,61
TUR,Turkiye,2007,0.0869115725998382,0.0884930759300957,0.0089825646276115,0.1843872131575454,96.55151,172.0891,,,172.0891,62
TUR,Turkiye,2008,0.122000589848402,0.269621038571002,0.0143865495451754,0.4060081779645794,96.74321,193.91866,,,193.91866,63
TUR,Turkiye,2009,0.0864578771745911,0.106215923660071,0.0086004994865552,0.2012743003212173,96.22137,202.38525,,,202.38525,64
TUR,Turkiye,2010,0.0855344494299421,0.153528250747308,0.0064592483446972,0.24552194852194728,94.618034,203.80408,,,203.80408,65
TUR,Turkiye,2011,0.123984127335917,0.174773590035299,0.0100431107294415,0.30880082810065745,94.74678,207.81645,,,207.81645,66
TUR,Turkiye,2012,0.111617756938834,0.06808750317779,0.0084287189832921,0.18813397909991608,94.276146,197.90771,,,197.90771,67
TUR,Turkiye,2013,0.0974218835401561,0.0271953145935112,0.0063902615680249,0.1310074597016922,93.29289,179.69855,,,179.69855,68
TUR,Turkiye,2014,0.0944984501615984,0.0238619620578174,0.0041616495605886,0.12252206178000441,94.400154,190.25516,,,190.25516,69
TUR,Turkiye,2015,0.0446861002184748,0.0162128322535002,0.0026576699551482,0.0635566024271232,92.01591,148.79759,,,148.79759,70
TUR,Turkiye,2016,0.0349237617230731,0.0215533089036783,0.0015097730781581,0.057986843704909495,91.17004,179.79745,,,179.79745,71
TUR,Turkiye,2017,0.0537573237557546,0.0298082732253323,0.0020176223342095,0.0855832193152964,91.30155,175.45506,,,175.45506,72
TUR,Turkiye,2018,0.108111878645291,0.0401708928121365,0.0042848856323578,0.15256765708978529,89.89445,192.44522,,,192.44522,73
TUR,Turkiye,2019,0.102518297949539,0.0322436421155324,0.0033684737362644,0.13813041380133578,87.10014,201.77293,,,201.77293,74
TUR,Turkiye,2020,0.0612400945022421,0.0244307938802644,0.0016730517331749,0.0873439401156814,86.625565,182.83022,,,182.83022,75
TUR,Turkiye,2021,0.13797082409881,0.0473618807971925,0.0074818120773528,0.1928145169733553,87.67359,208.57721,,,208.57721,76
TUR,Turkiye,2022,,,,,86.24534,229.29988,,,229.29988,77
TUR,Turkiye,2023,,,,,85.97506,178.79967,,,178.79967,78
TUR,Turkiye,2024,,,,,85.399826,193.47778,,,193.47778,79
TUR,Turkiye,2025,,,,,85.901405,179.53575,,,179.53575,80
TUV,Tuvalu,1960,,,,,,,,,,15
TUV,Tuvalu,1961,,,,,,,,,,16
TUV,Tuvalu,1962,,,,,,,,,,17
TUV,Tuvalu,1963,,,,,,,,,,18
TUV,Tuvalu,1964,,,,,,,,,,19
TUV,Tuvalu,1965,,,,,,,,,,20
TUV,Tuvalu,1966,,,,,,,,,,21
TUV,Tuvalu,1967,,,,,,,,,,22
TUV,Tuvalu,1968,,,,,,,,,,23
TUV,Tuvalu,1969,,,,,,,,,,24
TUV,Tuvalu,1970,,,,,,,,,,25
TUV,Tuvalu,1971,,,,,,,,,,26
TUV,Tuvalu,1972,,,,,,,,,,27
TUV,Tuvalu,1973,,,,,,,,,,28
TUV,Tuvalu,1974,,,,,,,,,,29
TUV,Tuvalu,1975,,,,,,,,,,30
TUV,Tuvalu,1976,,,,,,,,,,31
TUV,Tuvalu,1977,,,,,,,,,,32
TUV,Tuvalu,1978,,,,,,,,,,33
TUV,Tuvalu,1979,,,,,,,,,,34
TUV,Tuvalu,1980,,,,,,,,,,35
TUV,Tuvalu,1981,,,,,,,,,,36
TUV,Tuvalu,1982,,,,,,,,,,37
TUV,Tuvalu,1983,,,,,,,,,,38
TUV,Tuvalu,1984,,,,,,,,,,39
TUV,Tuvalu,1985,,,,,,,,,,40
TUV,Tuvalu,1986,,,,,,,,,,41
TUV,Tuvalu,1987,,,,,,,,,,42
TUV,Tuvalu,1988,,,,,,,,,,43
TUV,Tuvalu,1989,,,,,,,,,,44
TUV,Tuvalu,1990,,,0.0,0.0,,,,,,45
TUV,Tuvalu,1991,,,0.0,0.0,,,,,,46
TUV,Tuvalu,1992,,,0.0,0.0,,,,,,47
TUV,Tuvalu,1993,,,0.0,0.0,,,,,,48
TUV,Tuvalu,1994,,,0.0,0.0,,,,,,49
TUV,Tuvalu,1995,,,0.0,0.0,,,,,,50
TUV,Tuvalu,1996,,,0.0,0.0,,,,,,51
TUV,Tuvalu,1997,,,0.0,0.0,,,,,,52
TUV,Tuvalu,1998,,,0.0,0.0,,,,,,53
TUV,Tuvalu,1999,,,0.0,0.0,,,,,,54
TUV,Tuvalu,2000,,,0.0,0.0,,,,,,55
TUV,Tuvalu,2001,,,0.0,0.0,,,,,,56
TUV,Tuvalu,2002,,,0.0,0.0,,,,,,57
TUV,Tuvalu,2003,,,0.0,0.0,,,,,,58
TUV,Tuvalu,2004,,,0.0,0.0,,,,,,59
TUV,Tuvalu,2005,,,0.0,0.0,,,,,,60
TUV,Tuvalu,2006,,,0.0,0.0,,,,,,61
TUV,Tuvalu,2007,,,0.0,0.0,,,,,,62
TUV,Tuvalu,2008,,,0.0,0.0,,,,,,63
TUV,Tuvalu,2009,,,0.0,0.0,,,,,,64
TUV,Tuvalu,2010,,,0.0,0.0,,,,,,65
TUV,Tuvalu,2011,,,0.0,0.0,,,,,,66
TUV,Tuvalu,2012,,,0.0,0.0,,,,,,67
TUV,Tuvalu,2013,,,0.0,0.0,,,,,,68
TUV,Tuvalu,2014,,,0.0,0.0,,,,,,69
TUV,Tuvalu,2015,,,0.0,0.0,,,,,,70
TUV,Tuvalu,2016,,,0.0,0.0,,,,,,71
TUV,Tuvalu,2017,,,0.0,0.0,,,,,,72
TUV,Tuvalu,2018,,,0.0,0.0,,,,,,73
TUV,Tuvalu,2019,,,0.0,0.0,,,,,,74
TUV,Tuvalu,2020,,,0.0,0.0,,,,,,75
TUV,Tuvalu,2021,,,0.0,0.0,,,,,,76
TUV,Tuvalu,2022,,,,,,,,,,77
TUV,Tuvalu,2023,,,,,,,,,,78
TUV,Tuvalu,2024,,,,,,,,,,79
TUV,Tuvalu,2025,,,,,,,,,,80
TWN,Taiwan,1965,,,,,96.03963,,,,,20
TWN,Taiwan,1966,,,,,96.207695,,,,,21
TWN,Taiwan,1967,,,,,96.584236,,,,,22
TWN,Taiwan,1968,,,,,95.555855,,,,,23
TWN,Taiwan,1969,,,,,96.71651,,,,,24
TWN,Taiwan,1970,,,,,97.19314,,,,,25
TWN,Taiwan,1971,,,,,97.60707,,,,,26
TWN,Taiwan,1972,,,,,97.352844,,,,,27
TWN,Taiwan,1973,,,,,97.90421,,,,,28
TWN,Taiwan,1974,,,,,96.91427,,,,,29
TWN,Taiwan,1975,,,,,96.86518,,,,,30
TWN,Taiwan,1976,,,,,97.94633,,,,,31
TWN,Taiwan,1977,,,,,98.12166,,,,,32
TWN,Taiwan,1978,,,,,95.19901,,,,,33
TWN,Taiwan,1979,,,,,91.83299,,,,,34
TWN,Taiwan,1980,,,,,91.05658,,,,,35
TWN,Taiwan,1981,,,,,87.08259,,,,,36
TWN,Taiwan,1982,,,,,86.12755,,,,,37
TWN,Taiwan,1983,,,,,82.58582,,,,,38
TWN,Taiwan,1984,,,,,78.99809,,,,,39
TWN,Taiwan,1985,,,,,76.203636,,,,,40
TWN,Taiwan,1986,,,,,79.36969,,,,,41
TWN,Taiwan,1987,,,,,77.15729,,,,,42
TWN,Taiwan,1988,,,,,81.006905,,,,,43
TWN,Taiwan,1989,,,,,83.24887,,,,,44
TWN,Taiwan,1990,,,,,81.553024,,,,,45
TWN,Taiwan,1991,,,,,81.90782,,,,,46
TWN,Taiwan,1992,,,,,83.076225,,,,,47
TWN,Taiwan,1993,,,,,84.26969,,,,,48
TWN,Taiwan,1994,,,,,84.792305,,,,,49
TWN,Taiwan,1995,,,,,85.506516,,,,,50
TWN,Taiwan,1996,,,,,85.150536,,,,,51
TWN,Taiwan,1997,,,,,86.407455,,,,,52
TWN,Taiwan,1998,,,,,86.80544,,,,,53
TWN,Taiwan,1999,,,,,87.13833,,,,,54
TWN,Taiwan,2000,,,,,87.79612,,,,,55
TWN,Taiwan,2001,,,,,88.90363,,,,,56
TWN,Taiwan,2002,,,,,88.40261,,,,,57
TWN,Taiwan,2003,,,,,89.008835,,,,,58
TWN,Taiwan,2004,,,,,89.267685,,,,,59
TWN,Taiwan,2005,,,,,89.19922,,,,,60
TWN,Taiwan,2006,,,,,89.4908,,,,,61
TWN,Taiwan,2007,,,,,89.63743,,,,,62
TWN,Taiwan,2008,,,,,89.250336,,,,,63
TWN,Taiwan,2009,,,,,88.79152,,,,,64
TWN,Taiwan,2010,,,,,89.4364,,,,,65
TWN,Taiwan,2011,,,,,89.25648,,,,,66
TWN,Taiwan,2012,,,,,89.39344,,,,,67
TWN,Taiwan,2013,,,,,89.30021,,,,,68
TWN,Taiwan,2014,,,,,89.49147,,,,,69
TWN,Taiwan,2015,,,,,90.78389,,,,,70
TWN,Taiwan,2016,,,,,91.71985,,,,,71
TWN,Taiwan,2017,,,,,93.82426,,,,,72
TWN,Taiwan,2018,,,,,92.65101,,,,,73
TWN,Taiwan,2019,,,,,91.22736,,,,,74
TWN,Taiwan,2020,,,,,91.16033,,,,,75
TWN,Taiwan,2021,,,,,92.27863,,,,,76
TWN,Taiwan,2022,,,,,92.35165,,,,,77
TWN,Taiwan,2023,,,,,93.127304,,,,,78
TWN,Taiwan,2024,,,,,93.889626,,,,,79
TWN,Taiwan,2025,,,,,95.74482,,,,,80
TZA,Tanzania,1960,,,,,,,,,,15
TZA,Tanzania,1961,,,,,,,,,,16
TZA,Tanzania,1962,,,,,,,,,,17
TZA,Tanzania,1963,,,,,,,,,,18
TZA,Tanzania,1964,,,,,,,,,,19
TZA,Tanzania,1965,,,,,,,,,,20
TZA,Tanzania,1966,,,,,,,,,,21
TZA,Tanzania,1967,,,,,,,,,,22
TZA,Tanzania,1968,,,,,,,,,,23
TZA,Tanzania,1969,,,,,,,,,,24
TZA,Tanzania,1970,,,,,,,,,,25
TZA,Tanzania,1971,,,,,,,,,,26
TZA,Tanzania,1972,,,,,,,,,,27
TZA,Tanzania,1973,,,,,,,,,,28
TZA,Tanzania,1974,,,,,,,,,,29
TZA,Tanzania,1975,,,,,,,,,,30
TZA,Tanzania,1976,,,,,,,,,,31
TZA,Tanzania,1977,,,,,,,,,,32
TZA,Tanzania,1978,,,,,,,,,,33
TZA,Tanzania,1979,,,,,,,,,,34
TZA,Tanzania,1980,,,,,,,,,,35
TZA,Tanzania,1981,,,,,,,,,,36
TZA,Tanzania,1982,,,,,,,,,,37
TZA,Tanzania,1983,,,,,,,,,,38
TZA,Tanzania,1984,,,,,,,,,,39
TZA,Tanzania,1985,,,,,,,,,,40
TZA,Tanzania,1986,,,,,,,,,,41
TZA,Tanzania,1987,,,,,,,,,,42
TZA,Tanzania,1988,0.0,0.0009173219066471,0.0,0.0009173219066471,,,,,,43
TZA,Tanzania,1989,0.0,0.0013688435505244,0.0,0.0013688435505244,,,,,,44
TZA,Tanzania,1990,0.0,0.0019950287758537,0.0,0.0019950287758537,,,,,,45
TZA,Tanzania,1991,0.0,0.0016776295500789,0.0,0.0016776295500789,,,,,,46
TZA,Tanzania,1992,0.0,0.001640012022023,0.0,0.001640012022023,,,,,,47
TZA,Tanzania,1993,0.0,0.0129299766354443,0.0,0.0129299766354443,,,,,,48
TZA,Tanzania,1994,0.0,0.0132629730127242,0.0,0.0132629730127242,,,,,,49
TZA,Tanzania,1995,0.0,0.0155846588866064,0.0,0.0155846588866064,,,,,,50
TZA,Tanzania,1996,0.0,0.0142512191253026,0.0,0.0142512191253026,,,,,,51
TZA,Tanzania,1997,0.0,0.0047444796102491,0.0,0.0047444796102491,,,,,,52
TZA,Tanzania,1998,0.0,0.0034519369638964,0.0,0.0034519369638964,,,,,,53
TZA,Tanzania,1999,0.0,0.0037813662054543,0.0,0.0037813662054543,,,,,,54
TZA,Tanzania,2000,0.0,0.0054971766850051,0.0,0.0054971766850051,,,,,,55
TZA,Tanzania,2001,0.0,0.0093460688732029,0.0,0.0093460688732029,,,,,,56
TZA,Tanzania,2002,0.0,0.0059496981007347,0.0,0.0059496981007347,,,,,,57
TZA,Tanzania,2003,0.0,0.0043921929795654,0.0,0.0043921929795654,,,,,,58
TZA,Tanzania,2004,0.0,0.014496913040245,0.0274931382987407,0.0419900513389857,,,,,,59
TZA,Tanzania,2005,0.0,0.0049784775649616,0.0458836863030524,0.050862163868014,,,,,,60
TZA,Tanzania,2006,0.0,0.003110711871887,0.165461735035215,0.168572446907102,,,,,,61
TZA,Tanzania,2007,0.0,0.005657386384023,0.143202560221599,0.148859946605622,,,,,,62
TZA,Tanzania,2008,0.0,0.005290422478628,0.146624246080538,0.151914668559166,,,,,,63
TZA,Tanzania,2009,0.0003979686429835,0.0,0.141555701163361,0.1419536698063445,,,,,,64
TZA,Tanzania,2010,0.0,0.0,0.168958230297154,0.168958230297154,,,,,,65
TZA,Tanzania,2011,0.0,0.01805561186371,0.147129405103243,0.16518501696695298,,,,,,66
TZA,Tanzania,2012,0.0,0.010479148520174,0.1543339847838,0.164813133303974,,,,,,67
TZA,Tanzania,2013,0.0,0.0078919035016006,0.139651250540847,0.1475431540424476,,,,,,68
TZA,Tanzania,2014,0.0,0.0152030368795846,0.106190378675112,0.1213934155546966,,,,,,69
TZA,Tanzania,2015,0.0,0.0118307165544839,0.0958189291565574,0.1076496457110413,,,,,,70
TZA,Tanzania,2016,0.0,0.0136027189325031,0.0828972587378178,0.0964999776703209,,,,,,71
TZA,Tanzania,2017,0.0,0.034308918609216,0.0996973020864147,0.1340062206956307,,,,,,72
TZA,Tanzania,2018,0.0,0.0424699785942398,0.197788905211452,0.24025888380569183,,,,,,73
TZA,Tanzania,2019,0.0,0.0328970144858054,0.185559026652075,0.2184560411378804,,,,,,74
TZA,Tanzania,2020,0.0,0.0264007682901917,0.125414392830039,0.1518151611202307,,,,,,75
TZA,Tanzania,2021,0.0,0.0494009697131187,0.223340416897822,0.2727413866109407,,,,,,76
TZA,Tanzania,2022,,,,,,,,,,77
TZA,Tanzania,2023,,,,,,,,,,78
TZA,Tanzania,2024,,,,,,,,,,79
TZA,Tanzania,2025,,,,,,,,,,80
UGA,Uganda,1960,,,,,,,,,,15
UGA,Uganda,1961,,,,,,,,,,16
UGA,Uganda,1962,,,,,,,,,,17
UGA,Uganda,1963,,,,,,,,,,18
UGA,Uganda,1964,,,,,,,,,,19
UGA,Uganda,1965,,,,,,,,,,20
UGA,Uganda,1966,,,,,,,,,,21
UGA,Uganda,1967,,,,,,,,,,22
UGA,Uganda,1968,,,,,,,,,,23
UGA,Uganda,1969,,,,,,,,,,24
UGA,Uganda,1970,,,,,,,,,,25
UGA,Uganda,1971,,,,,,,,,,26
UGA,Uganda,1972,,,,,,,,,,27
UGA,Uganda,1973,,,,,,,,,,28
UGA,Uganda,1974,,,,,,,,,,29
UGA,Uganda,1975,,,,,,,,,,30
UGA,Uganda,1976,,,,,,,,,,31
UGA,Uganda,1977,,,,,,,,,,32
UGA,Uganda,1978,,,,,,,,,,33
UGA,Uganda,1979,,,,,,,,,,34
UGA,Uganda,1980,0.0,0.0,0.0,0.0,,,,,,35
UGA,Uganda,1981,0.0,0.0,0.0,0.0,,,,,,36
UGA,Uganda,1982,0.0,0.0,0.0,0.0,,,,,,37
UGA,Uganda,1983,0.0,0.0,0.0,0.0,,,,,,38
UGA,Uganda,1984,0.0,0.0,0.0,0.0,,,,,,39
UGA,Uganda,1985,0.0,0.0,0.0,0.0,,,,,,40
UGA,Uganda,1986,0.0,0.0,0.0,0.0,,,,,,41
UGA,Uganda,1987,0.0,0.0,0.0,0.0,,,,,,42
UGA,Uganda,1988,0.0,0.0,0.0,0.0,,,,,,43
UGA,Uganda,1989,0.0,0.0,0.0,0.0,,,,,,44
UGA,Uganda,1990,0.0,0.0,0.0,0.0,,,,,,45
UGA,Uganda,1991,0.0,0.0,0.0,0.0,,,,,,46
UGA,Uganda,1992,0.0,0.0,0.0,0.0,,,,,,47
UGA,Uganda,1993,0.0,0.0,0.0,0.0,,,,,,48
UGA,Uganda,1994,0.0,0.0,0.0,0.0,,,,,,49
UGA,Uganda,1995,0.0,0.0,0.0,0.0,,,,,,50
UGA,Uganda,1996,0.0,0.0,0.0,0.0,,,,,,51
UGA,Uganda,1997,0.0,0.0,0.0,0.0,,,,,,52
UGA,Uganda,1998,0.0,0.0,0.0,0.0,,,,,,53
UGA,Uganda,1999,0.0,0.0,0.0,0.0,,,,,,54
UGA,Uganda,2000,0.0,0.0,0.0,0.0,,,,,,55
UGA,Uganda,2001,0.0,0.0,0.0,0.0,,,,,,56
UGA,Uganda,2002,0.0,0.0,0.0,0.0,,,,,,57
UGA,Uganda,2003,0.0,0.0,0.0,0.0,,,,,,58
UGA,Uganda,2004,0.0,0.0,0.0,0.0,,,,,,59
UGA,Uganda,2005,0.0,0.0,0.0,0.0,,,,,,60
UGA,Uganda,2006,0.0,0.0,0.0,0.0,,,,,,61
UGA,Uganda,2007,0.0,0.0,0.0,0.0,,,,,,62
UGA,Uganda,2008,0.0,0.0,0.0,0.0,,,,,,63
UGA,Uganda,2009,0.0,0.0,0.0,0.0,,,,,,64
UGA,Uganda,2010,0.0,0.0,0.0,0.0,,,,,,65
UGA,Uganda,2011,0.0,0.0,0.0,0.0,,,,,,66
UGA,Uganda,2012,0.0,0.0,0.0,0.0,,,,,,67
UGA,Uganda,2013,0.0,0.0,0.0,0.0,,,,,,68
UGA,Uganda,2014,0.0,0.0,0.0,0.0,,,,,,69
UGA,Uganda,2015,0.0,0.0,0.0,0.0,,,,,,70
UGA,Uganda,2016,0.0,0.0,0.0,0.0,,,,,,71
UGA,Uganda,2017,0.0,0.0,0.0,0.0,,,,,,72
UGA,Uganda,2018,0.0,0.0,0.0,0.0,,,,,,73
UGA,Uganda,2019,0.0,0.0,0.0,0.0,,,,,,74
UGA,Uganda,2020,0.0,0.0,0.0,0.0,,,,,,75
UGA,Uganda,2021,0.0,0.0,0.0,0.0,,,,,,76
UGA,Uganda,2022,,,,,,,,,,77
UGA,Uganda,2023,,,,,,,,,,78
UGA,Uganda,2024,,,,,,,,,,79
UGA,Uganda,2025,,,,,,,,,,80
UKR,Ukraine,1960,,,,,,,,,,15
UKR,Ukraine,1961,,,,,,,,,,16
UKR,Ukraine,1962,,,,,,,,,,17
UKR,Ukraine,1963,,,,,,,,,,18
UKR,Ukraine,1964,,,,,,,,,,19
UKR,Ukraine,1965,,,,,,,,,,20
UKR,Ukraine,1966,,,,,,,,,,21
UKR,Ukraine,1967,,,,,,,,,,22
UKR,Ukraine,1968,,,,,,,,,,23
UKR,Ukraine,1969,,,,,,,,,,24
UKR,Ukraine,1970,,,,,,,,,,25
UKR,Ukraine,1971,,,,,,,,,,26
UKR,Ukraine,1972,,,,,,,,,,27
UKR,Ukraine,1973,,,,,,,,,,28
UKR,Ukraine,1974,,,,,,,,,,29
UKR,Ukraine,1975,,,,,,,,,,30
UKR,Ukraine,1976,,,,,,,,,,31
UKR,Ukraine,1977,,,,,,,,,,32
UKR,Ukraine,1978,,,,,,,,,,33
UKR,Ukraine,1979,,,,,,,,,,34
UKR,Ukraine,1980,,,,,,,,,,35
UKR,Ukraine,1981,,,,,,,,,,36
UKR,Ukraine,1982,,,,,,,,,,37
UKR,Ukraine,1983,,,,,,,,,,38
UKR,Ukraine,1984,,,,,,,,,,39
UKR,Ukraine,1985,,,,,93.781586,1083.9856,,405.82104,1489.80664,40
UKR,Ukraine,1986,,,,,94.96187,1110.2439,,375.72516,1485.96906,41
UKR,Ukraine,1987,0.663711165725118,,0.496950139661843,1.160661305386961,94.288635,1097.9105,,336.9223,1434.8328,42
UKR,Ukraine,1988,0.398784489481399,,0.343253967157225,0.742038456638624,91.91404,1091.6465,,306.63715,1398.28365,43
UKR,Ukraine,1989,0.524434195585452,,0.313435589659731,0.8378697852451831,92.231575,1026.1592,,291.4946,1317.6538,44
UKR,Ukraine,1990,0.658364462026719,2.13657180930927,0.457655548938322,3.252591820274311,92.431046,1009.5795,,265.9415,1275.5210000000002,45
UKR,Ukraine,1991,0.350289964902525,1.84875481927352,0.327869967316772,2.526914751492817,91.983635,858.5726,,230.92429,1089.49689,46
UKR,Ukraine,1992,0.364054139576722,1.58053869266517,0.156482811154507,2.101075643396399,90.85265,815.0386,,198.7463,1013.7849,47
UKR,Ukraine,1993,0.376224331407413,1.04519271285454,0.365816258661968,1.787233302923921,89.18912,694.31366,,181.71092,876.02458,48
UKR,Ukraine,1994,0.409357925402319,0.718369513499318,0.424451038594338,1.552178477495975,88.29176,571.3583,,172.24681,743.60511,49
UKR,Ukraine,1995,0.485904965322784,0.859442508077226,0.873828939135118,2.219176412535128,87.870155,497.49072,,160.68166,658.17238,50
UKR,Ukraine,1996,0.739944616412603,0.756399369208321,0.93888289899763,2.435226884618554,85.49949,376.3641,,162.44199,538.80609,51
UKR,Ukraine,1997,0.512363843755259,0.668786611622587,0.902935129010198,2.084085584388044,84.89602,390.50162,,164.85533,555.35695,52
UKR,Ukraine,1998,0.181694617548708,0.804280677379736,0.133262624449728,1.1192379193781719,84.6546,399.71887,,158.63742,558.35629,53
UKR,Ukraine,1999,0.702404231194259,0.655963930489204,0.1688299313581,1.5271980930415632,85.14429,422.01147,,159.90086,581.91233,54
UKR,Ukraine,2000,0.991786006161771,0.863746448384337,1.14885003502459,3.0043824895706983,84.43591,422.69614,,157.88028,580.57642,55
UKR,Ukraine,2001,0.595777693101294,1.3491572181393,2.00013758712954,3.945072498370134,84.38824,419.52203,,161.56181,581.08384,56
UKR,Ukraine,2002,0.557285488022957,1.0990421338669,1.38139303823453,3.0377206601243874,84.15688,417.74255,,176.78958,594.53213,57
UKR,Ukraine,2003,0.596245150941,0.758042903939249,1.3208144998747,2.675102554754949,83.94722,405.3614,,182.96964,588.33104,58
UKR,Ukraine,2004,0.66971110889553,1.49235996559455,0.874680879938456,3.036751954428536,82.63829,402.79318,,193.66408,596.45726,59
UKR,Ukraine,2005,0.781757652119267,1.59773566982954,0.565133000615534,2.944626322564341,82.49676,403.2934,,196.73991,600.03331,60
UKR,Ukraine,2006,0.765715565056406,1.40052829959985,1.01163949753159,3.1778833621878464,82.40829,410.54028,,199.63594,610.1762200000001,61
UKR,Ukraine,2007,0.626895264506606,0.749230266655817,0.786052400938078,2.162177932100501,82.10245,404.69516,,199.73058,604.42574,62
UKR,Ukraine,2008,0.684740010329571,2.71207348602637,1.14737308736752,4.544186583723461,81.884895,404.14328,,202.94838,607.09166,63
UKR,Ukraine,2009,0.534186376625519,1.84257379414677,1.278878300454,3.655638471226289,80.29435,375.0599,,203.37427,578.43417,64
UKR,Ukraine,2010,0.466160187976772,1.92907582506734,0.945147583014386,3.340383596058498,80.22984,373.84564,,194.27925,568.12489,65
UKR,Ukraine,2011,0.604564339662443,2.35896804287954,1.23771380213352,4.201246184675503,80.87397,422.40073,,195.44333,617.84406,66
UKR,Ukraine,2012,0.512858516672917,1.20347453702198,1.20575144270603,2.9220844964009274,80.49824,454.64465,,193.92908,648.5737300000001,67
UKR,Ukraine,2013,0.429728228604793,0.522461268811618,1.20490526300508,2.157094760421491,80.55701,444.47632,,201.58554,646.06186,68
UKR,Ukraine,2014,0.53740181709907,0.468975153427332,1.17134594315961,2.177722913686012,77.32348,303.13525,,202.19125,505.3265,69
UKR,Ukraine,2015,0.298048598397704,0.478722310775197,1.20086792163998,1.977638830812881,73.48125,199.39026,,188.3358,387.72606,70
UKR,Ukraine,2016,0.2004056293323,0.467980707895294,0.739114578198655,1.407500915426249,76.142334,211.78044,,190.22862,402.00906,71
UKR,Ukraine,2017,0.348582540397727,0.418244838789605,0.869406676082544,1.636234055269876,72.74828,158.4245,,194.01427,352.43877,72
UKR,Ukraine,2018,0.484549678010453,0.419208073231986,1.22232291954122,2.126080670783659,73.676384,168.18156,,196.8535,365.03506,73
UKR,Ukraine,2019,0.363416965283388,0.287026111974908,0.718231983949118,1.3686750612074141,72.9023,166.36061,,194.01427,360.37488,74
UKR,Ukraine,2020,0.191284197093986,0.178921024438991,0.329769533969389,0.699974755502366,73.64957,148.3139,,191.17503,339.48893,75
UKR,Ukraine,2021,0.279676988011674,0.336999214543813,1.36437357344945,1.981049776004937,70.76979,144.19885,,187.38939,331.58824,76
UKR,Ukraine,2022,,,,,68.2539,123.248604,,175.4646,298.713204,77
UKR,Ukraine,2023,,,,,71.26546,119.55115,,176.97885,296.53,78
UKR,Ukraine,2024,,,,,71.38856,105.56367,,180.9538,286.51747,79
UKR,Ukraine,2025,,,,,72.216064,72.83893,,160.60596,233.44489000000002,80
URY,Uruguay,1960,,,,,,,,,,15
URY,Uruguay,1961,,,,,,,,,,16
URY,Uruguay,1962,,,,,,,,,,17
URY,Uruguay,1963,,,,,,,,,,18
URY,Uruguay,1964,,,,,,,,,,19
URY,Uruguay,1965,,,,,,,,,,20
URY,Uruguay,1966,,,,,,,,,,21
URY,Uruguay,1967,,,,,,,,,,22
URY,Uruguay,1968,,,,,,,,,,23
URY,Uruguay,1969,,,,,,,,,,24
URY,Uruguay,1970,,,,,,,,,,25
URY,Uruguay,1971,0.0,0.0,0.0,0.0,,,,,,26
URY,Uruguay,1972,0.0,0.0,0.0,0.0,,,,,,27
URY,Uruguay,1973,0.0,0.0,0.0,0.0,,,,,,28
URY,Uruguay,1974,0.0,0.0,0.0,0.0,,,,,,29
URY,Uruguay,1975,0.0,0.0,0.0,0.0,,,,,,30
URY,Uruguay,1976,0.0,0.0,0.0,0.0,,,,,,31
URY,Uruguay,1977,0.0,0.0,0.0,0.0,,,,,,32
URY,Uruguay,1978,0.0,0.0,0.0,0.0,,,,,,33
URY,Uruguay,1979,0.0,0.0,0.0,0.0,,,,,,34
URY,Uruguay,1980,0.0,0.0,0.0,0.0,,,,,,35
URY,Uruguay,1981,0.0,0.0,0.0,0.0,,,,,,36
URY,Uruguay,1982,0.0,0.0,0.0,0.0,,,,,,37
URY,Uruguay,1983,0.0,0.0,0.0,0.0,,,,,,38
URY,Uruguay,1984,0.0,0.0,0.0,0.0,,,,,,39
URY,Uruguay,1985,0.0,0.0,0.0,0.0,,,,,,40
URY,Uruguay,1986,0.0,0.0,0.0,0.0,,,,,,41
URY,Uruguay,1987,0.0,0.0,0.0,0.0,,,,,,42
URY,Uruguay,1988,0.0,0.0,0.0,0.0,,,,,,43
URY,Uruguay,1989,0.0,0.0,0.0,0.0,,,,,,44
URY,Uruguay,1990,0.0,0.0,0.0,0.0,,,,,,45
URY,Uruguay,1991,0.0,0.0,0.0,0.0,,,,,,46
URY,Uruguay,1992,0.0,0.0,0.0,0.0,,,,,,47
URY,Uruguay,1993,0.0,0.0,0.0,0.0,,,,,,48
URY,Uruguay,1994,0.0,0.0,0.0,0.0,,,,,,49
URY,Uruguay,1995,0.0,0.0,0.0,0.0,,,,,,50
URY,Uruguay,1996,0.0,0.0,0.0,0.0,,,,,,51
URY,Uruguay,1997,0.0,0.0,0.0,0.0,,,,,,52
URY,Uruguay,1998,0.0,0.0,0.0,0.0,,,,,,53
URY,Uruguay,1999,0.0,0.0,0.0,0.0,,,,,,54
URY,Uruguay,2000,0.0,0.0,0.0,0.0,,,,,,55
URY,Uruguay,2001,0.0,0.0,0.0,0.0,,,,,,56
URY,Uruguay,2002,0.0,0.0,0.0,0.0,,,,,,57
URY,Uruguay,2003,0.0,0.0,0.0,0.0,,,,,,58
URY,Uruguay,2004,0.0,0.0,0.0,0.0,,,,,,59
URY,Uruguay,2005,0.002229467802199,0.0,0.0,0.002229467802199,,,,,,60
URY,Uruguay,2006,0.0032035069389435,0.0,0.0,0.0032035069389435,,,,,,61
URY,Uruguay,2007,0.004221228712006,0.0,0.0,0.004221228712006,,,,,,62
URY,Uruguay,2008,0.0037575912602981,0.0,0.0,0.0037575912602981,,,,,,63
URY,Uruguay,2009,0.0050131491539772,0.0,0.0,0.0050131491539772,,,,,,64
URY,Uruguay,2010,0.0173337959445058,0.0,0.0,0.0173337959445058,,,,,,65
URY,Uruguay,2011,0.0333775517732152,0.0,0.0,0.0333775517732152,,,,,,66
URY,Uruguay,2012,0.0328611652405814,0.0,0.0,0.0328611652405814,,,,,,67
URY,Uruguay,2013,0.0356588037151128,0.0,0.0,0.0356588037151128,,,,,,68
URY,Uruguay,2014,0.0418304836494907,0.0,0.0,0.0418304836494907,,,,,,69
URY,Uruguay,2015,0.0129991340611707,0.0,0.0,0.0129991340611707,,,,,,70
URY,Uruguay,2016,0.0097407435739888,0.0,0.0,0.0097407435739888,,,,,,71
URY,Uruguay,2017,0.0055166108928698,0.0,0.0,0.0055166108928698,,,,,,72
URY,Uruguay,2018,0.0087147505921723,0.0,0.0,0.0087147505921723,,,,,,73
URY,Uruguay,2019,0.0073499233467097,0.0,0.0,0.0073499233467097,,,,,,74
URY,Uruguay,2020,0.0039642091130891,0.0,0.0,0.0039642091130891,,,,,,75
URY,Uruguay,2021,0.0097159151983236,0.0,0.0,0.0097159151983236,,,,,,76
URY,Uruguay,2022,,,,,,,,,,77
URY,Uruguay,2023,,,,,,,,,,78
URY,Uruguay,2024,,,,,,,,,,79
URY,Uruguay,2025,,,,,,,,,,80
USA,United States,1960,,,,,,,,,,15
USA,United States,1961,,,,,,,,,,16
USA,United States,1962,,,,,,,,,,17
USA,United States,1963,,,,,,,,,,18
USA,United States,1964,,,,,,,,,,19
USA,United States,1965,,,,,98.20327,,4974.0864,,4974.0864,20
USA,United States,1966,,,,,98.239426,,5286.2866,,5286.2866,21
USA,United States,1967,,,,,98.06567,,5631.4976,,5631.4976,22
USA,United States,1968,,,,,98.043365,,5848.4985,,5848.4985,23
USA,United States,1969,,,,,97.92705,,5947.0205,,5947.0205,24
USA,United States,1970,0.279989372342679,0.0930504730401018,0.0,0.3730398453827808,97.87668,,6204.4873,5714.623,11919.1103,25
USA,United States,1971,0.333818779233431,0.103468842679978,0.0025578226657101,0.43984544457911906,97.51937,,6116.076,5876.606,11992.682,26
USA,United States,1972,0.363638993962318,0.109535916257199,0.0454440051971043,0.5186189154166213,97.26838,,6139.336,5857.5503,11996.8863,27
USA,United States,1973,0.349942007908993,0.121738921139196,0.107643076024198,0.579324005072387,96.87508,,5985.4062,5852.223,11837.6292,28
USA,United States,1974,1.57098999295941,0.247653732064636,1.02526290817853,2.843906633202576,96.10648,,5715.055,5594.4717,11309.5267,29
USA,United States,1975,1.46934176729797,0.574744110437168,0.834988622080964,2.879074499816102,94.99311,,5463.43,5180.4146,10643.8446,30
USA,United States,1976,1.45988735231272,0.582522104452812,0.779312812908034,2.8217222696735664,94.99649,,5326.305,5138.206,10464.511,31
USA,United States,1977,1.48212564068025,0.546537334102934,0.779327725533135,2.807990700316319,94.525986,,5382.4077,5160.627,10543.0347,32
USA,United States,1978,1.41341674463219,0.402224837548859,0.676187358589122,2.491828940770171,93.94162,,5631.312,5139.4985,10770.8105,33
USA,United States,1979,2.51516039030815,0.413817498064911,1.82310670000573,4.752084588378791,94.28309,,5547.409,5295.417,10842.826000000001,34
USA,United States,1980,3.14542283209538,0.533324444441067,1.73021092303789,5.408958199574337,94.0796,,5584.649,5250.9077,10835.556700000001,35
USA,United States,1981,2.11596334266715,0.71839034385776,1.00605281950038,3.84040650602529,93.60285,5116.4155,5568.406,5195.9272,15880.7487,36
USA,United States,1982,1.29086632276152,0.741093771758871,0.187008816496244,2.2189689110166353,92.905876,5189.361,5590.811,4831.8984,15612.070399999999,37
USA,United States,1983,1.54215958455701,0.384582329453282,0.582812921655813,2.509554835666105,92.45377,4801.775,5616.8555,4376.7383,14795.3688,38
USA,United States,1984,1.28028340415492,0.307097108989771,0.620408255950344,2.207788769095035,92.2022,5490.1753,5770.069,4749.8438,16010.0881,39
USA,United States,1985,1.20811027948043,0.305577453466559,0.459517748823951,1.97320548177094,91.451065,5380.465,5799.941,4478.812,15659.217999999999,40
USA,United States,1986,0.485560804966156,0.199445108873838,0.099748388635223,0.784754302475217,90.92327,5431.7773,5609.4917,4362.867,15404.136,41
USA,United States,1987,0.690238832057989,0.107592275573671,0.276862781681907,1.074693889313567,90.75473,5607.636,5434.2373,4519.8115,15561.684799999999,42
USA,United States,1988,0.431203634958859,0.140725589232697,0.179156248622811,0.751085472814367,90.2821,5773.7217,5338.8906,4641.8755,15754.4878,43
USA,United States,1989,0.539633871691538,0.181418018510338,0.18431805922785,0.905369949429726,90.00407,5947.048,4989.655,4707.468,15644.170999999998,44
USA,United States,1990,0.703237008212799,0.195194426701276,0.161037648738278,1.059469083652353,89.04094,6260.9277,4845.259,4833.7793,15939.966,45
USA,United States,1991,0.477258781741128,0.175650939654538,0.125303136591617,0.778212857987283,88.47376,6023.9595,4918.2886,4808.0835,15750.331600000001,46
USA,United States,1992,0.44187309463968,0.137242438184298,0.214792748649505,0.793908281473483,88.67735,6040.0264,4803.5605,4846.6895,15690.276399999999,47
USA,United States,1993,0.348054380702048,0.0657598989836537,0.307270497360323,0.7210847770460247,88.81985,5661.8022,4617.1855,4901.7993,15180.787,48
USA,United States,1994,0.292003228041599,0.063259918956957,0.240785235961574,0.59604838296013,88.74758,6181.4487,4506.6177,5103.3086,15791.375,49
USA,United States,1995,0.295556544481324,0.185738496629802,0.156582984239874,0.6378780253509999,88.38096,6161.256,4460.73,5033.2085,15655.194500000001,50
USA,United States,1996,0.35131163624796,0.196220944930443,0.301639931615311,0.8491725127937141,88.56005,6345.179,4443.334,5102.321,15890.833999999999,51
USA,United States,1997,0.203604050521625,0.18276604042417,0.321971098127724,0.708341189073519,89.145195,6489.806,4418.8193,5115.399,16024.024300000001,52
USA,United States,1998,0.0755585072910338,0.162197453946907,0.211303030343375,0.4490589915813158,88.80118,6694.6035,4281.3467,5173.2803,16149.2305,53
USA,United States,1999,0.164264516670651,0.127171259418751,0.25338309838657,0.544818874475972,88.32736,6485.757,4101.04,5101.3804,15688.177399999999,54
USA,United States,2000,0.307551276869583,0.140193028838508,0.579475920941945,1.0272202266500359,88.474945,6329.958,4042.3733,5186.003,15558.334299999999,55
USA,United States,2001,0.16943295765488,0.212622185194759,0.466751378646037,0.848806521495676,88.30438,6555.921,4006.6648,5318.95,15881.535800000001,56
USA,United States,2002,0.172817088546724,0.151822005426027,0.302755619486716,0.6273947134594671,88.00221,6329.0527,3976.3623,5112.2876,15417.7026,57
USA,United States,2003,0.211788525599514,0.154155845833328,0.612792290539168,0.9787366619720099,88.12952,6151.262,3867.6333,5178.558,15197.453300000001,58
USA,United States,2004,0.283170634743015,0.321324626345383,0.569511287090411,1.174006548178809,88.01657,6362.4253,3783.905,5031.101,15177.4313,59
USA,United States,2005,0.350823193456479,0.26507175601934,0.797236904730241,1.41313185420606,88.01806,6455.1626,3593.5337,4894.408,14943.104299999999,60
USA,United States,2006,0.349464272960025,0.275791896326636,0.382513454180692,1.007769623467353,87.5938,6623.418,3541.373,5017.24,15182.030999999999,61
USA,United States,2007,0.356897499234572,0.249875712879914,0.339351155793805,0.9461243679082909,87.56431,6540.789,3546.8767,5218.889,15306.5547,62
USA,United States,2008,0.521498895801413,0.69687957292833,0.551540732489892,1.769919201219635,86.89277,6640.64,3514.8438,5460.6743,15616.1581,63
USA,United States,2009,0.259640404387642,0.328948122158706,0.0450657683061133,0.6336542948524613,85.99022,6020.4224,3751.6802,5575.825,15347.927599999999,64
USA,United States,2010,0.293762700279441,0.46327180553633,0.0,0.757034505815771,86.14829,6135.828,3874.478,5751.574,15761.880000000001,65
USA,United States,2011,0.370845235110237,0.576151367733925,0.0,0.9469966028441619,85.71166,6186.829,4028.8867,6173.5854,16389.3011,66
USA,United States,2012,0.205925846170308,0.365037619003386,0.0,0.570963465173694,85.656136,5756.8096,4597.0796,6491.2485,16845.1377,67
USA,United States,2013,0.305650080049118,0.279719144616926,0.0,0.585369224666044,85.49696,5568.7134,5216.947,6556.9272,17342.5876,68
USA,United States,2014,0.292226566231044,0.226671482497904,0.0523192680969993,0.5712173168259472,85.418304,5647.8955,6095.6357,7047.2646,18790.7958,69
USA,United States,2015,0.0075251806478225,0.154809825395291,0.0,0.16233500604311352,85.1754,4996.5073,6591.239,7403.032,18990.778299999998,70
USA,United States,2016,0.0922955001311894,0.135996650509346,0.0,0.2282921506405354,84.61348,4083.5747,6314.9414,7273.561,17672.077100000002,71
USA,United States,2017,0.162525850896316,0.182332985664659,0.0,0.344858836560975,84.27372,4350.379,6679.736,7471.073,18501.188000000002,72
USA,United States,2018,0.319247607054063,0.19836963909789,0.0081892582391436,0.5258065043910967,84.72822,4277.451,7788.3237,8409.362,20475.1367,73
USA,United States,2019,0.368544560120872,0.131587352107841,0.0,0.500131912228713,84.46597,3969.0542,8735.928,9281.11,21986.0922,74
USA,United States,2020,0.187625106322478,0.0836949579138938,0.0,0.2713200642363718,83.30921,2979.9624,8306.166,9248.13,20534.2584,75
USA,United States,2021,0.61148265568772,0.165541837941739,0.363207721748918,1.140232215378377,83.971054,3228.6084,8351.302,9444.559,21024.4694,76
USA,United States,2022,,,,,83.87639,3353.036,8917.285,9907.006,22177.326999999997,77
USA,United States,2023,,,,,83.422676,3271.5413,9652.758,10288.885,23213.1843,78
USA,United States,2024,,,,,83.05894,2945.31,10035.543,10318.645,23299.498,79
USA,United States,2025,,,,,83.17084,3067.0208,10349.585,10737.427,24154.0328,80
UZB,Uzbekistan,1960,,,,,,,,,,15
UZB,Uzbekistan,1961,,,,,,,,,,16
UZB,Uzbekistan,1962,,,,,,,,,,17
UZB,Uzbekistan,1963,,,,,,,,,,18
UZB,Uzbekistan,1964,,,,,,,,,,19
UZB,Uzbekistan,1965,,,,,,,,,,20
UZB,Uzbekistan,1966,,,,,,,,,,21
UZB,Uzbekistan,1967,,,,,,,,,,22
UZB,Uzbekistan,1968,,,,,,,,,,23
UZB,Uzbekistan,1969,,,,,,,,,,24
UZB,Uzbekistan,1970,,,,,,,,,,25
UZB,Uzbekistan,1971,,,,,,,,,,26
UZB,Uzbekistan,1972,,,,,,,,,,27
UZB,Uzbekistan,1973,,,,,,,,,,28
UZB,Uzbekistan,1974,,,,,,,,,,29
UZB,Uzbekistan,1975,,,,,,,,,,30
UZB,Uzbekistan,1976,,,,,,,,,,31
UZB,Uzbekistan,1977,,,,,,,,,,32
UZB,Uzbekistan,1978,,,,,,,,,,33
UZB,Uzbekistan,1979,,,,,,,,,,34
UZB,Uzbekistan,1980,,,,,,,,,,35
UZB,Uzbekistan,1981,,,,,,,,,,36
UZB,Uzbekistan,1982,,,,,,,,,,37
UZB,Uzbekistan,1983,,,,,,,,,,38
UZB,Uzbekistan,1984,,,,,,,,,,39
UZB,Uzbekistan,1985,,,,,98.8074,17.305292,26.8653,327.3636,371.534192,40
UZB,Uzbekistan,1986,,,,,98.96982,19.590899,29.4239,365.31464,414.329439,41
UZB,Uzbekistan,1987,,,,,98.53879,16.325748,31.052101,376.6716,424.049449,42
UZB,Uzbekistan,1988,,,,,98.461945,17.958323,28.377201,377.618,423.953524,43
UZB,Uzbekistan,1989,,,,,98.867256,20.243927,31.401001,388.9749,440.619828,44
UZB,Uzbekistan,1990,3.73157855500742,0.157135529183624,4.82786716694025,8.716581251131295,98.687904,21.223473,32.564,368.06,421.847473,45
UZB,Uzbekistan,1991,2.04969945698757,0.1518936536204,2.98310942862483,5.1847025392328,98.7947,19.42111,32.564,378.16623,430.15134,46
UZB,Uzbekistan,1992,2.16776430055131,0.0769139777837228,1.79627303783983,4.040951316174863,98.68597,15.2809,38.378998,384.615,438.274898,47
UZB,Uzbekistan,1993,2.46708564423504,0.0071260181120904,4.15944088282499,6.63365254517212,98.51387,12.430425,46.531628,406.36752,465.329573,48
UZB,Uzbekistan,1994,1.74109759609166,0.0095644435035458,4.30130653782493,6.051968577420135,98.54563,12.554501,64.16271,426.195,502.912211,49
UZB,Uzbekistan,1995,2.95980522131581,0.0294012701764836,7.82798715575388,10.817193647246174,98.74937,9.971767,88.23681,433.41376,531.622337,50
UZB,Uzbekistan,1996,3.209285723044,0.0152522795903362,7.22864796010283,10.453185962737166,98.719,9.263229,88.655495,442.36502,540.2837440000001,51
UZB,Uzbekistan,1997,2.3219845290823,0.0064740388029596,7.56461013695163,9.893068704836889,98.858055,9.619131,91.77233,453.62625,555.017711,52
UZB,Uzbekistan,1998,0.74227607189078,0.0121293297216647,1.08190143918471,1.8363068407971546,98.86572,9.638722,95.086876,494.725,599.450598,53
UZB,Uzbekistan,1999,1.73054268013785,0.0021102681513008,0.940519568054424,2.673172516343575,99.00354,9.651782,94.203,501.8475,605.702282,54
UZB,Uzbekistan,2000,5.40046980305752,0.0200116320320681,7.45483715071037,12.875318585799958,98.986885,8.166139,87.64368,509.25873,605.0685490000001,55
UZB,Uzbekistan,2001,4.19019187872677,0.0883260370434612,19.2375600474741,23.51607796324433,98.96421,8.851821,83.88138,514.64874,607.381941,56
UZB,Uzbekistan,2002,4.39304141489731,0.0355440621728097,15.5837533463076,20.012338823377718,98.95813,8.934755,84.12793,527.35376,620.416445,57
UZB,Uzbekistan,2003,5.07436940546078,0.0252641418064628,16.3929079886423,21.49254153590954,98.70705,6.246231,83.37199,530.915,620.5332209999999,58
UZB,Uzbekistan,2004,5.07540795828882,0.283832729250063,12.4022223973696,17.761463084908485,98.81402,8.812639,76.95571,538.0375,623.8058490000001,59
UZB,Uzbekistan,2005,5.37160292421135,0.172720377765279,8.92774487104872,14.472068173025349,98.7343,9.8029585,63.37187,546.21875,619.3935785,60
UZB,Uzbekistan,2006,4.34214617853328,0.156904350881374,16.8322525714706,21.331303100885254,98.8467,10.194777,63.36606,565.95,639.510837,61
UZB,Uzbekistan,2007,4.11571314211123,0.210570825809528,13.8895336856133,18.215817653534057,98.795364,10.687815,59.961952,589.05,659.699767,62
UZB,Uzbekistan,2008,4.39931830334527,0.535634788278614,19.8143323526962,24.749285444320087,99.136284,11.761068,57.202156,610.225,679.188224,63
UZB,Uzbekistan,2009,1.45083569447794,0.140016075482997,11.9048370778636,13.495688847824537,98.726944,11.93151,51.325226,584.2375,647.494236,64
UZB,Uzbekistan,2010,1.36556852378151,0.177982091255547,7.30039301916179,8.843943634198848,98.37797,11.850534,46.95539,571.4362,630.242124,65
UZB,Uzbekistan,2011,2.07023379383746,0.191200265017751,9.11244807652977,11.373882135384981,98.92639,12.55386,43.463383,566.4312,622.448443,66
UZB,Uzbekistan,2012,2.00160011940789,0.0703808968939064,8.62348030793224,10.695461324234037,98.75524,12.253911,38.810474,565.2763,616.340685,67
UZB,Uzbekistan,2013,1.81098984495042,0.0364243643920352,8.31707283634849,10.164487045690946,98.78173,13.354527,36.834316,551.8087,601.9975430000001,68
UZB,Uzbekistan,2014,1.40801898329424,0.0303130899002915,5.41544208670451,6.853774159899041,98.71455,14.356276,33.343815,512.5876,560.287691,69
UZB,Uzbekistan,2015,0.526675674638226,0.0150647267740631,3.57728670528244,4.119027106694729,98.70124,11.388744,31.727688,516.7452,559.861632,70
UZB,Uzbekistan,2016,0.356801760612992,0.0189339569216539,2.11753304648124,2.493268764015886,98.600235,12.62715,30.417183,531.24,574.2843330000001,71
UZB,Uzbekistan,2017,0.661950141993753,0.0360593632484536,4.10458310863666,4.802592613878867,98.45383,13.18673,32.17584,536.068,581.43057,72
UZB,Uzbekistan,2018,1.12073426200572,0.0527463848698131,8.4367746464968,9.610255293372333,98.91099,13.630042,33.62134,582.8515,630.102882,73
UZB,Uzbekistan,2019,0.819211930906664,0.0336816048445821,5.07447370101394,5.9273672367651855,98.83262,13.426262,32.7431,574.58417,620.753532,74
UZB,Uzbekistan,2020,0.395640310697318,0.0292509982094504,2.06722663890198,2.4921179478087483,99.05551,13.7611885,23.613552,471.01172,508.3864605,75
UZB,Uzbekistan,2021,0.867176370586835,0.0535648008565471,11.0412650689481,11.962006240391482,99.129105,16.685259,24.39974,509.1885,550.273499,76
UZB,Uzbekistan,2022,,,,,98.977234,17.6462,24.13225,489.0901,530.86855,77
UZB,Uzbekistan,2023,,,,,98.678,21.628208,23.00065,442.0724,486.701258,78
UZB,Uzbekistan,2024,,,,,97.744064,30.253819,22.115608,392.9849,445.354327,79
UZB,Uzbekistan,2025,,,,,97.15563,32.81128,20.550209,400.33185,453.693339,80
VCT,St. Vincent and the Grenadines,1960,,,,,,,,,,15
VCT,St. Vincent and the Grenadines,1961,,,,,,,,,,16
VCT,St. Vincent and the Grenadines,1962,,,,,,,,,,17
VCT,St. Vincent and the Grenadines,1963,,,,,,,,,,18
VCT,St. Vincent and the Grenadines,1964,,,,,,,,,,19
VCT,St. Vincent and the Grenadines,1965,,,,,,,,,,20
VCT,St. Vincent and the Grenadines,1966,,,,,,,,,,21
VCT,St. Vincent and the Grenadines,1967,,,,,,,,,,22
VCT,St. Vincent and the Grenadines,1968,,,,,,,,,,23
VCT,St. Vincent and the Grenadines,1969,,,,,,,,,,24
VCT,St. Vincent and the Grenadines,1970,,,,,,,,,,25
VCT,St. Vincent and the Grenadines,1971,,,,,,,,,,26
VCT,St. Vincent and the Grenadines,1972,,,,,,,,,,27
VCT,St. Vincent and the Grenadines,1973,,,,,,,,,,28
VCT,St. Vincent and the Grenadines,1974,,,,,,,,,,29
VCT,St. Vincent and the Grenadines,1975,,,,,,,,,,30
VCT,St. Vincent and the Grenadines,1976,,,,,,,,,,31
VCT,St. Vincent and the Grenadines,1977,,,,,,,,,,32
VCT,St. Vincent and the Grenadines,1978,,,,,,,,,,33
VCT,St. Vincent and the Grenadines,1979,,,,,,,,,,34
VCT,St. Vincent and the Grenadines,1980,0.0,0.0,0.0,0.0,,,,,,35
VCT,St. Vincent and the Grenadines,1981,0.0,0.0,0.0,0.0,,,,,,36
VCT,St. Vincent and the Grenadines,1982,0.0,0.0,0.0,0.0,,,,,,37
VCT,St. Vincent and the Grenadines,1983,0.0,0.0,0.0,0.0,,,,,,38
VCT,St. Vincent and the Grenadines,1984,0.0,0.0,0.0,0.0,,,,,,39
VCT,St. Vincent and the Grenadines,1985,0.0,0.0,0.0,0.0,,,,,,40
VCT,St. Vincent and the Grenadines,1986,0.0,0.0,0.0,0.0,,,,,,41
VCT,St. Vincent and the Grenadines,1987,0.0,0.0,0.0,0.0,,,,,,42
VCT,St. Vincent and the Grenadines,1988,0.0,0.0,0.0,0.0,,,,,,43
VCT,St. Vincent and the Grenadines,1989,0.0,0.0,0.0,0.0,,,,,,44
VCT,St. Vincent and the Grenadines,1990,0.0,0.0,0.0,0.0,,,,,,45
VCT,St. Vincent and the Grenadines,1991,0.0,0.0,0.0,0.0,,,,,,46
VCT,St. Vincent and the Grenadines,1992,0.0,0.0,0.0,0.0,,,,,,47
VCT,St. Vincent and the Grenadines,1993,0.0,0.0,0.0,0.0,,,,,,48
VCT,St. Vincent and the Grenadines,1994,0.0,0.0,0.0,0.0,,,,,,49
VCT,St. Vincent and the Grenadines,1995,0.0,0.0,0.0,0.0,,,,,,50
VCT,St. Vincent and the Grenadines,1996,0.0,0.0,0.0,0.0,,,,,,51
VCT,St. Vincent and the Grenadines,1997,0.0,0.0,0.0,0.0,,,,,,52
VCT,St. Vincent and the Grenadines,1998,0.0,0.0,0.0,0.0,,,,,,53
VCT,St. Vincent and the Grenadines,1999,0.0,0.0,0.0,0.0,,,,,,54
VCT,St. Vincent and the Grenadines,2000,0.0,0.0,0.0,0.0,,,,,,55
VCT,St. Vincent and the Grenadines,2001,0.0,0.0,0.0,0.0,,,,,,56
VCT,St. Vincent and the Grenadines,2002,0.0,0.0,0.0,0.0,,,,,,57
VCT,St. Vincent and the Grenadines,2003,0.0,0.0,0.0,0.0,,,,,,58
VCT,St. Vincent and the Grenadines,2004,0.0,0.0,0.0,0.0,,,,,,59
VCT,St. Vincent and the Grenadines,2005,0.0,0.0,0.0,0.0,,,,,,60
VCT,St. Vincent and the Grenadines,2006,0.0,0.0,0.0,0.0,,,,,,61
VCT,St. Vincent and the Grenadines,2007,0.0,0.0,0.0,0.0,,,,,,62
VCT,St. Vincent and the Grenadines,2008,0.0,0.0,0.0,0.0,,,,,,63
VCT,St. Vincent and the Grenadines,2009,0.0,0.0,0.0,0.0,,,,,,64
VCT,St. Vincent and the Grenadines,2010,0.0,0.0,0.0,0.0,,,,,,65
VCT,St. Vincent and the Grenadines,2011,0.0,0.0,0.0,0.0,,,,,,66
VCT,St. Vincent and the Grenadines,2012,0.0,0.0,0.0,0.0,,,,,,67
VCT,St. Vincent and the Grenadines,2013,0.0,0.0,0.0,0.0,,,,,,68
VCT,St. Vincent and the Grenadines,2014,0.0,0.0,0.0,0.0,,,,,,69
VCT,St. Vincent and the Grenadines,2015,0.0,0.0,0.0,0.0,,,,,,70
VCT,St. Vincent and the Grenadines,2016,0.0,0.0,0.0,0.0,,,,,,71
VCT,St. Vincent and the Grenadines,2017,0.0,0.0,0.0,0.0,,,,,,72
VCT,St. Vincent and the Grenadines,2018,0.0,0.0,0.0,0.0,,,,,,73
VCT,St. Vincent and the Grenadines,2019,0.0,0.0,0.0,0.0,,,,,,74
VCT,St. Vincent and the Grenadines,2020,0.0,0.0,0.0,0.0,,,,,,75
VCT,St. Vincent and the Grenadines,2021,0.0,0.0,0.0,0.0,,,,,,76
VCT,St. Vincent and the Grenadines,2022,,,,,,,,,,77
VCT,St. Vincent and the Grenadines,2023,,,,,,,,,,78
VCT,St. Vincent and the Grenadines,2024,,,,,,,,,,79
VCT,St. Vincent and the Grenadines,2025,,,,,,,,,,80
VEN,"Venezuela, RB",1960,,,,,,,,,,15
VEN,"Venezuela, RB",1961,,,,,,,,,,16
VEN,"Venezuela, RB",1962,,,,,,,,,,17
VEN,"Venezuela, RB",1963,,,,,,,,,,18
VEN,"Venezuela, RB",1964,,,,,,,,,,19
VEN,"Venezuela, RB",1965,,,,,99.27491,,2141.2454,,2141.2454,20
VEN,"Venezuela, RB",1966,,,,,99.268005,,2079.28,,2079.28,21
VEN,"Venezuela, RB",1967,,,,,99.18451,,2185.5684,,2185.5684,22
VEN,"Venezuela, RB",1968,,,,,98.71921,,2230.1965,,2230.1965,23
VEN,"Venezuela, RB",1969,,,,,98.52404,,2219.0684,,2219.0684,24
VEN,"Venezuela, RB",1970,4.79927244945126,,0.0221370999607284,4.821409549411989,98.1039,,2293.8787,85.581,2379.4597000000003,25
VEN,"Venezuela, RB",1971,6.78719222962612,0.0,0.0347657629542569,6.821957992580377,97.523705,,2208.2644,82.9392,2291.2036,26
VEN,"Venezuela, RB",1972,6.69174635347221,0.0,0.0347966008003465,6.726542954272556,97.37646,,2021.4376,82.4397,2103.8773,27
VEN,"Venezuela, RB",1973,10.2866739191916,2.32842616360992e-05,0.0333148869118583,10.320012090365093,97.640564,,2110.0837,101.553894,2211.6375940000003,28
VEN,"Venezuela, RB",1974,33.3402278252986,0.0006791751590139,0.166026571081001,33.50693357153861,97.15022,,1868.362,107.325905,1975.687905,29
VEN,"Venezuela, RB",1975,24.0233622156042,0.002953172125871,0.277868294731859,24.304183682461932,96.80432,,1478.1473,104.3844,1582.5317,30
VEN,"Venezuela, RB",1976,22.1509399998971,0.0033199305063225,0.250621441153781,22.404881371557206,96.52028,,1451.5715,129.40381,1580.97531,31
VEN,"Venezuela, RB",1977,15.7438348333444,0.0040954824300811,0.0175900508342194,15.7655203666087,96.4021,,1412.9277,141.25305,1554.18075,32
VEN,"Venezuela, RB",1978,15.4615217950232,0.0021387113575958,0.0381185769565808,15.501779083337377,96.46281,,1360.4202,142.53511,1502.95531,33
VEN,"Venezuela, RB",1979,35.9005908031082,0.0010818238249829,0.239270669213099,36.14094329614628,96.25053,,1481.2926,159.6402,1640.9328,34
VEN,"Venezuela, RB",1980,33.5669317799093,0.0012237603143741,0.502397076823419,34.07055261704709,96.58924,,1364.7378,164.34105,1529.07885,35
VEN,"Venezuela, RB",1981,24.1805766481041,0.0023616124560893,0.269057008977634,24.45199526953782,96.599915,0.42449498,1321.3466,165.22905,1487.00014498,36
VEN,"Venezuela, RB",1982,12.7185086495916,0.0025585491723167,0.0593193014721485,12.780386500236066,96.49921,0.42449498,1193.1802,176.3013,1369.90599498,37
VEN,"Venezuela, RB",1983,16.5476906655835,0.0009032537959033,0.321512877718524,16.87010679709793,95.94652,0.3395961,1131.2377,173.604,1305.1812961,38
VEN,"Venezuela, RB",1984,18.3191498331889,0.0009284757987824,0.458495277113724,18.778573586101405,95.50952,0.42449498,1135.138,192.03,1327.5924949799999,39
VEN,"Venezuela, RB",1985,15.6094632774951,0.000893012500043,0.430841028316452,16.041197318311596,95.07064,0.3395961,1064.192,192.31305,1256.8446461,40
VEN,"Venezuela, RB",1986,7.36089191172372,0.0005756457961841,0.374914979872589,7.736382537392493,94.88649,0.5093939,1150.7296,211.72139,1362.9603839,41
VEN,"Venezuela, RB",1987,15.2245976568424,0.0,0.352194351676579,15.576792008518979,93.5805,2.0375762,1165.9482,206.3157,1374.3014762000003,42
VEN,"Venezuela, RB",1988,9.50512761197021,0.0039680381682547,0.241125957435017,9.750221607573481,93.10964,9.084193,1223.4188,211.2108,1443.713793,43
VEN,"Venezuela, RB",1989,20.0333515379632,0.0282434303216783,0.450309223788971,20.511904192073846,93.06985,17.91369,1228.8223,216.8718,1463.60779,44
VEN,"Venezuela, RB",1990,28.0600250559547,0.029180715245335,0.589527278171202,28.67873304937124,93.03757,18.253284,1369.9797,243.81705,1632.0500339999999,45
VEN,"Venezuela, RB",1991,15.6286717350987,0.0244798506849413,0.445770141075725,16.098921726859366,91.44202,20.375761,1527.3145,243.1122,1790.802461,46
VEN,"Venezuela, RB",1992,14.935095280643,0.0131196576874325,0.352497341735256,15.30071228006569,91.63501,21.054953,1530.3914,239.95981,1791.406163,47
VEN,"Venezuela, RB",1993,14.9699327410478,0.0,0.458932426262348,15.428865167310146,91.48749,33.620003,1583.2775,258.9519,1875.849403,48
VEN,"Venezuela, RB",1994,15.3866042080656,0.0,0.430721441622802,15.817325649688403,91.53682,37.695156,1680.295,273.89804,1991.888196,49
VEN,"Venezuela, RB",1995,14.5559545074645,0.0164890672486179,0.301335331109423,14.87377890582254,91.79046,36.93107,1806.4308,305.2611,2148.6229700000004,50
VEN,"Venezuela, RB",1996,23.0648781099677,0.0023150659433672,0.385285716754203,23.452478892665273,91.077324,35.48778,1921.0215,330.0141,2286.52338,51
VEN,"Venezuela, RB",1997,17.5046486685088,0.0,0.321044159074458,17.825692827583257,91.013725,44.91157,1994.7681,342.213,2381.89267,52
VEN,"Venezuela, RB",1998,8.57137562243914,0.0,0.239125734808664,8.810501357247803,90.92687,54.844753,2067.4336,358.92404,2481.2023929999996,53
VEN,"Venezuela, RB",1999,12.8387638257711,0.0,0.283966808667976,13.122730634439076,90.118385,55.94844,1849.905,304.251,2210.10444,54
VEN,"Venezuela, RB",2000,20.0011569684281,0.0,0.450042899866886,20.451199868294985,90.30911,66.90041,1864.1425,309.9564,2240.9993099999997,55
VEN,"Venezuela, RB",2001,14.809781275052,0.0116115298305875,0.39389596845671,15.215288773339296,91.36408,65.28733,1896.0684,328.4823,2289.8380300000003,56
VEN,"Venezuela, RB",2002,18.7480489712018,0.0,0.485477997520281,19.23352696872208,91.5146,68.76819,1775.8738,315.41205,2160.05404,57
VEN,"Venezuela, RB",2003,21.1779581221907,2.21645152227653e-06,0.382225897512285,21.560186236154507,90.22094,59.684,1715.151,279.9864,2054.8214,58
VEN,"Venezuela, RB",2004,23.0890395880635,0.150228232770227,0.282061313688956,23.521329134522684,89.7713,68.8302,1978.9579,315.2955,2363.0836000000004,59
VEN,"Venezuela, RB",2005,28.0538745861065,0.0742191320000952,0.360365920832308,28.488459638938902,89.07381,61.08483,1970.2279,304.3509,2335.66363,60
VEN,"Venezuela, RB",2006,26.8186567625884,0.0643409416368239,0.415380969310995,27.29837867353622,89.61203,60.81816,1990.3898,349.45023,2400.6581899999996,61
VEN,"Venezuela, RB",2007,21.6186473049421,0.0841410870915604,0.404644901272761,22.10743329330642,89.92187,58.201157,1927.5015,372.47162,2358.174277,62
VEN,"Venezuela, RB",2008,22.6737847784336,0.136321487377968,0.299641057955094,23.109747323766662,89.717865,42.905445,1928.7676,334.2321,2305.905145,63
VEN,"Venezuela, RB",2009,9.95847654408777,0.0218573214827694,0.301357412680844,10.281691278251383,89.982544,27.832499,1812.6816,317.95947,2158.4735689999998,64
VEN,"Venezuela, RB",2010,11.6928975467648,0.034877436264678,0.193269710628376,11.921044693657855,90.66107,22.335398,1696.0616,304.51743,2022.914428,65
VEN,"Venezuela, RB",2011,23.1450195251423,0.0469187916135786,0.542388149685457,23.734326466441335,90.37163,22.170832,1645.7238,302.36398,1970.258612,66
VEN,"Venezuela, RB",2012,17.9387823718967,0.0140786873288863,0.501629536802643,18.45449059602823,91.04182,16.22251,1620.3497,319.0473,1955.61951,67
VEN,"Venezuela, RB",2013,16.7771388276982,0.0089029096429571,0.542256254471641,17.328297991812796,90.89639,10.43671,1602.3982,305.9049,1918.73981,68
VEN,"Venezuela, RB",2014,11.3021511747501,0.0068255796735525,0.377759593557882,11.686736347981533,90.78412,6.7973537,1610.8744,317.8818,1935.5535537,69
VEN,"Venezuela, RB",2015,,,,,91.10007,6.8063273,1716.8069,360.6501,2084.2633273,70
VEN,"Venezuela, RB",2016,,,,,91.91334,6.360864,1541.6309,372.38733,1920.3790940000001,71
VEN,"Venezuela, RB",2017,,,,,90.68227,6.1131477,1321.4904,386.0539,1713.6574477,72
VEN,"Venezuela, RB",2018,,,,,89.49596,5.875078,980.1152,316.19098,1302.181258,73
VEN,"Venezuela, RB",2019,,,,,88.62861,3.3447459,607.91235,255.76219,867.0192859,74
VEN,"Venezuela, RB",2020,,,,,83.79957,2.417411,390.58945,215.61089,608.617751,75
VEN,"Venezuela, RB",2021,,,,,86.21241,1.4306239,385.08865,280.5911,667.1103739,76
VEN,"Venezuela, RB",2022,,,,,87.05043,1.373894,467.49606,290.55545,759.4254040000001,77
VEN,"Venezuela, RB",2023,,,,,87.34165,4.137209,520.2444,296.8337,821.215309,78
VEN,"Venezuela, RB",2024,,,,,87.15975,4.7338047,588.854,317.31195,910.8997547,79
VEN,"Venezuela, RB",2025,,,,,86.980286,12.307892,665.9525,310.44107,988.701462,80
VGB,British Virgin Islands,1960,,,,,,,,,,15
VGB,British Virgin Islands,1961,,,,,,,,,,16
VGB,British Virgin Islands,1962,,,,,,,,,,17
VGB,British Virgin Islands,1963,,,,,,,,,,18
VGB,British Virgin Islands,1964,,,,,,,,,,19
VGB,British Virgin Islands,1965,,,,,,,,,,20
VGB,British Virgin Islands,1966,,,,,,,,,,21
VGB,British Virgin Islands,1967,,,,,,,,,,22
VGB,British Virgin Islands,1968,,,,,,,,,,23
VGB,British Virgin Islands,1969,,,,,,,,,,24
VGB,British Virgin Islands,1970,,,,,,,,,,25
VGB,British Virgin Islands,1971,,,,,,,,,,26
VGB,British Virgin Islands,1972,,,,,,,,,,27
VGB,British Virgin Islands,1973,,,,,,,,,,28
VGB,British Virgin Islands,1974,,,,,,,,,,29
VGB,British Virgin Islands,1975,,,,,,,,,,30
VGB,British Virgin Islands,1976,,,,,,,,,,31
VGB,British Virgin Islands,1977,,,,,,,,,,32
VGB,British Virgin Islands,1978,,,,,,,,,,33
VGB,British Virgin Islands,1979,,,,,,,,,,34
VGB,British Virgin Islands,1980,,,,,,,,,,35
VGB,British Virgin Islands,1981,,,,,,,,,,36
VGB,British Virgin Islands,1982,,,,,,,,,,37
VGB,British Virgin Islands,1983,,,,,,,,,,38
VGB,British Virgin Islands,1984,,,,,,,,,,39
VGB,British Virgin Islands,1985,,,,,,,,,,40
VGB,British Virgin Islands,1986,,,,,,,,,,41
VGB,British Virgin Islands,1987,,,,,,,,,,42
VGB,British Virgin Islands,1988,,,,,,,,,,43
VGB,British Virgin Islands,1989,,,,,,,,,,44
VGB,British Virgin Islands,1990,,,,,,,,,,45
VGB,British Virgin Islands,1991,,,,,,,,,,46
VGB,British Virgin Islands,1992,,,,,,,,,,47
VGB,British Virgin Islands,1993,,,,,,,,,,48
VGB,British Virgin Islands,1994,,,,,,,,,,49
VGB,British Virgin Islands,1995,,,,,,,,,,50
VGB,British Virgin Islands,1996,,,,,,,,,,51
VGB,British Virgin Islands,1997,,,,,,,,,,52
VGB,British Virgin Islands,1998,,,,,,,,,,53
VGB,British Virgin Islands,1999,,,,,,,,,,54
VGB,British Virgin Islands,2000,,,,,,,,,,55
VGB,British Virgin Islands,2001,,,,,,,,,,56
VGB,British Virgin Islands,2002,,,,,,,,,,57
VGB,British Virgin Islands,2003,,,,,,,,,,58
VGB,British Virgin Islands,2004,,,,,,,,,,59
VGB,British Virgin Islands,2005,,,,,,,,,,60
VGB,British Virgin Islands,2006,,,,,,,,,,61
VGB,British Virgin Islands,2007,,,,,,,,,,62
VGB,British Virgin Islands,2008,,,,,,,,,,63
VGB,British Virgin Islands,2009,,,,,,,,,,64
VGB,British Virgin Islands,2010,,,,,,,,,,65
VGB,British Virgin Islands,2011,,,,,,,,,,66
VGB,British Virgin Islands,2012,,,,,,,,,,67
VGB,British Virgin Islands,2013,,,,,,,,,,68
VGB,British Virgin Islands,2014,,,,,,,,,,69
VGB,British Virgin Islands,2015,,,,,,,,,,70
VGB,British Virgin Islands,2016,,,,,,,,,,71
VGB,British Virgin Islands,2017,,,,,,,,,,72
VGB,British Virgin Islands,2018,,,,,,,,,,73
VGB,British Virgin Islands,2019,,,,,,,,,,74
VGB,British Virgin Islands,2020,,,,,,,,,,75
VGB,British Virgin Islands,2021,,,,,,,,,,76
VGB,British Virgin Islands,2022,,,,,,,,,,77
VGB,British Virgin Islands,2023,,,,,,,,,,78
VGB,British Virgin Islands,2024,,,,,,,,,,79
VGB,British Virgin Islands,2025,,,,,,,,,,80
VIR,Virgin Islands (U.S.),1960,,,,,,,,,,15
VIR,Virgin Islands (U.S.),1961,,,,,,,,,,16
VIR,Virgin Islands (U.S.),1962,,,,,,,,,,17
VIR,Virgin Islands (U.S.),1963,,,,,,,,,,18
VIR,Virgin Islands (U.S.),1964,,,,,,,,,,19
VIR,Virgin Islands (U.S.),1965,,,,,,,,,,20
VIR,Virgin Islands (U.S.),1966,,,,,,,,,,21
VIR,Virgin Islands (U.S.),1967,,,,,,,,,,22
VIR,Virgin Islands (U.S.),1968,,,,,,,,,,23
VIR,Virgin Islands (U.S.),1969,,,,,,,,,,24
VIR,Virgin Islands (U.S.),1970,,,,,,,,,,25
VIR,Virgin Islands (U.S.),1971,,,,,,,,,,26
VIR,Virgin Islands (U.S.),1972,,,,,,,,,,27
VIR,Virgin Islands (U.S.),1973,,,,,,,,,,28
VIR,Virgin Islands (U.S.),1974,,,,,,,,,,29
VIR,Virgin Islands (U.S.),1975,,,,,,,,,,30
VIR,Virgin Islands (U.S.),1976,,,,,,,,,,31
VIR,Virgin Islands (U.S.),1977,,,,,,,,,,32
VIR,Virgin Islands (U.S.),1978,,,,,,,,,,33
VIR,Virgin Islands (U.S.),1979,,,,,,,,,,34
VIR,Virgin Islands (U.S.),1980,,,,,,,,,,35
VIR,Virgin Islands (U.S.),1981,,,,,,,,,,36
VIR,Virgin Islands (U.S.),1982,,,,,,,,,,37
VIR,Virgin Islands (U.S.),1983,,,,,,,,,,38
VIR,Virgin Islands (U.S.),1984,,,,,,,,,,39
VIR,Virgin Islands (U.S.),1985,,,,,,,,,,40
VIR,Virgin Islands (U.S.),1986,,,,,,,,,,41
VIR,Virgin Islands (U.S.),1987,,,,,,,,,,42
VIR,Virgin Islands (U.S.),1988,,,,,,,,,,43
VIR,Virgin Islands (U.S.),1989,,,,,,,,,,44
VIR,Virgin Islands (U.S.),1990,,,,,,,,,,45
VIR,Virgin Islands (U.S.),1991,,,,,,,,,,46
VIR,Virgin Islands (U.S.),1992,,,,,,,,,,47
VIR,Virgin Islands (U.S.),1993,,,,,,,,,,48
VIR,Virgin Islands (U.S.),1994,,,,,,,,,,49
VIR,Virgin Islands (U.S.),1995,,,,,,,,,,50
VIR,Virgin Islands (U.S.),1996,,,,,,,,,,51
VIR,Virgin Islands (U.S.),1997,,,,,,,,,,52
VIR,Virgin Islands (U.S.),1998,,,,,,,,,,53
VIR,Virgin Islands (U.S.),1999,,,,,,,,,,54
VIR,Virgin Islands (U.S.),2000,,,,,,,,,,55
VIR,Virgin Islands (U.S.),2001,,,,,,,,,,56
VIR,Virgin Islands (U.S.),2002,0.0,0.0,0.0,0.0,,,,,,57
VIR,Virgin Islands (U.S.),2003,0.0,5.53610623916158e-05,0.0,5.53610623916158e-05,,,,,,58
VIR,Virgin Islands (U.S.),2004,0.0,4.55087436911593,0.0,4.55087436911593,,,,,,59
VIR,Virgin Islands (U.S.),2005,0.0,2.303477558914,0.0,2.303477558914,,,,,,60
VIR,Virgin Islands (U.S.),2006,0.0,2.4815703726033,0.0,2.4815703726033,,,,,,61
VIR,Virgin Islands (U.S.),2007,0.0,3.8258764076629,0.0,3.8258764076629,,,,,,62
VIR,Virgin Islands (U.S.),2008,0.0,9.54949861751269,0.0,9.54949861751269,,,,,,63
VIR,Virgin Islands (U.S.),2009,0.0,1.83139190991551,0.0,1.83139190991551,,,,,,64
VIR,Virgin Islands (U.S.),2010,0.0,3.45978934522894,0.0,3.45978934522894,,,,,,65
VIR,Virgin Islands (U.S.),2011,0.0,4.1047335352688,0.0,4.1047335352688,,,,,,66
VIR,Virgin Islands (U.S.),2012,0.0,1.96183734012522,0.0,1.96183734012522,,,,,,67
VIR,Virgin Islands (U.S.),2013,0.0,1.34622849772001,0.0,1.34622849772001,,,,,,68
VIR,Virgin Islands (U.S.),2014,0.0,0.85274473054265,0.0,0.85274473054265,,,,,,69
VIR,Virgin Islands (U.S.),2015,0.0,0.448439817567942,0.0,0.448439817567942,,,,,,70
VIR,Virgin Islands (U.S.),2016,0.0,0.440640386181765,0.0,0.440640386181765,,,,,,71
VIR,Virgin Islands (U.S.),2017,0.0,0.458057890874122,0.0,0.458057890874122,,,,,,72
VIR,Virgin Islands (U.S.),2018,0.0,0.372382849153501,0.0,0.372382849153501,,,,,,73
VIR,Virgin Islands (U.S.),2019,0.0,0.247081553705368,0.0,0.247081553705368,,,,,,74
VIR,Virgin Islands (U.S.),2020,0.0,0.205447216042101,0.0,0.205447216042101,,,,,,75
VIR,Virgin Islands (U.S.),2021,,,,,,,,,,76
VIR,Virgin Islands (U.S.),2022,,,,,,,,,,77
VIR,Virgin Islands (U.S.),2023,,,,,,,,,,78
VIR,Virgin Islands (U.S.),2024,,,,,,,,,,79
VIR,Virgin Islands (U.S.),2025,,,,,,,,,,80
VNM,Viet Nam,1960,,,,,,,,,,15
VNM,Viet Nam,1961,,,,,,,,,,16
VNM,Viet Nam,1962,,,,,,,,,,17
VNM,Viet Nam,1963,,,,,,,,,,18
VNM,Viet Nam,1964,,,,,,,,,,19
VNM,Viet Nam,1965,,,,,,,,,,20
VNM,Viet Nam,1966,,,,,,,,,,21
VNM,Viet Nam,1967,,,,,,,,,,22
VNM,Viet Nam,1968,,,,,,,,,,23
VNM,Viet Nam,1969,,,,,,,,,,24
VNM,Viet Nam,1970,,,,,,,,,,25
VNM,Viet Nam,1971,,,,,,,,,,26
VNM,Viet Nam,1972,,,,,,,,,,27
VNM,Viet Nam,1973,,,,,,,,,,28
VNM,Viet Nam,1974,,,,,,,,,,29
VNM,Viet Nam,1975,,,,,,,,,,30
VNM,Viet Nam,1976,,,,,,,,,,31
VNM,Viet Nam,1977,,,,,,,,,,32
VNM,Viet Nam,1978,,,,,,,,,,33
VNM,Viet Nam,1979,,,,,,,,,,34
VNM,Viet Nam,1980,,,,,,,,,,35
VNM,Viet Nam,1981,,,,,97.06382,39.077045,,0.0965,39.173545,36
VNM,Viet Nam,1982,,,,,97.159424,41.0309,,0.18335,41.21425,37
VNM,Viet Nam,1983,,,,,97.89893,41.0309,,0.632075,41.662975,38
VNM,Viet Nam,1984,,,,,97.24351,32.564205,,0.55004996,33.114254960000004,39
VNM,Viet Nam,1985,0.0,0.438577852226928,0.0047127406158542,0.4432905928427822,97.4864,36.47191,,0.342575,36.814485,40
VNM,Viet Nam,1986,0.0099447101171083,0.120870744367508,0.004074040573233,0.13488949505784928,97.80426,39.72833,,0.35705,40.08538,41
VNM,Viet Nam,1987,0.0743460771096449,0.0038228256868995,0.0025658310426437,0.0807347338391881,98.09209,41.0309,3.2564,0.35705,44.64435,42
VNM,Viet Nam,1988,0.198158553767886,0.0706230854067252,0.0023446807187302,0.27112631989334135,97.50248,39.72833,8.0247,0.27019998,48.023229979999996,43
VNM,Viet Nam,1989,2.53824146488537,0.40543862585726,0.012448122153879,2.956128212896509,94.01958,33.21549,17.328701,0.31845,50.862640999999996,44
VNM,Viet Nam,1990,6.03479538118477,0.409209325977706,0.0196970870910082,6.463701794253484,91.94097,33.21549,31.401001,0.386,65.00249099999999,45
VNM,Viet Nam,1991,3.38977567855418,0.246689614360395,0.019978849108465,3.65644414202304,90.45076,33.86677,46.054802,0.6948,80.616372,46
VNM,Viet Nam,1992,4.97222381409906,0.121481178700652,0.0612690430513439,5.154974035851056,89.91174,33.86677,63.848698,2.0265,99.741968,47
VNM,Viet Nam,1993,4.15423191201717,0.0076519182912637,0.0644856479916332,4.226369478300066,90.33198,42.333466,73.269005,2.4125001,118.01497110000001,48
VNM,Viet Nam,1994,3.28951699268892,0.0061401820438157,0.0591653921620877,3.3548225668948235,89.88254,39.33756,82.573,2.4125001,124.3230601,49
VNM,Viet Nam,1995,3.24927853434552,0.0986562406980245,0.0281114362787644,3.376046211322309,90.0586,54.38222,88.6206,1.404075,144.406895,50
VNM,Viet Nam,1996,3.55958705591895,0.0190003298115391,0.0544804664709272,3.633067852201416,90.17937,63.975636,102.3789,2.76955,169.124086,51
VNM,Viet Nam,1997,3.07280393550162,0.0091952546092584,0.0957508180463169,3.177750008157195,91.96655,74.16823,117.3467,5.1241503,196.6390803,52
VNM,Viet Nam,1998,1.76176859651124,0.0292689792432087,0.115708332859875,1.9067459086143235,93.06117,76.017876,145.375,8.685,230.077876,53
VNM,Viet Nam,1999,3.72966002415473,0.0103569542797495,0.174791285743312,3.914808264177792,91.44968,62.712147,176.97371,12.545,252.230857,54
VNM,Viet Nam,2000,7.67987081900615,0.0337048058208645,0.308186745265021,8.021762370092036,92.16309,75.607574,192.45325,15.44,283.500824,55
VNM,Viet Nam,2001,5.80548900026015,0.271701692376881,0.334655161102383,6.411845853739414,91.19259,87.25253,198.8381,19.300001,305.390631,56
VNM,Viet Nam,2002,5.28727447254799,0.0744439200669618,0.325384146459247,5.687102539074199,92.08219,106.86921,200.17555,23.16,330.20476,57
VNM,Viet Nam,2003,5.58537873703382,0.0647111498589004,0.359617720346491,6.0097076072392115,92.3848,125.789,209.97966,22.89945,358.66811,58
VNM,Viet Nam,2004,8.1232104070861,1.42759635783827,0.632871823685399,10.18367858860977,94.51243,178.11969,237.41481,40.144,455.6785,59
VNM,Viet Nam,2005,9.04473557257388,0.929452444435873,0.777553231191598,10.75174124820135,95.078125,222.04228,219.67906,62.146,503.86734,60
VNM,Viet Nam,2006,8.77756808235261,0.994197918869987,0.651803798316593,10.423569799539191,93.4215,252.55495,199.39636,67.55,519.50131,61
VNM,Viet Nam,2007,6.63827611423842,1.55869464403608,0.542522638408329,8.739493396682828,93.11367,276.685,188.41763,68.322,533.42463,62
VNM,Viet Nam,2008,7.24340907549005,2.87873849995229,0.495591047514565,10.617738622956907,93.62427,259.06128,176.35732,72.36536,507.78396,63
VNM,Viet Nam,2009,3.46240247909829,0.932561452102061,0.476843399378323,4.871807330578674,92.710526,287.073,193.26733,77.2965,557.63683,64
VNM,Viet Nam,2010,3.39330269400776,1.357809559795,0.442109704259686,5.193221958062447,94.12922,292.00323,177.42728,90.729294,560.159804,65
VNM,Viet Nam,2011,4.58244433557524,1.71707413642907,0.377816460476658,6.677334932480968,92.11505,303.57004,179.43927,81.832,564.84131,66
VNM,Viet Nam,2012,4.10988392212901,0.803270856098302,0.352929785663553,5.266084563890866,89.79254,274.0799,197.64255,90.27575,561.9982,67
VNM,Viet Nam,2013,3.17047517147024,0.518047231448515,0.329556289592129,4.018078692510884,89.441216,267.4433,196.68423,94.09715,558.22468,68
VNM,Viet Nam,2014,2.85117967459122,0.383982190620381,0.418562328391343,3.653724193602944,89.81615,267.58658,184.37039,98.526505,550.483475,69
VNM,Viet Nam,2015,1.21986218030571,0.200612570512455,0.466993735594374,1.887468486412539,91.77062,271.351,199.67548,102.868996,573.895476,70
VNM,Viet Nam,2016,0.828042589429339,0.1985839592106,0.316021208374894,1.342647757014833,91.34799,252.27489,180.39293,102.3865,535.05432,71
VNM,Viet Nam,2017,1.00099064325611,0.239326243334299,0.279611337213359,1.5199282238037681,88.7344,250.1517,161.0755,95.206894,506.4340940000001,72
VNM,Viet Nam,2018,1.12046207095372,0.284155949812884,0.383369129367597,1.787987150134201,90.66518,276.04025,144.3283,96.5965,516.96505,73
VNM,Viet Nam,2019,0.724494952926738,0.213109891442586,0.35996993743116,1.297574781800484,93.04727,302.11115,133.07278,98.43,533.61393,74
VNM,Viet Nam,2020,0.242642397619719,0.164958115590481,0.247961395343541,0.655561908553741,91.84327,290.462,116.57796,88.394005,495.433965,75
VNM,Viet Nam,2021,0.669314214664457,0.376818816953012,0.32730836109362,1.373441392711089,88.93325,314.6718,110.02213,71.989,496.68293000000006,76
VNM,Viet Nam,2022,,,,,87.33026,324.69574,108.6242,77.972,511.29193999999995,77
VNM,Viet Nam,2023,,,,,89.23728,307.7884,105.166954,72.05703,485.01238400000005,78
VNM,Viet Nam,2024,,,,,89.074486,285.44888,98.90096,61.2706,445.62044,79
VNM,Viet Nam,2025,,,,,88.20796,297.0327,99.41463,57.838917,454.28624699999995,80
VUT,Vanuatu,1960,,,,,,,,,,15
VUT,Vanuatu,1961,,,,,,,,,,16
VUT,Vanuatu,1962,,,,,,,,,,17
VUT,Vanuatu,1963,,,,,,,,,,18
VUT,Vanuatu,1964,,,,,,,,,,19
VUT,Vanuatu,1965,,,,,,,,,,20
VUT,Vanuatu,1966,,,,,,,,,,21
VUT,Vanuatu,1967,,,,,,,,,,22
VUT,Vanuatu,1968,,,,,,,,,,23
VUT,Vanuatu,1969,,,,,,,,,,24
VUT,Vanuatu,1970,,,,,,,,,,25
VUT,Vanuatu,1971,,,,,,,,,,26
VUT,Vanuatu,1972,,,,,,,,,,27
VUT,Vanuatu,1973,,,,,,,,,,28
VUT,Vanuatu,1974,,,,,,,,,,29
VUT,Vanuatu,1975,,,,,,,,,,30
VUT,Vanuatu,1976,,,,,,,,,,31
VUT,Vanuatu,1977,,,,,,,,,,32
VUT,Vanuatu,1978,,,,,,,,,,33
VUT,Vanuatu,1979,,,,,,,,,,34
VUT,Vanuatu,1980,0.0,0.0,0.0,0.0,,,,,,35
VUT,Vanuatu,1981,0.0,0.0,0.0,0.0,,,,,,36
VUT,Vanuatu,1982,0.0,0.0,0.0,0.0,,,,,,37
VUT,Vanuatu,1983,0.0,0.0,0.0,0.0,,,,,,38
VUT,Vanuatu,1984,0.0,0.0,0.0,0.0,,,,,,39
VUT,Vanuatu,1985,0.0,0.0,0.0,0.0,,,,,,40
VUT,Vanuatu,1986,0.0,0.0,0.0,0.0,,,,,,41
VUT,Vanuatu,1987,0.0,0.0,0.0,0.0,,,,,,42
VUT,Vanuatu,1988,0.0,0.0,0.0,0.0,,,,,,43
VUT,Vanuatu,1989,0.0,0.0,0.0,0.0,,,,,,44
VUT,Vanuatu,1990,0.0,0.0,0.0,0.0,,,,,,45
VUT,Vanuatu,1991,0.0,0.0,0.0,0.0,,,,,,46
VUT,Vanuatu,1992,0.0,0.0,0.0,0.0,,,,,,47
VUT,Vanuatu,1993,0.0,0.0,0.0,0.0,,,,,,48
VUT,Vanuatu,1994,0.0,0.0,0.0,0.0,,,,,,49
VUT,Vanuatu,1995,0.0,0.0,0.0,0.0,,,,,,50
VUT,Vanuatu,1996,0.0,0.0,0.0,0.0,,,,,,51
VUT,Vanuatu,1997,0.0,0.0,0.0,0.0,,,,,,52
VUT,Vanuatu,1998,0.0,0.0,0.0,0.0,,,,,,53
VUT,Vanuatu,1999,0.0,0.0,0.0,0.0,,,,,,54
VUT,Vanuatu,2000,0.0,0.0,0.0,0.0,,,,,,55
VUT,Vanuatu,2001,0.0,0.0,0.0,0.0,,,,,,56
VUT,Vanuatu,2002,0.0,0.0,0.0,0.0,,,,,,57
VUT,Vanuatu,2003,0.0,0.0,0.0,0.0,,,,,,58
VUT,Vanuatu,2004,0.0,0.0,0.0,0.0,,,,,,59
VUT,Vanuatu,2005,0.0,0.0,0.0,0.0,,,,,,60
VUT,Vanuatu,2006,0.0,0.0,0.0,0.0,,,,,,61
VUT,Vanuatu,2007,0.0,0.0,0.0,0.0,,,,,,62
VUT,Vanuatu,2008,0.0,0.0,0.0,0.0,,,,,,63
VUT,Vanuatu,2009,0.0,0.0,0.0,0.0,,,,,,64
VUT,Vanuatu,2010,0.0,0.0,0.0,0.0,,,,,,65
VUT,Vanuatu,2011,0.0,0.0,0.0,0.0,,,,,,66
VUT,Vanuatu,2012,0.0,0.0,0.0,0.0,,,,,,67
VUT,Vanuatu,2013,0.0,0.0,0.0,0.0,,,,,,68
VUT,Vanuatu,2014,0.0,0.0,0.0,0.0,,,,,,69
VUT,Vanuatu,2015,0.0,0.0,0.0,0.0,,,,,,70
VUT,Vanuatu,2016,0.0,0.0,0.0,0.0,,,,,,71
VUT,Vanuatu,2017,0.0,0.0,0.0,0.0,,,,,,72
VUT,Vanuatu,2018,0.0,0.0,0.0,0.0,,,,,,73
VUT,Vanuatu,2019,0.0,0.0,0.0,0.0,,,,,,74
VUT,Vanuatu,2020,0.0,0.0,0.0,0.0,,,,,,75
VUT,Vanuatu,2021,0.0,0.0,0.0,0.0,,,,,,76
VUT,Vanuatu,2022,,,,,,,,,,77
VUT,Vanuatu,2023,,,,,,,,,,78
VUT,Vanuatu,2024,,,,,,,,,,79
VUT,Vanuatu,2025,,,,,,,,,,80
WSM,Samoa,1960,,,,,,,,,,15
WSM,Samoa,1961,,,,,,,,,,16
WSM,Samoa,1962,,,,,,,,,,17
WSM,Samoa,1963,,,,,,,,,,18
WSM,Samoa,1964,,,,,,,,,,19
WSM,Samoa,1965,,,,,,,,,,20
WSM,Samoa,1966,,,,,,,,,,21
WSM,Samoa,1967,,,,,,,,,,22
WSM,Samoa,1968,,,,,,,,,,23
WSM,Samoa,1969,,,,,,,,,,24
WSM,Samoa,1970,,,,,,,,,,25
WSM,Samoa,1971,,,,,,,,,,26
WSM,Samoa,1972,,,,,,,,,,27
WSM,Samoa,1973,,,,,,,,,,28
WSM,Samoa,1974,,,,,,,,,,29
WSM,Samoa,1975,,,,,,,,,,30
WSM,Samoa,1976,,,,,,,,,,31
WSM,Samoa,1977,,,,,,,,,,32
WSM,Samoa,1978,,,,,,,,,,33
WSM,Samoa,1979,,,,,,,,,,34
WSM,Samoa,1980,,,,,,,,,,35
WSM,Samoa,1981,,,,,,,,,,36
WSM,Samoa,1982,0.0,0.0,0.0,0.0,,,,,,37
WSM,Samoa,1983,0.0,0.0,0.0,0.0,,,,,,38
WSM,Samoa,1984,0.0,0.0,0.0,0.0,,,,,,39
WSM,Samoa,1985,0.0,0.0,0.0,0.0,,,,,,40
WSM,Samoa,1986,0.0,0.0,0.0,0.0,,,,,,41
WSM,Samoa,1987,0.0,0.0,0.0,0.0,,,,,,42
WSM,Samoa,1988,0.0,0.0,0.0,0.0,,,,,,43
WSM,Samoa,1989,0.0,0.0,0.0,0.0,,,,,,44
WSM,Samoa,1990,0.0,0.0,0.0,0.0,,,,,,45
WSM,Samoa,1991,0.0,0.0,0.0,0.0,,,,,,46
WSM,Samoa,1992,0.0,0.0,0.0,0.0,,,,,,47
WSM,Samoa,1993,0.0,0.0,0.0,0.0,,,,,,48
WSM,Samoa,1994,0.0,0.0,0.0,0.0,,,,,,49
WSM,Samoa,1995,0.0,0.0,0.0,0.0,,,,,,50
WSM,Samoa,1996,0.0,0.0,0.0,0.0,,,,,,51
WSM,Samoa,1997,0.0,0.0,0.0,0.0,,,,,,52
WSM,Samoa,1998,0.0,0.0,0.0,0.0,,,,,,53
WSM,Samoa,1999,0.0,0.0,0.0,0.0,,,,,,54
WSM,Samoa,2000,0.0,0.0,0.0,0.0,,,,,,55
WSM,Samoa,2001,0.0,0.0,0.0,0.0,,,,,,56
WSM,Samoa,2002,0.0,0.0,0.0,0.0,,,,,,57
WSM,Samoa,2003,0.0,0.0,0.0,0.0,,,,,,58
WSM,Samoa,2004,0.0,0.0,0.0,0.0,,,,,,59
WSM,Samoa,2005,0.0,0.0,0.0,0.0,,,,,,60
WSM,Samoa,2006,0.0,0.0,0.0,0.0,,,,,,61
WSM,Samoa,2007,0.0,0.0,0.0,0.0,,,,,,62
WSM,Samoa,2008,0.0,0.0,0.0,0.0,,,,,,63
WSM,Samoa,2009,0.0,0.0,0.0,0.0,,,,,,64
WSM,Samoa,2010,0.0,0.0,0.0,0.0,,,,,,65
WSM,Samoa,2011,0.0,0.0,0.0,0.0,,,,,,66
WSM,Samoa,2012,0.0,0.0,0.0,0.0,,,,,,67
WSM,Samoa,2013,0.0,0.0,0.0,0.0,,,,,,68
WSM,Samoa,2014,0.0,0.0,0.0,0.0,,,,,,69
WSM,Samoa,2015,0.0,0.0,0.0,0.0,,,,,,70
WSM,Samoa,2016,0.0,0.0,0.0,0.0,,,,,,71
WSM,Samoa,2017,0.0,0.0,0.0,0.0,,,,,,72
WSM,Samoa,2018,0.0,0.0,0.0,0.0,,,,,,73
WSM,Samoa,2019,0.0,0.0,0.0,0.0,,,,,,74
WSM,Samoa,2020,0.0,0.0,0.0,0.0,,,,,,75
WSM,Samoa,2021,0.0,0.0,0.0,0.0,,,,,,76
WSM,Samoa,2022,,,,,,,,,,77
WSM,Samoa,2023,,,,,,,,,,78
WSM,Samoa,2024,,,,,,,,,,79
WSM,Samoa,2025,,,,,,,,,,80
XKX,Kosovo,1960,,,,,,,,,,15
XKX,Kosovo,1961,,,,,,,,,,16
XKX,Kosovo,1962,,,,,,,,,,17
XKX,Kosovo,1963,,,,,,,,,,18
XKX,Kosovo,1964,,,,,,,,,,19
XKX,Kosovo,1965,,,,,,,,,,20
XKX,Kosovo,1966,,,,,,,,,,21
XKX,Kosovo,1967,,,,,,,,,,22
XKX,Kosovo,1968,,,,,,,,,,23
XKX,Kosovo,1969,,,,,,,,,,24
XKX,Kosovo,1970,,,,,,,,,,25
XKX,Kosovo,1971,,,,,,,,,,26
XKX,Kosovo,1972,,,,,,,,,,27
XKX,Kosovo,1973,,,,,,,,,,28
XKX,Kosovo,1974,,,,,,,,,,29
XKX,Kosovo,1975,,,,,,,,,,30
XKX,Kosovo,1976,,,,,,,,,,31
XKX,Kosovo,1977,,,,,,,,,,32
XKX,Kosovo,1978,,,,,,,,,,33
XKX,Kosovo,1979,,,,,,,,,,34
XKX,Kosovo,1980,,,,,,,,,,35
XKX,Kosovo,1981,,,,,,,,,,36
XKX,Kosovo,1982,,,,,,,,,,37
XKX,Kosovo,1983,,,,,,,,,,38
XKX,Kosovo,1984,,,,,,,,,,39
XKX,Kosovo,1985,,,,,,,,,,40
XKX,Kosovo,1986,,,,,,,,,,41
XKX,Kosovo,1987,,,,,,,,,,42
XKX,Kosovo,1988,,,,,,,,,,43
XKX,Kosovo,1989,,,,,,,,,,44
XKX,Kosovo,1990,,,,,,,,,,45
XKX,Kosovo,1991,,,,,,,,,,46
XKX,Kosovo,1992,,,,,,,,,,47
XKX,Kosovo,1993,,,,,,,,,,48
XKX,Kosovo,1994,,,,,,,,,,49
XKX,Kosovo,1995,,,,,,,,,,50
XKX,Kosovo,1996,,,,,,,,,,51
XKX,Kosovo,1997,,,,,,,,,,52
XKX,Kosovo,1998,,,,,,,,,,53
XKX,Kosovo,1999,,,,,,,,,,54
XKX,Kosovo,2000,,,,,,,,,,55
XKX,Kosovo,2001,,,,,,,,,,56
XKX,Kosovo,2002,,,,,,,,,,57
XKX,Kosovo,2003,,,,,,,,,,58
XKX,Kosovo,2004,,,,,,,,,,59
XKX,Kosovo,2005,,,,,,,,,,60
XKX,Kosovo,2006,,,,,,,,,,61
XKX,Kosovo,2007,,,,,,,,,,62
XKX,Kosovo,2008,0.0,3.46974810931307,0.0,3.46974810931307,,,,,,63
XKX,Kosovo,2009,0.0,1.17228835700882,0.0,1.17228835700882,,,,,,64
XKX,Kosovo,2010,0.0,2.09943006832557,0.0,2.09943006832557,,,,,,65
XKX,Kosovo,2011,0.0,2.08041423593308,0.0,2.08041423593308,,,,,,66
XKX,Kosovo,2012,0.0,0.87581895083904,0.0,0.87581895083904,,,,,,67
XKX,Kosovo,2013,0.0,0.422084221324138,0.0,0.422084221324138,,,,,,68
XKX,Kosovo,2014,0.0,0.295749533066664,0.0,0.295749533066664,,,,,,69
XKX,Kosovo,2015,0.0,0.245681401583698,0.0,0.245681401583698,,,,,,70
XKX,Kosovo,2016,0.0,0.278019453016927,0.0,0.278019453016927,,,,,,71
XKX,Kosovo,2017,0.0,0.297313205479888,0.0,0.297313205479888,,,,,,72
XKX,Kosovo,2018,0.0,0.322759346705482,0.0,0.322759346705482,,,,,,73
XKX,Kosovo,2019,0.0,0.248062007101388,0.0,0.248062007101388,,,,,,74
XKX,Kosovo,2020,0.0,0.223207299342125,0.0,0.223207299342125,,,,,,75
XKX,Kosovo,2021,0.0,0.379080525110064,0.0,0.379080525110064,,,,,,76
XKX,Kosovo,2022,,,,,,,,,,77
XKX,Kosovo,2023,,,,,,,,,,78
XKX,Kosovo,2024,,,,,,,,,,79
XKX,Kosovo,2025,,,,,,,,,,80
YEM,"Yemen, Rep.",1960,,,,,,,,,,15
YEM,"Yemen, Rep.",1961,,,,,,,,,,16
YEM,"Yemen, Rep.",1962,,,,,,,,,,17
YEM,"Yemen, Rep.",1963,,,,,,,,,,18
YEM,"Yemen, Rep.",1964,,,,,,,,,,19
YEM,"Yemen, Rep.",1965,,,,,,,,,,20
YEM,"Yemen, Rep.",1966,,,,,,,,,,21
YEM,"Yemen, Rep.",1967,,,,,,,,,,22
YEM,"Yemen, Rep.",1968,,,,,,,,,,23
YEM,"Yemen, Rep.",1969,,,,,,,,,,24
YEM,"Yemen, Rep.",1970,,,,,,,,,,25
YEM,"Yemen, Rep.",1971,,,,,,,,,,26
YEM,"Yemen, Rep.",1972,,,,,,,,,,27
YEM,"Yemen, Rep.",1973,,,,,,,,,,28
YEM,"Yemen, Rep.",1974,,,,,,,,,,29
YEM,"Yemen, Rep.",1975,,,,,,,,,,30
YEM,"Yemen, Rep.",1976,,,,,,,,,,31
YEM,"Yemen, Rep.",1977,,,,,,,,,,32
YEM,"Yemen, Rep.",1978,,,,,,,,,,33
YEM,"Yemen, Rep.",1979,,,,,,,,,,34
YEM,"Yemen, Rep.",1980,,,,,,,,,,35
YEM,"Yemen, Rep.",1981,,,,,,,,,,36
YEM,"Yemen, Rep.",1982,,,,,,,,,,37
YEM,"Yemen, Rep.",1983,,,,,,,,,,38
YEM,"Yemen, Rep.",1984,,,,,,,,,,39
YEM,"Yemen, Rep.",1985,,,,,,,,,,40
YEM,"Yemen, Rep.",1986,,,,,,,5.5634995,,5.5634995,41
YEM,"Yemen, Rep.",1987,,,,,,,14.465097,,14.465097,42
YEM,"Yemen, Rep.",1988,,,,,,,94.83861,,94.83861,43
YEM,"Yemen, Rep.",1989,,,,,,,99.03029,,99.03029,44
YEM,"Yemen, Rep.",1990,28.5108342735641,0.0,0.174279068674549,28.68511334223865,,,101.255684,,101.255684,45
YEM,"Yemen, Rep.",1991,16.7212250989918,0.0,0.204139559585809,16.925364658577607,,,109.60094,,109.60094,46
YEM,"Yemen, Rep.",1992,14.8783764632009,0.0,0.1783744892723,15.0567509524732,,,101.488045,,101.488045,47
YEM,"Yemen, Rep.",1993,20.5257986522656,0.0,0.222483863863661,20.74828251612926,,,115.08085,,115.08085,48
YEM,"Yemen, Rep.",1994,36.4779409895171,0.0,0.299836564433594,36.77777755395069,,,190.63002,,190.63002,49
YEM,"Yemen, Rep.",1995,39.7732050391051,0.0,0.313436630816802,40.0866416699219,,,193.73741,,193.73741,50
YEM,"Yemen, Rep.",1996,36.2783449702496,0.0,0.249749470215075,36.52809444046467,,,196.74644,,196.74644,51
YEM,"Yemen, Rep.",1997,29.5601635790483,0.0,0.22287932921921,29.78304290826751,,,206.1437,,206.1437,52
YEM,"Yemen, Rep.",1998,21.3900899508087,0.0,0.222015641497304,21.612105592306005,,,209.352,,209.352,53
YEM,"Yemen, Rep.",1999,28.7433242438057,0.0,0.172609581345397,28.915933825151097,,,222.89235,,222.89235,54
YEM,"Yemen, Rep.",2000,41.2105414506176,0.0,0.173347842113806,41.3838892927314,,,243.5132,,243.5132,55
YEM,"Yemen, Rep.",2001,33.0145750680271,0.0,0.187195088402522,33.201770156429625,,,249.26254,,249.26254,56
YEM,"Yemen, Rep.",2002,30.9035311720644,0.0,0.119427739621182,31.02295891168558,,,250.62747,,250.62747,57
YEM,"Yemen, Rep.",2003,32.0731170610088,0.0,0.0830008009874186,32.15611786199622,,,246.91525,,246.91525,58
YEM,"Yemen, Rep.",2004,34.0644750012843,0.0,0.0586059833261406,34.12308098461044,,,232.37946,,232.37946,59
YEM,"Yemen, Rep.",2005,41.093106599265,0.0,0.0467874589438686,41.13989405820887,,,230.10866,,230.10866,60
YEM,"Yemen, Rep.",2006,40.4372276843013,0.0,0.0329439969514385,40.47017168125274,,,211.07729,,211.07729,61
YEM,"Yemen, Rep.",2007,32.9618903118727,0.0,0.0191707105432845,32.981061022415986,,,185.4388,,185.4388,62
YEM,"Yemen, Rep.",2008,33.8268519294838,0.0,0.0075593138103459,33.83441124329415,,,172.09631,,172.09631,63
YEM,"Yemen, Rep.",2009,20.6195697250514,0.0,0.34401913744873,20.963588862500128,,,167.21411,,167.21411,64
YEM,"Yemen, Rep.",2010,22.1800547456639,0.0,1.33046245575943,23.51051720142333,,,166.20221,,166.20221,65
YEM,"Yemen, Rep.",2011,23.3981676874913,0.0,2.49897249768798,25.89714018517928,,,118.21562,,118.21562,66
YEM,"Yemen, Rep.",2012,17.0272517537375,0.0,1.77261923895263,18.799870992690128,,,96.00097,,96.00097,67
YEM,"Yemen, Rep.",2013,11.1124026574675,0.0,2.44022059158672,13.552623249054221,,,105.71454,,105.71454,68
YEM,"Yemen, Rep.",2014,9.0008580090252,0.0,1.91026799289135,10.91112600191655,,,80.54798,,80.54798,69
YEM,"Yemen, Rep.",2015,1.69761197489757,0.0,0.316743824319049,2.0143557992166192,,,25.202724,,25.202724,70
YEM,"Yemen, Rep.",2016,0.710184776557765,0.0,0.0002125899981471,0.7103973665559121,,,18.729792,,18.729792,71
YEM,"Yemen, Rep.",2017,1.91730246407045,0.0,,1.91730246407045,,,34.364895,,34.364895,72
YEM,"Yemen, Rep.",2018,4.82356153067882,0.0,,4.82356153067882,,,47.119152,,47.119152,73
YEM,"Yemen, Rep.",2019,,,,,,,47.393547,,47.393547,74
YEM,"Yemen, Rep.",2020,,,,,,,43.814594,,43.814594,75
YEM,"Yemen, Rep.",2021,,,,,,,40.717346,,40.717346,76
YEM,"Yemen, Rep.",2022,,,,,,,35.73156,,35.73156,77
YEM,"Yemen, Rep.",2023,,,,,,,27.7826,,27.7826,78
YEM,"Yemen, Rep.",2024,,,,,,,23.364437,,23.364437,79
YEM,"Yemen, Rep.",2025,,,,,,,12.338541,,12.338541,80
ZAF,South Africa,1960,,,,,,,,,,15
ZAF,South Africa,1961,,,,,,,,,,16
ZAF,South Africa,1962,,,,,,,,,,17
ZAF,South Africa,1963,,,,,,,,,,18
ZAF,South Africa,1964,,,,,,,,,,19
ZAF,South Africa,1965,,,,,99.989555,,,,,20
ZAF,South Africa,1966,,,,,99.9899,,,,,21
ZAF,South Africa,1967,,,,,99.99299,,,,,22
ZAF,South Africa,1968,,,,,99.99388,,,,,23
ZAF,South Africa,1969,,,,,99.99479,,,,,24
ZAF,South Africa,1970,,,,,99.994064,,,,,25
ZAF,South Africa,1971,0.0,0.956267720733522,0.0,0.956267720733522,99.97531,,,,,26
ZAF,South Africa,1972,0.0,0.999118206544056,0.0,0.999118206544056,99.82156,,,,,27
ZAF,South Africa,1973,0.0,0.9567142872731,0.0,0.9567142872731,99.80405,,,,,28
ZAF,South Africa,1974,0.0,1.42395200628118,0.0,1.42395200628118,99.78099,,,,,29
ZAF,South Africa,1975,0.0,2.84477924058851,0.0,2.84477924058851,99.796814,,,,,30
ZAF,South Africa,1976,0.0,3.43202831135319,0.0,3.43202831135319,99.67314,,,,,31
ZAF,South Africa,1977,0.0,3.61339843851778,0.0,3.61339843851778,99.66937,,,,,32
ZAF,South Africa,1978,0.0,3.22263648078473,0.0,3.22263648078473,99.672485,,,,,33
ZAF,South Africa,1979,0.0,3.04911661575983,0.0,3.04911661575983,99.810234,,,,,34
ZAF,South Africa,1980,0.0,3.14451028048052,0.0,3.14451028048052,99.84594,,,,,35
ZAF,South Africa,1981,0.0191819835947277,4.83990017629255,0.0,4.859082159887278,99.77921,870.6344,,,870.6344,36
ZAF,South Africa,1982,0.0406483729247464,5.9261286453119,0.0,5.966777018236646,99.87405,963.16156,,,963.16156,37
ZAF,South Africa,1983,0.207673321400094,3.56972467255541,0.0,3.777397993955504,99.92729,973.3918,,,973.3918,38
ZAF,South Africa,1984,0.274576882639089,3.66691446583932,0.0,3.941491348478409,98.60878,1089.9883,,,1089.9883,39
ZAF,South Africa,1985,0.429008955843183,5.59997049976059,0.0,6.028979455603773,98.170296,1160.1698,,,1160.1698,40
ZAF,South Africa,1986,0.129578350833181,3.94891458987247,0.0,4.078492940705651,96.95785,1183.2096,,,1183.2096,41
ZAF,South Africa,1987,0.229737194311881,2.16956691979725,0.0,2.399304114109131,97.85014,1179.402,,,1179.402,42
ZAF,South Africa,1988,0.161666768811563,2.55601758553381,0.0,2.7176843543453733,96.63252,1211.7451,,,1211.7451,43
ZAF,South Africa,1989,0.319466235241048,2.84395571892917,0.0,3.163421954170218,96.33312,1175.5482,,,1175.5482,44
ZAF,South Africa,1990,0.368890187963349,2.57214267495889,0.0241857482170879,2.965218611139327,97.414505,1164.732,,,1164.732,45
ZAF,South Africa,1991,0.186432808651612,2.37982668132678,0.0198166992619238,2.5860761892403157,97.08969,1188.1667,,,1188.1667,46
ZAF,South Africa,1992,0.358925082360254,1.92635117876769,0.0169064426726626,2.3021827038006064,97.1872,1216.5251,,,1216.5251,47
ZAF,South Africa,1993,0.490739115582505,1.51673418188361,0.02363633777699,2.031109635243105,97.84378,1243.5122,,,1243.5122,48
ZAF,South Africa,1994,0.389976747660543,1.54405105332495,0.0240091871291434,1.9580369881146364,97.15092,1292.4174,,,1292.4174,49
ZAF,South Africa,1995,0.411957330500316,2.06186052231608,0.0249750349553005,2.4987928877716965,96.891426,1359.76,,,1359.76,50
ZAF,South Africa,1996,0.517240207134734,1.9241560740382,0.0248546338599652,2.4662509150328993,96.73676,1360.0792,,,1360.0792,51
ZAF,South Africa,1997,0.464343725618029,1.61619662100664,0.0212465392304957,2.101786885855165,96.4894,1450.1921,,,1450.1921,52
ZAF,South Africa,1998,0.249196312082744,1.32809234011002,0.0142127603418161,1.59150141253458,96.19829,1466.1997,,,1466.1997,53
ZAF,South Africa,1999,0.379937820037954,0.896045282949649,0.0217574376135546,1.2977405406011575,96.60499,1468.5209,,,1468.5209,54
ZAF,South Africa,2000,0.875739339218175,1.27706430854382,0.0354527651649018,2.188256412926897,96.459175,1472.752,,,1472.752,55
ZAF,South Africa,2001,0.745230225250187,2.46569399997578,0.0582858333591496,3.2692100585851165,97.01811,1368.821,,,1368.821,56
ZAF,South Africa,2002,0.832634911746463,1.67772715720917,0.0573805452482398,2.5677426142038726,96.52361,1354.2211,,,1354.2211,57
ZAF,South Africa,2003,0.536032181150966,1.35453649718725,0.0248359282535279,1.9154046065917438,96.59221,1461.9263,,,1461.9263,58
ZAF,South Africa,2004,0.667895474741674,3.22676491805827,0.0308634066428721,3.925523799442816,96.620026,1495.7764,,,1495.7764,59
ZAF,South Africa,2005,0.868907024012435,2.31202263431181,0.0157824265033382,3.196712084827583,97.21862,1609.4043,,,1609.4043,60
ZAF,South Africa,2006,0.921713555012485,2.39588417432957,0.0386656043598197,3.356263333701875,97.52053,1608.27,,,1608.27,61
ZAF,South Africa,2007,0.95369683953937,3.11780745478716,0.0318507821013102,4.103355076427841,97.26801,1628.4193,,,1628.4193,62
ZAF,South Africa,2008,1.37926877732773,7.24773931999843,0.0369575315044166,8.663965628830576,97.09279,1661.129,,,1661.129,63
ZAF,South Africa,2009,0.593295688910259,2.33293574382487,0.0236270625725225,2.9498584953076517,96.9777,1643.0103,,,1643.0103,64
ZAF,South Africa,2010,0.707879978156825,3.41376035352968,0.0258569340158521,4.147497265702357,96.96652,1693.5975,,,1693.5975,65
ZAF,South Africa,2011,0.964145883537292,3.94333344067778,0.0305636496199449,4.938042973835017,96.83783,1651.8295,,,1651.8295,66
ZAF,South Africa,2012,0.9800580532574,2.88108021254839,0.0288936847412477,3.8900319505470375,97.06037,1707.4292,,,1707.4292,67
ZAF,South Africa,2013,0.949068014891185,2.49703207208547,0.0312421227606922,3.4773422097373468,96.80549,1691.0563,,,1691.0563,68
ZAF,South Africa,2014,0.692856799731489,1.94751834311288,0.0255744432147647,2.6659495860591336,96.634384,1722.3047,,,1722.3047,69
ZAF,South Africa,2015,0.194337594746037,1.49327521761507,0.0232937993610495,1.7109066117221567,96.791794,1656.1167,,,1656.1167,70
ZAF,South Africa,2016,0.182131538345159,1.80360544975257,0.015336308509032,2.001073296606761,96.13864,1676.6671,,,1676.6671,71
ZAF,South Africa,2017,0.291332796001722,2.06162694919848,0.012735718818607,2.3656954640188093,95.84859,1658.5912,,,1658.5912,72
ZAF,South Africa,2018,0.407106590566775,2.2798795325049,0.0227641504019782,2.7097502734736527,96.697876,1692.7675,,,1692.7675,73
ZAF,South Africa,2019,0.372819688324446,1.75865465574997,0.0251931123610767,2.1566674564354926,96.165436,1698.8806,,,1698.8806,74
ZAF,South Africa,2020,0.213036196999097,1.61371270668907,0.020767257947969,1.847516161636136,96.1423,1614.0898,,,1614.0898,75
ZAF,South Africa,2021,0.395954206545834,2.44110582623372,0.0293827523467257,2.8664427851262797,95.75271,1539.1503,,,1539.1503,76
ZAF,South Africa,2022,,,,,95.64259,1514.5681,,,1514.5681,77
ZAF,South Africa,2023,,,,,95.909256,1539.0735,,,1539.0735,78
ZAF,South Africa,2024,,,,,95.98545,1555.2814,,,1555.2814,79
ZAF,South Africa,2025,,,,,95.2682,1552.2076,,,1552.2076,80
ZMB,Zambia,1960,,,,,,,,,,15
ZMB,Zambia,1961,,,,,,,,,,16
ZMB,Zambia,1962,,,,,,,,,,17
ZMB,Zambia,1963,,,,,,,,,,18
ZMB,Zambia,1964,,,,,,,,,,19
ZMB,Zambia,1965,,,,,,,,,,20
ZMB,Zambia,1966,,,,,,,,,,21
ZMB,Zambia,1967,,,,,,,,,,22
ZMB,Zambia,1968,,,,,,,,,,23
ZMB,Zambia,1969,,,,,,,,,,24
ZMB,Zambia,1970,,,,,,,,,,25
ZMB,Zambia,1971,0.0,0.172108049577647,0.0,0.172108049577647,,,,,,26
ZMB,Zambia,1972,0.0,0.201609643417902,0.0,0.201609643417902,,,,,,27
ZMB,Zambia,1973,0.0,0.205726991184596,0.0,0.205726991184596,,,,,,28
ZMB,Zambia,1974,0.0,0.223595242133272,0.0,0.223595242133272,,,,,,29
ZMB,Zambia,1975,0.0,0.519858928483688,0.0,0.519858928483688,,,,,,30
ZMB,Zambia,1976,0.0,0.475585727689128,0.0,0.475585727689128,,,,,,31
ZMB,Zambia,1977,0.0,0.493010055753964,0.0,0.493010055753964,,,,,,32
ZMB,Zambia,1978,0.0,0.403760789819133,0.0,0.403760789819133,,,,,,33
ZMB,Zambia,1979,0.0,0.281463372263317,0.0,0.281463372263317,,,,,,34
ZMB,Zambia,1980,0.0,0.365501611312727,0.0,0.365501611312727,,,,,,35
ZMB,Zambia,1981,0.0,0.478456833641457,0.0,0.478456833641457,,,,,,36
ZMB,Zambia,1982,0.0,0.573714532084292,0.0,0.573714532084292,,,,,,37
ZMB,Zambia,1983,0.0,0.330688831538789,0.0,0.330688831538789,,,,,,38
ZMB,Zambia,1984,0.0,0.351470414299134,0.0,0.351470414299134,,,,,,39
ZMB,Zambia,1985,0.0,0.47082919372632,0.0,0.47082919372632,,,,,,40
ZMB,Zambia,1986,0.0,0.539766127684834,0.0,0.539766127684834,,,,,,41
ZMB,Zambia,1987,0.0,0.239690563066536,0.0,0.239690563066536,,,,,,42
ZMB,Zambia,1988,0.0,0.210728095976817,0.0,0.210728095976817,,,,,,43
ZMB,Zambia,1989,0.0,0.182288404362118,0.0,0.182288404362118,,,,,,44
ZMB,Zambia,1990,0.0,0.216095479590034,0.0,0.216095479590034,,,,,,45
ZMB,Zambia,1991,0.0,0.187071038507058,0.0,0.187071038507058,,,,,,46
ZMB,Zambia,1992,0.0,0.216706537030998,0.0,0.216706537030998,,,,,,47
ZMB,Zambia,1993,0.0,0.119969573384027,0.0,0.119969573384027,,,,,,48
ZMB,Zambia,1994,0.0,0.0552950143925616,0.0,0.0552950143925616,,,,,,49
ZMB,Zambia,1995,0.0,0.0712241531841928,0.0,0.0712241531841928,,,,,,50
ZMB,Zambia,1996,0.0,0.0553428895161234,0.0,0.0553428895161234,,,,,,51
ZMB,Zambia,1997,0.0,0.0228886192553501,0.0,0.0228886192553501,,,,,,52
ZMB,Zambia,1998,0.0,0.0494283743884752,0.0,0.0494283743884752,,,,,,53
ZMB,Zambia,1999,0.0,0.0340713756953788,0.0,0.0340713756953788,,,,,,54
ZMB,Zambia,2000,0.0,0.0485167841095833,0.0,0.0485167841095833,,,,,,55
ZMB,Zambia,2001,0.0,0.0780233257446906,0.0,0.0780233257446906,,,,,,56
ZMB,Zambia,2002,0.0,0.0522863702250223,0.0,0.0522863702250223,,,,,,57
ZMB,Zambia,2003,0.0,0.0534393284778969,0.0,0.0534393284778969,,,,,,58
ZMB,Zambia,2004,0.0,0.0681266115624081,0.0,0.0681266115624081,,,,,,59
ZMB,Zambia,2005,0.0,0.0509403192640637,0.0,0.0509403192640637,,,,,,60
ZMB,Zambia,2006,0.0,0.0154837278408601,0.0,0.0154837278408601,,,,,,61
ZMB,Zambia,2007,0.0,0.0043651010415675,0.0,0.0043651010415675,,,,,,62
ZMB,Zambia,2008,0.0,0.0005272618090372,0.0,0.0005272618090372,,,,,,63
ZMB,Zambia,2009,0.0,0.000206887621654,0.0,0.000206887621654,,,,,,64
ZMB,Zambia,2010,0.0,0.000284656620519,0.0,0.000284656620519,,,,,,65
ZMB,Zambia,2011,0.0,0.0003153433161684,0.0,0.0003153433161684,,,,,,66
ZMB,Zambia,2012,0.0,0.0238959126594908,0.0,0.0238959126594908,,,,,,67
ZMB,Zambia,2013,0.0,0.0215837920499144,0.0,0.0215837920499144,,,,,,68
ZMB,Zambia,2014,0.0,0.0173226067647872,0.0,0.0173226067647872,,,,,,69
ZMB,Zambia,2015,0.0,0.0161176960545101,0.0,0.0161176960545101,,,,,,70
ZMB,Zambia,2016,0.0,0.0367635481547346,0.0,0.0367635481547346,,,,,,71
ZMB,Zambia,2017,0.0,0.0966563371679943,0.0,0.0966563371679943,,,,,,72
ZMB,Zambia,2018,0.0,0.164818813977928,0.0,0.164818813977928,,,,,,73
ZMB,Zambia,2019,0.0,0.11555289649655,0.0,0.11555289649655,,,,,,74
ZMB,Zambia,2020,0.0,0.138990289033945,0.0,0.138990289033945,,,,,,75
ZMB,Zambia,2021,0.0,0.231179863199288,0.0,0.231179863199288,,,,,,76
ZMB,Zambia,2022,,,,,,,,,,77
ZMB,Zambia,2023,,,,,,,,,,78
ZMB,Zambia,2024,,,,,,,,,,79
ZMB,Zambia,2025,,,,,,,,,,80
ZWE,Zimbabwe,1960,,,,,,,,,,15
ZWE,Zimbabwe,1961,,,,,,,,,,16
ZWE,Zimbabwe,1962,,,,,,,,,,17
ZWE,Zimbabwe,1963,,,,,,,,,,18
ZWE,Zimbabwe,1964,,,,,,,,,,19
ZWE,Zimbabwe,1965,,,,,,,,,,20
ZWE,Zimbabwe,1966,,,,,,,,,,21
ZWE,Zimbabwe,1967,,,,,,,,,,22
ZWE,Zimbabwe,1968,,,,,,,,,,23
ZWE,Zimbabwe,1969,,,,,,,,,,24
ZWE,Zimbabwe,1970,,,,,,,,,,25
ZWE,Zimbabwe,1971,0.0,0.626786775268984,0.0,0.626786775268984,,,,,,26
ZWE,Zimbabwe,1972,0.0,0.470915980058466,0.0,0.470915980058466,,,,,,27
ZWE,Zimbabwe,1973,0.0,0.512103580771674,0.0,0.512103580771674,,,,,,28
ZWE,Zimbabwe,1974,0.0,0.749199398388288,0.0,0.749199398388288,,,,,,29
ZWE,Zimbabwe,1975,0.0,1.22752385370187,0.0,1.22752385370187,,,,,,30
ZWE,Zimbabwe,1976,0.0,1.61764925859685,0.0,1.61764925859685,,,,,,31
ZWE,Zimbabwe,1977,0.0,1.46115154930447,0.0,1.46115154930447,,,,,,32
ZWE,Zimbabwe,1978,0.0,1.38267509859666,0.0,1.38267509859666,,,,,,33
ZWE,Zimbabwe,1979,0.0,1.17147952794317,0.0,1.17147952794317,,,,,,34
ZWE,Zimbabwe,1980,0.0,1.15297624444483,0.0,1.15297624444483,,,,,,35
ZWE,Zimbabwe,1981,0.0,1.2148697902009,0.0,1.2148697902009,,21.522198,,,21.522198,36
ZWE,Zimbabwe,1982,0.0,1.24515517353954,0.0,1.24515517353954,,20.772297,,,20.772297,37
ZWE,Zimbabwe,1983,0.0,0.904828105181666,0.0,0.904828105181666,,24.97175,,,24.97175,38
ZWE,Zimbabwe,1984,0.0,0.91843030823866,0.0,0.91843030823866,,23.321964,,,23.321964,39
ZWE,Zimbabwe,1985,0.0,1.2856948687494,0.0,1.2856948687494,,23.321964,,,23.321964,40
ZWE,Zimbabwe,1986,0.0,1.06184108555851,0.0,1.06184108555851,,30.371048,,,30.371048,41
ZWE,Zimbabwe,1987,0.0,0.959300335741274,0.0,0.959300335741274,,36.220287,,,36.220287,42
ZWE,Zimbabwe,1988,0.0,0.986163342898541,0.0,0.986163342898541,,38.020054,,,38.020054,43
ZWE,Zimbabwe,1989,0.0,1.13560392347429,0.0,1.13560392347429,,38.32001,,,38.32001,44
ZWE,Zimbabwe,1990,0.0,1.28192390448811,0.0,1.28192390448811,,41.24463,,,41.24463,45
ZWE,Zimbabwe,1991,0.0,1.4293372601029,0.0,1.4293372601029,,42.144516,,,42.144516,46
ZWE,Zimbabwe,1992,0.0,1.62583471707856,0.0,1.62583471707856,,41.619583,,,41.619583,47
ZWE,Zimbabwe,1993,0.0,1.11710874342285,0.0,1.11710874342285,,39.669838,,,39.669838,48
ZWE,Zimbabwe,1994,0.0,0.985143351107846,0.0,0.985143351107846,,41.01966,,,41.01966,49
ZWE,Zimbabwe,1995,0.0,1.26629610631767,0.0,1.26629610631767,,41.544594,,,41.544594,50
ZWE,Zimbabwe,1996,0.0,0.89658348202089,0.0,0.89658348202089,,38.769955,,,38.769955,51
ZWE,Zimbabwe,1997,0.0,0.689043363974202,0.0,0.689043363974202,,39.744827,,,39.744827,52
ZWE,Zimbabwe,1998,0.0,0.740667231747415,0.0,0.740667231747415,,41.01966,,,41.01966,53
ZWE,Zimbabwe,1999,0.0,0.561612395176263,0.0,0.561612395176263,,37.345142,,,37.345142,54
ZWE,Zimbabwe,2000,0.0,0.716746800797967,0.0,0.716746800797967,,33.070694,,,33.070694,55
ZWE,Zimbabwe,2001,0.0,1.14537893766194,0.0,1.14537893766194,,33.831448,,,33.831448,56
ZWE,Zimbabwe,2002,0.0,0.8511031997111,0.0,0.8511031997111,,29.532469,,,29.532469,57
ZWE,Zimbabwe,2003,0.0,0.837018975050425,0.0,0.837018975050425,,21.179958,,,21.179958,58
ZWE,Zimbabwe,2004,0.0,2.00400191735889,0.0,2.00400191735889,,28.478811,,,28.478811,59
ZWE,Zimbabwe,2005,0.0,2.2260713097986,0.0,2.2260713097986,,25.277906,,,25.277906,60
ZWE,Zimbabwe,2006,0.0,2.4998893819836,0.0,2.4998893819836,,15.801306,,,15.801306,61
ZWE,Zimbabwe,2007,0.0,2.9895097334864,0.0,2.9895097334864,,15.5996275,,,15.5996275,62
ZWE,Zimbabwe,2008,0.0219835646063037,6.30027905069109,0.0,6.322262615297394,,11.316627,,,11.316627,63
ZWE,Zimbabwe,2009,0.0071842969795101,1.20077086927504,0.0,1.2079551662545502,,12.5034685,,,12.5034685,64
ZWE,Zimbabwe,2010,0.0,1.6275437742608,0.0,1.6275437742608,,20.008768,,,20.008768,65
ZWE,Zimbabwe,2011,0.0,1.75608208990706,0.0,1.75608208990706,,19.212906,,,19.212906,66
ZWE,Zimbabwe,2012,0.0176585171987541,1.00943239450643,0.0,1.027090911705184,,11.950444,,,11.950444,67
ZWE,Zimbabwe,2013,0.004606921108768,0.732306145530549,0.0,0.736913066639317,,23.35346,,,23.35346,68
ZWE,Zimbabwe,2014,0.0623369671683315,0.977101406302418,0.0,1.0394383734707495,,43.363857,,,43.363857,69
ZWE,Zimbabwe,2015,0.0226080767805337,0.517085951746671,0.0,0.5396940285272047,,32.517216,,,32.517216,70
ZWE,Zimbabwe,2016,0.0227863385971937,0.231272872651529,0.0,0.25405921124872266,,20.260256,,,20.260256,71
ZWE,Zimbabwe,2017,0.0475010544657409,0.605956461595311,0.0,0.653457516061052,,21.957142,,,21.957142,72
ZWE,Zimbabwe,2018,0.0378599470385953,0.41609304542906,0.0,0.4539529924676553,,25.104963,,,25.104963,73
ZWE,Zimbabwe,2019,0.050882518898508,0.257755009227255,0.0,0.308637528125763,,19.700018,,,19.700018,74
ZWE,Zimbabwe,2020,0.0291292966776496,0.207429240150821,0.0,0.2365585368284706,,20.291876,,,20.291876,75
ZWE,Zimbabwe,2021,0.0477688089316108,0.290130858618712,0.0,0.3378996675503228,,24.290953,,,24.290953,76
ZWE,Zimbabwe,2022,,,,,,29.553642,,,29.553642,77
ZWE,Zimbabwe,2023,,,,,,37.412743,,,37.412743,78
ZWE,Zimbabwe,2024,,,,,,43.47612,,,43.47612,79
ZWE,Zimbabwe,2025,,,,,,53.575928,,,53.575928,80
